ply
format ascii 1.0
element vertex 12556
property float x
property float y
property float z
property uchar red
property uchar green
property uchar blue
end_header
-2.3248653411865234 -1.2083073854446411 6.50671911239624 120 140 199
-2.3194735050201416 -1.2016099691390991 6.520780086517334 173 189 237
-2.2454636096954346 -1.2959434986114502 6.44045352935791 93 117 174
-2.2330784797668457 -1.2039377689361572 6.544939041137695 117 142 199
-2.219860315322876 -1.1905479431152344 6.5456976890563965 176 192 241
-2.225295305252075 -1.192352056503296 6.561930179595947 176 192 241
-2.2180449962615967 -1.1781789064407349 6.543634414672852 114 117 176
-2.2180449962615967 -1.1781789064407349 6.543634414672852 114 117 176
-2.221926212310791 -1.1934175491333008 6.556118488311768 179 193 242
-2.169767379760742 -1.4355131387710571 6.583959579467773 107 129 187
-2.109755516052246 -1.0781803131103516 6.526893138885498 91 96 137
-2.0983853340148926 -1.1793090105056763 6.581833362579346 119 139 196
-2.094529151916504 -1.4223475456237793 6.589305400848389 111 128 183
-2.08923602104187 -1.683789610862732 6.612363815307617 110 124 178
-2.0828607082366943 -1.5655514001846313 6.612661361694336 174 191 242
-2.0798704624176025 -1.6875513792037964 6.618869781494141 159 171 217
-1.9829065799713135 -1.682998538017273 6.642202377319336 112 115 165
-1.9829065799713135 -1.682998538017273 6.642202377319336 112 115 165
-1.9740508794784546 -1.7054133415222168 6.653953552246094 176 191 236
-1.9742236137390137 -1.7058526277542114 6.655043125152588 176 191 236
-1.8957056999206543 -1.107948660850525 6.589991569519043 141 132 156
-1.8820041418075562 -1.0520249605178833 6.590896129608154 95 106 150
-1.8820041418075562 -1.0520249605178833 6.590896129608154 95 106 150
-1.8685859441757202 -1.0660090446472168 6.601303577423096 155 164 210
-1.8534080982208252 -1.1260039806365967 6.609772682189941 161 177 228
-1.7682710886001587 0.6319640874862671 6.519540786743164 95 108 156
-1.5929675102233887 0.4205309748649597 6.3350982666015625 29 35 52
-1.5929675102233887 0.4205309748649597 6.3350982666015625 29 35 52
-1.576833963394165 0.49632179737091064 6.324024677276611 89 91 119
-1.5672167539596558 0.5059846639633179 6.319567680358887 29 30 53
-1.5635597705841064 0.5372202396392822 6.3183441162109375 19 30 63
-1.5650460720062256 0.41966819763183594 6.32590913772583 31 33 56
-1.5589027404785156 0.22000031173229218 6.336421489715576 34 44 81
-1.5613042116165161 -0.20961615443229675 6.370316028594971 92 98 133
-1.5611810684204102 -0.19481681287288666 6.371173858642578 88 100 131
-1.5769119262695312 -1.700042486190796 6.475406169891357 30 49 81
-1.5547574758529663 -0.6899058818817139 6.408459663391113 58 61 96
-1.539422631263733 -1.354561448097229 6.446921348571777 36 46 92
-1.5300365686416626 -1.6969003677368164 6.4725518226623535 46 50 101
-1.4272233247756958 0.5626734495162964 6.190587520599365 143 157 202
-1.4117845296859741 0.5812997221946716 6.196050643920898 99 89 115
-1.4125794172286987 0.5545057654380798 6.199797630310059 96 88 119
-1.4113900661468506 0.5035770535469055 6.203983783721924 94 87 116
-1.4060308933258057 0.426138311624527 6.2061543464660645 89 79 101
-1.4068660736083984 0.4752298593521118 6.211950778961182 97 83 100
-1.406794786453247 0.2518719434738159 6.213696002960205 103 90 114
-1.4061416387557983 0.3066961467266083 6.230723857879639 104 90 114
-1.408199667930603 0.03857121616601944 6.242161273956299 70 73 110
-1.3948638439178467 -0.2817675471305847 6.2535400390625 94 79 99
-1.4079482555389404 -1.0614268779754639 6.323953151702881 167 180 231
-1.3984758853912354 -0.7225465774536133 6.295713901519775 107 111 153
-1.3923847675323486 -0.5934445261955261 6.288584232330322 113 98 126
-1.390909194946289 -0.8191945552825928 6.303497314453125 78 76 115
-1.3901598453521729 -0.9239926934242249 6.30622673034668 82 84 119
-1.3715019226074219 -0.2804413139820099 6.2298383712768555 95 76 95
-1.3882811069488525 -1.1152069568634033 6.321124076843262 96 99 136
-1.3871731758117676 -1.0911555290222168 6.318973064422607 113 101 131
-1.3840082883834839 -0.9604419469833374 6.309383392333984 103 91 118
-1.3718727827072144 -0.6934218406677246 6.271233558654785 104 87 119
-1.3803261518478394 -1.2636840343475342 6.326010227203369 111 97 125
-1.3775138854980469 -1.2298204898834229 6.3199310302734375 99 87 113
-1.353407621383667 -0.26616087555885315 6.211756229400635 66 49 63
-1.3736571073532104 -1.0278663635253906 6.312289237976074 118 92 106
-1.3614741563796997 -0.8342137932777405 6.285115718841553 108 92 118
-1.3710144758224487 -1.5102992057800293 6.339400291442871 117 99 127
-1.3683186769485474 -1.4303932189941406 6.3381500244140625 120 96 116
-1.3686269521713257 -1.617746114730835 6.36396598815918 112 94 117
-1.3072644472122192 0.5437737703323364 6.102008819580078 125 115 138
-1.3072644472122192 0.5437737703323364 6.102008819580078 125 115 138
-1.305004596710205 0.023184869438409805 6.150120735168457 65 52 72
-1.3071337938308716 -0.49614375829696655 6.18983793258667 81 63 78
-1.2951921224594116 -0.06479860097169876 6.142972946166992 116 104 123
-1.3065848350524902 -0.7316751480102539 6.211141109466553 73 58 76
-1.3065848350524902 -0.7316751480102539 6.211141109466553 73 58 76
-1.2977933883666992 -0.586887538433075 6.196275234222412 68 47 62
-1.2909059524536133 -0.2763334810733795 6.164959907531738 71 58 72
-1.2815093994140625 -0.0698438361287117 6.1378302574157715 65 56 77
-1.2962685823440552 -0.934627115726471 6.219371318817139 119 102 121
-1.2909456491470337 -0.9195337891578674 6.204419136047363 62 52 70
-1.2797534465789795 -0.5886692404747009 6.188387870788574 69 49 61
-1.267478585243225 -0.2805069088935852 6.142646789550781 64 51 68
-1.2773329019546509 -0.7463812828063965 6.191978931427002 127 102 118
-1.2722386121749878 -0.9265865087509155 6.193594455718994 73 61 77
-1.2722386121749878 -0.9265865087509155 6.193594455718994 73 61 77
-1.2872141599655151 -1.4800220727920532 6.268004894256592 88 66 89
-1.2616678476333618 -0.7409335374832153 6.172096252441406 68 51 72
-1.258310317993164 -0.9287765026092529 6.184036731719971 74 54 75
-1.2412408590316772 -0.07922283560037613 6.104124546051025 59 47 64
-1.2229083776474 0.4384668171405792 6.029696941375732 96 98 127
-1.2185711860656738 0.3807930648326874 6.035402774810791 39 43 76
-1.2337957620620728 -0.5679927468299866 6.125615119934082 94 77 89
-1.2119096517562866 0.4339577257633209 6.021560192108154 30 40 79
-1.2287579774856567 -0.7368119955062866 6.139652729034424 128 106 126
-1.225935459136963 -0.5956774950027466 6.127757549285889 69 51 63
-1.200760006904602 0.44453662633895874 6.007816314697266 150 168 228
-1.2002652883529663 0.4203234910964966 6.011427879333496 155 163 220
-1.1969618797302246 0.3975523114204407 6.0128045082092285 152 169 238
-1.2057439088821411 0.06410334259271622 6.05699348449707 63 49 67
-1.2057439088821411 0.06410334259271622 6.05699348449707 63 49 67
-1.220019817352295 -0.7477170825004578 6.134061336517334 53 42 58
-1.220019817352295 -0.7477170825004578 6.134061336517334 53 42 58
-1.1982473134994507 0.26730620861053467 6.032880783081055 73 60 79
-1.2219922542572021 -1.0258735418319702 6.165369033813477 65 52 64
-1.2219922542572021 -1.0258735418319702 6.165369033813477 65 52 64
-1.2240930795669556 -1.1420807838439941 6.17601203918457 71 54 73
-1.1897637844085693 0.018675271421670914 6.040165424346924 53 39 60
-1.1897637844085693 0.018675271421670914 6.040165424346924 53 39 60
-1.0960863828659058 0.5024024248123169 5.568452835083008 104 68 80
-1.1872451305389404 0.14184024930000305 6.034163951873779 66 54 74
-1.212884545326233 -1.1534841060638428 6.167105674743652 94 67 90
-1.176844596862793 0.43885621428489685 5.987768173217773 87 82 116
-1.1766421794891357 0.3750353753566742 5.996251583099365 28 36 77
-1.1956161260604858 -0.5994426608085632 6.09293794631958 56 41 52
-1.1956161260604858 -0.5994426608085632 6.09293794631958 56 41 52
-1.0880017280578613 0.5172848105430603 5.558668613433838 58 29 41
-1.1705042123794556 0.4449453055858612 5.984397888183594 54 46 77
-1.1829185485839844 -0.3948937654495239 6.077839374542236 66 53 68
-1.079406499862671 0.4761905074119568 5.554708480834961 34 31 35
-1.178115725517273 -0.6654847264289856 6.091270446777344 71 53 64
-1.1872791051864624 -1.1563591957092285 6.1395087242126465 87 64 85
-1.1872791051864624 -1.1563591957092285 6.1395087242126465 87 64 85
-1.1671916246414185 -0.19357921183109283 6.039129257202148 59 42 62
-1.1831486225128174 -1.1432359218597412 6.133853912353516 125 112 136
-1.1796528100967407 -1.0320887565612793 6.121710300445557 76 66 77
-1.1796528100967407 -1.0320887565612793 6.121710300445557 76 66 77
-1.1602978706359863 -0.09431692212820053 6.023411750793457 59 44 67
-1.1564089059829712 -0.08463536947965622 6.018075466156006 116 101 120
-1.1457841396331787 0.33841559290885925 5.977080345153809 55 43 54
-1.0472749471664429 0.48250818252563477 5.5178422927856445 98 71 74
-1.1484431028366089 -1.0369055271148682 6.098583698272705 66 50 69
-1.1484431028366089 -1.0369055271148682 6.098583698272705 66 50 69
-1.1296592950820923 -0.09957248717546463 5.999551296234131 64 46 67
-1.1135454177856445 0.18650057911872864 5.963233470916748 53 43 61
-1.1075643301010132 0.25990524888038635 5.9513115882873535 65 53 64
-1.1075643301010132 0.25990524888038635 5.9513115882873535 65 53 64
-1.1375672817230225 -1.356088638305664 6.125518321990967 77 57 80
-1.039818525314331 0.014050062745809555 5.611334323883057 138 94 107
-1.0398443937301636 0.01386582013219595 5.613266944885254 138 94 107
-1.0391244888305664 0.0014385473914444447 5.624753475189209 67 26 31
-1.1003035306930542 -0.20821090042591095 5.977549076080322 60 45 68
-1.1003035306930542 -0.20821090042591095 5.977549076080322 60 45 68
-1.1132663488388062 -1.0491961240768433 6.068366527557373 78 63 80
-1.0923115015029907 -0.3069840967655182 5.9756059646606445 65 52 69
-1.0983432531356812 -0.7324404716491699 6.024410247802734 63 50 69
-1.0983432531356812 -0.7324404716491699 6.024410247802734 63 50 69
-0.9961984157562256 0.4662246108055115 5.472922325134277 115 78 93
-0.9939814209938049 0.5450944900512695 5.4650726318359375 68 36 46
-1.0977256298065186 -0.8877854347229004 6.044039249420166 64 44 53
-1.0922513008117676 -0.7811887860298157 6.026096343994141 73 52 62
-1.0147114992141724 -0.005621419288218021 5.608476161956787 136 86 102
-0.98146653175354 0.4395250976085663 5.460569381713867 119 81 96
-0.98146653175354 0.4395250976085663 5.460569381713867 119 81 96
-1.0680105686187744 -0.11216660588979721 5.942956447601318 78 63 83
-1.0691765546798706 -0.21520134806632996 5.949857234954834 65 48 59
-0.9930952787399292 0.4238673746585846 5.539455890655518 67 50 54
-0.9930976033210754 0.4238007366657257 5.539693355560303 69 50 55
-0.9722534418106079 0.5208684802055359 5.44335412979126 63 40 48
-0.9702669978141785 0.5150076746940613 5.442880630493164 58 29 37
-0.9515771269798279 0.6155236959457397 5.342164516448975 47 58 96
-1.0718441009521484 -0.9802573919296265 6.0176286697387695 84 58 69
-1.0770143270492554 -1.262292504310608 6.052273750305176 70 56 69
-1.0676778554916382 -0.8874927759170532 6.008845329284668 65 44 54
-1.0736467838287354 -1.1316614151000977 6.043449878692627 70 57 76
-0.9560966491699219 0.5235119462013245 5.4296417236328125 68 35 46
-1.0580248832702637 -1.0597578287124634 6.017892360687256 80 58 73
-0.9543823599815369 0.43722566962242126 5.437207221984863 123 80 99
-1.0555236339569092 -1.2608325481414795 6.032202243804932 82 63 81
-1.046403408050537 -0.9814949631690979 6.002356052398682 72 52 69
-1.041589379310608 -0.667191207408905 5.979689598083496 63 48 59
-1.041589379310608 -0.667191207408905 5.979689598083496 63 48 59
-1.0427900552749634 -0.8933712840080261 5.994011402130127 52 37 48
-1.0340311527252197 -0.5441321730613708 5.946393013000488 55 42 58
-1.0469472408294678 -1.3209362030029297 6.035812854766846 71 56 73
-1.0469472408294678 -1.3209362030029297 6.035812854766846 71 56 73
-0.9762338995933533 0.15007565915584564 5.642863750457764 42 20 23
-1.0217708349227905 -0.30922555923461914 5.915538311004639 64 46 59
-1.0207993984222412 -0.2239893227815628 5.9117350578308105 61 47 65
-1.0207993984222412 -0.2239893227815628 5.9117350578308105 61 47 65
-1.0414443016052246 -1.4588127136230469 6.040230751037598 78 64 82
-0.9608145356178284 0.3354153633117676 5.5911102294921875 127 86 102
-0.9292521476745605 0.5090693235397339 5.409289360046387 67 32 44
-1.0108953714370728 -0.11482516676187515 5.8889312744140625 48 36 48
-1.0108953714370728 -0.11482516676187515 5.8889312744140625 48 36 48
-0.9173400402069092 0.4654695391654968 5.396648406982422 46 35 42
-1.0219099521636963 -1.5458252429962158 6.037398338317871 87 64 86
-1.0219099521636963 -1.5458252429962158 6.037398338317871 87 64 86
-1.0146452188491821 -1.386303424835205 6.010500431060791 61 49 63
-0.9493309855461121 -0.04592137783765793 5.631277561187744 151 104 122
-1.0065922737121582 -1.3687770366668701 5.988104820251465 117 98 117
-0.9329408407211304 0.4251488745212555 5.559041976928711 52 35 38
-0.990703284740448 -0.5086324214935303 5.9053850173950195 76 53 65
-0.9935075640678406 -1.3768490552902222 5.99126672744751 61 47 64
-0.9753638505935669 -0.9033963084220886 5.925894260406494 71 54 63
-0.9753638505935669 -0.9033963084220886 5.925894260406494 71 54 63
-0.9555350542068481 -0.3285587728023529 5.8650946617126465 66 47 64
-0.9763978719711304 -1.5708646774291992 5.995514869689941 85 61 77
-0.9613127112388611 -1.0883853435516357 5.935938835144043 70 56 67
-0.8655471205711365 0.45720940828323364 5.35379695892334 69 38 49
-0.940628707408905 -0.43469831347465515 5.8579020500183105 55 39 51
-0.9410563707351685 -1.6230182647705078 5.962684154510498 77 61 83
-0.934939444065094 -1.489989995956421 5.9480438232421875 80 63 80
-0.9291912317276001 -1.2434755563735962 5.918459892272949 83 60 79
-0.8611299395561218 -0.49144166707992554 5.493466854095459 52 25 26
-0.9283398389816284 -1.316061019897461 5.925158977508545 79 57 71
-0.9054121375083923 -0.369155615568161 5.816672325134277 65 46 61
-0.8631672859191895 -0.15690533816814423 5.553801536560059 49 30 36
-0.8709552884101868 0.2237812578678131 5.6067118644714355 61 20 28
-0.8213068246841431 0.44337770342826843 5.316924571990967 68 37 51
-0.9148775339126587 -1.4063193798065186 5.92568826675415 83 60 80
-0.8088083863258362 0.5036231875419617 5.28965425491333 82 38 58
-0.819471538066864 -0.8076517581939697 5.374794006347656 86 53 65
-0.808630108833313 -0.7896229028701782 5.372064590454102 64 32 35
-0.8177844285964966 -0.7397191524505615 5.449281692504883 46 27 36
-0.7847248315811157 0.43914857506752014 5.268415927886963 72 39 53
-0.7846428155899048 0.4393026828765869 5.270576477050781 72 39 53
-0.8641313314437866 -0.6978396773338318 5.806613445281982 72 54 68
-0.8122767210006714 -0.6171744465827942 5.468631744384766 116 92 106
-0.8257996439933777 0.1760440319776535 5.573000431060791 50 19 25
-0.8257996439933777 0.1760440319776535 5.573000431060791 50 19 25
-0.8657934665679932 -1.1676490306854248 5.852325916290283 67 53 77
-0.8657934665679932 -1.1676490306854248 5.852325916290283 67 53 77
-0.8687691688537598 -1.4100167751312256 5.877312183380127 69 48 69
-0.8687691688537598 -1.4100167751312256 5.877312183380127 69 48 69
-0.8152998089790344 0.2511242926120758 5.540282726287842 47 19 18
-0.8080947995185852 -0.18849419057369232 5.5087504386901855 78 38 46
-0.8536272048950195 -1.2009010314941406 5.840836524963379 74 58 74
-0.7642634510993958 0.45222413539886475 5.253206253051758 67 33 45
-0.8487693667411804 -1.1881651878356934 5.842022895812988 118 104 123
-0.8369882106781006 -0.7073734402656555 5.7906951904296875 71 54 67
-0.7972168326377869 0.17124558985233307 5.538288116455078 51 26 35
-0.7955785989761353 0.29903995990753174 5.535924434661865 57 23 34
-0.8379138112068176 -1.4036576747894287 5.845219135284424 130 106 128
-0.8338683247566223 -1.3395174741744995 5.843422889709473 73 48 67
-0.7453506588935852 0.4479532241821289 5.229750633239746 79 41 55
-0.8301182389259338 -1.4183956384658813 5.82546329498291 86 66 86
-0.7867334485054016 0.2798626124858856 5.530737400054932 59 23 30
-0.7598127126693726 -0.7446556687355042 5.418780326843262 36 19 23
-0.772446870803833 0.04330217093229294 5.536495685577393 54 24 33
-0.772446870803833 0.04330217093229294 5.536495685577393 54 24 33
-0.7395442724227905 -0.8440040349960327 5.306095123291016 109 59 64
-0.8005348443984985 -1.0900434255599976 5.784767150878906 74 60 82
-0.7974655628204346 -1.1230454444885254 5.7822089195251465 79 61 76
-0.8033432364463806 -1.6143749952316284 5.838447570800781 70 54 74
-0.8015394806861877 -1.5108444690704346 5.825720310211182 72 51 72
-0.7287186980247498 -0.764183759689331 5.309661388397217 39 19 21
-0.7851703763008118 -1.3479746580123901 5.792904853820801 79 56 69
-0.7133053541183472 -0.8659163117408752 5.282169818878174 110 64 67
-0.7404280304908752 0.027383826673030853 5.49446439743042 51 27 33
-0.7393625974655151 -0.11768247932195663 5.494806289672852 68 29 37
-0.7321558594703674 -0.08493837714195251 5.478506088256836 104 63 72
-0.7675899863243103 -1.4197827577590942 5.789848327636719 73 56 78
-0.7550580501556396 -1.1969720125198364 5.7534871101379395 74 61 79
-0.7155781984329224 0.08302820473909378 5.465958595275879 79 39 48
-0.6900805234909058 -0.42279496788978577 5.272329807281494 119 67 79
-0.6893098950386047 -0.5352446436882019 5.305027961730957 91 62 77
-0.6898602247238159 -0.4927229881286621 5.323465347290039 62 30 39
-0.6898602247238159 -0.4927229881286621 5.323465347290039 62 30 39
-0.6915979385375977 -0.662057101726532 5.349966526031494 110 68 80
-0.6660634279251099 0.5223128795623779 5.154410362243652 80 40 57
-0.6616994738578796 0.4301864504814148 5.155108451843262 78 43 59
-0.6616994738578796 0.4301864504814148 5.155108451843262 78 43 59
-0.6747403740882874 -0.5290224552154541 5.3070292472839355 56 27 30
-0.6520708799362183 -0.5630329847335815 5.273834705352783 120 74 85
-0.6520708799362183 -0.5630329847335815 5.273834705352783 120 74 85
-0.6513298749923706 -0.48245105147361755 5.283149719238281 113 67 79
-0.6547242999076843 0.236164391040802 5.310985088348389 70 29 38
-0.6547242999076843 0.236164391040802 5.310985088348389 70 29 38
-0.6591688394546509 -1.039385199546814 5.35054349899292 50 28 41
-0.6462541818618774 -0.5487297177314758 5.265605449676514 50 24 33
-0.703035295009613 -1.4804493188858032 5.733600616455078 78 56 84
-0.651314377784729 -0.08791731297969818 5.318670749664307 58 28 34
-0.6439000368118286 -0.5718702673912048 5.267324447631836 47 23 36
-0.6439000368118286 -0.5718702673912048 5.267324447631836 47 23 36
-0.6447701454162598 0.2371721714735031 5.302743434906006 108 67 76
-0.6406713724136353 -0.4687745273113251 5.276376724243164 50 21 26
-0.637911319732666 -0.5602300763130188 5.263988971710205 113 67 79
-0.6464591026306152 -1.050482988357544 5.335646152496338 52 30 43
-0.6924656629562378 -1.4565670490264893 5.727713584899902 80 63 82
-0.6846190690994263 -1.2156201601028442 5.693076133728027 82 62 85
-0.6363502144813538 0.08846274018287659 5.306410789489746 64 27 37
-0.6823888421058655 -1.265085220336914 5.691588878631592 119 104 125
-0.6346664428710938 -0.08907818794250488 5.305751323699951 97 71 90
-0.6197697520256042 -0.7845765948295593 5.206121921539307 42 22 24
-0.6209914684295654 -0.19938994944095612 5.232680320739746 98 66 77
-0.6028379201889038 0.443512886762619 5.103760719299316 72 39 50
-0.6270565986633301 -0.07056083530187607 5.309038162231445 42 22 25
-0.669284462928772 -1.253272294998169 5.680746555328369 76 60 73
-0.6673415303230286 -1.4507242441177368 5.694851398468018 75 52 72
-0.6128038763999939 0.08882540464401245 5.283183574676514 53 22 27
-0.6012901663780212 -0.945364236831665 5.2419562339782715 38 22 25
-0.5778758525848389 0.43496811389923096 5.064436912536621 76 42 54
-0.5996384620666504 0.23180638253688812 5.260005474090576 109 68 76
-0.6043105125427246 -0.4637536406517029 5.307681560516357 53 21 25
-0.6010791659355164 -0.0960494875907898 5.28303337097168 46 19 22
-0.6010791659355164 -0.0960494875907898 5.28303337097168 46 19 22
-0.5954394340515137 -0.25662297010421753 5.2801618576049805 113 57 66
-0.5954394340515137 -0.25662297010421753 5.2801618576049805 113 57 66
-0.6374874114990234 -1.2887367010116577 5.659512042999268 77 57 69
-0.56941157579422 0.4211512506008148 5.07089900970459 116 129 172
-0.5704010725021362 0.14784649014472961 5.085610389709473 163 159 166
-0.5862621068954468 -0.2004750519990921 5.226900100708008 90 53 60
-0.5652835965156555 0.4106519818305969 5.062596797943115 66 60 103
-0.5659781694412231 0.16611573100090027 5.095870018005371 36 25 21
-0.5767960548400879 -0.21604423224925995 5.225989818572998 48 21 23
-0.5576779842376709 0.14469288289546967 5.088305473327637 179 176 172
-0.5621465444564819 -0.9679595828056335 5.147924423217773 112 67 75
-0.6111232042312622 -1.2507480382919312 5.610006809234619 48 44 71
-0.5491002798080444 0.41566184163093567 5.042259693145752 116 134 182
-0.5570918917655945 -0.17232997715473175 5.199740409851074 44 20 18
-0.5540791749954224 -0.8971819281578064 5.178806781768799 127 86 105
-0.6018682718276978 -1.3834102153778076 5.633544445037842 82 57 79
-0.5408971309661865 0.1508636474609375 5.065860271453857 124 116 114
-0.5408971309661865 0.1508636474609375 5.065860271453857 124 116 114
-0.541721522808075 0.1265048384666443 5.080760478973389 108 101 106
-0.5430097579956055 0.22347328066825867 5.127652168273926 87 74 58
-0.5403032898902893 0.11098377406597137 5.105427265167236 169 168 175
-0.5549390912055969 -0.4420927166938782 5.2644548416137695 52 24 31
-0.5549390912055969 -0.4420927166938782 5.2644548416137695 52 24 31
-0.5895613431930542 -1.2426031827926636 5.601417541503906 44 36 57
-0.5895613431930542 -1.2426031827926636 5.601417541503906 44 36 57
-0.5879380106925964 -1.2559278011322021 5.608767986297607 115 108 129
-0.5520362257957458 -0.25583019852638245 5.270598411560059 50 24 27
-0.5300520062446594 0.1485138088464737 5.066725254058838 183 179 169
-0.5309240221977234 0.13255205750465393 5.078222751617432 86 79 77
-0.5309240221977234 0.13255205750465393 5.078222751617432 86 79 77
-0.5494185090065002 -0.2749508023262024 5.259364604949951 101 62 75
-0.532017171382904 0.09107376635074615 5.1185102462768555 82 41 45
-0.5265520215034485 0.11463110893964767 5.087882995605469 171 164 159
-0.5304182171821594 0.09281780570745468 5.135804653167725 80 40 46
-0.5221707224845886 0.15823890268802643 5.061461448669434 108 98 98
-0.5389995574951172 -0.29398688673973083 5.2565155029296875 48 23 24
-0.5389995574951172 -0.29398688673973083 5.2565155029296875 48 23 24
-0.5389995574951172 -0.29398688673973083 5.2565155029296875 48 23 24
-0.5362212061882019 -0.3107461631298065 5.244988918304443 102 58 68
-0.5142241716384888 0.12743380665779114 5.073672771453857 183 176 157
-0.5221320390701294 -0.06322787702083588 5.155606746673584 178 167 146
-0.5312965512275696 -0.46265003085136414 5.249256134033203 66 32 42
-0.5312965512275696 -0.46265003085136414 5.249256134033203 66 32 42
-0.5211666822433472 -0.052809715270996094 5.152385234832764 192 185 163
-0.5245727896690369 -0.6989234685897827 5.187602519989014 74 35 47
-0.5258757472038269 -0.33022239804267883 5.23422908782959 47 22 25
-0.5258757472038269 -0.33022239804267883 5.23422908782959 47 22 25
-0.5226684212684631 -0.3537687063217163 5.2309112548828125 68 32 43
-0.5105593204498291 0.10695905983448029 5.123967170715332 142 132 148
-0.5580649971961975 -1.5068721771240234 5.6070990562438965 78 59 79
-0.4966135025024414 0.5140298008918762 4.990902900695801 89 51 66
-0.5026594400405884 0.13707175850868225 5.070037841796875 114 100 93
-0.5095861554145813 -0.022045742720365524 5.139948844909668 202 191 171
-0.49787378311157227 0.18900473415851593 5.04916524887085 151 142 128
-0.5151658058166504 -0.3415578007698059 5.224915504455566 100 58 65
-0.6004048585891724 0.5112186074256897 6.113137722015381 75 42 57
-0.6004048585891724 0.5112186074256897 6.113137722015381 75 42 57
-0.5115204453468323 -0.1258588582277298 5.209558486938477 130 107 98
-0.499465674161911 0.2516847848892212 5.128543376922607 59 28 28
-0.4941825270652771 0.12344754487276077 5.0756120681762695 189 184 178
-0.49875497817993164 0.0009801620617508888 5.1273722648620605 192 184 155
-0.4924926161766052 0.010139966383576393 5.119970798492432 151 137 117
-0.5004971623420715 -0.35468631982803345 5.2143378257751465 47 20 23
-0.4980243742465973 -0.12088137865066528 5.195071697235107 90 66 51
-0.4955449104309082 -0.20151640474796295 5.188218593597412 120 103 93
-0.48194578289985657 0.18755227327346802 5.049226760864258 43 31 40
-0.4803383946418762 0.17784295976161957 5.05702018737793 155 143 133
-0.48891615867614746 -0.6961062550544739 5.158901214599609 118 71 88
-0.4909411668777466 -0.16780729591846466 5.192342758178711 45 23 22
-0.48169976472854614 0.0024698451161384583 5.122635841369629 85 66 60
-0.48750898241996765 -0.3585975468158722 5.203075408935547 100 65 71
-0.48746320605278015 -0.358830988407135 5.203582763671875 100 65 71
-0.519203782081604 -1.314494013786316 5.560145378112793 73 56 73
-0.516605794429779 -1.27577543258667 5.54554557800293 115 97 115
-0.48107555508613586 -0.22404517233371735 5.178094387054443 105 86 73
-0.47450828552246094 0.013050934299826622 5.116805553436279 152 138 118
-0.479316771030426 -0.04706878960132599 5.177681922912598 137 121 89
-0.5125175714492798 -1.266877293586731 5.549670219421387 64 45 61
-0.46520569920539856 -0.5731490254402161 5.070662498474121 55 26 30
-0.46520569920539856 -0.5731490254402161 5.070662498474121 55 26 30
-0.46050241589546204 0.20634737610816956 5.050846576690674 118 105 124
-0.4608463943004608 0.1753515601158142 5.07036828994751 89 72 67
-0.5021315813064575 -1.3146575689315796 5.539549827575684 73 52 68
-0.4467407166957855 0.415061891078949 4.947113990783691 68 37 51
-0.49607670307159424 -1.4153268337249756 5.543495178222656 58 46 63
-0.45266109704971313 0.16669327020645142 5.073697090148926 94 78 81
-0.4590192139148712 0.07143037021160126 5.153571605682373 75 53 40
-0.4486827552318573 0.2300032079219818 5.041267395019531 36 21 26
-0.4511609971523285 0.17476357519626617 5.069439888000488 152 139 123
-0.45810583233833313 -0.3808306157588959 5.174012660980225 58 27 36
-0.44721969962120056 0.1912636160850525 5.052167892456055 87 68 75
-0.45508095622062683 0.08447974175214767 5.142277717590332 156 138 112
-0.4557179808616638 -0.03168555721640587 5.163794040679932 64 42 22
-0.45546045899391174 -0.42505985498428345 5.178664684295654 59 27 34
-0.4461459815502167 -0.703942596912384 5.106955528259277 118 73 89
-0.44802865386009216 0.045573096722364426 5.169212341308594 64 39 18
-0.44802865386009216 0.045573096722364426 5.169212341308594 64 39 18
-0.42609480023384094 0.4760894477367401 4.9284257888793945 68 38 51
-0.4420072138309479 0.0024362991098314524 5.113624572753906 153 137 121
-0.435508668422699 0.19829228520393372 5.039970874786377 94 73 80
-0.4443437457084656 -0.3622373938560486 5.159127712249756 42 17 21
-0.4242050349712372 0.43142879009246826 4.934418678283691 46 36 43
-0.4412533938884735 0.07370225340127945 5.1497673988342285 159 143 112
-0.42286673188209534 -0.8864210247993469 4.973464488983154 46 19 28
-0.43995240330696106 -0.1762852668762207 5.173954010009766 33 17 15
-0.4333314001560211 -0.0006437863921746612 5.115508556365967 174 159 133
-0.4332854747772217 -0.0008875555358827114 5.115963459014893 174 159 133
-0.4318144619464874 -0.03817803040146828 5.12717866897583 163 149 128
-0.4279075562953949 -0.019400615245103836 5.1163859367370605 81 57 49
-0.4264294505119324 -0.010300051420927048 5.1149468421936035 147 127 108
-0.41866156458854675 0.19733935594558716 5.026438236236572 195 191 180
-0.4178686738014221 0.20794938504695892 5.022163391113281 43 25 30
-0.42830514907836914 0.0691540539264679 5.151291370391846 144 134 109
-0.4273611903190613 0.06182841584086418 5.150247097015381 73 56 44
-0.41673097014427185 -0.5865627527236938 5.048506259918213 122 69 85
-0.41303515434265137 0.1855854094028473 5.0286865234375 112 93 87
-0.4223572313785553 0.050364598631858826 5.1484599113464355 94 79 64
-0.4223572313785553 0.050364598631858826 5.1484599113464355 94 79 64
-0.41740143299102783 -0.018927933648228645 5.120384693145752 168 156 135
-0.4169938266277313 -0.038974579423666 5.124513149261475 180 168 141
-0.4206112325191498 -1.0067243576049805 5.176668167114258 70 26 38
-0.41047561168670654 0.1682121306657791 5.061483383178711 177 174 174
-0.4128885567188263 -0.17026394605636597 5.106044292449951 38 20 18
-0.40618017315864563 0.20564228296279907 5.023441791534424 124 108 100
-0.4113966226577759 -0.029383057728409767 5.12730073928833 164 155 125
-0.4029889404773712 -0.569252610206604 5.0510945320129395 48 22 25
-0.4103293716907501 -1.0432250499725342 5.173230171203613 134 85 102
-0.4103293716907501 -1.0432250499725342 5.173230171203613 134 85 102
-0.4255819320678711 -1.3432073593139648 5.404421329498291 92 87 93
-0.4234847128391266 -1.3632690906524658 5.409420490264893 166 151 148
-0.3907029926776886 0.32089555263519287 4.9947710037231445 143 94 114
-0.4215047061443329 -1.2612073421478271 5.408361434936523 155 138 130
-0.42109495401382446 -1.3812720775604248 5.410162925720215 164 150 135
-0.42038553953170776 -1.3199599981307983 5.403164863586426 165 165 181
-0.42038553953170776 -1.3199599981307983 5.403164863586426 165 165 181
-0.4191735088825226 -1.3476125001907349 5.400405406951904 179 165 150
-0.4191735088825226 -1.3476125001907349 5.400405406951904 179 165 150
-0.39087826013565063 -0.519938051700592 5.045409679412842 113 68 82
-0.41750627756118774 -1.3351887464523315 5.399115562438965 172 159 139
-0.41438066959381104 -1.3046075105667114 5.39755916595459 163 166 187
-0.3797462582588196 0.3788832128047943 4.948554039001465 107 56 65
-0.3797462582588196 0.3788832128047943 4.948554039001465 107 56 65
-0.38372060656547546 0.33041107654571533 5.001595973968506 99 44 50
-0.3895118236541748 0.12594997882843018 5.084338665008545 122 110 98
-0.3856678009033203 0.20455500483512878 5.037531852722168 166 155 137
-0.38440096378326416 0.1930292546749115 5.043532848358154 66 44 43
-0.4107259213924408 -1.3624494075775146 5.399679183959961 123 76 86
-0.3917170464992523 -1.0556790828704834 5.158121585845947 79 34 42
-0.38187599182128906 -0.5398231744766235 5.029330253601074 57 25 32
-0.38187599182128906 -0.5398231744766235 5.029330253601074 57 25 32
-0.40854379534721375 -1.2793394327163696 5.391422748565674 113 104 128
-0.4103412926197052 -1.205166220664978 5.433210849761963 61 41 59
-0.40480589866638184 -1.2664692401885986 5.379785060882568 192 186 161
-0.37752294540405273 -0.7147082686424255 5.0352301597595215 121 76 91
-0.38375380635261536 -1.0059959888458252 5.136692047119141 78 40 53
-0.3731970191001892 0.2440989762544632 5.0295915603637695 62 25 27
-0.39858266711235046 -1.3504611253738403 5.386112213134766 158 131 132
-0.3975946009159088 -1.3676738739013672 5.385989665985107 161 146 130
-0.36319202184677124 -0.495016872882843 4.97718620300293 138 84 98
-0.3689471483230591 -1.0763756036758423 5.078199863433838 136 85 100
-0.39000803232192993 -1.4125117063522339 5.376659393310547 204 186 161
-0.39000803232192993 -1.4125117063522339 5.376659393310547 204 186 161
-0.39000803232192993 -1.4125117063522339 5.376659393310547 204 186 161
-0.36254119873046875 -0.6040349006652832 4.999711036682129 50 22 29
-0.38739272952079773 -1.3537956476211548 5.381594181060791 84 55 74
-0.38573604822158813 -1.3822102546691895 5.370309829711914 104 86 83
-0.38573604822158813 -1.3822102546691895 5.370309829711914 104 86 83
-0.3851279318332672 -1.360693097114563 5.367222785949707 144 134 117
-0.3851279318332672 -1.360693097114563 5.367222785949707 144 134 117
-0.3845675587654114 -1.2816919088363647 5.369544506072998 66 52 58
-0.3835170865058899 -1.3000189065933228 5.369396686553955 158 138 136
-0.38297513127326965 -1.3919146060943604 5.367448806762695 193 180 153
-0.3558540344238281 -0.6145095229148865 4.998026371002197 71 35 47
-0.3808397352695465 -1.4030730724334717 5.372119903564453 53 29 31
-0.3793528974056244 -1.420535683631897 5.368725299835205 80 46 58
-0.3523322641849518 -0.54413902759552 5.007807731628418 58 27 34
-0.3516681492328644 0.20937930047512054 5.0228271484375 60 24 34
-0.35129767656326294 -0.7192395925521851 5.029799461364746 120 78 96
-0.3740738332271576 -1.324379563331604 5.360701560974121 198 193 185
-0.3711335062980652 -1.262068271636963 5.349142551422119 66 98 105
-0.37150484323501587 -1.3879989385604858 5.364370346069336 58 35 43
-0.3709333837032318 -1.2248759269714355 5.3611860275268555 35 25 33
-0.34436580538749695 -0.6128910183906555 4.979200839996338 124 78 89
-0.3686997890472412 -1.3771045207977295 5.357585430145264 184 162 143
-0.36622390151023865 -1.3488595485687256 5.354735374450684 151 134 118
-0.36547547578811646 -1.2512226104736328 5.3461480140686035 26 30 40
-0.3396936058998108 -0.587863028049469 4.972261905670166 108 63 80
-0.36497217416763306 -1.357869267463684 5.34730863571167 55 52 52
-0.3639528751373291 -1.3937525749206543 5.355708122253418 133 129 152
-0.3624698519706726 -1.2317209243774414 5.339547157287598 136 122 106
-0.3624698519706726 -1.2317209243774414 5.339547157287598 136 122 106
-0.33747655153274536 -0.6024866104125977 4.974236965179443 73 35 48
-0.3371109962463379 -0.6205289959907532 4.975626468658447 53 24 37
-0.3621981143951416 -1.4132308959960938 5.357268810272217 139 144 179
-0.3327632248401642 -0.8808391094207764 4.923574924468994 56 26 30
-0.35930463671684265 -1.423058271408081 5.346081733703613 118 113 143
-0.36046579480171204 -1.4561944007873535 5.366824626922607 161 147 139
-0.3582051694393158 -1.366927981376648 5.340490818023682 177 174 151
-0.34017446637153625 -0.9846105575561523 5.094969749450684 135 87 102
-0.34017446637153625 -0.9846105575561523 5.094969749450684 135 87 102
-0.33999213576316833 -0.9729564189910889 5.101288318634033 62 21 35
-0.33045151829719543 -0.6115664839744568 4.973309516906738 123 73 85
-0.3540952801704407 -1.286138653755188 5.3323845863342285 59 96 115
-0.3540952801704407 -1.286138653755188 5.3323845863342285 59 96 115
-0.3540952801704407 -1.286138653755188 5.3323845863342285 59 96 115
-0.354030579328537 -1.2633880376815796 5.336281776428223 63 85 96
-0.35385194420814514 -1.4303110837936401 5.335085391998291 55 51 73
-0.32010599970817566 0.41790810227394104 4.827795505523682 128 86 106
-0.35410863161087036 -1.3806462287902832 5.343448162078857 164 142 137
-0.35014161467552185 -1.3266541957855225 5.338359832763672 148 167 206
-0.3498597741127014 -1.392594814300537 5.345895767211914 86 74 78
-0.34909379482269287 -1.415595531463623 5.336113452911377 68 55 76
-0.3487258851528168 -1.2528460025787354 5.332320213317871 29 33 42
-0.3467875123023987 -1.2308768033981323 5.342402458190918 35 24 20
-0.3451741933822632 -1.2648775577545166 5.326805114746094 18 46 60
-0.3111628293991089 0.40725210309028625 4.825109481811523 57 40 50
-0.3229754865169525 -0.10517296940088272 5.023079872131348 51 28 31
-0.32619285583496094 -0.9812717437744141 5.084405422210693 57 25 34
-0.32619285583496094 -0.9812717437744141 5.084405422210693 57 25 34
-0.32125577330589294 -0.020624250173568726 5.009991645812988 138 87 101
-0.3211977481842041 -0.010987519286572933 5.011763572692871 85 39 49
-0.3196013271808624 0.18533329665660858 4.989741325378418 141 91 103
-0.33944007754325867 -1.3512500524520874 5.320916652679443 118 133 178
-0.3148731291294098 -0.23896338045597076 4.943280220031738 101 67 81
-0.3373701274394989 -1.316857099533081 5.323125839233398 58 62 101
-0.3375259041786194 -1.3570046424865723 5.329972743988037 114 122 164
-0.3149660527706146 -0.5414742827415466 5.007308006286621 49 20 23
-0.3177884817123413 -0.9971376657485962 5.061258316040039 142 92 108
-0.31084883213043213 -0.4581470489501953 4.994039535522461 37 16 21
-0.33077770471572876 -1.3090132474899292 5.317951679229736 162 144 130
-0.310859352350235 -0.5521527528762817 4.998070240020752 110 69 77
-0.3304152488708496 -1.3744165897369385 5.316304683685303 54 48 53
-0.32981476187705994 -1.359479308128357 5.31868314743042 58 53 79
-0.32797613739967346 -1.3921794891357422 5.317862510681152 146 135 123
-0.32791706919670105 -1.257361650466919 5.318315029144287 137 121 108
-0.32690587639808655 -1.2788575887680054 5.308867454528809 118 106 94
-0.3069445490837097 0.05688227713108063 4.994646072387695 54 20 28
-0.325962632894516 -1.3472391366958618 5.31410026550293 55 55 88
-0.3036595284938812 0.26082107424736023 4.975124359130859 59 19 28
-0.3231578469276428 -1.3278865814208984 5.313391208648682 111 119 163
-0.30252936482429504 0.19935470819473267 4.9801130294799805 66 24 31
-0.32334545254707336 -1.2286633253097534 5.345005512237549 27 19 21
-0.31962883472442627 -1.4296422004699707 5.312716007232666 80 31 38
-0.2963050603866577 -0.25332385301589966 4.945580959320068 51 22 24
-0.317916601896286 -1.409278392791748 5.307628154754639 166 157 142
-0.29836681485176086 -0.2961145043373108 4.987429141998291 115 62 71
-0.3169526159763336 -1.4436579942703247 5.303988933563232 150 137 126
-0.29872551560401917 -0.5116710066795349 5.019514083862305 60 24 27
-0.29872551560401917 -0.5116710066795349 5.019514083862305 60 24 27
-0.31496062874794006 -1.3819260597229004 5.300328731536865 146 139 129
-0.29822373390197754 -0.9973704218864441 5.018613815307617 143 96 108
-0.314233660697937 -1.293678641319275 5.293392181396484 190 183 172
-0.2959993779659271 -0.00257895584218204 4.9893670082092285 112 67 76
-0.29778942465782166 -1.0076212882995605 5.025369167327881 108 48 66
-0.312860369682312 -1.3052654266357422 5.295000076293945 94 107 157
-0.2932411730289459 0.20303405821323395 4.9714155197143555 123 76 84
-0.2932411730289459 0.20303405821323395 4.9714155197143555 123 76 84
-0.3120165467262268 -1.2810406684875488 5.293991565704346 30 23 23
-0.29478591680526733 -0.6075100302696228 5.002077102661133 114 62 74
-0.3117256462574005 -1.3482670783996582 5.298569202423096 85 78 95
-0.30929774045944214 -1.388124704360962 5.296706676483154 191 178 156
-0.30855950713157654 -1.3998035192489624 5.3010125160217285 47 43 38
-0.29108160734176636 -0.5802947878837585 5.006781101226807 101 59 68
-0.29102498292922974 -0.5664898753166199 5.018805503845215 51 22 24
-0.3049994111061096 -1.3193100690841675 5.291822910308838 59 35 44
-0.2857784926891327 -0.007759392727166414 4.983945369720459 66 26 34
-0.30294209718704224 -1.384499192237854 5.296379566192627 96 89 74
-0.2735695242881775 0.4063510298728943 4.788786888122559 52 31 37
-0.28675928711891174 -1.008892297744751 5.023787021636963 148 97 119
-0.28531762957572937 -0.5961298942565918 5.0069580078125 48 18 26
-0.29953670501708984 -1.3675010204315186 5.288877010345459 31 41 56
-0.2978167235851288 -1.3541364669799805 5.286719799041748 50 36 32
-0.2821039855480194 -0.9784025549888611 5.036128044128418 120 71 77
-0.26610541343688965 0.49996259808540344 4.771302223205566 79 51 66
-0.2943325340747833 -1.385768175125122 5.2909255027771 164 149 130
-0.26315808296203613 0.41398924589157104 4.776272773742676 122 79 98
-0.28852716088294983 -1.365492820739746 5.285405158996582 151 139 127
-0.2830424904823303 -1.2879092693328857 5.298211574554443 37 29 36
-0.28275027871131897 -1.3200421333312988 5.306111812591553 28 23 29
-0.2489377111196518 0.41843917965888977 4.7596001625061035 51 31 38
-0.25608134269714355 -0.8857361674308777 4.934556484222412 33 25 28
-0.26871806383132935 -1.2446420192718506 5.304174900054932 111 84 102
-0.2674623727798462 -1.3033232688903809 5.303637504577637 89 74 98
-0.24974733591079712 -0.968095064163208 5.010818004608154 140 88 101
-0.2273755967617035 0.41281142830848694 4.735781669616699 55 36 44
-0.2510654628276825 -1.31251060962677 5.298737049102783 54 36 54
-0.2510654628276825 -1.31251060962677 5.298737049102783 54 36 54
-0.2331952154636383 -0.6112082600593567 4.991488456726074 29 14 14
-0.24501556158065796 -1.2393749952316284 5.289347171783447 59 40 59
-0.21950235962867737 0.373605340719223 4.889064788818359 63 43 48
-0.22169265151023865 -0.20756840705871582 5.001380443572998 45 18 17
-0.22169265151023865 -0.20756840705871582 5.001380443572998 45 18 17
-0.23002298176288605 -1.2303192615509033 5.278379440307617 127 107 130
-0.2297239601612091 -1.3129780292510986 5.283176898956299 71 55 84
-0.20434947311878204 0.42371299862861633 4.715088367462158 126 80 94
-0.2006763219833374 0.43628907203674316 4.7176432609558105 54 35 44
-0.2157421112060547 -1.4321531057357788 5.290975570678711 85 65 93
-0.19171054661273956 0.4205031991004944 4.70725154876709 63 34 49
-0.19685766100883484 -0.6954548358917236 4.952269554138184 112 63 74
-0.18098244071006775 0.41109076142311096 4.701067924499512 67 44 52
-0.19347085058689117 -1.3979624509811401 5.271279811859131 123 104 129
-0.1922260820865631 -1.3780503273010254 5.255505084991455 59 44 58
-0.1922260820865631 -1.3780503273010254 5.255505084991455 59 44 58
-0.18232859671115875 -0.09671802818775177 4.988802909851074 64 32 43
-0.1912597119808197 -1.3343150615692139 5.258535385131836 63 47 69
-0.19133387506008148 -1.418688178062439 5.265705108642578 86 62 77
-0.19088897109031677 -1.3448376655578613 5.257108688354492 71 55 81
-0.19088897109031677 -1.3448376655578613 5.257108688354492 71 55 81
-0.1805965155363083 0.029250802472233772 4.9805908203125 55 23 33
-0.18613341450691223 -1.2578325271606445 5.236120700836182 67 50 66
-0.17128616571426392 0.22741304337978363 4.9504570960998535 56 25 32
-0.1710362285375595 0.11019421368837357 4.95966911315918 66 20 30
-0.1790650337934494 -1.3689005374908447 5.248829364776611 122 102 122
-0.1693258285522461 -1.2662252187728882 5.227189540863037 51 33 47
-0.1693258285522461 -1.2662252187728882 5.227189540863037 51 33 47
-0.16125720739364624 -1.3296754360198975 5.224964618682861 68 46 59
-0.15163090825080872 0.2176169604063034 4.937370777130127 67 25 33
-0.15964476764202118 -1.2672054767608643 5.219421863555908 121 102 120
-0.151587575674057 -0.27510425448417664 4.968397617340088 47 22 28
-0.15825524926185608 -1.1351280212402344 5.204482078552246 103 73 97
-0.15825524926185608 -1.1351280212402344 5.204482078552246 103 73 97
-0.1388305127620697 0.49004295468330383 4.643303394317627 84 44 55
-0.13634105026721954 0.5497912764549255 4.5813469886779785 113 66 76
-0.15436062216758728 -1.1174869537353516 5.206264972686768 84 62 85
-0.1407071053981781 -0.7329729199409485 5.009184837341309 66 30 42
-0.12737005949020386 0.37404459714889526 4.632412910461426 130 82 103
-0.13403531908988953 -0.02800481766462326 4.940740585327148 55 24 30
-0.13128121197223663 0.06639380753040314 4.8626933097839355 96 48 60
-0.127810999751091 -0.6212266087532043 4.816407680511475 145 92 108
-0.11215377599000931 0.4580928385257721 4.620663642883301 65 33 41
-0.1178036779165268 -1.086656093597412 5.1640238761901855 84 57 72
-0.1178036779165268 -1.086656093597412 5.1640238761901855 84 57 72
-0.10859400033950806 0.022283688187599182 4.8962812423706055 93 46 58
-0.10229707509279251 -0.33318817615509033 4.870841026306152 45 21 25
-0.09605644643306732 0.4676970839500427 4.603869915008545 56 32 41
-0.09588609635829926 0.37347036600112915 4.619950294494629 131 86 106
-0.0941479504108429 0.39480578899383545 4.617428779602051 59 42 48
-0.09835797548294067 -0.5015701651573181 4.844571590423584 51 23 22
-0.104463130235672 -1.302294135093689 5.172863483428955 66 49 70
-0.09651267528533936 -0.5023444890975952 4.854264736175537 51 23 22
-0.09658142179250717 -0.05944938585162163 4.904990196228027 80 39 43
-0.094697505235672 0.12422781437635422 4.897155284881592 62 22 22
-0.08290853351354599 0.38942188024520874 4.5953688621521 75 40 51
-0.08484568446874619 0.019139522686600685 4.881324291229248 82 42 55
-0.07903151214122772 0.4891590476036072 4.5855817794799805 75 48 60
-0.07903151214122772 0.4891590476036072 4.5855817794799805 75 48 60
-0.07642459869384766 0.8321086764335632 4.537843704223633 141 98 118
-0.07642459869384766 0.8321086764335632 4.537843704223633 141 98 118
-0.07936228811740875 0.029698435217142105 4.869957447052002 131 78 91
-0.08389509469270706 -1.2758926153182983 5.154930114746094 66 49 68
-0.07458016276359558 0.39688533544540405 4.587644577026367 123 81 91
-0.07633352279663086 -0.2892600893974304 4.8531928062438965 52 33 37
-0.07664518058300018 -0.11018244922161102 4.897408962249756 55 23 34
-0.07635179907083511 -0.04819195345044136 4.891434192657471 54 24 36
-0.07845085859298706 -1.2665176391601562 5.148106575012207 125 109 131
-0.07270950078964233 -1.0884008407592773 5.129206657409668 122 106 124
-0.07270950078964233 -1.0884008407592773 5.129206657409668 122 106 124
-0.0680624321103096 0.04880530387163162 4.855919361114502 130 77 90
-0.0680624321103096 0.04880530387163162 4.855919361114502 130 77 90
-0.07026325911283493 -1.275573492050171 5.1462082862854 57 43 60
-0.06816551089286804 -0.9794036746025085 5.116357326507568 79 55 78
-0.0604236014187336 0.17525313794612885 4.859327793121338 56 22 28
-0.06007974222302437 0.07793685048818588 4.848250865936279 118 66 75
-0.056317877024412155 0.408377081155777 4.586660385131836 51 42 43
-0.05600472539663315 0.08831652253866196 4.852933883666992 33 15 19
-0.05600472539663315 0.08831652253866196 4.852933883666992 33 15 19
-0.053635500371456146 -1.4197361469268799 5.14425802230835 75 62 80
-0.042402155697345734 -1.3578547239303589 5.133037567138672 85 65 90
-0.029675278812646866 0.40940138697624207 4.5468621253967285 76 47 58
-0.030025513842701912 0.3499975800514221 4.608952045440674 79 54 65
-0.030025513842701912 0.3499975800514221 4.608952045440674 79 54 65
-0.03155271336436272 -0.03954089805483818 4.844752311706543 60 33 48
-0.03155271336436272 -0.03954089805483818 4.844752311706543 60 33 48
-0.023938540369272232 -0.8943518996238708 5.042667865753174 130 108 134
-0.02403547801077366 -1.1909549236297607 5.096855163574219 133 114 134
-0.02220435068011284 -0.8320757746696472 5.029183387756348 32 19 21
-0.018607890233397484 0.41118574142456055 4.53581428527832 126 83 100
-0.014235755428671837 -1.3558815717697144 5.10133695602417 60 46 60
-0.012789510190486908 -0.8672423362731934 5.033714771270752 60 29 33
-0.010631135664880276 0.5005589127540588 4.501156330108643 134 83 96
-0.010419700294733047 -0.9120877981185913 5.0473480224609375 98 77 98
-0.008667275309562683 0.09404399991035461 4.818092346191406 50 20 29
-0.008334021084010601 -0.3067548871040344 4.784914016723633 148 101 120
0.0033157560974359512 -1.2071983814239502 5.068937301635742 78 54 68
0.003972548991441727 -0.512331485748291 4.903308391571045 64 26 27
0.02499687299132347 -0.7976353168487549 5.009714126586914 66 48 62
0.03779705613851547 -0.8766113519668579 5.002850532531738 87 64 83
0.038496363908052444 0.22691865265369415 4.760341644287109 54 21 25
0.046233441680669785 -1.3773642778396606 5.047154426574707 78 54 78
0.046651870012283325 0.3926248252391815 4.473528861999512 128 86 105
0.048947498202323914 0.38052257895469666 4.476010799407959 62 34 44
0.049668073654174805 0.4792337715625763 4.46555757522583 79 39 47
0.049668073654174805 0.4792337715625763 4.46555757522583 79 39 47
0.05752428248524666 -1.054042100906372 5.002432823181152 60 46 69
0.05752428248524666 -1.054042100906372 5.002432823181152 60 46 69
0.058264076709747314 -0.8072700500488281 4.980199813842773 92 66 81
0.06042959541082382 -0.36019831895828247 4.932897090911865 62 42 55
0.05459636449813843 0.5772871971130371 4.411679744720459 79 44 44
0.06283273547887802 -1.3047454357147217 5.023862361907959 67 47 62
0.06252775341272354 -0.7032406330108643 4.962977409362793 85 57 71
0.05921056866645813 -0.09359945356845856 4.575066089630127 62 23 30
0.061514053493738174 0.592983067035675 4.426015377044678 36 22 22
0.061514053493738174 0.592983067035675 4.426015377044678 36 22 22
0.06986194103956223 -1.2993658781051636 5.018984317779541 125 108 127
0.0721261128783226 -0.8689801692962646 4.973572254180908 67 48 65
0.0721261128783226 -0.8689801692962646 4.973572254180908 67 48 65
0.07214783877134323 -0.8689022064208984 4.973661422729492 67 48 65
0.07214783877134323 -0.8689022064208984 4.973661422729492 67 48 65
0.07306445389986038 -1.3062348365783691 5.011311054229736 63 46 61
0.06497698277235031 0.3830721378326416 4.453749179840088 47 35 42
0.06497698277235031 0.3830721378326416 4.453749179840088 47 35 42
0.08035028725862503 -1.23589026927948 5.004769325256348 74 53 66
0.08325906842947006 -1.2904632091522217 4.9999213218688965 78 62 86
0.08274374902248383 -0.8117541074752808 4.955960750579834 92 66 81
0.08298076689243317 -0.879923403263092 4.966711044311523 66 52 69
0.08554081618785858 -1.3017404079437256 5.00010871887207 121 108 132
0.08416300266981125 0.1348567008972168 4.7232465744018555 54 25 30
0.08010168373584747 0.38941869139671326 4.436759948730469 65 38 45
0.08656717836856842 0.20557408034801483 4.62556266784668 61 36 47
0.09685779362916946 -0.878938615322113 4.95132303237915 67 50 65
0.09782321006059647 -0.9605779647827148 4.955462455749512 87 63 79
0.09860069304704666 -0.636004626750946 4.9246015548706055 94 60 72
0.1066155731678009 0.20324623584747314 4.594177722930908 61 34 43
0.1066155731678009 0.20324623584747314 4.594177722930908 61 34 43
0.10693275928497314 -0.13375374674797058 4.5676116943359375 158 108 126
0.1165148988366127 -1.3107209205627441 4.975953102111816 72 49 72
0.1165148988366127 -1.3107209205627441 4.975953102111816 72 49 72
0.11851335316896439 -0.4877239167690277 4.899057865142822 75 49 57
0.1199069619178772 -0.6222202777862549 4.9099650382995605 84 60 75
0.12263152748346329 -0.634915292263031 4.905600070953369 136 110 129
0.12263152748346329 -0.634915292263031 4.905600070953369 136 110 129
0.11551768332719803 0.23740720748901367 4.5825018882751465 63 30 31
0.13033483922481537 -1.3128762245178223 4.965856075286865 83 63 83
0.13044428825378418 -1.2208051681518555 4.951793193817139 76 55 83
0.13835939764976501 -0.252573162317276 4.860316276550293 69 43 56
0.13835939764976501 -0.252573162317276 4.860316276550293 69 43 56
0.140854150056839 -1.2319316864013672 4.942577838897705 123 103 124
0.14390626549720764 -0.8186702132225037 4.902232646942139 133 113 132
0.1326281577348709 0.30025801062583923 4.5117363929748535 151 102 120
0.14603780210018158 -0.7533200979232788 4.896513938903809 117 95 113
0.1471022516489029 -0.6324541568756104 4.888329029083252 87 57 64
0.1471022516489029 -0.6324541568756104 4.888329029083252 87 57 64
0.14936307072639465 -0.64485764503479 4.8765339851379395 130 106 120
0.13796892762184143 0.4561603367328644 4.452833652496338 63 33 38
0.15071135759353638 -0.48630306124687195 4.864201068878174 74 49 68
0.15292780101299286 -1.1445770263671875 4.932509422302246 86 62 84
0.15239208936691284 -0.8369031548500061 4.900310516357422 74 51 57
0.1521608829498291 -0.7587633728981018 4.889568328857422 69 46 61
0.1521608829498291 -0.7587633728981018 4.889568328857422 69 46 61
0.15314961969852448 -1.0192404985427856 4.914346694946289 76 54 72
0.14622117578983307 0.012929057702422142 4.596156120300293 54 23 27
0.15972156822681427 -1.1291637420654297 4.919761657714844 139 122 141
0.15972156822681427 -1.1291637420654297 4.919761657714844 139 122 141
0.1606389582157135 -1.1600934267044067 4.92131233215332 81 59 71
0.16194038093090057 -1.319446086883545 4.935607433319092 84 64 83
0.16064545512199402 -0.8251445293426514 4.893184185028076 125 106 125
0.16640323400497437 -0.7383477091789246 4.868036270141602 82 63 83
0.1757858544588089 -0.7633280158042908 4.870501518249512 78 56 77
0.17800714075565338 -1.1408171653747559 4.909632682800293 59 43 55
0.17853210866451263 -1.0264111757278442 4.893290042877197 72 51 70
0.18071775138378143 -0.71285080909729 4.857497692108154 82 60 74
0.1832869052886963 -0.8479920029640198 4.868385314941406 80 56 63
0.1832869052886963 -0.8479920029640198 4.868385314941406 80 56 63
0.18629226088523865 -1.3282679319381714 4.914665222167969 84 60 78
0.18629226088523865 -1.3282679319381714 4.914665222167969 84 60 78
0.19069276750087738 -1.0308523178100586 4.88613748550415 88 67 79
0.19669903814792633 -1.14827561378479 4.891083717346191 56 38 53
0.20041778683662415 -0.62654048204422 4.831661224365234 80 57 65
0.20041778683662415 -0.62654048204422 4.831661224365234 80 57 65
0.2030179500579834 -0.37457019090652466 4.8066840171813965 82 59 70
0.2030179500579834 -0.37457019090652466 4.8066840171813965 82 59 70
0.20588566362857819 -1.0260032415390015 4.86644983291626 130 114 134
0.21507631242275238 -1.2047195434570312 4.874377250671387 83 62 87
0.20116077363491058 0.4048917293548584 4.5151848793029785 64 34 48
0.20116077363491058 0.4048917293548584 4.5151848793029785 64 34 48
0.21662476658821106 -0.7190398573875427 4.82152795791626 76 56 68
0.21152538061141968 0.4193855822086334 4.527667045593262 58 32 42
0.2272336184978485 -0.8446492552757263 4.831672191619873 81 60 73
0.22996750473976135 -1.1559479236602783 4.858673572540283 98 67 83
0.22734761238098145 -0.47947320342063904 4.781830310821533 76 57 79
0.22734761238098145 -0.47947320342063904 4.781830310821533 76 57 79
0.22734761238098145 -0.47947320342063904 4.781830310821533 76 57 79
0.2333558052778244 -0.8294642567634583 4.822022914886475 131 107 126
0.2308967560529709 -0.2614861726760864 4.761877059936523 138 113 129
0.23414167761802673 -0.7277922034263611 4.810819625854492 83 63 74
0.23749218881130219 -1.2176934480667114 4.853611946105957 96 71 92
0.24325093626976013 -0.8432650566101074 4.809711456298828 86 64 73
0.2436150759458542 -0.49630415439605713 4.778694152832031 60 44 57
0.24808478355407715 -0.38135114312171936 4.768481254577637 77 57 72
0.2582014501094818 -1.2467477321624756 4.836041450500488 94 73 100
0.25748878717422485 -0.7344850897789001 4.791362762451172 80 58 71
0.2566703259944916 -0.27184832096099854 4.748596668243408 72 46 57
0.2592490017414093 0.4478917717933655 4.562871932983398 67 36 49
0.2592490017414093 0.4478917717933655 4.562871932983398 67 36 49
0.27169737219810486 -0.504559338092804 4.760438919067383 71 56 75
0.28165125846862793 -1.1674968004226685 4.816169261932373 80 57 72
0.2845531404018402 -1.2864630222320557 4.8253865242004395 88 64 77
0.28330740332603455 -0.2703718841075897 4.716992378234863 137 117 136
0.3005703389644623 -1.1724092960357666 4.798594951629639 83 57 76
0.3028506338596344 -1.1516786813735962 4.796761512756348 73 53 67
0.3063730299472809 -0.1639893651008606 4.692515850067139 82 55 72
0.3063730299472809 -0.1639893651008606 4.692515850067139 82 55 72
0.3137916028499603 -1.172884225845337 4.7857537269592285 82 55 72
0.3020792305469513 0.5832356214523315 4.599878311157227 78 42 44
0.3136506676673889 0.3854512870311737 4.618091106414795 58 34 49
0.3136506676673889 0.3854512870311737 4.618091106414795 58 34 49
0.3208060562610626 -0.153331458568573 4.6754865646362305 116 107 128
0.324905127286911 -0.5148810744285583 4.709077835083008 114 103 121
0.3224898874759674 0.10994572192430496 4.6562089920043945 72 50 59
0.3329680562019348 -0.5211293697357178 4.7074761390686035 61 48 66
0.32440975308418274 0.8169533610343933 4.543361663818359 127 114 132
0.3414584696292877 -1.1811981201171875 4.766448497772217 73 47 60
0.33144280314445496 0.359626442193985 4.6067891120910645 122 109 128
0.32874616980552673 0.7982853055000305 4.561943531036377 51 44 64
0.35353904962539673 -0.9321529269218445 4.731858730316162 82 59 71
0.35353904962539673 -0.9321529269218445 4.731858730316162 82 59 71
0.34470510482788086 0.2844559848308563 4.608163833618164 70 47 59
0.348681777715683 -0.16287682950496674 4.660839080810547 49 38 46
0.348681777715683 -0.16287682950496674 4.660839080810547 49 38 46
0.3525563180446625 -0.14888273179531097 4.652717590332031 134 113 132
0.3550201952457428 -0.5284973382949829 4.679577827453613 59 44 55
0.3605310022830963 -1.1881942749023438 4.745158672332764 76 59 81
0.34053835272789 0.8617820143699646 4.481631755828857 52 52 64
0.356989324092865 -0.28542736172676086 4.655609130859375 78 51 64
0.35738280415534973 -0.17611999809741974 4.643723964691162 128 97 113
0.3658488690853119 -1.2323338985443115 4.7441864013671875 85 61 86
0.36290043592453003 -0.8755069971084595 4.706286907196045 74 52 62
0.358561635017395 -0.0050225467421114445 4.624148845672607 130 111 132
0.3610047698020935 -0.27515947818756104 4.6516032218933105 129 112 131
0.3595196008682251 -0.025524569675326347 4.628834247589111 75 59 69
0.36000964045524597 0.7553105354309082 4.544882297515869 105 94 120
0.3780883252620697 -1.1975057125091553 4.731558799743652 71 52 65
0.3728870153427124 -0.5139462351799011 4.663778305053711 126 108 130
0.3770260214805603 -1.0553141832351685 4.708322525024414 119 110 127
0.3723328411579132 -0.1505039483308792 4.626957893371582 137 120 138
0.3798435926437378 -1.045871615409851 4.712564468383789 75 57 73
0.37759074568748474 -0.7557656168937683 4.682734489440918 76 53 63
0.37759074568748474 -0.7557656168937683 4.682734489440918 76 53 63
0.380077600479126 -0.6608097553253174 4.694142818450928 49 35 43
0.3695931136608124 0.733760416507721 4.550698280334473 49 33 43
0.37770140171051025 -0.28542831540107727 4.643706798553467 48 33 40
0.37770140171051025 -0.28542831540107727 4.643706798553467 48 33 40
0.3818693459033966 -0.6826189756393433 4.683338642120361 56 42 46
0.3732355237007141 0.34962475299835205 4.575111389160156 118 110 127
0.38236773014068604 -0.6487842202186584 4.676723480224609 119 100 113
0.37353524565696716 0.40250396728515625 4.5674357414245605 126 98 107
0.3875982165336609 -1.257940649986267 4.725912094116211 74 52 78
0.38649338483810425 -0.9446797370910645 4.698976516723633 70 53 71
0.3857026696205139 -0.6689873933792114 4.68062162399292 75 65 73
0.38571760058403015 -0.1735762506723404 4.627292633056641 62 46 56
0.3873829245567322 -0.27767378091812134 4.633116722106934 114 98 118
0.39379557967185974 -0.6956181526184082 4.670670032501221 126 101 120
0.387105256319046 -0.004843308124691248 4.590630531311035 126 108 131
0.3933899998664856 -0.679935097694397 4.66008186340332 109 89 104
0.39554867148399353 -0.8819018006324768 4.674546718597412 70 54 66
0.39554867148399353 -0.8819018006324768 4.674546718597412 70 54 66
0.39166948199272156 -0.1798413097858429 4.612766742706299 60 39 48
0.3896654546260834 0.19061294198036194 4.5879716873168945 65 47 62
0.3863387405872345 0.6234720945358276 4.531224250793457 107 103 125
0.3993373215198517 -0.6736122965812683 4.667091369628906 52 38 50
0.3944486677646637 0.34083983302116394 4.557721138000488 67 51 71
0.39336904883384705 0.45709478855133057 4.544191360473633 102 93 110
0.3947218656539917 0.5176571607589722 4.542838096618652 59 45 64
0.40432482957839966 -0.5204463601112366 4.644674777984619 72 52 72
0.4126069247722626 -1.2566750049591064 4.704470157623291 161 147 175
0.4126069247722626 -1.2566750049591064 4.704470157623291 161 147 175
0.41188064217567444 -1.0638848543167114 4.683304309844971 70 49 58
0.3974953293800354 0.7294195294380188 4.516342639923096 43 31 41
0.4083845019340515 -0.4123069643974304 4.639239311218262 101 99 114
0.4097544252872467 -0.6678072810173035 4.651392936706543 107 92 110
0.4097544252872467 -0.6678072810173035 4.651392936706543 107 92 110
0.4080672562122345 -0.4245109260082245 4.631139755249023 49 43 52
0.4145600199699402 -1.1991093158721924 4.69834041595459 77 59 72
0.4110105633735657 -0.7624178528785706 4.654448986053467 76 55 67
0.4122387766838074 -0.870953381061554 4.666390895843506 119 107 131
0.4049794375896454 -0.025697732344269753 4.5832295417785645 55 38 45
0.4049794375896454 -0.025697732344269753 4.5832295417785645 55 38 45
0.4049794375896454 -0.025697732344269753 4.5832295417785645 55 38 45
0.40196168422698975 0.644941508769989 4.5237956047058105 121 110 135
0.40508219599723816 0.42779552936553955 4.5432844161987305 61 48 64
0.4141048789024353 -0.5153321623802185 4.622866630554199 138 119 136
0.4056091010570526 0.6589540839195251 4.515703201293945 118 110 132
0.4111241400241852 0.07455268502235413 4.572117328643799 67 51 68
0.4111241400241852 0.07455268502235413 4.572117328643799 67 51 68
0.42081716656684875 -1.0671268701553345 4.674849033355713 79 57 74
0.4174683690071106 -0.689710259437561 4.631780624389648 130 102 120
0.408642441034317 0.5141745805740356 4.528696537017822 119 116 137
0.408642441034317 0.5141745805740356 4.528696537017822 119 116 137
0.4084009826183319 0.6450433731079102 4.520462989807129 73 58 85
0.4254858195781708 -1.1983753442764282 4.689899921417236 66 48 67
0.4205082952976227 -0.17292600870132446 4.5884528160095215 62 40 51
0.42456871271133423 -0.7686352133750916 4.623179912567139 82 63 73
0.4174068868160248 0.4253733158111572 4.529893398284912 58 44 59
0.43066197633743286 -0.6841645240783691 4.6349053382873535 52 32 45
0.4178822934627533 0.7739744186401367 4.490694046020508 108 101 132
0.4328896403312683 -0.8099763989448547 4.647033214569092 64 46 60
0.4248906970024109 0.19607947766780853 4.549439430236816 116 105 128
0.42657536268234253 -0.030107110738754272 4.5649213790893555 61 39 52
0.42576536536216736 0.1830013394355774 4.553967475891113 73 55 68
0.437258243560791 -1.0717631578445435 4.663684844970703 79 56 76
0.43702059984207153 -0.8938928842544556 4.645902156829834 61 48 58
0.4249695837497711 0.45853519439697266 4.5121331214904785 134 115 133
0.4313094913959503 -0.020664267241954803 4.560318946838379 122 104 123
0.4383412301540375 -0.7694687247276306 4.633530616760254 70 50 62
0.4274830222129822 0.6227012872695923 4.510192394256592 120 116 139
0.4376336336135864 -0.5366237759590149 4.613975524902344 68 55 69
0.4448223114013672 -1.1801596879959106 4.671987056732178 74 63 91
0.44666311144828796 -1.0994294881820679 4.658777713775635 72 58 75
0.43530604243278503 0.1840362846851349 4.539756774902344 67 47 62
0.4429413974285126 -0.571956992149353 4.607941150665283 73 51 68
0.4386241137981415 -0.15208487212657928 4.559015274047852 134 114 133
0.4360288381576538 0.2988285422325134 4.519098281860352 127 118 137
0.4504071772098541 -1.2003542184829712 4.6648359298706055 66 51 71
0.44802379608154297 -0.8117168545722961 4.626132965087891 63 43 54
0.44857537746429443 -0.7909630537033081 4.6245503425598145 79 59 70
0.4419238865375519 -0.06124783679842949 4.550755500793457 126 104 125
0.449314147233963 -0.6736909747123718 4.612995624542236 76 60 77
0.45500579476356506 -1.2559958696365356 4.660630226135254 146 127 150
0.44812583923339844 -0.3010580539703369 4.583308696746826 66 46 53
0.4386652708053589 0.75592440366745 4.4798479080200195 90 84 100
0.4386652708053589 0.75592440366745 4.4798479080200195 90 84 100
0.4510251581668854 -0.5681509971618652 4.601130485534668 127 103 117
0.45077160000801086 -0.5353699326515198 4.59758186340332 68 55 77
0.4412551820278168 0.76868736743927 4.492032051086426 41 35 50
0.4548340141773224 -0.7721731066703796 4.616566181182861 79 59 71
0.4499521851539612 -0.11157310754060745 4.5500946044921875 125 103 121
0.4437165856361389 0.7463105320930481 4.481388568878174 48 31 42
0.4494733214378357 0.29163381457328796 4.516083717346191 115 100 118
0.4494733214378357 0.29163381457328796 4.516083717346191 115 100 118
0.45506802201271057 -0.17294298112392426 4.569772720336914 52 42 52
0.4561953842639923 -0.2847582697868347 4.568599224090576 121 104 131
0.45637527108192444 -0.10029158741235733 4.546167373657227 65 50 62
0.45785680413246155 -0.14070668816566467 4.551280975341797 70 52 70
0.4585390090942383 -0.07184244692325592 4.545368671417236 60 39 59
0.4536522924900055 0.4105112850666046 4.4952802658081055 59 45 63
0.4605409502983093 -0.12128559499979019 4.545743942260742 73 56 69
0.46773865818977356 -0.8120018839836121 4.612105369567871 64 49 59
0.46051332354545593 0.2325158566236496 4.505640029907227 83 60 67
0.4600454866886139 0.2594641149044037 4.4978346824646 71 50 63
0.4728246331214905 -0.9918389320373535 4.6111345291137695 80 56 75
0.47225794196128845 -0.7914807796478271 4.603524208068848 121 100 118
0.47484058141708374 -0.8162922263145447 4.604379653930664 56 43 59
0.4606763422489166 0.7739492058753967 4.456714630126953 63 48 60
0.4825516641139984 -1.2104079723358154 4.638229846954346 76 53 67
0.47969725728034973 -0.8118104338645935 4.598584175109863 101 87 102
0.485297828912735 -1.244058609008789 4.632138252258301 88 65 88
0.46849724650382996 0.6217530965805054 4.467209339141846 131 130 153
0.4855470359325409 -1.0900825262069702 4.626359462738037 73 56 68
0.4820932149887085 -0.5391270518302917 4.567959785461426 57 38 51
0.47464480996131897 0.3120693862438202 4.4878363609313965 122 103 120
0.4751816987991333 0.3950451910495758 4.486916542053223 62 45 54
0.4778349697589874 0.18242573738098145 4.495227336883545 73 59 75
0.48406708240509033 -0.33004632592201233 4.543921947479248 122 96 115
0.48058009147644043 0.289448618888855 4.501014232635498 50 38 46
0.48781952261924744 -0.4135878384113312 4.552381992340088 113 100 121
0.47789523005485535 0.6104552149772644 4.458474159240723 78 61 79
0.4929409623146057 -0.8185850381851196 4.588818073272705 41 29 40
0.4916648864746094 -0.5526527166366577 4.560910701751709 76 53 62
0.4927063584327698 -0.31892073154449463 4.543074607849121 54 38 49
0.4880002737045288 0.15144406259059906 4.4928297996521 62 48 61
0.48643478751182556 0.27006447315216064 4.477940559387207 117 100 120
0.4985710084438324 -0.7790213227272034 4.586670875549316 61 44 62
0.49849995970726013 -0.8512735366821289 4.581179618835449 126 112 137
0.4861408770084381 0.22376766800880432 4.464361190795898 89 67 74
0.5019499659538269 -0.9000483155250549 4.595790386199951 84 60 76
0.4831717312335968 0.7992061972618103 4.422433376312256 74 63 76
0.4962563216686249 -0.3660142719745636 4.5372748374938965 71 53 67
0.5001792907714844 -0.6949892640113831 4.571492671966553 72 56 66
0.4887518882751465 0.595341145992279 4.4536943435668945 121 117 137
0.4887518882751465 0.595341145992279 4.4536943435668945 121 117 137
0.48554596304893494 0.7287151217460632 4.424180030822754 114 93 114
0.5043898224830627 -1.0409847497940063 4.59586238861084 70 50 70
0.4939083755016327 0.09438937157392502 4.495265007019043 75 53 69
0.5034922957420349 -0.8085659146308899 4.582155227661133 113 90 111
0.5032651424407959 -0.4219488203525543 4.5430402755737305 59 39 41
0.5071476697921753 -0.8261388540267944 4.575080394744873 65 48 57
0.5071476697921753 -0.8261388540267944 4.575080394744873 65 48 57
0.5044959783554077 -0.5404998064041138 4.5497236251831055 71 58 78
0.5044959783554077 -0.5404998064041138 4.5497236251831055 71 58 78
0.4935975670814514 0.7482820153236389 4.435218334197998 46 32 44
0.5017001032829285 0.17618829011917114 4.484127521514893 85 64 82
0.5179939866065979 -1.2085320949554443 4.604078769683838 69 55 82
0.5050340294837952 0.28517234325408936 4.475059509277344 38 28 37
0.5050340294837952 0.28517234325408936 4.475059509277344 38 28 37
0.5214175581932068 -1.0998882055282593 4.589096546173096 70 56 72
0.5115967392921448 -0.11541473865509033 4.499070644378662 71 57 74
0.5045838356018066 0.5334344506263733 4.425971984863281 134 121 147
0.5167528390884399 0.1781589686870575 4.468606472015381 80 60 74
0.5181480646133423 0.08681260049343109 4.4802565574646 79 58 75
0.5320238471031189 -1.230681300163269 4.595888614654541 57 51 67
0.5281069278717041 -0.8736539483070374 4.55591344833374 75 52 72
0.5295417904853821 -0.9087404012680054 4.556824207305908 74 50 63
0.5360659956932068 -0.8291381001472473 4.5487542152404785 57 41 52
0.5360659956932068 -0.8291381001472473 4.5487542152404785 57 41 52
0.524006187915802 0.6289246678352356 4.407736778259277 126 116 143
0.5381446480751038 -0.5463829040527344 4.522033214569092 63 53 73
0.5408505797386169 -0.7722735404968262 4.539332866668701 130 115 138
0.5268830060958862 0.5081577897071838 4.4188761711120605 128 103 121
0.5306949019432068 0.28133994340896606 4.431647777557373 57 42 53
0.5416755676269531 -0.5584278106689453 4.513487339019775 59 43 49
0.5473192930221558 -0.8311371803283691 4.5427937507629395 55 40 50
0.5501566529273987 -0.779660701751709 4.51937198638916 57 45 58
0.5368437767028809 0.5185917019844055 4.407785892486572 65 51 65
0.54475998878479 0.08513643592596054 4.45405912399292 85 63 84
0.5403379201889038 0.30507948994636536 4.40848970413208 59 98 196
0.5403379201889038 0.30507948994636536 4.40848970413208 59 98 196
0.5378727316856384 0.7575066685676575 4.3847880363464355 128 106 128
0.5400944352149963 0.37765318155288696 4.402164936065674 62 102 194
0.5489249229431152 -0.18434418737888336 4.469514846801758 60 41 47
0.5569479465484619 -0.8047918081283569 4.525351047515869 56 44 61
0.5583006143569946 -0.9131247401237488 4.536253452301025 64 46 57
0.5583006143569946 -0.9131247401237488 4.536253452301025 64 46 57
0.5427334904670715 0.5291545391082764 4.3986287117004395 133 124 146
0.5563409328460693 -0.5487998127937317 4.495794296264648 68 54 64
0.5569775700569153 -0.5564317107200623 4.49855899810791 119 100 112
0.5617830753326416 -0.8557800650596619 4.524262428283691 79 56 72
0.5562636256217957 -0.29286065697669983 4.476832389831543 78 66 86
0.5626702904701233 -0.8866919875144958 4.52569055557251 84 62 85
0.5570423007011414 -0.3112209737300873 4.474747657775879 57 41 51
0.5438653230667114 0.7371038794517517 4.36309289932251 61 44 55
0.5551856756210327 -0.03609083965420723 4.451426029205322 125 108 126
0.5551856756210327 -0.03609083965420723 4.451426029205322 125 108 126
0.5617783069610596 -0.2990431487560272 4.475510597229004 125 113 131
0.5586951971054077 0.29734429717063904 4.407823085784912 118 96 112
0.5717028975486755 -0.6940617561340332 4.507678985595703 63 49 64
0.564893364906311 -0.0267738439142704 4.436995506286621 74 56 74
0.5794209837913513 -0.9668321013450623 4.52661657333374 121 97 117
0.569074809551239 -0.04430512338876724 4.439077377319336 83 56 70
0.569074809551239 -0.04430512338876724 4.439077377319336 83 56 70
0.5692529082298279 -0.03416828438639641 4.435476303100586 124 105 125
0.5739279389381409 -0.18646392226219177 4.45340633392334 63 49 60
0.5628986358642578 0.7537054419517517 4.358511924743652 114 102 123
0.5841971039772034 -0.9750320315361023 4.5209269523620605 53 34 46
0.5625910758972168 0.7419411540031433 4.353180408477783 57 41 54
0.5780175924301147 -0.2997574210166931 4.4585442543029785 129 112 130
0.5742002725601196 0.08194875717163086 4.4234538078308105 87 63 81
0.5899772644042969 -1.1638420820236206 4.53123664855957 77 56 76
0.5897620916366577 -0.9684274196624756 4.515098571777344 117 92 113
0.583558201789856 -0.18578752875328064 4.443238735198975 74 52 65
0.5970548987388611 -1.2184429168701172 4.531749248504639 120 105 130
0.5982891321182251 -1.1076898574829102 4.522831439971924 75 56 76
0.5958115458488464 -0.8262506723403931 4.492778778076172 64 52 67
0.5793944001197815 0.5724337100982666 4.3590474128723145 90 66 84
0.5786572098731995 0.7431651949882507 4.342313289642334 68 51 61
0.5789039134979248 0.7545074224472046 4.343967914581299 107 96 121
0.605395495891571 -1.224531888961792 4.52625036239624 72 58 77
0.605395495891571 -1.224531888961792 4.52625036239624 72 58 77
0.5834413170814514 0.6302395462989807 4.347919940948486 126 109 132
0.5945074558258057 -0.057417500764131546 4.418284893035889 130 106 120
0.5830188393592834 0.7959803342819214 4.332695484161377 93 69 83
0.6055342555046082 -0.8389447331428528 4.4843668937683105 111 106 124
0.6037371754646301 -0.6846815943717957 4.466012954711914 131 109 124
0.6072627305984497 -0.8948941826820374 4.490311145782471 105 96 117
0.6097158193588257 -0.83260577917099 4.481999397277832 52 40 58
0.6117783188819885 -0.9691985249519348 4.4943528175354 123 103 125
0.5962494611740112 0.41227686405181885 4.37113094329834 121 105 125
0.615547239780426 -1.1301531791687012 4.507247447967529 114 97 118
0.5815311670303345 0.8543228507041931 4.2540998458862305 70 58 78
0.6182791590690613 -1.1178536415100098 4.50997257232666 49 38 54
0.5997415781021118 0.2581154704093933 4.373228073120117 132 110 123
0.6063811182975769 -0.0505918487906456 4.404912948608398 62 42 48
0.6044933199882507 0.14904943108558655 4.383771896362305 75 57 76
0.6081935167312622 0.08835746347904205 4.393948554992676 106 96 113
0.6176860332489014 -0.7011929154396057 4.459072113037109 47 38 50
0.5903522372245789 0.8550764918327332 4.247794151306152 115 102 112
0.6107134819030762 0.09548817574977875 4.390671730041504 67 50 67
0.6048572659492493 0.7489820718765259 4.329545021057129 76 61 81
0.6306193470954895 -0.9656857252120972 4.481597900390625 111 95 116
0.6261692643165588 -0.43435320258140564 4.430166244506836 56 35 50
0.6355426907539368 -1.1207987070083618 4.487009048461914 62 43 62
0.6351108551025391 -0.9816647171974182 4.479590892791748 32 24 34
0.6351108551025391 -0.9816647171974182 4.479590892791748 32 24 34
0.6223324537277222 0.10040032863616943 4.383102893829346 134 111 129
0.6245894432067871 0.29023846983909607 4.3489909172058105 113 96 112
0.6231155395507812 0.46754467487335205 4.329092025756836 55 41 58
0.6398685574531555 -0.7060219645500183 4.438849449157715 70 55 64
0.6091809868812561 0.862170398235321 4.225976943969727 74 62 77
0.62564617395401 0.2759512662887573 4.337761878967285 59 44 52
0.6260711550712585 0.4374077618122101 4.33467960357666 64 44 61
0.6223620176315308 0.7576777935028076 4.304708480834961 96 92 118
0.6241839528083801 0.744318962097168 4.298588752746582 54 34 48
0.6463816165924072 -0.6897853016853333 4.431179046630859 128 102 115
0.6578787565231323 -1.1258001327514648 4.46757173538208 48 32 43
0.6571248173713684 -0.9901922941207886 4.453094482421875 57 44 59
0.6478691101074219 -0.20209616422653198 4.3861494064331055 69 47 59
0.645938515663147 0.11425895243883133 4.348931312561035 137 116 132
0.6563642024993896 -0.5695645809173584 4.415456771850586 61 41 52
0.662141740322113 -1.002225637435913 4.45032262802124 122 98 115
0.6619728207588196 -1.016065239906311 4.448241710662842 86 61 78
0.6680911779403687 -0.9901278018951416 4.443395137786865 53 40 57
0.6561316847801208 0.16603775322437286 4.3311262130737305 78 58 72
0.6702796220779419 -0.5922687649726868 4.4101057052612305 81 58 69
0.6675219535827637 -0.04831286892294884 4.353516578674316 62 46 56
0.6615779995918274 0.402430921792984 4.311471462249756 63 44 51
0.6741089820861816 -0.5807821154594421 4.391034126281738 111 96 120
0.675696849822998 -0.5707337856292725 4.395199298858643 62 43 59
0.6567714810371399 0.7715111374855042 4.270975112915039 131 110 130
0.6730433106422424 -0.20379161834716797 4.356678485870361 64 40 48
0.6822577118873596 -0.7012698650360107 4.40241003036499 120 102 125
0.6708704233169556 0.2855226993560791 4.311120510101318 122 110 127
0.6831202507019043 -0.4393799304962158 4.374844074249268 61 42 52
0.6831202507019043 -0.4393799304962158 4.374844074249268 61 42 52
0.6725145578384399 0.5064176321029663 4.278986930847168 61 42 52
0.6787564754486084 0.2705817222595215 4.303511619567871 116 99 109
0.6999987363815308 -0.9969409108161926 4.422348976135254 42 33 48
0.6938298940658569 -0.6107295751571655 4.3805623054504395 85 59 74
0.6938298940658569 -0.6107295751571655 4.3805623054504395 85 59 74
0.6831897497177124 0.2590245008468628 4.30392599105835 79 56 62
0.6930091977119446 -0.4261011779308319 4.363423824310303 117 94 114
0.6799307465553284 0.5176013708114624 4.278625965118408 120 107 127
0.6863666772842407 0.2791295349597931 4.302791118621826 62 45 58
0.6863666772842407 0.2791295349597931 4.302791118621826 62 45 58
0.6995378732681274 -0.5724781155586243 4.369723320007324 65 46 62
0.6859500408172607 0.5072845816612244 4.270047187805176 63 49 60
0.7087858319282532 -0.9979771375656128 4.410975456237793 39 32 45
0.7087858319282532 -0.9979771375656128 4.410975456237793 39 32 45
0.7007045149803162 -0.44178327918052673 4.359572887420654 49 32 38
0.6968978047370911 0.07345177978277206 4.314845561981201 61 43 54
0.6868211030960083 0.7673746347427368 4.235909461975098 123 96 111
0.7207432985305786 -1.1378040313720703 4.416566848754883 66 45 66
0.7209007143974304 -1.1400748491287231 4.416428565979004 72 53 68
0.714572012424469 -0.4341402053833008 4.346425533294678 116 98 115
0.7030246257781982 0.5079495906829834 4.270416259765625 66 53 66
0.7124943733215332 -0.2036224752664566 4.324700832366943 58 41 47
0.7075737714767456 0.0800333023071289 4.291688442230225 131 111 129
0.707471489906311 0.09126528352499008 4.287265300750732 91 67 81
0.7071024179458618 0.2753990590572357 4.278395652770996 63 44 56
0.7272709012031555 -1.0024887323379517 4.39585542678833 44 28 46
0.7272709012031555 -1.0024887323379517 4.39585542678833 44 28 46
0.7214194536209106 -0.6034387350082397 4.3574934005737305 86 62 75
0.7084879875183105 0.286155641078949 4.278416633605957 118 102 121
0.7050688862800598 0.5024511218070984 4.244055271148682 56 43 53
0.7303858995437622 -0.9955688714981079 4.388080596923828 119 103 124
0.7150236368179321 0.0813835859298706 4.285710334777832 134 111 127
0.7098941802978516 0.5169464945793152 4.25183629989624 122 109 126
0.7116357684135437 0.6032150983810425 4.245922565460205 63 46 58
0.7116357684135437 0.6032150983810425 4.245922565460205 63 46 58
0.7101929783821106 0.7663701176643372 4.234145641326904 122 102 117
0.7313722968101501 -0.6094277501106262 4.348464012145996 74 52 69
0.7313722968101501 -0.6094277501106262 4.348464012145996 74 52 69
0.7425373792648315 -0.9927088022232056 4.378503322601318 115 101 128
0.744295597076416 -1.0057661533355713 4.384125232696533 46 34 49
0.744295597076416 -1.0057661533355713 4.384125232696533 46 34 49
0.7325249314308167 -0.20359773933887482 4.306709289550781 41 30 37
0.734999418258667 -0.4354384243488312 4.320634365081787 121 99 118
0.7488502860069275 -1.1476105451583862 4.39238977432251 53 38 49
0.7229427695274353 0.599821925163269 4.227017402648926 71 55 64
0.7310799956321716 0.4069637060165405 4.249216556549072 77 52 65
0.7240433096885681 0.7709275484085083 4.2048492431640625 74 55 66
0.7386902570724487 -0.07939152419567108 4.282884120941162 132 113 129
0.7386902570724487 -0.07939152419567108 4.282884120941162 132 113 129
0.7511969804763794 -0.7974704504013062 4.342591285705566 92 68 84
0.7479867935180664 -0.44829893112182617 4.313812732696533 58 42 52
0.7594821453094482 -1.0020973682403564 4.368849277496338 54 51 61
0.7468410730361938 -0.18343579769134521 4.294276237487793 120 105 124
0.7586820721626282 -0.9682577252388 4.3621602058410645 67 53 76
0.7499729990959167 -0.3475436568260193 4.306270599365234 63 45 59
0.7557284832000732 -0.7251912355422974 4.333644866943359 78 68 81
0.7483667731285095 -0.07755087316036224 4.275120735168457 68 50 64
0.7420393228530884 0.28091704845428467 4.238641738891602 110 94 112
0.7510839104652405 -0.19938065111637115 4.287420272827148 103 85 100
0.7586423754692078 -0.6163884401321411 4.322510242462158 93 65 88
0.7586423754692078 -0.6163884401321411 4.322510242462158 93 65 88
0.743114173412323 0.4043760299682617 4.232839107513428 85 60 78
0.7543346881866455 -0.19097371399402618 4.294929504394531 61 43 55
0.7507814764976501 -0.20390672981739044 4.2713165283203125 74 58 70
0.7680398225784302 -0.9977338314056396 4.357802867889404 42 31 48
0.7631314396858215 -0.7306536436080933 4.327625274658203 59 48 65
0.740209698677063 0.7729568481445312 4.193603515625 123 101 114
0.7558229565620422 -0.08753366768360138 4.270519256591797 115 102 123
0.7535718679428101 0.250567227602005 4.2283430099487305 138 114 127
0.7676436901092529 -0.2093641310930252 4.277870178222656 34 23 32
0.7837060689926147 -1.1635210514068604 4.363940715789795 65 51 76
0.7576728463172913 0.48601192235946655 4.206270217895508 127 106 123
0.7738518714904785 -0.34042349457740784 4.283015251159668 68 43 57
0.7561414837837219 0.7527590990066528 4.183906555175781 38 30 40
0.7693860530853271 0.0695711076259613 4.245911121368408 45 36 45
0.7693860530853271 0.0695711076259613 4.245911121368408 45 36 45
0.7686874270439148 0.11314395070075989 4.238533020019531 82 61 82
0.7686874270439148 0.11314395070075989 4.238533020019531 82 61 82
0.792391836643219 -1.1524792909622192 4.353532314300537 74 64 89
0.7649017572402954 0.5904550552368164 4.186707019805908 121 97 110
0.7917930483818054 -0.8744382262229919 4.319279193878174 112 90 113
0.78095942735672 -0.05973070114850998 4.25203800201416 120 102 121
0.7812104225158691 0.07454980909824371 4.233785152435303 126 111 129
0.7894413471221924 -0.06653842329978943 4.24232292175293 63 47 58
0.7743903398513794 0.7867967486381531 4.155701160430908 81 64 77
0.7904342412948608 -0.05693879723548889 4.238117694854736 117 102 123
0.8089441657066345 -1.1544350385665894 4.335876941680908 66 54 77
0.8089441657066345 -1.1544350385665894 4.335876941680908 66 54 77
0.7780453562736511 0.7738956809043884 4.1563262939453125 129 116 142
0.785506010055542 0.3942238390445709 4.186322212219238 129 104 113
0.7891753315925598 0.24221351742744446 4.19885778427124 141 112 126
0.7926411032676697 0.12412972748279572 4.211125373840332 94 70 83
0.7869468331336975 0.4963623285293579 4.176928997039795 69 51 64
0.7943131327629089 0.2671167254447937 4.196451663970947 83 59 71
0.8261094689369202 -1.157230019569397 4.32295560836792 71 56 75
0.8261094689369202 -1.157230019569397 4.32295560836792 71 56 75
0.7939950823783875 0.7524124383926392 4.144490718841553 94 91 108
0.7943744659423828 0.7526535391807556 4.145331859588623 94 91 108
0.8005864024162292 0.3969162106513977 4.177641868591309 70 49 64
0.7841140627861023 0.8616077303886414 4.056458950042725 107 96 107
0.8025786280632019 0.7645218968391418 4.135446071624756 128 111 129
0.7868338227272034 0.9451398253440857 4.048365592956543 93 81 91
0.8115309476852417 0.39896509051322937 4.1728034019470215 71 53 71
0.7889750599861145 0.880013108253479 4.048036098480225 109 101 118
0.8242948055267334 -0.2265985608100891 4.218166351318359 72 53 72
0.794070839881897 0.8666796088218689 4.045934677124023 11 16 25
0.8275088667869568 -0.19875772297382355 4.211610317230225 121 104 121
0.8156877160072327 0.49683690071105957 4.145601749420166 66 51 59
0.8468813300132751 -1.1620123386383057 4.301856994628906 68 50 70
0.8184854388237 0.5940031409263611 4.1362152099609375 72 62 77
0.8008396625518799 0.8532538414001465 4.044851303100586 98 91 101
0.8178351521492004 0.7424985766410828 4.122829914093018 52 34 44
0.8314241170883179 0.14520089328289032 4.1761860847473145 136 115 127
0.8069214224815369 0.9299711585044861 4.031140327453613 143 163 230
0.8124239444732666 0.8590295910835266 4.030905246734619 84 76 98
0.8322489261627197 0.7488365173339844 4.109930515289307 110 106 137
0.818631649017334 0.910480260848999 4.019569396972656 149 166 239
0.818631649017334 0.910480260848999 4.019569396972656 149 166 239
0.8372517824172974 0.7169628739356995 4.104876518249512 122 100 120
0.874876856803894 -0.8982644081115723 4.245344161987305 85 61 83
0.8749606013298035 -0.9059880375862122 4.242528915405273 141 119 137
0.8460880517959595 0.728375256061554 4.09613037109375 70 49 61
0.8506684899330139 0.7185632586479187 4.092742919921875 128 107 125
0.8533950448036194 0.7447180151939392 4.095244407653809 60 45 56
0.8690813183784485 0.503829836845398 4.095379829406738 131 106 119
0.8447849154472351 0.9580408930778503 3.972836494445801 96 107 124
0.8864677548408508 -0.26727181673049927 4.164830684661865 80 57 70
0.8703548908233643 0.5958226919174194 4.0849833488464355 131 103 115
0.8692169189453125 0.7399969100952148 4.064300060272217 61 44 54
0.8980479836463928 -0.22684705257415771 4.152030944824219 70 51 71
0.8731464743614197 0.797316312789917 4.035989761352539 125 117 132
0.8624134659767151 0.9357616901397705 3.979055643081665 13 19 30
0.9100736975669861 -0.6034777164459229 4.188377857208252 66 45 59
0.9123955965042114 -0.35621097683906555 4.16221809387207 56 39 55
0.8746190667152405 0.8975973725318909 3.9640228748321533 151 170 239
0.8746190667152405 0.8975973725318909 3.9640228748321533 151 170 239
0.8746190667152405 0.8975973725318909 3.9640228748321533 151 170 239
0.9330357313156128 -0.7787508964538574 4.218414306640625 78 57 64
0.9043713212013245 0.5022293925285339 4.064249038696289 121 98 112
0.9333126544952393 -0.5126720666885376 4.179393768310547 132 109 128
0.8849119544029236 0.9294606447219849 3.9533441066741943 143 166 234
0.8849119544029236 0.9294606447219849 3.9533441066741943 143 166 234
0.885723888874054 0.9304150938987732 3.9549686908721924 143 166 234
0.885723888874054 0.9304150938987732 3.9549686908721924 143 166 234
0.8891346454620361 0.8381298780441284 3.96264910697937 131 118 131
0.9082598090171814 0.8150478005409241 3.984687328338623 127 117 133
0.9764586687088013 -0.759122371673584 4.26899528503418 54 36 40
0.901057243347168 0.9428969025611877 3.937352180480957 10 11 19
0.9490035772323608 -0.1685587614774704 4.144282817840576 80 58 74
0.9497371315956116 0.2024238258600235 4.098384857177734 131 108 123
0.9497371315956116 0.2024238258600235 4.098384857177734 131 108 123
0.910649299621582 0.9503107666969299 3.9256207942962646 82 80 84
0.954407811164856 0.193315789103508 4.100822448730469 89 72 95
0.954407811164856 0.193315789103508 4.100822448730469 89 72 95
0.9641908407211304 0.23881416022777557 4.117152690887451 48 33 34
0.9631685018539429 0.5893055200576782 4.085480213165283 72 53 60
0.9768849611282349 0.2228584736585617 4.126114845275879 113 94 110
0.9412221908569336 0.8544720411300659 3.9213476181030273 57 56 72
0.947308361530304 0.8316314816474915 3.9222207069396973 133 124 143
1.0157068967819214 0.39555779099464417 4.161910057067871 112 89 104
1.0650646686553955 -0.617236316204071 4.317726135253906 23 17 21
1.0650646686553955 -0.617236316204071 4.317726135253906 23 17 21
1.0203006267547607 0.7603309750556946 4.115367889404297 105 101 132
0.9824974536895752 0.8444868922233582 3.94484806060791 69 66 81
1.0943968296051025 -0.6604747176170349 4.336417198181152 83 80 101
1.0800496339797974 0.19499878585338593 4.2422356605529785 116 99 117
1.0640830993652344 0.824623703956604 4.0546674728393555 145 136 153
1.0906838178634644 0.7765423655509949 4.148819923400879 23 16 18
1.1187363862991333 0.7780097723007202 4.1020379066467285 14 14 21
1.1187363862991333 0.7780097723007202 4.1020379066467285 14 14 21
1.1899566650390625 -0.8042389750480652 4.346016883850098 104 111 137
1.165879249572754 0.7462013959884644 4.200861930847168 34 27 40
1.120142936706543 0.9050725102424622 4.018152236938477 51 49 56
1.2364932298660278 -0.9449959397315979 4.373658180236816 39 37 48
1.1491438150405884 0.8370309472084045 4.056702613830566 143 132 148
1.1462421417236328 0.9000085592269897 4.033074855804443 91 87 101
1.2506128549575806 -0.9583360552787781 4.376417636871338 145 164 202
1.2213274240493774 0.6396676301956177 4.1432108879089355 118 138 174
1.2283694744110107 0.7777342796325684 4.152099132537842 76 95 128
1.294463038444519 -0.16239584982395172 4.286375045776367 148 164 203
1.3029030561447144 0.7439348697662354 4.219494342803955 146 165 207
1.9013546705245972 -1.22198486328125 4.883033275604248 147 163 207
1.974922776222229 -1.2172003984451294 4.850565433502197 34 45 66
-1.998034954071045 -1.1482882499694824 6.625683307647705 110 112 165
-1.8724788427352905 0.9386674761772156 6.2149834632873535 19 48 24
-1.8655153512954712 0.9475399851799011 6.197479724884033 133 140 142
-1.6026407480239868 0.3118757903575897 6.314067840576172 32 49 80
-1.5787343978881836 -0.6901459097862244 6.416132926940918 39 49 73
-1.5787343978881836 -0.6901459097862244 6.416132926940918 39 49 73
-1.408644437789917 0.30007317662239075 6.20115852355957 89 101 137
-1.404582142829895 0.533714234828949 6.174418926239014 103 90 114
-1.3953551054000854 -0.028382183983922005 6.232762336730957 105 90 124
-1.3858468532562256 -0.7458467483520508 6.293682098388672 120 97 122
-1.380690097808838 -1.191322922706604 6.345311164855957 126 100 122
-1.3699616193771362 -1.1448208093643188 6.322152137756348 120 95 116
-1.3431835174560547 -0.9681701064109802 6.269628047943115 111 92 120
-1.3033263683319092 0.02332390658557415 6.142173767089844 61 49 69
-1.2856569290161133 0.15331995487213135 6.1075286865234375 81 65 83
-1.27015221118927 -0.5620666146278381 6.166317939758301 75 56 71
-1.27015221118927 -0.5620666146278381 6.166317939758301 75 56 71
-1.2241119146347046 -0.46925362944602966 6.122116565704346 63 47 59
-1.2229630947113037 -0.582259476184845 6.1321516036987305 143 125 141
-1.1966323852539062 -0.2844851613044739 6.0640363693237305 58 48 75
-1.2759298086166382 0.9709682464599609 4.725594520568848 115 126 145
-1.2236640453338623 0.8847103118896484 4.69268798828125 68 38 49
-1.2143725156784058 0.7500899434089661 4.748838901519775 77 41 57
-1.1205594539642334 0.5280894637107849 5.578289985656738 52 44 44
-1.2060489654541016 0.7077102065086365 4.744359970092773 74 39 53
-1.002143383026123 -1.3844023942947388 6.002078056335449 83 71 83
-1.0155138969421387 0.47123920917510986 5.469383239746094 64 48 54
-1.1390031576156616 0.9618522524833679 4.513639450073242 66 72 95
-0.9656076431274414 -1.2385146617889404 5.964524269104004 71 52 68
-1.1340062618255615 0.9690515995025635 4.493669033050537 192 214 255
-1.1233125925064087 0.9725213050842285 4.499902248382568 43 43 93
-1.0957974195480347 0.7890012264251709 4.622378349304199 85 53 73
-0.9312888979911804 -1.318769097328186 5.945429801940918 82 61 74
-0.9709864854812622 0.45802661776542664 5.45234489440918 73 55 61
-0.6276884078979492 1.406645655632019 7.373299598693848 112 72 93
-0.45493078231811523 0.816922664642334 8.412947654724121 86 45 60
-0.7872210741043091 -1.350489854812622 5.808984279632568 81 58 73
-0.72771155834198 0.5650629997253418 5.15151309967041 73 47 58
-0.6577546000480652 0.036174219101667404 5.334461688995361 58 26 33
-0.8618233799934387 0.8487488031387329 4.342621803283691 109 69 90
-0.5885988473892212 -1.256550669670105 5.616199970245361 125 121 139
-0.6346458792686462 0.288602352142334 5.292570114135742 66 24 32
-0.6445720195770264 -0.5834781527519226 5.26763391494751 115 72 88
-0.622812807559967 0.2879229784011841 5.280116081237793 130 78 91
-0.614529013633728 -0.013437188230454922 5.306285858154297 77 36 50
-0.614529013633728 -0.013437188230454922 5.306285858154297 77 36 50
-0.8286113142967224 0.875696063041687 4.3125810623168945 89 52 61
-0.3827483654022217 0.0037150646094232798 6.277688503265381 61 22 31
-0.3780798316001892 -0.06087340787053108 6.2876176834106445 60 29 39
-0.35353684425354004 0.1324937790632248 6.247303009033203 67 32 38
-0.35353684425354004 0.1324937790632248 6.247303009033203 67 32 38
-0.6138312220573425 0.570227324962616 5.042543888092041 69 51 58
-0.599983274936676 0.48691412806510925 5.098980903625488 82 43 60
-0.513252854347229 -1.2680026292800903 5.559226036071777 68 45 58
-0.7558822631835938 0.7353402972221375 4.361166000366211 86 56 74
-0.7671457529067993 0.8746956586837769 4.307159423828125 100 54 64
-0.5743065476417542 0.17929591238498688 5.094482898712158 136 134 132
-0.5262361168861389 -0.10709645599126816 5.269946098327637 137 114 99
-0.7382015585899353 0.7457414865493774 4.3496623039245605 91 54 74
-0.7461345195770264 0.8737917542457581 4.306008815765381 97 55 67
-0.5475168228149414 0.20243576169013977 5.077260494232178 62 41 32
-0.547455906867981 0.1815870851278305 5.069376468658447 184 178 165
-0.5304303169250488 -0.8833067417144775 5.192050457000732 79 42 47
-0.5150381326675415 -0.016078760847449303 5.148576259613037 191 178 161
-0.5138241648674011 -0.8803712725639343 5.189809322357178 134 82 95
-0.7065114378929138 0.776011049747467 4.348779201507568 93 54 72
-0.7059005498886108 0.727676272392273 4.3534159660339355 102 54 73
-0.7040895223617554 0.702949583530426 4.355653762817383 112 59 77
-0.7040895223617554 0.702949583530426 4.355653762817383 112 59 77
-0.5211593508720398 0.16923804581165314 5.065112113952637 170 160 144
-0.4899815022945404 -0.0705629214644432 5.172806739807129 85 51 29
-0.6926596760749817 0.6364073753356934 4.36387300491333 96 53 73
-0.6935739517211914 0.7944470047950745 4.345025539398193 86 51 71
-0.6907440423965454 0.7429923415184021 4.349737644195557 113 58 79
-0.6891917586326599 0.6890201568603516 4.356687545776367 113 60 81
-0.4747249186038971 -0.1904284805059433 5.17481803894043 140 118 95
-0.46826171875 -0.1498495489358902 5.174254417419434 160 143 120
-0.47042205929756165 0.1416919082403183 5.138106822967529 159 150 142
-0.49557414650917053 0.43117234110832214 5.001208782196045 141 96 116
-0.6627923846244812 0.6357665061950684 4.362403392791748 92 53 71
-0.4204287528991699 -0.7474221587181091 5.315402507781982 77 41 52
-0.4541608393192291 -1.084479808807373 5.19500207901001 71 25 31
-0.6603061556816101 0.7935283780097961 4.344111442565918 84 48 65
-0.46094372868537903 -0.8859754204750061 5.12687873840332 136 82 91
-0.46094372868537903 -0.8859754204750061 5.12687873840332 136 82 91
-0.6500738263130188 0.7267862558364868 4.350664138793945 112 59 79
-0.3720838725566864 -1.2687468528747559 5.371452331542969 69 95 107
-0.42399972677230835 -0.7066139578819275 5.103561878204346 131 78 95
-0.6154651641845703 0.742017388343811 4.346689224243164 81 40 58
-0.09747865051031113 0.6049002408981323 6.083105087280273 90 52 70
-0.6018467545509338 0.7307766675949097 4.350554466247559 86 48 67
-0.4262550175189972 -0.8925034403800964 5.015411376953125 50 24 33
-0.3831227123737335 -0.47486722469329834 4.998111724853516 143 87 102
-0.5692350268363953 0.8705751299858093 4.296255111694336 103 54 65
-0.5508391261100769 0.6929863691329956 4.3427653312683105 86 55 72
-0.23289556801319122 0.4784330725669861 5.372404098510742 139 92 113
-0.340934693813324 0.20777364075183868 5.021222114562988 132 76 84
-0.2694846987724304 -1.2354164123535156 5.314738750457764 66 46 58
-0.33140501379966736 0.20287440717220306 5.013620853424072 64 26 35
-0.5337986350059509 0.5752635598182678 4.336395740509033 126 81 94
-0.3374674916267395 -0.6332886815071106 4.976333141326904 134 88 106
-0.3056262731552124 -0.005269811954349279 5.006040096282959 64 24 34
-0.3056262731552124 -0.005269811954349279 5.006040096282959 64 24 34
-0.4883726239204407 -0.0656374916434288 4.361772060394287 63 31 40
-0.28164464235305786 0.09998730570077896 4.972822666168213 71 30 39
-0.1881835013628006 -1.1827430725097656 5.242722034454346 69 49 71
-0.27273714542388916 -0.255174458026886 4.939235687255859 69 33 33
-0.273871511220932 -0.8593013286590576 4.933346271514893 99 57 66
-0.5796257257461548 0.7563009858131409 3.9249119758605957 109 82 100
-0.2664410471916199 0.4999850392341614 4.7773637771606445 76 49 61
-0.08439343422651291 0.5288982391357422 5.270471096038818 70 35 49
-0.18070323765277863 -0.2462395280599594 5.009049415588379 62 30 33
-0.17123733460903168 0.11059403419494629 4.965643405914307 68 23 33
-0.15173564851284027 -0.27478349208831787 4.972705364227295 55 26 32
-0.2046889215707779 0.4241761863231659 4.723060131072998 136 87 101
-0.07739299535751343 -1.0956579446792603 5.13217830657959 99 67 82
-0.55423903465271 0.48994511365890503 3.757955551147461 116 70 80
-0.55423903465271 0.48994511365890503 3.757955551147461 116 70 80
-0.1360987275838852 -0.8618388772010803 4.933079719543457 108 69 80
-0.21311315894126892 0.5178505182266235 4.645322322845459 145 98 118
-0.03163320571184158 -1.2002090215682983 5.107363700866699 84 61 77
-0.161061629652977 0.8436864018440247 4.5760040283203125 147 109 129
-0.056657832115888596 0.05994641035795212 4.85849142074585 75 33 44
-0.056657832115888596 0.05994641035795212 4.85849142074585 75 33 44
-0.15124589204788208 0.8496341109275818 4.569479942321777 66 47 52
-0.14812308549880981 0.8638208508491516 4.568050384521484 57 35 46
-0.13498541712760925 0.5922803282737732 4.585192680358887 35 18 16
-0.116335429251194 0.6921327114105225 4.593560218811035 54 28 33
-0.0898795872926712 0.7571138739585876 4.568778038024902 119 65 78
-0.07354304194450378 0.4652687907218933 4.595755100250244 73 39 52
-0.07857838273048401 0.7591913342475891 4.558552265167236 60 35 45
-0.08062354475259781 0.863285481929779 4.502208232879639 66 42 48
0.09271517395973206 -0.8617797493934631 4.952905654907227 62 47 65
0.09779408574104309 -0.9591724276542664 4.9513750076293945 94 65 83
-0.04410349950194359 0.8348557353019714 4.500583648681641 114 72 85
-0.18059615790843964 0.37742236256599426 4.168161869049072 138 90 110
0.1205347403883934 -0.3667846918106079 4.88087797164917 87 60 81
0.11993610858917236 -0.27570682764053345 4.787755489349365 129 97 108
0.11993610858917236 -0.27570682764053345 4.787755489349365 129 97 108
0.043389175087213516 0.5573902130126953 4.4219584465026855 42 31 28
0.2208525687456131 -0.2684742212295532 4.775730609893799 103 63 74
0.06388531625270844 0.8309956789016724 4.398271560668945 126 82 102
0.24315145611763 -0.8419504761695862 4.806472301483154 94 69 82
0.26875796914100647 -1.1588209867477417 4.806331634521484 91 64 80
0.28930798172950745 -0.8569176197052002 4.764490604400635 79 55 70
0.3003600239753723 -0.2735242247581482 4.714869976043701 138 121 144
0.29967573285102844 -0.387393057346344 4.715438365936279 69 47 55
0.29967573285102844 -0.387393057346344 4.715438365936279 69 47 55
0.3291638195514679 -0.02355927787721157 4.657373905181885 66 50 64
0.3425547480583191 0.42786672711372375 4.609618186950684 128 125 149
0.38120245933532715 -0.6808561086654663 4.675048351287842 59 46 56
0.3642271161079407 0.7257064580917358 4.560473442077637 60 43 56
0.3415461778640747 0.8612564206123352 4.4940056800842285 57 53 66
0.407562255859375 -0.4230761229991913 4.624988555908203 58 55 64
0.43033409118652344 -0.4157950282096863 4.609066486358643 58 44 57
0.4330359101295471 0.3151749074459076 4.524667739868164 143 117 133
0.45571303367614746 -0.055926285684108734 4.543824672698975 71 50 70
0.45910200476646423 -0.0944472923874855 4.544762134552002 60 45 65
0.47357186675071716 -0.7669397592544556 4.584376811981201 85 63 83
0.4769923686981201 -1.001091718673706 4.595729827880859 130 108 128
0.4769923686981201 -1.001091718673706 4.595729827880859 130 108 128
0.4747195243835449 0.31216850876808167 4.488555431365967 133 110 129
0.5065710544586182 -0.9876418113708496 4.571579456329346 87 63 80
0.5205438137054443 -0.5541951060295105 4.524891376495361 78 52 63
0.5074372887611389 0.7567489743232727 4.417802333831787 138 110 125
0.5197230577468872 0.36796435713768005 4.438292026519775 27 70 175
0.5197230577468872 0.36796435713768005 4.438292026519775 27 70 175
0.5543915629386902 -0.9551840424537659 4.524402618408203 132 108 130
0.5556115508079529 -0.9652121663093567 4.517793655395508 52 42 56
0.5596848726272583 -0.8523815274238586 4.507310390472412 87 65 78
0.5315163731575012 0.303215891122818 4.419300556182861 20 64 176
0.5407352447509766 0.3342229127883911 4.408364772796631 76 118 214
0.5419707298278809 0.3241384029388428 4.4086198806762695 77 116 212
0.5846846699714661 -0.9138796925544739 4.492334842681885 75 54 62
0.6080601811408997 -1.0013411045074463 4.4747538566589355 77 52 66
0.5812267065048218 0.32548531889915466 4.398240566253662 117 86 98
0.6057119965553284 -0.05001601204276085 4.400031089782715 64 43 49
0.6303263306617737 0.09011450409889221 4.3715291023254395 74 59 77
0.6539601683616638 -0.5668986439704895 4.399121284484863 64 43 55
0.6634912490844727 -0.7016231417655945 4.4005351066589355 55 43 54
0.6709384918212891 -0.4306590259075165 4.374220848083496 72 46 67
0.6550624966621399 0.08400982618331909 4.336248874664307 126 111 130
0.6522388458251953 0.27416491508483887 4.324499130249023 68 52 60
0.6957459449768066 -0.9914441108703613 4.3958234786987305 45 37 54
0.7390342950820923 -1.0283602476119995 4.3500518798828125 90 64 84
0.698606014251709 0.7746743559837341 4.237800598144531 81 58 75
0.7242283225059509 -0.06717142462730408 4.28242301940918 87 66 74
0.7474195957183838 -0.3457042872905731 4.291546821594238 66 51 64
0.7709134221076965 -0.3384951055049896 4.266631126403809 66 44 57
0.755881667137146 0.27636775374412537 4.226922035217285 143 124 135
0.7825672030448914 -0.45729130506515503 4.265507698059082 86 65 74
0.7654777765274048 0.14137010276317596 4.225876331329346 80 64 83
0.7848578095436096 0.7529175281524658 4.162267208099365 63 53 62
0.8361737728118896 0.14279182255268097 4.163378715515137 144 120 135
0.8089077472686768 0.871517539024353 4.041190147399902 167 186 254
0.824928343296051 0.8710474967956543 4.0244317054748535 19 22 48
1.1201914548873901 -1.1380640268325806 4.373656749725342 72 81 118
0.8750532865524292 0.9558427929878235 3.9681575298309326 65 64 68
0.8802146315574646 0.8676878809928894 3.9751882553100586 165 185 254
0.8798242211341858 0.8657817840576172 3.9732120037078857 166 187 255
1.195489525794983 0.7787488102912903 4.155162811279297 46 49 72
1.3228739500045776 0.1798643320798874 4.202694416046143 114 124 171
1.3326144218444824 0.18828962743282318 4.200760841369629 116 124 172
-1.9016963243484497 0.9799618124961853 4.818671703338623 116 122 143
-2.0349960327148438 -1.203283667564392 6.694651126861572 69 86 130
-1.9241018295288086 0.9524305462837219 5.65326452255249 41 65 48
-2.01290225982666 -1.420426368713379 6.689259052276611 81 94 144
-1.8701703548431396 0.9305267333984375 6.147722244262695 19 48 24
-1.8632057905197144 0.9392140507698059 6.128073215484619 133 140 142
-1.9037246704101562 -1.0745848417282104 6.626818656921387 138 119 135
-1.8973251581192017 -1.0862562656402588 6.628633975982666 91 68 82
-1.8705686330795288 -1.0824570655822754 6.63762092590332 105 114 166
-1.803766131401062 0.9483878016471863 5.923192501068115 115 122 120
-1.7437992095947266 0.9584982991218567 5.561836242675781 32 59 40
-1.6639404296875 0.8963820934295654 6.178523540496826 114 105 127
-1.6574653387069702 0.8356930017471313 6.256643772125244 133 147 190
-1.6315727233886719 0.9318724870681763 6.119140148162842 79 83 101
-1.626436710357666 0.9392584562301636 6.116281986236572 28 36 41
-1.6146490573883057 0.7523182034492493 6.216371536254883 38 54 77
-1.6016608476638794 0.948955774307251 5.846351146697998 36 67 36
-1.5851389169692993 0.7248936295509338 6.223387718200684 39 48 74
-1.5714621543884277 0.7901879549026489 6.215259075164795 82 92 124
-1.5718941688537598 0.9403671026229858 6.029038429260254 127 136 147
-1.5691111087799072 0.5115044713020325 6.252726078033447 93 107 141
-1.5662671327590942 0.42462393641471863 6.262975692749023 88 98 129
-1.5582581758499146 0.8183233737945557 6.210276126861572 21 24 53
-1.5597988367080688 0.5409072637557983 6.248162746429443 35 50 94
-1.563868522644043 0.22422215342521667 6.293952941894531 97 112 148
-1.5687896013259888 -0.719128429889679 6.422521591186523 43 50 79
-1.5480713844299316 0.8061166405677795 6.2237420082092285 116 124 166
-1.55769681930542 -0.5908251404762268 6.402913570404053 105 115 154
-1.5577290058135986 -0.6055617332458496 6.403370380401611 105 114 156
-1.5561918020248413 -1.0110750198364258 6.461240291595459 112 122 167
-1.5524529218673706 -1.3721065521240234 6.505972862243652 107 116 157
-1.5382578372955322 -1.3729729652404785 6.503512859344482 144 156 203
-1.5036215782165527 0.9326404333114624 6.071893692016602 59 56 69
-1.405387043952942 0.3456682860851288 6.17494010925293 106 92 115
-1.4063299894332886 -0.05944439768791199 6.230558395385742 97 113 155
-1.4004335403442383 0.14131104946136475 6.198347568511963 117 100 119
-1.3960251808166504 -0.028917944058775902 6.221329689025879 105 90 124
-1.3932161331176758 -0.07969468086957932 6.225330352783203 120 99 115
-1.3914897441864014 -0.4524534344673157 6.271820068359375 111 91 117
-1.390831708908081 -0.9030139446258545 6.338581085205078 112 96 128
-1.378173589706421 -0.1884738653898239 6.2340240478515625 118 100 122
-1.3809795379638672 -0.864616870880127 6.322933673858643 111 92 119
-1.3780884742736816 -0.6288957595825195 6.27009391784668 106 87 117
-1.3792312145233154 -1.3560289144515991 6.380191326141357 122 99 124
-1.3673524856567383 0.14888237416744232 6.142518520355225 107 89 109
-1.3239161968231201 -0.4975779056549072 6.234938621520996 94 76 90
-1.3110878467559814 0.3661145567893982 6.082806587219238 79 63 82
-1.3065080642700195 0.001270289532840252 6.132958889007568 64 50 68
-1.3041307926177979 -0.26958146691322327 6.164821147918701 136 117 136
-1.3026785850524902 -0.573959469795227 6.209871768951416 140 118 135
-1.2938413619995117 -0.9495722651481628 6.245205402374268 80 55 76
-1.2922265529632568 -0.9233520030975342 6.235217094421387 63 51 67
-1.283239722251892 0.0020152179058641195 6.112551212310791 74 69 92
-1.283239722251892 0.0020152179058641195 6.112551212310791 74 69 92
-1.240190863609314 -0.2873995304107666 6.118613243103027 121 105 130
-1.3289074897766113 0.7695955634117126 4.855544567108154 97 54 71
-1.3289074897766113 0.7695955634117126 4.855544567108154 97 54 71
-1.2428234815597534 -1.4218900203704834 6.262885570526123 94 71 91
-1.2302100658416748 0.5399165749549866 6.002669811248779 66 53 73
-1.2302100658416748 0.5399165749549866 6.002669811248779 66 53 73
-1.2341769933700562 -0.5683196187019348 6.140145778656006 95 77 88
-1.2266498804092407 0.5302433967590332 5.991101264953613 121 111 136
-1.318419098854065 0.7979456186294556 4.851194858551025 72 41 57
-1.2291860580444336 -1.1642565727233887 6.218088150024414 141 115 130
-1.2171573638916016 0.3490474224090576 6.016154766082764 63 54 73
-1.2172211408615112 0.4810457229614258 5.988845348358154 23 27 56
-1.2204028367996216 -0.6037191152572632 6.1346282958984375 127 105 117
-1.207791805267334 0.5377107262611389 5.974587917327881 64 53 74
-1.21132493019104 -1.4318886995315552 6.2418107986450195 87 67 88
-1.2074872255325317 -0.5760152339935303 6.1302490234375 99 74 84
-1.2019518613815308 -0.3923644423484802 6.098024845123291 68 54 67
-1.1981323957443237 0.37252992391586304 5.991413593292236 98 88 127
-1.1979836225509644 0.46027636528015137 5.971488952636719 157 174 242
-1.1979836225509644 0.46027636528015137 5.971488952636719 157 174 242
-1.1979836225509644 0.46027636528015137 5.971488952636719 157 174 242
-1.197130799293518 0.26472288370132446 6.00119686126709 74 62 82
-1.189310073852539 0.01845811866223812 6.028022766113281 48 35 54
-1.187040090560913 0.42666125297546387 5.96772575378418 21 27 49
-1.187040090560913 0.42666125297546387 5.96772575378418 21 27 49
-1.1882117986679077 -0.4799686670303345 6.093010425567627 67 46 60
-1.1866649389266968 -0.27985239028930664 6.055418968200684 119 103 131
-1.1831215620040894 -0.3948177099227905 6.088874816894531 72 57 73
-1.185322642326355 -1.0537562370300293 6.166468620300293 129 113 130
-1.1844950914382935 -1.1742849349975586 6.176284313201904 137 114 129
-1.1749478578567505 0.5353286862373352 5.953944206237793 48 39 56
-1.1733872890472412 0.4723614752292633 5.956233024597168 19 24 47
-1.1708464622497559 0.4230213761329651 5.962170124053955 48 50 90
-1.1735305786132812 -0.8627356886863708 6.135832786560059 77 61 81
-1.1687777042388916 -0.8544619083404541 6.130938529968262 141 123 142
-1.1601860523223877 -0.09450110793113708 6.021166801452637 62 44 67
-1.1596399545669556 -0.29021427035331726 6.038486480712891 46 37 57
-1.1501539945602417 -0.8689260482788086 6.115844249725342 82 63 81
-1.1291825771331787 0.42391109466552734 5.933723449707031 125 114 135
-1.128207802772522 0.36012229323387146 5.934456825256348 120 104 121
-1.1292871236801147 0.05310727655887604 5.960700988769531 74 53 65
-1.1272631883621216 0.13102205097675323 5.9562273025512695 71 57 70
-1.1220290660858154 0.41130927205085754 5.936936378479004 58 41 53
-1.2628926038742065 0.978326141834259 4.524178504943848 50 36 59
-1.1218974590301514 -0.28458499908447266 6.002178192138672 125 109 130
-1.1202069520950317 -0.10921742767095566 5.985942363739014 129 110 136
-1.238463044166565 0.7544549703598022 4.761744022369385 70 39 54
-1.118447184562683 -1.1873146295547485 6.126121997833252 76 54 66
-1.114386796951294 -1.3748501539230347 6.150862216949463 85 62 82
-1.2322911024093628 0.794133722782135 4.753086566925049 88 45 61
-1.1090936660766602 -0.28925400972366333 6.0009589195251465 64 56 83
-1.1065272092819214 -0.8742114901542664 6.072644233703613 131 113 132
-1.1047793626785278 -0.6693856120109558 6.051281929016113 82 58 72
-1.2276464700698853 0.8623203635215759 4.725075721740723 105 75 94
-1.0995559692382812 0.0037925555370748043 5.9532952308654785 51 40 50
-1.2241299152374268 0.8890917301177979 4.686763286590576 68 38 49
-1.094810962677002 0.33151939511299133 5.907400131225586 58 42 57
-1.2146317958831787 0.7541302442550659 4.7449822425842285 77 41 57
-1.214337706565857 0.7247583866119385 4.7483344078063965 68 36 52
-1.128289818763733 0.5871703624725342 5.512785911560059 66 42 45
-1.0829778909683228 0.0026398596819490194 5.9518609046936035 55 41 54
-1.0820649862289429 -0.10998035222291946 5.960585594177246 70 54 75
-1.0820649862289429 -0.10998035222291946 5.960585594177246 70 54 75
-1.0790876150131226 -0.8783537745475769 6.054916858673096 132 108 126
-1.2071555852890015 0.7539755702018738 4.728200912475586 78 54 71
-1.1132185459136963 0.4628046154975891 5.570364475250244 40 31 37
-1.0675723552703857 -0.20543299615383148 5.961164951324463 124 104 129
-1.0675466060638428 -0.2052554339170456 5.960625648498535 124 104 129
-1.0679371356964111 -0.11216630041599274 5.94139289855957 73 57 84
-1.065609335899353 0.25384655594825745 5.894398212432861 46 36 44
-1.0602988004684448 -1.258339285850525 6.079428672790527 139 121 140
-1.0595479011535645 -0.5419870615005493 5.977255344390869 66 51 71
-1.0518109798431396 -0.3061753511428833 5.957687854766846 72 56 82
-1.048581600189209 -0.11488741636276245 5.933037281036377 65 51 67
-1.1853176355361938 0.8898475766181946 4.6427412033081055 69 43 56
-1.0400936603546143 -1.1417713165283203 6.0410661697387695 87 69 84
-1.0672951936721802 0.40822863578796387 5.622095108032227 155 103 126
-1.0350993871688843 -0.11538922786712646 5.919426441192627 70 50 60
-1.0542556047439575 0.42852580547332764 5.608580112457275 76 55 54
-1.0217235088348389 -0.1045745387673378 5.88461446762085 121 102 124
-1.1596150398254395 0.7511391639709473 4.678433418273926 80 41 59
-1.0108565092086792 -0.1149475947022438 5.892721176147461 52 40 50
-1.0080063343048096 -0.9001597166061401 5.992058753967285 71 48 56
-1.007346749305725 -1.0744253396987915 6.004953384399414 87 60 75
-1.0389621257781982 0.03414482623338699 5.615276336669922 64 24 30
-1.003151774406433 -0.7669206857681274 5.963415145874023 74 55 74
-0.9973276853561401 -0.22816835343837738 5.899614334106445 77 54 71
-0.9965355396270752 -1.1469197273254395 6.010556221008301 84 62 80
-0.9954171180725098 -0.12178786098957062 5.886561393737793 63 43 59
-1.036289930343628 0.4781261086463928 5.5035834312438965 48 29 38
-1.0288041830062866 0.46808698773384094 5.5017876625061035 56 33 41
-1.0152209997177124 -0.02884686179459095 5.638971328735352 75 31 30
-1.0152209997177124 -0.02884686179459095 5.638971328735352 75 31 30
-1.0188896656036377 0.47085854411125183 5.444773197174072 64 48 54
-1.015419840812683 0.4464031159877777 5.469563961029053 126 84 98
-0.969285249710083 -0.5122866034507751 5.907545566558838 65 52 69
-0.9680180549621582 -0.9760765433311462 5.958244323730469 138 120 137
-0.9578701257705688 -0.5385251045227051 5.90201473236084 132 111 123
-0.9578701257705688 -0.5385251045227051 5.90201473236084 132 111 123
-1.029681921005249 0.595789909362793 5.267942905426025 106 68 81
-1.1344093084335327 0.9748262166976929 4.489051818847656 192 214 255
-1.117741584777832 0.8605159521102905 4.612471580505371 108 72 92
-0.9940204620361328 0.5449297428131104 5.464330673217773 82 46 56
-1.1245431900024414 0.9769750833511353 4.48980712890625 43 43 93
-0.97404944896698 0.0839955136179924 5.626850605010986 42 19 17
-0.9401001930236816 -1.2226659059524536 5.972781181335449 76 60 85
-0.9698544144630432 0.3101538121700287 5.591867446899414 79 39 48
-0.9819886088371277 0.5247703790664673 5.447464466094971 57 29 36
-0.9359652400016785 -0.23237048089504242 5.840635776519775 76 53 66
-0.9359652400016785 -0.23237048089504242 5.840635776519775 76 53 66
-0.934694230556488 -0.553061842918396 5.880329132080078 124 108 127
-0.9338045120239258 -0.3326526880264282 5.85257625579834 57 44 60
-0.9338045120239258 -0.3326526880264282 5.85257625579834 57 44 60
-1.0955028533935547 0.7943872213363647 4.622903823852539 85 53 73
-0.9310025572776794 -0.9099191427230835 5.917009353637695 81 62 73
-0.9281114339828491 -0.5627604126930237 5.875815391540527 57 46 56
-0.9722853899002075 0.5206089615821838 5.439446926116943 74 49 58
-1.0914103984832764 0.7455404996871948 4.614468097686768 94 47 63
-0.9671369194984436 0.45284485816955566 5.4425740242004395 53 37 45
-0.9148208498954773 -0.9127063155174255 5.9102864265441895 80 57 69
-0.9119001626968384 -1.0125538110733032 5.910850524902344 83 60 73
-0.9119001626968384 -1.0125538110733032 5.910850524902344 83 60 73
-0.9122016429901123 -0.6865842938423157 5.871668815612793 129 113 132
-0.9110297560691833 -0.5228577256202698 5.859743595123291 73 53 66
-0.9543811678886414 0.43763643503189087 5.447525978088379 130 85 106
-0.9015454649925232 -0.6952186822891235 5.867480754852295 69 53 65
-1.0710978507995605 0.7587395906448364 4.596744060516357 81 51 67
-0.9460296630859375 0.49495336413383484 5.420469760894775 131 84 99
-0.9460296630859375 0.49495336413383484 5.420469760894775 131 84 99
-0.9460296630859375 0.49495336413383484 5.420469760894775 131 84 99
-0.9459532499313354 0.451191782951355 5.423185348510742 67 41 49
-0.8931541442871094 -1.231642484664917 5.926329135894775 91 64 81
-0.8895478248596191 -1.1013025045394897 5.900065898895264 75 61 72
-0.9346168637275696 0.5203620195388794 5.4098358154296875 86 45 60
-0.9231488704681396 0.4402731657028198 5.416142463684082 134 88 107
-0.8737579584121704 -0.24181656539440155 5.788268566131592 63 43 55
-0.931908369064331 0.5949845910072327 5.33007287979126 84 52 61
-0.8420549631118774 -0.9342520236968994 5.844493389129639 71 54 72
-0.8409163951873779 -0.33782705664634705 5.77817440032959 69 48 58
-0.8886702060699463 0.4702880382537842 5.367925643920898 132 85 104
-0.8131467700004578 -1.3482084274291992 5.861244201660156 81 57 75
-0.810614287853241 -0.9451473355293274 5.8140058517456055 50 32 44
-0.810614287853241 -0.9451473355293274 5.8140058517456055 50 32 44
-0.8065241575241089 -0.7152383327484131 5.786648750305176 58 38 45
-0.8330909013748169 0.23577220737934113 5.533649444580078 69 28 35
-0.8678205013275146 0.590146005153656 5.28277063369751 80 56 66
-0.8678205013275146 0.590146005153656 5.28277063369751 80 56 66
-0.7960652112960815 -1.128960371017456 5.816784381866455 82 60 74
-0.8345741033554077 -0.5265808701515198 5.527207851409912 141 86 99
-0.8405597805976868 -0.7714341282844543 5.508362770080566 70 35 39
-0.8320258855819702 -0.4730839133262634 5.518980979919434 50 22 22
-0.7785221338272095 -0.723423957824707 5.756856918334961 83 61 74
-0.9790816903114319 0.7164848446846008 4.506145477294922 81 46 61
-0.9786733984947205 0.7454171180725098 4.501038074493408 86 48 66
-0.8328645825386047 0.5339431762695312 5.310295104980469 102 54 72
-0.8066874742507935 -0.22806942462921143 5.502864360809326 46 23 23
-0.7640522122383118 -1.2331706285476685 5.754889011383057 115 110 136
-0.7538817524909973 -1.2318480014801025 5.764028549194336 81 72 108
-0.8066409230232239 -0.796802282333374 5.425103187561035 67 33 36
-0.7453032732009888 -1.0285710096359253 5.759096145629883 65 52 77
-0.7409348487854004 -1.2636080980300903 5.772317886352539 91 66 87
-0.772485077381134 -0.40054672956466675 5.517614364624023 48 24 25
-0.7587825059890747 0.029416896402835846 5.5380940437316895 54 22 30
-0.7316870093345642 -1.2149792909622192 5.771002292633057 81 70 96
-0.7316308617591858 -1.1472057104110718 5.756458759307861 71 56 75
0.06949301064014435 0.9422786831855774 9.713809967041016 87 46 61
-0.7207875847816467 -1.2743865251541138 5.771098613739014 86 63 84
-0.7526113986968994 0.14397656917572021 5.459733963012695 89 43 54
-0.7458600401878357 -0.09225450456142426 5.492634296417236 57 24 26
-0.7526825070381165 -0.6188448071479797 5.48051643371582 62 29 36
-0.7041102051734924 -1.3656821250915527 5.765950679779053 77 57 78
-0.7040006518363953 -1.2778611183166504 5.758459091186523 83 65 94
-0.9427348375320435 0.42804399132728577 4.417961597442627 100 52 68
-0.7445606589317322 -0.6452704668045044 5.499475955963135 120 92 109
-0.6992351412773132 -1.2900724411010742 5.748833656311035 138 119 143
-0.7670483589172363 0.49841243028640747 5.260934352874756 83 41 55
-0.6934401392936707 -1.2794688940048218 5.74046516418457 92 71 98
-0.6934401392936707 -1.2794688940048218 5.74046516418457 92 71 98
-0.683246374130249 -1.157157063484192 5.71714973449707 85 70 95
-0.683246374130249 -1.157157063484192 5.71714973449707 85 70 95
-0.9265375733375549 0.8901268839836121 4.363924503326416 108 74 82
-0.7115957140922546 -0.29468363523483276 5.503509521484375 59 29 38
-0.703048050403595 -0.03313679248094559 5.489199638366699 55 26 36
-0.7005293965339661 0.022931423038244247 5.4875922203063965 56 30 41
12.080487251281738 2.4640400409698486 67.3600845336914 54 21 30
12.080487251281738 2.4640400409698486 67.3600845336914 54 21 30
-0.6701196432113647 -1.2245526313781738 5.7119035720825195 90 69 96
-0.6701196432113647 -1.2245526313781738 5.7119035720825195 90 69 96
-0.6673945784568787 -1.2599021196365356 5.7111430168151855 85 66 80
-0.6948769092559814 -0.15517710149288177 5.488394737243652 116 67 78
-0.6906698346138 0.1190590038895607 5.4525017738342285 53 23 29
-0.9018470644950867 0.8555750846862793 4.381741046905518 112 74 92
-0.887214720249176 0.715405285358429 4.408674716949463 94 46 60
-0.887214720249176 0.715405285358429 4.408674716949463 94 46 60
-0.7272183299064636 0.5668683648109436 5.1533942222595215 73 47 58
-0.8844509124755859 0.5932738184928894 4.395151138305664 105 65 71
-0.7044109106063843 0.44634780287742615 5.207846641540527 78 40 56
-0.6877397298812866 -0.42781543731689453 5.314424514770508 134 82 95
-0.6212673187255859 -1.1627280712127686 5.664340496063232 127 110 129
-0.621317446231842 -1.1622284650802612 5.662996292114258 127 110 129
-0.8813059329986572 0.8798561096191406 4.3172078132629395 73 42 48
-0.8630115985870361 0.8480554819107056 4.359933853149414 170 121 143
-0.6575508117675781 0.13537564873695374 5.3345489501953125 68 31 44
-0.6632685661315918 -1.0245674848556519 5.382010459899902 142 91 108
-0.6673120856285095 -0.5071437954902649 5.31611442565918 131 88 101
-0.8607320785522461 0.8550807237625122 4.34646463394165 109 69 90
-0.8607320785522461 0.8550807237625122 4.34646463394165 109 69 90
-0.660405695438385 -0.4990539848804474 5.322140693664551 66 28 35
-0.6714961528778076 -0.7771535515785217 5.289022445678711 46 20 21
-0.6538444757461548 -1.002271056175232 5.380228042602539 84 33 32
0.1739760786294937 -0.23460008203983307 9.031900405883789 52 22 30
-0.5953460931777954 -1.2464760541915894 5.633267402648926 110 101 122
-0.5926085710525513 -1.302386999130249 5.642651557922363 87 64 76
-0.639926552772522 -1.0266010761260986 5.3864336013793945 83 29 28
-0.5872067809104919 -1.2487462759017944 5.631295680999756 46 34 52
-0.6356062889099121 0.08827690035104752 5.317427635192871 65 27 38
-0.6472651362419128 -0.8587570190429688 5.3202972412109375 60 25 32
-0.6336609125137329 0.28877827525138855 5.296802043914795 66 24 32
0.24608002603054047 -0.8989620804786682 9.207276344299316 130 81 97
-0.6254414319992065 -0.07013092935085297 5.331135272979736 48 28 30
-0.642127513885498 -0.5734803676605225 5.2909040451049805 53 24 36
-0.6554511189460754 0.5039975643157959 5.152217864990234 77 41 58
-0.6554511189460754 0.5039975643157959 5.152217864990234 77 41 58
-0.5737861394882202 -1.197098970413208 5.619134426116943 65 52 78
-0.5715516805648804 -1.2442917823791504 5.6295976638793945 123 114 135
-0.5713688731193542 -1.2663792371749878 5.627722263336182 42 32 48
-0.6260416507720947 -1.0377429723739624 5.361019611358643 78 28 30
-0.6217268705368042 0.28785625100135803 5.284784317016602 130 78 91
-0.8304793238639832 0.8550943732261658 4.340476989746094 129 87 109
-0.6239386200904846 -0.3988913893699646 5.298302173614502 95 56 62
-0.8201764822006226 0.8501982688903809 4.3571906089782715 175 129 155
-0.6217624545097351 -0.42588478326797485 5.29343318939209 126 78 89
-0.6432458162307739 0.49305546283721924 5.138473987579346 79 46 61
-0.8270502686500549 0.8826102018356323 4.318209171295166 89 52 61
-0.6176418662071228 -0.41053256392478943 5.300644397735596 48 20 23
0.2640998363494873 -0.02335459552705288 9.05161190032959 61 22 31
-0.6102700233459473 0.2901865243911743 5.273841857910156 57 25 35
-0.6315776109695435 -0.7973883152008057 5.252518653869629 49 23 27
-0.6106696724891663 -0.10502621531486511 5.296778678894043 102 74 93
-0.6069231033325195 -0.024645240977406502 5.305023670196533 60 29 39
-0.616836667060852 -0.8534480929374695 5.273972988128662 137 84 101
-0.616836667060852 -0.8534480929374695 5.273972988128662 137 84 101
-0.6090776324272156 -0.8698415756225586 5.280646324157715 59 32 39
-0.8046364784240723 0.5862036347389221 4.360779285430908 128 77 92
-0.6038757562637329 -0.21248331665992737 5.251152038574219 52 25 27
0.3038557469844818 -0.02720346301794052 9.050061225891113 64 26 35
0.30673208832740784 -0.19940796494483948 9.047101020812988 62 30 39
-0.5890671610832214 0.23280809819698334 5.258796691894531 68 36 45
-0.7938729524612427 0.7822222113609314 4.352962017059326 114 80 105
-0.5829119682312012 -0.24118559062480927 5.289093017578125 127 71 81
-0.5967194437980652 -0.860050618648529 5.268333435058594 136 83 96
-0.5836756229400635 0.2591681182384491 5.228153228759766 67 31 32
-0.5797250866889954 0.24524104595184326 5.235317707061768 133 78 88
-0.5703257322311401 -0.47747838497161865 5.311234951019287 67 31 42
-0.568234920501709 -0.34767600893974304 5.294257164001465 66 34 43
-0.17921780049800873 -0.9883531332015991 6.932779788970947 79 42 55
-0.4782993495464325 -0.7667860388755798 5.687882423400879 79 42 55
-0.6136546730995178 0.5727244019508362 5.042771339416504 69 51 58
-0.8090615272521973 0.40668007731437683 4.249736309051514 82 43 60
-0.5612866282463074 -0.2711033821105957 5.279629230499268 57 26 32
-0.5844488143920898 -0.997418999671936 5.194525718688965 70 31 35
-0.5629221200942993 -1.082391381263733 5.284140586853027 157 100 115
-0.554924726486206 -1.0706278085708618 5.290080547332764 73 24 27
-0.4933846890926361 -1.2709779739379883 5.54208517074585 79 55 71
-0.5461537837982178 -0.31915760040283203 5.269309043884277 72 40 50
-0.5726329684257507 -0.9606391787528992 5.199419021606445 39 22 23
-0.5726329684257507 -0.9606391787528992 5.199419021606445 39 22 23
-0.765311062335968 0.8814321756362915 4.313539028167725 100 54 64
-0.48415663838386536 -1.31657874584198 5.54563570022583 84 57 78
-0.5626830458641052 -0.7985507249832153 5.193485736846924 45 21 23
-0.5226155519485474 -0.10272350162267685 5.284496307373047 137 114 99
-0.5446105599403381 -0.6868077516555786 5.229374885559082 133 80 100
-0.5294430255889893 -0.4636005461215973 5.268239974975586 60 31 41
-0.5276402235031128 -0.10754796117544174 5.235011100769043 141 117 105
-0.7364202737808228 0.7516351342201233 4.355792999267578 91 54 74
-0.7364202737808228 0.7516351342201233 4.355792999267578 91 54 74
-0.7449826002120972 0.8799378275871277 4.30961275100708 97 55 67
-0.5199165344238281 -0.11822127550840378 5.230657577514648 139 111 100
-0.5175390243530273 -0.1859295517206192 5.243810653686523 38 16 18
-0.5365393161773682 0.21304777264595032 5.1362810134887695 36 22 14
-0.514578104019165 0.057198721915483475 5.218905448913574 66 31 35
-0.5271803140640259 -0.8843047022819519 5.205132961273193 79 42 47
-0.5089437961578369 -1.0480643510818481 5.270627975463867 78 32 35
-0.44542500376701355 -1.2788548469543457 5.500547409057617 72 51 66
-0.49884286522865295 -0.13115514814853668 5.22667932510376 122 98 93
-0.5295407772064209 0.13352522253990173 5.092827320098877 96 86 87
-0.5295407772064209 0.13352522253990173 5.092827320098877 96 86 87
-0.5118959546089172 -0.014503530226647854 5.160382270812988 191 178 161
-0.5106777548789978 -0.8805835843086243 5.202095985412598 134 82 95
-0.7043530344963074 0.7821056842803955 4.356134414672852 93 54 72
-0.7043531537055969 0.7328464984893799 4.358556270599365 102 54 73
-0.7022577524185181 0.7081384062767029 4.361876487731934 112 59 77
-0.7022577524185181 0.7081384062767029 4.361876487731934 112 59 77
-0.49465295672416687 -0.2222767323255539 5.191842079162598 35 18 24
-0.4930100440979004 -0.5029963254928589 5.203240394592285 136 89 107
-0.4930100440979004 -0.5029963254928589 5.203240394592285 136 89 107
-0.49072059988975525 -0.20823006331920624 5.1926589012146 59 27 32
-0.49731138348579407 0.0017587203765287995 5.141425609588623 220 210 182
-0.5091478228569031 -0.8086898326873779 5.136035442352295 45 24 24
-0.5024570822715759 -0.943213939666748 5.159785270690918 48 23 27
-0.6921757459640503 0.8001174926757812 4.349456787109375 86 51 71
-0.6921757459640503 0.8001174926757812 4.349456787109375 86 51 71
-0.5086020231246948 0.1967284232378006 5.065838813781738 41 25 23
-0.47662609815597534 -0.4610651731491089 5.219799518585205 63 30 29
-0.6889892816543579 0.7484429478645325 4.355536937713623 113 58 79
-0.42785969376564026 -1.2732207775115967 5.439999580383301 43 29 46
-0.4706205129623413 -0.3655933141708374 5.205698490142822 51 22 24
-0.4227646291255951 -1.3058035373687744 5.420559406280518 199 198 203
-0.4905673563480377 0.13672366738319397 5.084187984466553 187 178 167
4.703150272369385 2.3757612705230713 24.006391525268555 87 49 65
-0.46990352869033813 0.13942265510559082 5.140172481536865 159 150 142
-0.44870802760124207 -1.0358431339263916 5.278260707855225 134 106 128
-0.4861951470375061 0.2128804475069046 5.060992240905762 56 36 34
-0.4593861997127533 0.06354769319295883 5.16378927230835 120 99 73
-0.4074653685092926 -1.294114112854004 5.411357879638672 186 179 185
-0.39730700850486755 -1.2124677896499634 5.441529750823975 58 43 62
-0.45990699529647827 -0.010912866331636906 5.145690441131592 163 154 142
-0.4701283872127533 -0.8935537934303284 5.152402877807617 56 25 34
-0.47125235199928284 0.14451147615909576 5.090282440185547 133 116 106
-0.4703436493873596 -0.8934767246246338 5.150688171386719 56 25 34
-0.6608887910842896 0.6405237317085266 4.36870002746582 92 53 71
-0.402172714471817 -1.3168679475784302 5.408846378326416 162 158 176
-0.4472406208515167 0.062472302466630936 5.164341926574707 128 106 82
-0.44541698694229126 0.06861931085586548 5.16416072845459 105 78 58
-0.45069003105163574 -1.087365746498108 5.208064556121826 71 25 31
-0.4300929307937622 -0.26280853152275085 5.2339277267456055 113 65 77
-0.44238585233688354 -0.14623478055000305 5.182991981506348 60 33 30
-0.6587738990783691 0.7988641858100891 4.34893798828125 84 48 65
-0.44072845578193665 0.08543507009744644 5.161094665527344 144 127 102
-0.448477178812027 -1.1024059057235718 5.194297790527344 108 52 63
-0.43367257714271545 -1.0555782318115234 5.2375078201293945 139 111 129
-0.44605153799057007 -0.01623925380408764 5.136679172515869 192 180 159
-0.4345375597476959 0.08944708108901978 5.165612697601318 171 153 128
-0.4393158555030823 -0.22304663062095642 5.165342807769775 36 16 19
-0.6495749354362488 0.7067693471908569 4.357638359069824 105 53 71
-0.4338712692260742 0.0658864676952362 5.163335800170898 104 80 62
-0.4914853870868683 0.5634027123451233 4.927131175994873 56 43 50
-0.6480464935302734 0.7321755886077881 4.357228755950928 112 59 79
-0.6473742127418518 0.7807083129882812 4.355760097503662 100 59 81
-0.6579549908638 0.8780915141105652 4.307013988494873 103 57 65
-0.44951188564300537 0.17644034326076508 5.084179401397705 169 158 144
-0.384649395942688 -1.2321609258651733 5.386227607727051 39 27 31
-0.6478320360183716 0.8504717350006104 4.331948757171631 123 82 103
-0.4353945851325989 -1.1007851362228394 5.189594268798828 153 99 118
-0.42953604459762573 -0.3518450856208801 5.162737846374512 112 67 70
-0.37734144926071167 -1.2594603300094604 5.384818077087402 34 27 40
-0.45535704493522644 -0.8193477392196655 5.083469867706299 46 24 28
-0.42357340455055237 -0.3680779039859772 5.160089492797852 61 31 39
-0.42221853137016296 -0.04344025254249573 5.145224571228027 145 127 114
-0.6366387605667114 0.8500847220420837 4.33131217956543 126 85 105
-0.6366387605667114 0.8500847220420837 4.33131217956543 126 85 105
-0.36887505650520325 -1.2737654447555542 5.383431911468506 69 95 107
-0.41013988852500916 0.042282626032829285 5.164332866668701 84 66 49
-0.4171396493911743 -0.3416902422904968 5.149930000305176 49 21 21
-0.43536296486854553 0.18224376440048218 5.057991027832031 174 164 149
-0.41567352414131165 -0.018366273492574692 5.134929180145264 158 140 120
-0.4367104768753052 -0.6033304333686829 5.0913286209106445 44 24 26
-0.4367104768753052 -0.6033304333686829 5.0913286209106445 44 24 26
-0.36754757165908813 -1.3043080568313599 5.368437767028809 21 39 54
-0.453706830739975 0.49040526151657104 4.960984230041504 85 48 63
-0.4101928770542145 -1.016404628753662 5.187052249908447 80 35 44
-0.4306698143482208 0.2058749496936798 5.047680377960205 145 134 134
-0.42825156450271606 0.1745012253522873 5.0565900802612305 113 94 87
-0.4095110595226288 -0.1698959767818451 5.133631229400635 55 26 28
-0.36141735315322876 -1.2777680158615112 5.356810092926025 12 24 36
-0.6134106516838074 0.747266411781311 4.353147506713867 81 40 58
-0.3917565941810608 -0.20459510385990143 5.1532793045043945 89 51 56
-0.4409789443016052 -0.340668648481369 4.990269660949707 52 23 31
-0.3920676112174988 0.04318636655807495 5.132914066314697 30 14 14
-0.6726144552230835 0.8380040526390076 4.119359016418457 108 60 76
-0.41564685106277466 -0.2260204404592514 5.056555271148682 109 67 80
-0.41587188839912415 -0.6178690195083618 5.06785774230957 125 72 87
0.005678051151335239 0.637133002281189 6.433628082275391 90 52 70
-0.34411558508872986 -1.2746591567993164 5.337449073791504 72 106 120
-0.5998666882514954 0.7360608577728271 4.35667085647583 86 48 67
-0.3405956029891968 -1.2975330352783203 5.343242168426514 47 56 62
-0.5978789925575256 0.7775154709815979 4.35004997253418 92 58 75
-0.4022659361362457 0.19427667558193207 5.041350364685059 181 173 163
-0.40266403555870056 0.19393861293792725 5.038147926330566 181 173 163
-0.838402271270752 0.3424984812736511 3.5444092750549316 76 45 58
-0.5895838141441345 0.6882070302963257 4.364748477935791 91 51 71
-0.38083237409591675 0.16616004705429077 5.088306427001953 179 174 166
-0.587837278842926 0.7647397518157959 4.35304594039917 155 106 128
-0.39869630336761475 -0.599640429019928 5.060348033905029 51 23 31
-0.371834397315979 -0.9896974563598633 5.14227294921875 93 44 63
-0.3932962417602539 -0.6096304655075073 5.0418901443481445 85 39 52
-0.3981765806674957 -0.8296952247619629 5.034099578857422 42 22 22
-0.38974007964134216 0.3393661081790924 4.997742652893066 159 105 122
-0.3726045489311218 0.22376777231693268 5.0540056228637695 74 44 44
-0.40097078680992126 0.42699316143989563 4.918191909790039 49 35 44
-0.3808123469352722 -0.5960871577262878 5.029489994049072 55 26 35
-0.37776073813438416 -0.5814969539642334 5.029160499572754 119 71 85
-0.35470786690711975 -1.0011399984359741 5.124926567077637 104 45 51
-0.36192789673805237 -0.018443452194333076 5.05168342590332 131 79 91
-0.3564417064189911 -0.09930650889873505 5.072046279907227 67 27 36
-0.3564417064189911 -0.09930650889873505 5.072046279907227 67 27 36
-0.3788939416408539 -0.4786205291748047 5.012771129608154 143 87 102
-0.3788939416408539 -0.4786205291748047 5.012771129608154 143 87 102
-0.3528461456298828 0.0815378949046135 5.05832576751709 114 64 78
-0.39065462350845337 0.43593838810920715 4.908982276916504 70 45 58
-0.5666496157646179 0.8770365715026855 4.3040056228637695 103 54 65
-0.2886808216571808 -1.2680686712265015 5.314270496368408 36 28 33
-0.36305901408195496 -0.3676869869232178 5.026273250579834 70 35 36
-0.36506590247154236 -0.6096755862236023 5.026185989379883 75 32 45
-0.3480816185474396 0.2040635198354721 5.036822319030762 61 21 30
-0.3480816185474396 0.2040635198354721 5.036822319030762 61 21 30
-0.36374911665916443 -0.5783395767211914 5.022119998931885 62 27 33
-0.36374911665916443 -0.5783395767211914 5.022119998931885 62 27 33
-0.34686365723609924 -0.1260138750076294 5.046486854553223 58 25 31
-0.5497854948043823 0.6971819996833801 4.3456711769104 86 55 72
-0.5497854948043823 0.6971819996833801 4.3456711769104 86 55 72
-0.3414429724216461 0.0022350505460053682 5.04929780960083 122 70 76
-0.5483112931251526 0.7652422785758972 4.339648246765137 87 51 69
-0.3795374929904938 0.4362312853336334 4.899010181427002 139 92 113
0.08305618166923523 0.5674136877059937 6.391969680786133 139 92 113
-0.3649556040763855 -0.7332704663276672 5.001706123352051 117 71 82
-0.35690394043922424 -0.5533720254898071 5.017019271850586 135 87 100
-0.3769107758998871 0.4479910135269165 4.901974678039551 73 42 55
-0.39514464139938354 0.5537277460098267 4.837505340576172 80 58 68
-0.39514464139938354 0.5537277460098267 4.837505340576172 80 58 68
-0.34857696294784546 -0.5448117852210999 5.034419059753418 71 34 38
-0.3387233018875122 0.2078847587108612 5.02837610244751 132 76 84
-0.23874923586845398 -1.2653440237045288 5.416071891784668 66 46 58
-0.36936822533607483 -0.7281439900398254 4.967480182647705 102 60 74
-0.3316340148448944 -0.0026994168292731047 5.040103912353516 61 23 34
-0.743711531162262 0.06585533916950226 3.704782485961914 64 26 34
-0.3672456443309784 0.43435049057006836 4.891781330108643 70 36 50
-0.3278296887874603 0.10362464934587479 5.031604766845703 74 39 46
-0.32925280928611755 0.20321714878082275 5.0204758644104 64 26 35
-0.32687312364578247 0.2618688642978668 5.013127326965332 65 25 32
-0.5302030444145203 0.5800123810768127 4.347407341003418 126 81 94
-0.2526951730251312 -1.2424533367156982 5.319124698638916 64 41 63
-0.3424541652202606 -0.5282909274101257 4.994521617889404 129 74 89
-0.35803690552711487 0.42372700572013855 4.885899066925049 67 34 49
-0.332173615694046 -0.5178623199462891 5.005459785461426 65 27 34
-0.332173615694046 -0.5178623199462891 5.005459785461426 65 27 34
-0.3281823396682739 -0.48281529545783997 4.997086524963379 141 88 100
-0.3147112727165222 0.2624094486236572 5.001203536987305 131 77 90
-0.3147112727165222 0.2624094486236572 5.001203536987305 131 77 90
-0.3099348247051239 -0.12870106101036072 5.017763137817383 60 24 28
-0.3134516775608063 -0.5429587364196777 5.017607688903809 57 21 25
-0.3049764633178711 -0.10490937530994415 5.021212100982666 60 29 38
-0.3053590655326843 0.05620947852730751 5.006073951721191 64 31 37
-0.3030740022659302 -0.005793103948235512 5.01418924331665 64 24 34
-0.30067095160484314 -0.058410562574863434 5.021184921264648 68 31 42
-0.3124125003814697 -0.6171391010284424 5.006509780883789 69 24 39
-0.303175151348114 -0.13787858188152313 5.011438369750977 111 78 95
-0.3037748336791992 -0.6010616421699524 5.021231174468994 51 21 32
-0.2983272969722748 0.145252987742424 5.002946376800537 69 29 38
-0.2886482775211334 -0.6978122591972351 5.032735347747803 52 20 22
-0.29282230138778687 -0.6081823706626892 5.014520645141602 123 69 83
-0.31454649567604065 -0.8622874617576599 4.958779811859131 103 56 64
-0.31454649567604065 -0.8622874617576599 4.958779811859131 103 56 64
-0.49018001556396484 0.8455783128738403 4.328942775726318 117 80 98
-0.28534454107284546 -0.9912547469139099 5.037206172943115 78 28 29
1.3586255311965942 0.998836874961853 9.993616104125977 84 45 60
-0.2820577919483185 -0.10350904613733292 4.998538017272949 63 31 40
-0.2820577919483185 -0.10350904613733292 4.998538017272949 63 31 40
-0.2752014398574829 -0.967101514339447 5.051819324493408 37 18 23
-0.2813214957714081 0.19825351238250732 4.9785332679748535 67 23 32
-0.2813214957714081 0.19825351238250732 4.9785332679748535 67 23 32
-0.3184543550014496 0.5063156485557556 4.841958522796631 102 52 67
-0.49518442153930664 0.5543777942657471 4.283202171325684 67 37 37
-0.4560476243495941 0.6976664066314697 4.389908790588379 90 54 76
-0.45350754261016846 0.6402825713157654 4.396143436431885 83 51 68
-0.45395973324775696 0.7633540630340576 4.381603240966797 102 66 91
-0.45214134454727173 0.8464396595954895 4.365294456481934 109 81 96
-0.45214134454727173 0.8464396595954895 4.365294456481934 109 81 96
-0.4389307200908661 0.680232048034668 4.409580707550049 86 46 62
-0.18395677208900452 -1.2612223625183105 5.249453067779541 79 56 71
-0.2690177261829376 0.31367233395576477 4.916358947753906 162 108 126
-0.27796322107315063 0.3895069360733032 4.86968469619751 148 101 123
-0.4513743817806244 0.8741234540939331 4.329925060272217 84 59 69
-0.2925593852996826 0.4726182520389557 4.810110092163086 62 29 36
-0.16968996822834015 -1.2533226013183594 5.23429536819458 131 120 145
-0.39489808678627014 0.65157550573349 4.447011947631836 83 48 65
-0.5642792582511902 0.39567264914512634 3.9565188884735107 61 37 46
-0.1571316421031952 -1.1361305713653564 5.210695743560791 95 69 93
-0.15609383583068848 -1.0934381484985352 5.205427646636963 72 45 71
-0.15323010087013245 -1.178567886352539 5.215488910675049 105 84 105
-0.17200250923633575 -1.0795772075653076 5.15192174911499 110 87 110
-0.3700449466705322 0.7457756996154785 4.45671272277832 80 44 60
-0.25513216853141785 0.4788634777069092 4.780998706817627 70 35 49
-0.18339349329471588 -0.2751680910587311 5.017148971557617 60 30 39
-0.5423116087913513 0.38862940669059753 3.9383745193481445 88 60 71
-0.3466554880142212 0.7748843431472778 4.477450370788574 77 47 64
-0.1658744215965271 -0.30669933557510376 5.0184006690979 80 41 46
-0.3371960520744324 0.7944570183753967 4.480317115783691 90 50 72
-0.3371960520744324 0.7944570183753967 4.480317115783691 90 50 72
-0.17825934290885925 -0.7411791682243347 4.993237495422363 81 34 48
-0.33296284079551697 0.7466503977775574 4.487384796142578 105 56 78
-0.11734306067228317 -1.2026195526123047 5.177736759185791 94 73 92
-0.16589713096618652 0.013923260383307934 4.987725257873535 61 26 37
-0.16885098814964294 0.1104549840092659 4.9724507331848145 68 23 33
-0.31595686078071594 0.6922569870948792 4.505403518676758 108 59 80
-0.3107928931713104 0.6382400393486023 4.513824939727783 83 47 63
-0.17649145424365997 -0.5894233584403992 4.928494930267334 139 85 101
-0.32617107033729553 0.9122053384780884 4.428896903991699 87 67 82
-0.21288180351257324 0.4249219596385956 4.741182804107666 63 38 46
-0.1454201191663742 -0.9275453090667725 4.9751410484313965 138 122 149
-0.20151261985301971 0.42551591992378235 4.7316460609436035 136 87 101
-0.7002385854721069 0.4394253194332123 3.3597991466522217 116 70 80
-0.19759106636047363 0.4388772249221802 4.7354631423950195 60 37 47
-0.06913671642541885 -1.2414662837982178 5.137462615966797 87 72 100
-0.06913671642541885 -1.2414662837982178 5.137462615966797 87 72 100
-0.12655018270015717 -0.6854622960090637 4.94511079788208 66 24 26
-0.13066618144512177 -0.6482819318771362 4.9218058586120605 144 86 103
-0.15644755959510803 -0.6269248127937317 4.848407745361328 144 86 103
-0.11554530262947083 -0.2737869918346405 4.94207239151001 62 30 35
-0.2088472545146942 0.5211034417152405 4.656591892242432 145 98 118
-0.2352140247821808 0.641389012336731 4.577847957611084 75 38 49
-0.1325405389070511 0.08659324049949646 4.874599933624268 139 89 99
-0.06351504474878311 -0.9710941314697266 5.101419448852539 137 118 141
-0.13017341494560242 -0.5027621984481812 4.902101039886475 56 26 32
-0.13017341494560242 -0.5027621984481812 4.902101039886475 56 26 32
-0.22755727171897888 0.6847937703132629 4.5818400382995605 75 42 60
-0.12841343879699707 0.08092238754034042 4.872882843017578 92 44 58
-0.12841343879699707 0.08092238754034042 4.872882843017578 92 44 58
-0.053117744624614716 -1.1017881631851196 5.10911226272583 97 67 86
-0.054145291447639465 -1.0207726955413818 5.101184844970703 102 71 86
-0.11182033270597458 -0.171982079744339 4.904697895050049 50 22 27
-0.10473831743001938 0.19601821899414062 4.906971454620361 69 32 42
-0.10487198084592819 0.19590237736701965 4.906286716461182 69 32 42
-0.1425936371088028 -0.6132389903068542 4.829346179962158 66 35 41
-0.2165183573961258 0.8434718251228333 4.573833465576172 135 94 115
-0.11409135162830353 -0.4789845943450928 4.869359970092773 123 75 91
-0.12166491150856018 -0.5898841023445129 4.845769882202148 52 25 26
-0.03299276530742645 -1.1990662813186646 5.103774070739746 84 61 77
-0.20535600185394287 0.8418625593185425 4.559926509857178 104 78 94
-0.20535600185394287 0.8418625593185425 4.559926509857178 104 78 94
-0.051209963858127594 -0.9188385605812073 5.033228397369385 143 120 147
-0.10367699712514877 -0.5741457939147949 4.872488021850586 97 57 68
-0.18803030252456665 0.8417680859565735 4.577138900756836 108 70 86
-0.17739279568195343 0.5867292881011963 4.613776206970215 101 60 64
-0.20031104981899261 0.8705300688743591 4.540054798126221 94 60 72
-0.09684765338897705 -0.35479483008384705 4.856997966766357 140 84 98
-0.02114291302859783 -0.9834340214729309 5.073793888092041 96 69 91
-0.1455475389957428 0.47327160835266113 4.673819541931152 94 48 65
-0.06917953491210938 0.19245949387550354 4.879649639129639 66 26 34
-0.06917953491210938 0.19245949387550354 4.879649639129639 66 26 34
-0.06324740499258041 -0.12866534292697906 4.902756214141846 71 31 38
-0.06324740499258041 -0.12866534292697906 4.902756214141846 71 31 38
-0.09474167972803116 -0.49770668148994446 4.833144664764404 53 21 19
-0.06659336388111115 0.033814895898103714 4.875276565551758 82 40 52
-0.06659336388111115 0.033814895898103714 4.875276565551758 82 40 52
-0.06229201331734657 0.11560963839292526 4.869776248931885 44 17 22
-0.1650603860616684 0.8540019392967224 4.5695271492004395 99 64 81
-0.15676216781139374 0.8477787375450134 4.586792469024658 147 109 129
0.003037967486307025 -1.2066853046417236 5.067286968231201 85 58 73
0.0019024544162675738 -1.1120723485946655 5.059108257293701 86 65 83
-0.14359736442565918 0.8405181169509888 4.609162330627441 69 49 58
-0.1494140326976776 0.5374827980995178 4.605306148529053 88 53 59
-0.0799122005701065 0.046727798879146576 4.801726818084717 75 33 44
-0.12399592250585556 0.4730527997016907 4.6551947593688965 67 41 47
-0.14743775129318237 0.8535877466201782 4.578925609588623 66 47 52
-0.04853348433971405 -0.05165133252739906 4.859759330749512 56 33 42
-0.14324787259101868 0.8682947158813477 4.580185413360596 57 35 46
-0.15593448281288147 0.9064981341362 4.542129039764404 48 43 49
-0.04241807013750076 0.12107378244400024 4.853808879852295 131 75 87
0.018988650292158127 -1.2110685110092163 5.045914649963379 95 65 86
-0.1295560896396637 0.5955027341842651 4.598707675933838 35 18 16
-0.13285422325134277 0.8515761494636536 4.577262878417969 147 103 124
-0.12574903666973114 0.8405835032463074 4.589748382568359 88 60 69
-0.10981781780719757 0.3941029906272888 4.645377159118652 61 36 43
0.019523771479725838 -0.7874490022659302 5.012429237365723 132 115 137
-0.10909710079431534 0.4603046476840973 4.636229515075684 65 38 42
-0.10372662544250488 0.3709394335746765 4.644234657287598 148 117 135
-0.11400305479764938 0.6944394707679749 4.599203586578369 54 28 33
-0.11982280015945435 0.8664613962173462 4.553516864776611 72 40 46
-0.10878951102495193 0.5865747928619385 4.589049339294434 90 58 58
-0.09646724164485931 0.5233271718025208 4.584376811981201 155 113 132
0.053503651171922684 -0.879240870475769 4.988270282745361 98 71 88
0.05581730976700783 -1.1099193096160889 4.996954441070557 89 76 101
-0.08595260232686996 0.760973334312439 4.578113079071045 119 65 78
0.0029343063943088055 0.22960235178470612 4.806480407714844 68 36 45
0.0029343063943088055 0.22960235178470612 4.806480407714844 68 36 45
-0.0812821015715599 0.6871350407600403 4.582571506500244 50 41 42
-0.4156753122806549 0.38105589151382446 3.764033079147339 73 39 52
-0.07420062273740768 0.7625527381896973 4.568957328796387 60 35 45
-0.07393712550401688 0.7289988398551941 4.5702714920043945 41 26 28
0.06876562535762787 -0.8799520134925842 4.970206260681152 132 113 134
-0.6233125329017639 0.3235803246498108 3.243572473526001 74 52 57
-0.06461313366889954 0.7392990589141846 4.557458877563477 60 31 35
0.07757629454135895 -0.8244996666908264 4.951005458831787 152 128 142
0.07757629454135895 -0.8244996666908264 4.951005458831787 152 128 142
0.09213395416736603 -1.010182499885559 4.963726043701172 97 67 82
0.09192214906215668 -1.009987473487854 4.962790489196777 97 67 82
0.09596771746873856 -0.8780074715614319 4.946969985961914 67 49 66
0.1015462726354599 -1.2302278280258179 4.967287540435791 87 61 82
0.09955306351184845 -1.0693289041519165 4.952112674713135 102 71 78
0.09955306351184845 -1.0693289041519165 4.952112674713135 102 71 78
0.10802444070577621 -1.1302531957626343 4.95151948928833 96 67 86
0.10777026414871216 -0.9972533583641052 4.939804553985596 79 65 91
0.10982441157102585 -0.942756175994873 4.934671878814697 89 70 91
0.10982441157102585 -0.942756175994873 4.934671878814697 89 70 91
0.1131858080625534 -0.9017257690429688 4.930267333984375 75 61 77
-0.033994462341070175 0.7885648012161255 4.526080131530762 69 42 51
-0.03960550203919411 0.8388475179672241 4.510878562927246 114 72 85
0.11697081476449966 -0.9319550395011902 4.928086757659912 78 62 79
0.03338863328099251 -0.09625793993473053 4.698653221130371 136 89 108
0.11954621970653534 -0.4877466559410095 4.902965068817139 78 54 61
0.12501060962677002 -1.1363615989685059 4.934413909912109 103 76 94
-0.014887725003063679 0.4132363200187683 4.5525617599487305 138 90 110
0.010921000503003597 0.35591551661491394 4.608861446380615 87 56 59
0.12961284816265106 -1.1583489179611206 4.93380069732666 78 62 87
0.12961284816265106 -1.1583489179611206 4.93380069732666 78 62 87
0.12701569497585297 -0.8281290531158447 4.916484355926514 103 71 84
0.13262830674648285 -1.2344669103622437 4.934864044189453 101 79 104
0.1357826292514801 -1.0164947509765625 4.917828559875488 96 75 102
0.13008765876293182 -0.7170283794403076 4.894021987915039 93 61 75
0.03430846333503723 0.30862876772880554 4.628111839294434 159 104 120
-0.010893568396568298 0.7866153120994568 4.50718879699707 83 41 51
0.1431005299091339 -0.8914424180984497 4.903587818145752 97 64 80
0.142318457365036 -0.7590367197990417 4.896334648132324 92 61 75
0.13982896506786346 -0.3712140917778015 4.867632865905762 101 70 84
0.13958148658275604 -0.3710777163505554 4.8665771484375 101 70 84
0.011373331770300865 0.39988747239112854 4.53863525390625 55 32 38
-0.009691012091934681 0.8321433067321777 4.46584939956665 151 100 120
-0.009691012091934681 0.8321433067321777 4.46584939956665 151 100 120
0.11895586550235748 -0.27970343828201294 4.785959243774414 129 97 108
0.018139919266104698 0.7388872504234314 4.481327533721924 73 41 51
0.09316366910934448 0.19125807285308838 4.648883819580078 83 58 71
0.07456305623054504 -0.039917003363370895 4.610828399658203 110 61 68
0.07805494219064713 -0.06703683733940125 4.595757484436035 44 19 22
0.19269238412380219 -1.1443126201629639 4.875039100646973 57 38 56
0.0735258087515831 -0.1113351508975029 4.574286937713623 166 115 130
0.05369734391570091 0.38296180963516235 4.495692253112793 64 35 47
0.1988631784915924 -1.0363224744796753 4.853539943695068 105 76 87
0.11252916604280472 0.03894803673028946 4.622647285461426 49 23 24
0.20270797610282898 -0.0016781225567683578 4.817446708679199 98 53 60
0.20621716976165771 -1.2066805362701416 4.859338760375977 123 108 132
0.20915502309799194 -1.1826348304748535 4.856380462646484 68 53 74
0.206510528922081 -0.9803693890571594 4.840161323547363 107 83 98
0.206510528922081 -0.9803693890571594 4.840161323547363 107 83 98
0.06543829292058945 0.45945316553115845 4.47184944152832 73 39 47
0.050840821117162704 0.8358936309814453 4.427816867828369 125 82 102
0.12750442326068878 0.09947296231985092 4.593245029449463 143 94 113
0.06437065452337265 0.68819659948349 4.433505535125732 67 41 51
0.06854497641324997 0.8348928093910217 4.408025741577148 126 82 102
0.22691583633422852 -0.4871266484260559 4.7858099937438965 132 119 136
0.1716959923505783 -0.18786346912384033 4.654585361480713 153 120 140
0.24137401580810547 -1.154081106185913 4.820754051208496 93 66 80
0.2329658418893814 -0.3927890658378601 4.7773637771606445 70 58 75
0.2413288652896881 -0.4787534177303314 4.776980876922607 142 118 140
0.17690017819404602 -0.16926270723342896 4.620170593261719 174 119 140
0.18929795920848846 0.007473185658454895 4.627475738525391 61 29 25
0.253437340259552 -0.8468667268753052 4.784566879272461 83 58 71
0.253437340259552 -0.8468667268753052 4.784566879272461 83 58 71
0.26247990131378174 -1.1491652727127075 4.808924674987793 132 118 144
0.2533397674560547 -0.731689453125 4.775612831115723 89 65 78
0.2533397674560547 -0.731689453125 4.775612831115723 89 65 78
0.27214282751083374 -1.1532909870147705 4.792688369750977 133 114 135
0.09774341434240341 0.5106963515281677 4.374026298522949 162 119 136
0.1477251499891281 0.38059937953948975 4.479055881500244 45 33 39
0.2699619233608246 -0.4925786852836609 4.749688148498535 137 124 147
0.2545469105243683 -0.0015894541284069419 4.676514148712158 57 29 28
0.2806950509548187 -0.5964422225952148 4.743496894836426 90 66 88
0.27867409586906433 -0.28010329604148865 4.721734523773193 88 60 72
0.18984222412109375 0.39310258626937866 4.511883735656738 77 43 58
0.2946977913379669 -1.1565806865692139 4.769411087036133 131 116 138
0.2919101119041443 -0.7807800769805908 4.747631072998047 88 65 79
0.12573063373565674 0.9345418214797974 4.35179328918457 61 55 66
0.2961815297603607 -0.7565117478370667 4.737470626831055 93 70 86
0.310523122549057 -1.060700535774231 4.755885601043701 131 115 136
0.31139713525772095 -1.0796775817871094 4.749212741851807 88 64 78
0.309613972902298 -0.8610817790031433 4.733337879180908 88 66 78
0.30784568190574646 -0.37944555282592773 4.705758094787598 128 110 133
0.3101936876773834 -0.5193472504615784 4.712812900543213 83 61 74
0.31644436717033386 0.20657731592655182 4.656447887420654 121 110 128
0.31547918915748596 0.3098990023136139 4.649091720581055 129 120 146
0.34062710404396057 -1.1834262609481812 4.724173069000244 147 124 140
0.31943315267562866 0.34818848967552185 4.636483669281006 92 56 67
0.33008190989494324 -0.023924704641103745 4.659246921539307 66 50 64
0.34708067774772644 -0.9274581670761108 4.7097086906433105 89 62 78
0.34653836488723755 -0.8662148714065552 4.699930191040039 87 61 77
0.3437615931034088 -0.0388314463198185 4.642428874969482 117 101 130
0.3575999140739441 -0.8718456625938416 4.688225746154785 79 58 67
0.34581947326660156 0.10562779009342194 4.635699272155762 84 57 70
0.3660772740840912 -0.9872604608535767 4.690404891967773 75 56 83
0.33875834941864014 0.5587146878242493 4.589989185333252 75 42 48
0.3497750759124756 0.3477192521095276 4.607314109802246 73 51 68
0.3734119236469269 -1.0572607517242432 4.685063362121582 105 76 95
0.32158106565475464 0.8642598390579224 4.530398845672607 64 57 71
0.37326914072036743 -1.183924913406372 4.685174942016602 119 102 119
0.38011690974235535 -0.6665173768997192 4.662167072296143 80 70 80
0.3759022057056427 -0.28474780917167664 4.637533187866211 50 34 41
0.3734520673751831 -0.21653814613819122 4.626284599304199 68 48 60
0.3857797384262085 -0.8665005564689636 4.657617568969727 128 111 139
0.36604422330856323 0.4128694236278534 4.583981037139893 75 49 63
0.3904808461666107 -1.1880340576171875 4.67306661605835 82 58 79
0.38717806339263916 -0.7560219764709473 4.653687477111816 87 62 77
0.3801298141479492 -0.025341318920254707 4.601172924041748 83 60 69
0.39188069105148315 -0.5167845487594604 4.635842323303223 118 113 130
0.3854826092720032 0.19859378039836884 4.594242095947266 123 113 133
0.4041130840778351 -1.0577729940414429 4.658188343048096 76 58 70
0.39540860056877136 -0.16487066447734833 4.6166815757751465 75 52 66
0.40585020184516907 -1.0683563947677612 4.651737689971924 139 113 130
0.4108375906944275 -0.8811776638031006 4.642574310302734 65 46 58
0.40873199701309204 -0.6776615977287292 4.63030481338501 84 60 70
0.3928406536579132 0.308656245470047 4.566314697265625 151 124 141
0.3928406536579132 0.308656245470047 4.566314697265625 151 124 141
0.39383047819137573 0.44752705097198486 4.55995512008667 55 33 45
0.39383047819137573 0.44752705097198486 4.55995512008667 55 33 45
0.3907957971096039 0.7219032049179077 4.545117378234863 95 80 102
0.3915465474128723 0.6240038871765137 4.547910213470459 121 114 135
0.41250231862068176 -0.7633728384971619 4.623006343841553 90 69 77
0.41686034202575684 -0.8101686835289001 4.628914833068848 117 108 126
0.4112895429134369 -0.6863044500350952 4.613058090209961 140 114 133
0.4042530357837677 0.2874414324760437 4.568924427032471 87 60 81
0.4220888316631317 -0.9423309564590454 4.627492904663086 85 63 80
0.40507417917251587 0.5222190618515015 4.550264835357666 126 124 146
0.4244198799133301 -0.6806895136833191 4.614963531494141 65 45 59
0.40730783343315125 0.6452569365501404 4.540714263916016 124 116 140
0.42858314514160156 -0.8883545398712158 4.6192626953125 63 49 58
0.4172119200229645 0.43962034583091736 4.546968460083008 118 111 135
0.4172119200229645 0.43962034583091736 4.546968460083008 118 111 135
0.43448907136917114 -0.8434830904006958 4.606869220733643 91 65 83
0.43448907136917114 -0.8434830904006958 4.606869220733643 91 65 83
0.4329187572002411 -0.16834770143032074 4.5754218101501465 76 63 79
0.4449574053287506 -1.1808421611785889 4.62082576751709 126 114 140
0.4190559685230255 0.6882330179214478 4.523038387298584 80 57 78
0.4449850916862488 -1.0650384426116943 4.615346908569336 128 122 145
0.42480164766311646 0.5084075927734375 4.530219554901123 76 57 72
0.44253844022750854 -0.6701001524925232 4.591775894165039 76 59 77
0.43945834040641785 -0.5267599821090698 4.58209753036499 138 127 144
0.43155360221862793 0.3010444641113281 4.540395259857178 132 123 143
0.16461081802845 0.9565930962562561 4.033472537994385 164 181 210
0.4512093961238861 -1.1785131692886353 4.605378150939941 73 59 86
0.449575275182724 -0.7603234052658081 4.592036724090576 137 119 143
0.45087042450904846 -0.8767837882041931 4.593335151672363 129 105 127
0.4371468126773834 0.30600830912590027 4.527777194976807 101 76 97
0.45451775193214417 -0.6852240562438965 4.58065938949585 78 54 67
0.4372304379940033 0.6206386685371399 4.512096881866455 118 115 139
0.4454434812068939 -0.09281019121408463 4.5447797775268555 120 102 123
0.45944467186927795 -0.8070269823074341 4.586618900299072 69 56 64
0.4418562054634094 0.7815568447113037 4.501012325286865 108 102 138
0.44906437397003174 0.29811352491378784 4.525258541107178 81 59 81
0.44982463121414185 0.2724698483943939 4.521942615509033 130 109 124
0.472869873046875 -1.0805038213729858 4.588122844696045 80 59 71
0.45353275537490845 0.6202283501625061 4.501151084899902 62 45 64
0.4697544574737549 -0.18338802456855774 4.548656940460205 53 38 44
0.4697544574737549 -0.18338802456855774 4.548656940460205 53 38 44
0.45492783188819885 0.5463372468948364 4.49344539642334 134 120 140
0.45441678166389465 0.6883787512779236 4.482186317443848 76 58 77
0.47883620858192444 -0.42385196685791016 4.543251037597656 84 58 66
0.47883620858192444 -0.42385196685791016 4.543251037597656 84 58 66
0.46609336137771606 0.5110386610031128 4.483095169067383 69 55 67
0.4736843705177307 0.405547171831131 4.498588562011719 118 106 130
0.48674532771110535 -0.5395663976669312 4.539938449859619 119 108 130
0.47040295600891113 0.7561867237091064 4.47766637802124 119 115 137
0.47849515080451965 0.39477914571762085 4.496804237365723 71 48 57
0.4686005413532257 0.7017287015914917 4.471654891967773 119 94 115
0.4889378547668457 -0.31773918867111206 4.531713962554932 57 44 56
0.49670732021331787 -0.983189582824707 4.554083347320557 87 63 80
0.49670732021331787 -0.983189582824707 4.554083347320557 87 63 80
0.49670732021331787 -0.983189582824707 4.554083347320557 87 63 80
0.5012900233268738 -0.9570538401603699 4.555531978607178 74 59 80
0.49359750747680664 -0.348118394613266 4.523675918579102 68 49 63
0.488604336977005 0.10054616630077362 4.502745628356934 126 124 139
0.4982351064682007 -0.4203661382198334 4.528074741363525 70 48 52
0.4909616708755493 -0.040145449340343475 4.505195617675781 85 64 81
0.4992535710334778 -0.5527613162994385 4.528852939605713 86 59 70
0.4991358816623688 -0.30382218956947327 4.514975547790527 75 49 66
0.5074906945228577 -0.9541414976119995 4.541691780090332 73 52 72
0.4920656681060791 0.2234358787536621 4.481657981872559 96 66 77
0.5144036412239075 -1.0843597650527954 4.549491882324219 126 114 138
0.49305808544158936 0.5414459109306335 4.467376232147217 126 124 146
0.5166874527931213 -0.9908609986305237 4.532368183135986 105 74 90
0.5060432553291321 -0.05124218389391899 4.4910759925842285 97 82 95
0.49295151233673096 0.7832297086715698 4.4461774826049805 80 57 70
0.49295151233673096 0.7832297086715698 4.4461774826049805 80 57 70
0.5004497766494751 0.7494092583656311 4.455028533935547 50 38 48
0.5028408765792847 0.5552796721458435 4.452244758605957 83 64 77
0.530610978603363 -0.6884585618972778 4.514072895050049 54 46 68
0.5277879238128662 -0.5549789071083069 4.5060272216796875 68 48 58
0.5314868688583374 -0.681638240814209 4.5143351554870605 130 117 140
0.5114914774894714 0.5342682003974915 4.445774555206299 139 121 149
0.5309446454048157 -0.9083213806152344 4.513514995574951 138 111 123
0.5173161029815674 0.2191167026758194 4.458274841308594 155 131 145
0.5173161029815674 0.2191167026758194 4.458274841308594 155 131 145
0.5343244671821594 -0.8238527178764343 4.505692958831787 62 44 50
0.5252552032470703 0.08633025735616684 4.4671430587768555 78 58 71
0.5365181565284729 -0.7759643793106079 4.504410266876221 55 43 61
0.5164458155632019 0.5538240671157837 4.435619354248047 85 62 75
0.5253907442092896 0.3719649016857147 4.447529315948486 27 70 175
0.5230104923248291 0.587712824344635 4.430696964263916 134 116 136
0.5230104923248291 0.587712824344635 4.430696964263916 134 116 136
0.5398972630500793 -0.7878606915473938 4.491914749145508 124 103 119
0.5303059816360474 0.4930517077445984 4.433455944061279 106 80 85
0.546521008014679 -0.7857130765914917 4.4906110763549805 73 56 74
0.5374168157577515 0.533006489276886 4.424248218536377 144 128 153
0.5477310419082642 0.06881298124790192 4.442830562591553 83 57 68
0.5372395515441895 0.7166295051574707 4.409088611602783 130 108 128
0.5398769974708557 0.6186984777450562 4.407983779907227 84 68 85
0.5461000800132751 0.23242054879665375 4.425884246826172 88 63 84
0.5565326809883118 -0.42734187841415405 4.458125591278076 72 56 66
0.558387279510498 -0.2841249108314514 4.455631256103516 71 54 75
0.5636234879493713 -0.8251590728759766 4.476095199584961 69 52 66
0.5636234879493713 -0.8251590728759766 4.476095199584961 69 52 66
0.5700681805610657 -0.9659841060638428 4.481858253479004 58 44 60
0.578372061252594 -0.8971897959709167 4.464913368225098 127 111 136
0.578372061252594 -0.8971897959709167 4.464913368225098 127 111 136
0.396190345287323 0.9567633867263794 4.112194061279297 130 142 160
0.5742141604423523 -0.17410138249397278 4.434168338775635 131 113 132
0.5674216151237488 0.4120253920555115 4.406838893890381 126 108 125
0.5850253105163574 -0.32246437668800354 4.447091579437256 92 65 72
0.5875975489616394 -0.916801929473877 4.459110736846924 124 103 119
0.5858979225158691 -0.8966638445854187 4.454264163970947 127 117 142
0.5855990052223206 -0.05454102158546448 4.416914939880371 137 113 126
0.5942990779876709 -0.9951685070991516 4.451965808868408 77 52 66
0.6006092429161072 -1.1052623987197876 4.462448596954346 53 40 57
0.5968253016471863 -0.8788089156150818 4.446990966796875 54 44 61
0.5968253016471863 -0.8788089156150818 4.446990966796875 54 44 61
0.5765246748924255 0.767664909362793 4.36759090423584 76 59 82
0.5937387347221375 -0.26552698016166687 4.419002532958984 78 57 67
0.598893404006958 -0.9795701503753662 4.440575122833252 126 104 122
0.5819419026374817 0.5663263201713562 4.37457799911499 140 123 140
0.6009872555732727 -0.5596911311149597 4.428478717803955 92 62 77
0.6083178520202637 -0.837251603603363 4.443759441375732 64 52 70
0.5984563231468201 -0.3184188902378082 4.4155988693237305 84 58 66
0.6112363338470459 -0.8335530757904053 4.440789222717285 70 56 78
0.5900514721870422 0.6149068474769592 4.365585803985596 63 48 62
0.6085211038589478 -0.6838706731796265 4.421621322631836 139 116 131
0.610375165939331 0.09528548270463943 4.389729022979736 67 52 71
0.5983709692955017 0.7789124846458435 4.350861072540283 125 110 139
0.6218603849411011 -0.3235446512699127 4.402121543884277 68 48 60
0.6218603849411011 -0.3235446512699127 4.402121543884277 68 48 60
0.6293181777000427 -0.6878653764724731 4.409502983093262 138 115 128
0.6404958963394165 -0.9800670146942139 4.409903526306152 57 46 63
0.626226007938385 -0.037673868238925934 4.362906455993652 102 84 104
0.626226007938385 -0.037673868238925934 4.362906455993652 102 84 104
0.6314300298690796 -0.029596785083413124 4.365366458892822 45 32 52
0.6434866189956665 -1.0045262575149536 4.400504112243652 89 61 80
0.6265427470207214 0.6088002324104309 4.335565567016602 75 55 68
0.6414790749549866 -0.3240298330783844 4.377971649169922 80 51 65
0.6260442733764648 0.2751764953136444 4.33883810043335 62 46 50
0.6311894655227661 0.4861372709274292 4.341439723968506 122 119 142
0.6299039721488953 0.16699224710464478 4.3438401222229 85 62 79
0.6349981427192688 0.25306814908981323 4.335930824279785 145 117 131
0.6302535533905029 0.7452678084373474 4.314162731170654 52 35 45
0.6442888379096985 0.07687865942716599 4.347508907318115 57 40 51
0.6399204134941101 0.5256409049034119 4.328561782836914 132 122 141
0.6474690437316895 0.4163641929626465 4.330745697021484 122 109 130
0.6505213379859924 0.4065592586994171 4.332718372344971 67 43 49
0.6527087092399597 0.7576858401298523 4.307275295257568 66 61 72
0.668986439704895 -0.7071406841278076 4.36309289932251 87 66 83
0.6558704972267151 0.3202355206012726 4.320684909820557 95 66 76
0.6164409518241882 0.864140510559082 4.244364261627197 74 66 83
0.6585111021995544 0.527577817440033 4.309106349945068 126 114 139
0.6679514646530151 0.16451431810855865 4.311919689178467 91 71 88
0.691277265548706 -0.6045024991035461 4.335852146148682 134 111 135
0.682478666305542 0.08924917876720428 4.306809902191162 105 84 105
0.6979202032089233 -0.5836960673332214 4.335154056549072 131 108 131
0.6826498508453369 0.769118070602417 4.268288612365723 135 116 135
0.6900252103805542 0.5074880123138428 4.280084609985352 69 56 68
0.7059319019317627 -0.6993743777275085 4.3268046379089355 137 119 141
0.7044866681098938 -0.33289268612861633 4.316815376281738 74 51 62
0.7048744559288025 -0.6089373230934143 4.320006847381592 99 74 100
0.7088816165924072 -0.7082415819168091 4.324695587158203 87 66 92
0.692301332950592 0.5210127830505371 4.271453380584717 135 114 130
0.7101628184318542 -0.7136350274085999 4.320102214813232 120 107 124
0.7017398476600647 0.5935641527175903 4.273244380950928 61 50 68
0.7212213277816772 -0.9803114533424377 4.326871871948242 124 109 135
0.699831485748291 0.7137861847877502 4.250350475311279 96 73 90
0.7278428077697754 -1.1207925081253052 4.329705238342285 124 107 130
0.7292701005935669 -1.1391993761062622 4.322388648986816 116 94 115
0.708461344242096 0.5923906564712524 4.254194736480713 124 106 120
0.7102681994438171 0.5024789571762085 4.256624698638916 66 49 60
0.7148839831352234 0.4056253135204315 4.265392780303955 97 69 90
0.7391008734703064 -0.9866718053817749 4.316662311553955 39 31 50
0.7320919632911682 -0.5752666592597961 4.297269344329834 86 62 79
0.7312958240509033 -0.33335080742836 4.285660743713379 84 56 75
0.73548823595047 -0.7682241201400757 4.291926383972168 97 71 87
0.73548823595047 -0.7682241201400757 4.291926383972168 97 71 87
0.7420274615287781 -0.7146438360214233 4.290990829467773 62 48 69
0.7478383183479309 -0.9912393689155579 4.299995422363281 96 85 98
0.7240350246429443 0.7298375368118286 4.229526042938232 140 117 131
0.7430585026741028 -0.09849625825881958 4.258866310119629 87 65 83
0.7536941170692444 -0.8500407338142395 4.283728122711182 54 37 53
0.7536941170692444 -0.8500407338142395 4.283728122711182 54 37 53
0.7503407597541809 -0.07199175655841827 4.261852741241455 64 54 65
0.7432368993759155 0.09446905553340912 4.238879680633545 120 102 124
0.7562796473503113 0.08774880319833755 4.242281913757324 138 129 153
0.7535361051559448 0.10516344010829926 4.236852645874023 141 122 141
0.7567296028137207 0.0861617773771286 4.239542484283447 135 123 148
0.7609734535217285 0.1567939817905426 4.235457420349121 79 66 93
0.7585575580596924 0.1395377665758133 4.215962886810303 80 64 83
0.7662745118141174 0.6013159155845642 4.200877666473389 69 49 56
0.7694035172462463 0.7240735292434692 4.186657428741455 142 123 142
0.7889971733093262 0.49570104479789734 4.18162202835083 65 47 62
0.8109495043754578 -0.7453755140304565 4.2185959815979 82 64 81
0.8109495043754578 -0.7453755140304565 4.2185959815979 82 64 81
0.8191807866096497 0.030896615236997604 4.171558380126953 137 114 131
0.8192435503005981 0.4966513216495514 4.15347957611084 70 51 65
0.83558189868927 -0.07016871869564056 4.163647174835205 76 52 67
0.8352256417274475 -0.20073114335536957 4.165116310119629 141 118 136
0.8336024880409241 0.13165955245494843 4.154342174530029 103 76 91
0.8507827520370483 -1.0529268980026245 4.192638397216797 128 106 126
0.8366672396659851 0.739555299282074 4.120936393737793 61 46 60
0.8466255068778992 0.40580543875694275 4.129698276519775 132 112 127
0.8031089305877686 0.9387932419776917 4.058390140533447 13 14 24
0.858980119228363 0.1632872372865677 4.127132892608643 138 114 127
0.8161360025405884 0.875339150428772 4.050895690917969 167 186 254
0.8716140985488892 0.030348900705575943 4.124006271362305 136 116 135
0.8293893933296204 0.8731569051742554 4.030374050140381 19 22 48
0.8868556618690491 -0.13255035877227783 4.1167378425598145 130 108 125
0.8841950297355652 0.14663295447826385 4.106856346130371 84 57 71
0.8841950297355652 0.14663295447826385 4.106856346130371 84 57 71
0.8791758418083191 0.5562165975570679 4.08577299118042 95 65 70
0.8791758418083191 0.5562165975570679 4.08577299118042 95 65 70
0.8807019591331482 0.4813295900821686 4.086797714233398 130 104 119
0.8881679773330688 0.5994445085525513 4.068356037139893 66 44 52
0.8881679773330688 0.5994445085525513 4.068356037139893 66 44 52
0.9061756730079651 0.14497210085391998 4.080947399139404 59 43 64
0.9021840691566467 0.7487977147102356 4.0624680519104 95 89 106
1.061142086982727 -0.6362993121147156 4.277657508850098 86 89 112
1.0994857549667358 -1.0912954807281494 4.308281898498535 61 53 86
1.11820650100708 -1.0582817792892456 4.31852388381958 56 53 71
0.8849796652793884 0.8716594576835632 3.9812121391296387 165 185 254
0.88299959897995 0.8692768812179565 3.9771945476531982 166 187 255
1.1211776733398438 -1.093050241470337 4.310995578765869 148 158 192
1.120574951171875 -0.7306112051010132 4.301970958709717 60 60 67
1.1275376081466675 -1.0524653196334839 4.296345233917236 64 69 90
1.137189269065857 -1.1105879545211792 4.30952262878418 155 170 205
1.137189269065857 -1.1105879545211792 4.30952262878418 155 170 205
0.9015684723854065 0.8614997863769531 3.9683725833892822 12 16 27
1.1466660499572754 -0.9392856955528259 4.30941104888916 27 22 43
1.1517964601516724 -1.1429318189620972 4.300549030303955 58 62 94
1.1664947271347046 -1.001907229423523 4.315562725067139 82 94 118
0.9112020134925842 0.8609983921051025 3.9576516151428223 87 87 92
1.0769354104995728 0.7840440273284912 4.161387920379639 38 32 49
1.1580685377120972 -1.0044896602630615 4.291147708892822 62 74 107
1.1649606227874756 -1.1135311126708984 4.293257713317871 174 197 242
1.1676015853881836 -0.7932782769203186 4.2781081199646 63 68 103
1.1647937297821045 -0.7109624743461609 4.2651777267456055 41 44 61
1.1626204252243042 -0.6133100390434265 4.253396511077881 60 60 86
1.1918364763259888 0.1393498331308365 4.218350410461426 79 79 105
1.2306562662124634 -0.5018287301063538 4.267475128173828 160 176 215
1.1220104694366455 0.794348955154419 4.101722717285156 55 49 64
1.2041809558868408 0.19878970086574554 4.208020210266113 65 67 104
1.213597059249878 -0.08728598058223724 4.206387519836426 136 154 194
1.210822343826294 0.36518317461013794 4.196413040161133 61 71 108
1.2105411291122437 0.41371268033981323 4.192467212677002 59 67 98
1.21566903591156 0.037387702614068985 4.196702003479004 158 175 218
1.201363205909729 0.7825477123260498 4.162147045135498 46 49 72
1.2169451713562012 0.5363973379135132 4.18461799621582 63 72 108
1.2168611288070679 0.6635012626647949 4.180668354034424 83 95 120
1.2183523178100586 0.584452748298645 4.182700157165527 58 64 97
1.2132683992385864 0.6718444228172302 4.1629638671875 52 56 78
1.221879005432129 0.7000355124473572 4.162378311157227 54 70 96
1.1294114589691162 0.8461673259735107 4.0433125495910645 66 58 71
1.1294114589691162 0.8461673259735107 4.0433125495910645 66 58 71
1.2809128761291504 -0.12881611287593842 4.23543643951416 110 120 170
1.218743920326233 0.6675367951393127 4.143158912658691 111 132 163
1.1939445734024048 0.7792810797691345 4.1078972816467285 29 28 33
1.287379503250122 -0.025111574679613113 4.223414421081543 115 123 172
1.287379503250122 -0.025111574679613113 4.223414421081543 115 123 172
1.2762564420700073 0.17524990439414978 4.203675746917725 115 122 171
1.267943263053894 -0.4456292688846588 4.2029571533203125 128 136 182
1.2901464700698853 -0.009495990350842476 4.220934867858887 111 116 167
1.2294460535049438 0.6502022743225098 4.134177207946777 33 41 77
1.2313460111618042 0.6625211238861084 4.134912490844727 141 173 210
1.2191307544708252 0.6711437702178955 4.117537498474121 153 176 215
1.1176438331604004 0.944800853729248 3.9896600246429443 71 73 76
1.3116109371185303 0.1776805818080902 4.189529895782471 114 124 171
1.3191436529159546 0.18543535470962524 4.18508243560791 116 124 172
-1.5530648231506348 -1.0200501680374146 6.467851638793945 29 46 98
-1.187575101852417 1.0203659534454346 4.706958770751953 210 224 255
-0.8721249103546143 -0.20534877479076385 5.55177116394043 123 89 106
-0.8321017026901245 0.5314158201217651 5.314126968383789 101 52 70
-0.547755777835846 0.18374007940292358 5.07431697845459 188 183 164
-0.5038386583328247 0.15560559928417206 5.07974100112915 224 221 205
-0.48843657970428467 0.7590146064758301 4.86794376373291 87 52 69
-0.6973509788513184 0.8046519160270691 4.370527744293213 81 50 68
-0.6962572336196899 0.6475661993026733 4.389499664306641 93 55 74
-0.6659727692604065 0.6461965441703796 4.386274337768555 90 54 73
-0.6419755220413208 0.8380638957023621 4.276717185974121 132 88 108
-0.07162889838218689 0.19103920459747314 4.8711771965026855 61 26 33
-0.12091496586799622 0.9148803353309631 4.548610210418701 46 40 44
0.10535283386707306 0.22215300798416138 4.600685119628906 49 28 38
0.3010540008544922 -1.1449410915374756 4.7685441970825195 71 47 70
0.318583607673645 -0.16295915842056274 4.668550968170166 76 49 63
0.3775634765625 -1.0383803844451904 4.682309627532959 81 61 76
0.4448699951171875 -0.795267641544342 4.595300674438477 126 111 132
0.4577227234840393 -0.07243721932172775 4.538790225982666 62 43 62
0.4942663013935089 -1.2022486925125122 4.588219165802002 66 47 65
0.5194031000137329 -0.5522003769874573 4.514016628265381 76 50 63
0.6233227849006653 -0.6912136673927307 4.416924953460693 64 52 65
0.6232600808143616 -0.6911446452140808 4.416481018066406 64 52 65
0.6618208885192871 -0.6986050605773926 4.388226509094238 52 41 51
0.6625345945358276 -0.9808788895606995 4.405431270599365 57 43 62
0.7722635269165039 -0.9995907545089722 4.302311420440674 50 32 50
0.8521931767463684 0.9215245842933655 4.015305042266846 15 21 35
0.8521931767463684 0.9215245842933655 4.015305042266846 15 21 35
0.8712499141693115 0.9286771416664124 4.000637054443359 15 23 37
0.9057407379150391 0.892524242401123 3.968033790588379 104 89 118
-1.5733848810195923 0.8219997882843018 6.226599216461182 74 80 110
-1.5729396343231201 0.747351348400116 6.238973617553711 92 106 140
-1.5613259077072144 0.56275475025177 6.267212867736816 35 50 91
-1.5622752904891968 0.5386346578598022 6.267111301422119 33 48 90
-1.5482759475708008 -1.0260688066482544 6.491564750671387 29 46 98
-1.4219553470611572 0.6188514828681946 6.149122714996338 142 163 204
-1.4119834899902344 0.612983226776123 6.1454572677612305 84 87 120
-1.3698822259902954 0.28254640102386475 6.157489776611328 70 62 87
-1.3698822259902954 0.28254640102386475 6.157489776611328 70 62 87
-1.3809118270874023 -1.2023149728775024 6.391438007354736 118 93 118
-1.2950981855392456 -0.06554761528968811 6.140064239501953 124 106 130
-1.303410530090332 -0.5757014751434326 6.224698543548584 137 116 134
-1.2838376760482788 0.000713036919478327 6.1202545166015625 66 58 78
-1.2709804773330688 -0.2617597281932831 6.145679950714111 130 112 134
-1.2297770977020264 0.014070287346839905 6.070788860321045 119 105 131
-1.2386105060577393 -0.5039512515068054 6.153921604156494 68 55 67
-1.200304627418518 0.4383426606655121 5.979612350463867 158 175 243
-1.226917028427124 -1.0518271923065186 6.227499008178711 125 109 127
-1.2022590637207031 -0.39328300952911377 6.107081890106201 49 36 53
-1.2148972749710083 -1.164320945739746 6.222973823547363 84 62 90
-1.0805528163909912 0.14746159315109253 5.915808200836182 119 105 128
-1.060523509979248 -0.5687364339828491 5.996265888214111 71 54 69
-1.0678631067276 -0.8918095231056213 6.038303375244141 60 42 50
-0.9647154808044434 -1.1535483598709106 5.97959041595459 85 66 79
-0.9280281066894531 -0.5628879070281982 5.8759026527404785 51 39 49
-0.9006820321083069 -0.9183235168457031 5.9025774002075195 77 53 62
-0.7994949817657471 -1.09670889377594 5.81420373916626 66 56 76
-1.1203800439834595 0.7256948351860046 4.681756019592285 85 40 60
-0.7527116537094116 0.12799060344696045 5.455976486206055 82 35 45
-0.735056459903717 -0.031298696994781494 5.509235858917236 54 25 32
-1.0711345672607422 0.7715044617652893 4.627554893493652 86 48 66
-0.7013346552848816 -1.0689960718154907 5.722650051116943 63 43 55
-0.7581741213798523 0.4083295464515686 5.319934844970703 98 57 68
-0.7581741213798523 0.4083295464515686 5.319934844970703 98 57 68
-0.7414509654045105 -0.6395988464355469 5.50351619720459 111 89 107
-0.6941341161727905 -0.472536563873291 5.364894390106201 122 72 83
-0.9966920614242554 0.8023780584335327 4.546503067016602 89 44 56
-0.9780367612838745 0.7588131427764893 4.534532070159912 84 47 65
-0.5827021598815918 -0.23896323144435883 5.286867618560791 126 68 79
-0.49258074164390564 -1.1960488557815552 5.5289082527160645 73 60 78
-0.47943738102912903 -1.2036150693893433 5.5164313316345215 70 57 74
-0.5650291442871094 0.13431888818740845 5.154993057250977 88 47 52
-0.5397641658782959 0.12976405024528503 5.098449230194092 113 105 107
-0.5337799191474915 0.4345100522041321 5.050655841827393 82 44 57
-0.4195457696914673 -0.36496055126190186 5.253421306610107 110 64 72
-0.4348823130130768 0.05933917686343193 5.156677722930908 123 106 84
-0.42827650904655457 -0.350492000579834 5.1622209548950195 110 61 65
-0.4339867830276489 0.5613790154457092 4.89024019241333 65 48 54
-0.4319155812263489 -0.8902620077133179 5.031467437744141 46 23 25
-0.4319155812263489 -0.8902620077133179 5.031467437744141 46 23 25
-0.37069061398506165 -0.5975391864776611 5.023734092712402 127 79 91
-0.6579968333244324 0.651692807674408 4.398423671722412 90 54 73
-0.6676767468452454 0.8891558051109314 4.340672016143799 94 57 68
-0.293144166469574 -0.8724700808525085 4.964437961578369 40 21 25
-0.09393442422151566 -0.07355917990207672 4.906224250793457 144 96 112
-0.11504805833101273 0.9186112284660339 4.5556111335754395 46 40 44
0.08247652649879456 -0.8677045106887817 4.9452805519104 121 108 120
0.1293323040008545 -1.230422019958496 4.9205708503723145 96 73 97
0.1327156126499176 -1.0126316547393799 4.903934478759766 93 74 100
-0.03276275470852852 0.7855963706970215 4.533633232116699 64 41 46
0.04312453046441078 0.2985895574092865 4.621444225311279 97 48 60
0.1750079244375229 -0.707866907119751 4.833190441131592 90 65 80
0.27488747239112854 -0.733985960483551 4.739580154418945 91 65 81
0.2792055308818817 -0.5151028633117676 4.727136611938477 132 117 141
0.3405863046646118 -1.1705262660980225 4.709426403045654 85 65 85
0.37551814317703247 -0.5200809836387634 4.634245872497559 61 44 51
0.3741294741630554 -1.2450363636016846 4.681270599365234 80 52 80
0.3845088481903076 0.33626818656921387 4.566108226776123 76 55 73
0.43167752027511597 -0.41501450538635254 4.576638698577881 57 41 56
0.430887907743454 -0.679783821105957 4.590131759643555 78 55 65
0.4331536293029785 -0.6628012657165527 4.5884857177734375 87 65 80
0.4469107687473297 0.2682393789291382 4.5145344734191895 128 107 119
0.4455050826072693 -0.9749699234962463 4.590394496917725 90 62 82
0.4708046019077301 -0.037009626626968384 4.512657642364502 82 66 84
0.48295482993125916 -0.548097550868988 4.534195423126221 85 55 63
0.49148446321487427 -0.6716864705085754 4.537635803222656 141 123 139
0.5007258057594299 0.07414621114730835 4.4806132316589355 88 64 80
0.5065785050392151 0.39061182737350464 4.453073501586914 69 48 52
0.516166627407074 -1.1948368549346924 4.534792900085449 116 108 135
0.5302095413208008 -1.2040657997131348 4.521331787109375 68 50 71
0.5985100865364075 -0.5577667355537415 4.421262264251709 91 62 74
0.6057034134864807 -1.2199625968933105 4.447097301483154 69 50 72
0.623741090297699 0.09670186787843704 4.361471176147461 147 126 143
0.6526168584823608 -1.2184343338012695 4.398346900939941 124 102 123
0.6851637363433838 0.16168715059757233 4.2996978759765625 96 70 90
0.6873391270637512 -1.225527286529541 4.365203380584717 133 114 139
0.730792760848999 -0.5736227631568909 4.293570518493652 90 64 81
0.7896328568458557 0.06959712505340576 4.2049713134765625 133 114 134
0.8342081308364868 -0.8643262386322021 4.20155668258667 73 53 75
0.8366182446479797 -1.146251916885376 4.209133148193359 78 64 87
0.855170488357544 0.14313670992851257 4.142589569091797 133 109 122
0.8865124583244324 0.021332873031497 4.113819599151611 123 101 119
1.0752395391464233 -1.2235522270202637 4.307659149169922 75 68 105
1.0844289064407349 -1.2402219772338867 4.307332515716553 59 40 78
1.0959843397140503 -1.2533113956451416 4.300387382507324 53 45 67
0.9204432368278503 0.7408844828605652 4.053384780883789 119 107 124
1.1493401527404785 -0.9666587114334106 4.274997711181641 114 135 166
0.9162766933441162 0.8957623839378357 3.9756569862365723 104 89 118
-1.8421653509140015 0.9923463463783264 5.239131927490234 126 144 158
-1.660934329032898 0.8952172994613647 6.218150615692139 103 97 116
-1.5839591026306152 0.7767954468727112 6.243511199951172 28 29 49
-1.5685045719146729 0.8387222290039062 6.2357892990112305 64 67 88
-1.5640417337417603 0.9043362140655518 6.20656156539917 117 103 127
-1.5703731775283813 0.559956431388855 6.2809882164001465 92 107 141
-1.5694791078567505 0.5332626700401306 6.285952568054199 95 110 144
-1.5703076124191284 0.484648734331131 6.28922700881958 95 108 143
-1.574195384979248 0.3057359457015991 6.319285869598389 22 28 48
-1.5672345161437988 0.39876002073287964 6.304153919219971 100 115 155
-1.5600517988204956 0.5104600191116333 6.283042907714844 33 50 94
-1.5573949813842773 0.525335967540741 6.283173084259033 15 26 56
-1.5648589134216309 0.2948469817638397 6.322055339813232 99 109 153
-1.558815836906433 0.4109131097793579 6.297390460968018 28 30 53
-1.5630019903182983 0.20777228474617004 6.334478378295898 103 115 155
-1.5371581315994263 0.5092733502388 6.294379711151123 130 145 190
-1.5586415529251099 -0.2654784321784973 6.407548427581787 109 121 160
-1.5289769172668457 0.3724006712436676 6.294750213623047 142 157 206
-1.549801230430603 -0.24610814452171326 6.4142255783081055 78 91 140
-1.5521612167358398 -0.25576648116111755 6.401655673980713 80 93 141
-1.5536850690841675 -0.26134413480758667 6.39163064956665 80 93 140
-1.5553253889083862 -0.2670893967151642 6.380705833435059 79 92 140
-1.5583837032318115 -0.7140052318572998 6.473021507263184 100 107 150
-1.557283639907837 -0.7030802369117737 6.470222473144531 98 112 148
-1.4807950258255005 0.9359540939331055 6.071830749511719 62 65 94
-1.533228874206543 0.9523029923439026 5.8175458908081055 82 101 93
-1.4622325897216797 0.9261877536773682 6.091903209686279 24 31 48
-1.4392467737197876 0.7257767915725708 6.149304389953613 144 161 204
-1.4356563091278076 0.8727332353591919 6.106236457824707 77 72 102
-1.4296597242355347 0.7956088781356812 6.133353233337402 74 82 114
-1.4265269041061401 0.766426146030426 6.135463237762451 84 92 119
-1.4202641248703003 0.8518089056015015 6.11543607711792 60 69 99
-1.5317128896713257 0.9669269919395447 5.60623836517334 98 107 96
-1.4208124876022339 0.6941562294960022 6.142822742462158 144 161 203
-1.4208124876022339 0.6941562294960022 6.142822742462158 144 161 203
-1.4233181476593018 0.5510697364807129 6.168625354766846 150 166 211
-1.4221668243408203 0.6152765154838562 6.149674415588379 142 163 204
-1.4107071161270142 0.5911687612533569 6.15205192565918 100 92 117
-1.4063488245010376 0.6733344197273254 6.138175010681152 71 62 89
-1.4063621759414673 0.6733992695808411 6.137487888336182 71 62 89
-1.4029219150543213 0.6370083093643188 6.1440229415893555 90 84 110
-1.407688856124878 0.4913090169429779 6.16485595703125 101 85 104
-1.4018049240112305 0.41654106974601746 6.17757511138916 96 82 101
-1.3934029340744019 0.9056378602981567 6.036195755004883 70 58 77
-1.3900017738342285 0.8862611055374146 6.050464630126953 80 68 93
-1.4051690101623535 0.036183349788188934 6.239278316497803 65 69 102
-1.3852978944778442 0.6946197748184204 6.114428520202637 102 93 113
-1.3821598291397095 0.768157422542572 6.101153373718262 45 37 57
-1.3821598291397095 0.768157422542572 6.101153373718262 45 37 57
-1.3809611797332764 0.8718725442886353 6.054069519042969 88 76 97
-1.3850899934768677 0.9063578844070435 6.018917083740234 62 59 75
-1.374363660812378 0.6894646883010864 6.104959487915039 42 34 56
-1.3858033418655396 0.01576845720410347 6.2282233238220215 98 81 107
-1.393418788909912 -0.2816812992095947 6.270676136016846 98 80 98
-1.3605250120162964 0.8784390091896057 6.038405418395996 115 106 123
-1.3973889350891113 -0.7266111373901367 6.346964359283447 97 102 142
-1.3903069496154785 -0.5943825840950012 6.32431173324585 123 104 124
-1.4059613943099976 -1.071115493774414 6.393003940582275 169 186 238
-1.3932963609695435 -0.8238872289657593 6.3619842529296875 69 84 128
-1.3931652307510376 -0.8403772115707397 6.362120628356934 103 105 145
-1.3893134593963623 -0.8246166706085205 6.357204437255859 79 69 99
-1.3901523351669312 -0.9317774772644043 6.370883464813232 74 80 118
-1.3471100330352783 0.9127671718597412 5.98991584777832 45 49 56
-1.3886994123458862 -1.1281383037567139 6.397529602050781 90 107 149
-1.3830238580703735 -0.9698575735092163 6.368783950805664 106 92 112
-1.3868284225463867 -1.1021506786346436 6.388252258300781 114 101 123
-1.3572026491165161 -0.008405780419707298 6.1889448165893555 108 97 125
-1.3695961236953735 -0.5605141520500183 6.2980217933654785 74 59 81
-1.3370040655136108 0.6805222630500793 6.066995143890381 113 103 128
-1.3293466567993164 0.841866672039032 6.04031229019165 73 65 84
-1.334267020225525 0.5378586649894714 6.094254970550537 123 113 136
-1.362297773361206 -0.5676060318946838 6.289498329162598 76 56 73
-1.362297773361206 -0.5676060318946838 6.289498329162598 76 56 73
-1.33281409740448 0.40667757391929626 6.109916687011719 89 71 94
-1.35470712184906 -0.7303591370582581 6.3066229820251465 82 64 87
-1.3515582084655762 -0.5725558996200562 6.274388790130615 90 65 82
-1.337430477142334 -0.5783084630966187 6.267806053161621 93 68 83
-1.3105584383010864 0.36213284730911255 6.0999226570129395 74 59 77
-1.3029308319091797 0.02147771790623665 6.1517767906188965 58 49 66
-1.3063708543777466 -0.49716830253601074 6.225786209106445 71 53 69
-1.276137113571167 0.5392981171607971 6.043148994445801 91 73 90
-1.2874865531921387 0.026727061718702316 6.128448486328125 71 63 87
-1.3061256408691406 -0.7355787754058838 6.260743618011475 71 54 72
-1.290380597114563 -0.2762073278427124 6.180750846862793 70 55 66
-1.2821245193481445 0.009249587543308735 6.131931304931641 105 102 129
-1.2964750528335571 -0.5888811945915222 6.234665393829346 69 54 64
-1.285219669342041 -0.17231324315071106 6.155370235443115 74 56 77
-1.3043968677520752 -1.0452806949615479 6.3051276206970215 78 67 95
-1.2748290300369263 0.018162261694669724 6.11912202835083 69 63 81
-1.2704007625579834 -0.17629212141036987 6.1410746574401855 87 67 91
-1.2704007625579834 -0.17629212141036987 6.1410746574401855 87 67 91
-1.2898224592208862 -0.9276942610740662 6.2671661376953125 62 51 65
-1.2545301914215088 0.27077212929725647 6.067071437835693 59 50 72
-1.2659600973129272 -0.2803245782852173 6.158115863800049 60 50 64
-1.2760591506958008 -0.7484533190727234 6.230311870574951 139 111 126
-1.27744722366333 -1.1491177082061768 6.290111064910889 86 64 82
-1.27744722366333 -1.1491177082061768 6.290111064910889 86 64 82
-1.2670549154281616 -0.7499082088470459 6.218709468841553 131 106 119
-1.2601871490478516 -0.7445204854011536 6.215882778167725 63 48 66
-1.256831169128418 -0.9354243278503418 6.239340782165527 70 57 75
-1.2219973802566528 0.42826637625694275 6.003615856170654 109 122 160
-1.2566903829574585 -1.106320858001709 6.271389484405518 91 68 76
-1.2176347970962524 0.3728455901145935 6.010990619659424 19 25 44
-1.2324838638305664 -0.3935227692127228 6.141320705413818 84 72 89
-1.2324838638305664 -0.3935227692127228 6.141320705413818 84 72 89
-1.228882908821106 -0.38696911931037903 6.139373302459717 52 40 62
-1.23185396194458 -0.5697110891342163 6.165903091430664 88 75 84
-1.231271505355835 -0.7591018676757812 6.183055877685547 131 105 121
-1.2250373363494873 -0.59696364402771 6.161590576171875 62 46 57
-1.1955535411834717 0.4243350028991699 6.0035834312438965 158 175 243
-1.1995127201080322 0.4095589518547058 5.985105037689209 160 178 245
-1.204791784286499 0.061553504317998886 6.048677444458008 65 50 64
-1.204791784286499 0.061553504317998886 6.048677444458008 65 50 64
-1.1962270736694336 0.3893846571445465 5.98983907699585 162 179 248
-1.2286087274551392 -1.0126311779022217 6.226954936981201 87 72 91
-1.2191712856292725 -0.7508654594421387 6.177318572998047 50 42 56
-1.2191712856292725 -0.7508654594421387 6.177318572998047 50 42 56
-1.1902092695236206 0.33364933729171753 5.994753837585449 53 43 53
-1.219035029411316 -0.861640214920044 6.191542625427246 79 64 79
-1.221189022064209 -1.0341496467590332 6.222655773162842 48 39 53
-1.2236140966415405 -1.1534277200698853 6.239476680755615 67 54 71
-1.200081467628479 -0.43626514077186584 6.112410545349121 123 103 122
-1.185982584953308 0.13779273629188538 6.018732070922852 62 52 68
-1.1887116432189941 0.01722157932817936 6.0369553565979 46 34 50
-1.2000492811203003 -0.5793028473854065 6.138955593109131 79 61 70
-1.1947828531265259 -0.2862429618835449 6.085206508636475 57 49 73
-1.1767451763153076 0.42879703640937805 5.961002349853516 111 112 155
-1.1764805316925049 0.36737045645713806 5.972750663757324 16 25 50
-1.170943021774292 0.4352056086063385 5.958996772766113 46 43 75
-1.1937687397003174 -0.6017708778381348 6.1312150955200195 55 43 52
-1.1937687397003174 -0.6017708778381348 6.1312150955200195 55 43 52
-1.190476417541504 -0.6495048999786377 6.144564151763916 77 55 67
-1.1658155918121338 0.5054765939712524 5.944995880126953 58 46 66
-1.1724168062210083 0.012560746632516384 6.023538589477539 79 61 84
-1.1716969013214111 -0.2885432243347168 6.069665431976318 41 34 57
-1.188345193862915 -1.0265334844589233 6.184824466705322 128 110 129
-1.1770826578140259 -0.66744065284729 6.126904487609863 70 49 58
-1.1590911149978638 0.01125551387667656 6.017009258270264 78 60 83
-1.1871628761291504 -1.1670470237731934 6.200734615325928 86 62 84
-1.1824216842651367 -1.1541638374328613 6.197289943695068 130 118 142
-1.1459745168685913 0.33108773827552795 5.9614458084106445 55 42 55
-1.1554720401763916 -0.08493595570325851 6.0159525871276855 124 106 128
-1.1410431861877441 0.13380752503871918 5.980581760406494 64 49 66
-1.1410431861877441 0.13380752503871918 5.980581760406494 64 49 66
-1.164194941520691 -0.8641098737716675 6.138406753540039 77 60 78
-1.1372798681259155 0.0027219760231673717 6.001626014709473 49 40 60
-1.1443588733673096 -0.2923862040042877 6.0433220863342285 64 55 78
-1.129095435142517 0.3553650677204132 5.932371139526367 120 106 120
-1.1496981382369995 -1.0595014095306396 6.150062084197998 125 107 123
-1.1475820541381836 -1.0440292358398438 6.148709774017334 63 49 66
-1.112148404121399 0.3486684560775757 5.91719913482666 57 55 75
-1.1136045455932617 0.18131700158119202 5.949934482574463 59 46 57
-1.1074386835098267 0.2543390393257141 5.9299139976501465 56 45 55
-1.1074386835098267 0.2543390393257141 5.9299139976501465 56 45 55
-1.1328798532485962 -0.9653176069259644 6.126229763031006 74 61 72
-1.1252707242965698 -0.8912275433540344 6.1195244789123535 69 61 75
-1.1214487552642822 -0.6656305193901062 6.072387218475342 84 61 74
-1.1284714937210083 -1.0508441925048828 6.129912376403809 82 61 73
-1.0943357944488525 0.400689959526062 5.900897026062012 49 37 54
-1.1024360656738281 0.016615694388747215 5.958378314971924 117 100 122
-1.1082717180252075 -0.2890043258666992 6.0081000328063965 55 45 70
-1.0971581935882568 -0.21575137972831726 5.986047744750977 118 101 126
-1.111945629119873 -1.0561635494232178 6.116947174072266 70 54 73
-1.0954567193984985 -0.4995761215686798 6.029463291168213 75 51 60
-1.0755956172943115 0.4078295826911926 5.879319667816162 60 47 60
-1.102738618850708 -1.1216342449188232 6.118692398071289 66 50 75
-1.096221923828125 -0.8919546604156494 6.085390090942383 62 39 47
-1.0915658473968506 -0.7832462787628174 6.060597896575928 71 50 58
-1.069725751876831 0.016374945640563965 5.938175201416016 122 100 120
-1.0694446563720703 -0.21527689695358276 5.9612603187561035 61 43 53
-1.1269265413284302 0.47378110885620117 5.602838039398193 42 26 32
-1.1269265413284302 0.47378110885620117 5.602838039398193 42 26 32
-1.196254014968872 0.9936423897743225 5.2865705490112305 74 38 45
-1.0704421997070312 -0.9868453145027161 6.068366527557373 83 54 63
-1.072656273841858 -1.1390188932418823 6.090096473693848 70 54 74
-1.0596749782562256 -0.5677087306976318 5.998165130615234 71 54 69
-1.067111849784851 -0.8902992606163025 6.039683818817139 60 42 50
-1.0510849952697754 -0.29750946164131165 5.952080249786377 128 115 135
-1.1179192066192627 0.4722679555416107 5.592126846313477 63 49 52
-1.056225061416626 -1.0676164627075195 6.068779468536377 74 54 71
-1.3202729225158691 0.8273325562477112 4.90751314163208 72 40 57
-1.3202729225158691 0.8273325562477112 4.90751314163208 72 40 57
-1.038723111152649 -0.669578492641449 6.021337985992432 79 57 66
-1.038723111152649 -0.669578492641449 6.021337985992432 79 57 66
-1.048529863357544 -0.7927404642105103 6.016703128814697 73 45 57
-1.045493483543396 -0.9856883883476257 6.040008068084717 74 57 70
-1.045493483543396 -0.9856883883476257 6.040008068084717 74 57 70
-1.0421053171157837 -0.8959717154502869 6.026246070861816 54 42 49
-1.0202882289886475 0.16692113876342773 5.864027976989746 39 27 33
-1.0333566665649414 -0.5434976816177368 5.967236042022705 51 41 55
-1.093919277191162 0.5015385150909424 5.573856353759766 111 68 79
-1.0937992334365845 0.5268939733505249 5.56512975692749 70 36 45
-1.0407806634902954 -1.0642213821411133 6.033075332641602 81 59 72
-1.0407806634902954 -1.0642213821411133 6.033075332641602 81 59 72
-1.0275033712387085 -0.6620357632637024 5.986340522766113 60 52 71
-1.085494041442871 0.5157559514045715 5.562286376953125 55 30 37
-1.0271780490875244 -0.9000458121299744 6.01405668258667 56 32 40
-1.0113165378570557 -0.09421160817146301 5.887735366821289 72 58 82
-1.0111238956451416 -0.11479027569293976 5.891094207763672 50 37 47
-1.0111238956451416 -0.11479027569293976 5.891094207763672 50 37 47
-1.0800235271453857 0.47453105449676514 5.5574822425842285 32 32 34
-1.0132145881652832 -1.1430038213729858 6.032190799713135 79 64 88
-0.990484893321991 -0.5079983472824097 5.92133092880249 71 50 60
-0.9937829971313477 -1.0792123079299927 5.996977806091309 96 65 77
-1.0455328226089478 0.031021788716316223 5.63146448135376 131 78 89
-1.0454455614089966 0.48162922263145447 5.522507667541504 111 74 82
-1.0374784469604492 0.017685268074274063 5.633006572723389 150 96 113
-0.9720668792724609 -0.5008195638656616 5.90268611907959 124 110 133
-0.9780850410461426 -0.9896589517593384 5.974974632263184 91 70 90
-0.9734863042831421 -0.9078902006149292 5.967353343963623 77 60 71
-0.9734863042831421 -0.9078902006149292 5.967353343963623 77 60 71
-1.0393602848052979 0.4680776298046112 5.516152381896973 118 76 88
-0.9634153842926025 -0.4392397105693817 5.898061752319336 72 54 74
-1.2651947736740112 0.6791967153549194 4.862163066864014 68 38 49
-1.2697908878326416 0.9072303175926208 4.801105976104736 79 42 49
-0.9649942517280579 -1.1043225526809692 5.974386692047119 135 112 126
-0.9612234830856323 -0.9700310826301575 5.9562907218933105 81 58 75
-0.9599977135658264 -1.0952696800231934 5.982299327850342 72 55 63
-1.0125627517700195 -0.000582181557547301 5.628616809844971 148 95 111
-1.0085135698318481 0.04976983740925789 5.627392292022705 54 23 21
-0.9824267029762268 0.31857767701148987 5.623483180999756 108 75 89
-0.94254469871521 -0.4233338236808777 5.870400428771973 129 109 128
-0.9448793530464172 -0.5159702897071838 5.881838321685791 70 52 62
-0.9448793530464172 -0.5159702897071838 5.881838321685791 70 52 62
-0.9558367729187012 -1.1101713180541992 5.966470241546631 74 56 74
-0.9754530787467957 0.15037284791469574 5.651416778564453 43 20 20
-0.9351334571838379 -0.42559942603111267 5.859951019287109 122 106 124
-1.2492858171463013 0.9060966372489929 4.776153087615967 80 42 48
-0.9912538528442383 0.42218145728111267 5.541501998901367 71 49 50
-1.2340726852416992 0.8257084488868713 4.816024303436279 92 49 65
-0.9730717539787292 0.08590776473283768 5.631677627563477 40 19 18
-0.9733425378799438 0.3658827543258667 5.569896221160889 146 100 119
-0.9947497844696045 0.4651584029197693 5.477734565734863 126 81 100
-0.9599555134773254 0.33336251974105835 5.5912766456604 141 94 112
-0.9881755113601685 0.45434513688087463 5.482766151428223 58 32 39
-0.9140548706054688 -0.4351728558540344 5.841667175292969 62 42 58
-0.9034191370010376 -0.2356663942337036 5.8056640625 90 65 80
-0.9056471586227417 -0.36811351776123047 5.82407283782959 70 54 65
-1.2205601930618286 0.879094123840332 4.780150890350342 103 71 92
-0.928331196308136 0.37324750423431396 5.59143590927124 94 44 53
-0.9688839912414551 0.512823224067688 5.444554328918457 61 32 39
-0.9335297346115112 0.4206039011478424 5.547667980194092 63 42 51
-0.8898161053657532 -0.5710281729698181 5.8417229652404785 62 46 57
-0.8866139650344849 -0.5224003791809082 5.829291343688965 66 44 54
-1.2013167142868042 0.82444167137146 4.782711982727051 83 42 59
-0.8865904808044434 -0.5104767084121704 5.818673133850098 131 108 125
-0.881945013999939 -0.5705971121788025 5.827368259429932 59 42 52
-0.8910849690437317 -1.2013812065124512 5.914469242095947 81 66 84
-0.9775179028511047 0.6047257781028748 5.330680847167969 92 61 73
-0.941527783870697 0.5398175716400146 5.420440196990967 85 46 56
-0.8661288022994995 -1.128282904624939 5.879382610321045 81 62 75
-0.8653634190559387 -1.1735416650772095 5.887842178344727 68 53 74
-0.8653634190559387 -1.1735416650772095 5.887842178344727 68 53 74
-0.9277485013008118 0.5079637169837952 5.414407730102539 74 37 47
-0.872174859046936 0.22104565799236298 5.601839065551758 57 22 32
-0.872174859046936 0.22104565799236298 5.601839065551758 57 22 32
-0.8466202020645142 -0.3218749165534973 5.761960029602051 131 107 125
-0.8483214378356934 -0.5578747391700745 5.794727325439453 132 110 127
-0.8473450541496277 -1.1935839653015137 5.873783111572266 129 114 134
-0.8372279405593872 -0.7065480351448059 5.806069850921631 64 42 56
-0.897031843662262 0.4687902629375458 5.386560916900635 65 36 44
-0.8065758943557739 -0.3422619104385376 5.733870029449463 61 46 59
-0.8297790884971619 0.29865390062332153 5.554475784301758 63 27 36
-0.8062304258346558 -0.6037939190864563 5.759888648986816 72 58 84
-0.8062304258346558 -0.6037939190864563 5.759888648986816 72 58 84
-0.8050470352172852 -0.634273111820221 5.764438629150391 75 55 75
-0.7972831726074219 -0.3410971760749817 5.723692893981934 65 48 64
-0.7972531914710999 -0.7000895142555237 5.763554573059082 80 59 75
-0.7972531914710999 -0.7000895142555237 5.763554573059082 80 59 75
-0.8147869110107422 0.25109028816223145 5.55134916305542 52 22 22
-0.8002604842185974 -1.0946953296661377 5.8117499351501465 66 56 76
-0.7960910201072693 -0.9305258989334106 5.786728858947754 124 105 127
-0.7925363779067993 -0.7072923183441162 5.751572608947754 134 110 121
-0.7965989112854004 -1.1270625591278076 5.81318473815918 79 58 67
-0.7902342081069946 -0.9492166042327881 5.782878875732422 50 31 41
-0.7902342081069946 -0.9492166042327881 5.782878875732422 50 31 41
-0.7864943146705627 -0.9127911925315857 5.7766618728637695 75 60 83
-1.1785125732421875 0.9986611008644104 4.5313310623168945 219 228 255
-0.797420084476471 0.2958346903324127 5.529208660125732 57 22 33
-0.8477888703346252 -0.5167609453201294 5.538947105407715 79 29 33
-0.7994962334632874 0.1700357347726822 5.533227920532227 50 25 32
-0.7754287719726562 -1.0495095252990723 5.784762859344482 79 60 80
-0.7734630703926086 -0.9553982019424438 5.770565986633301 67 46 61
-0.8273313045501709 -0.44952261447906494 5.543160438537598 100 54 61
-0.8032369613647461 -0.4593947231769562 5.596898555755615 98 57 63
-1.1092606782913208 0.8773917555809021 4.665295124053955 106 71 89
-0.7828748822212219 0.1813463419675827 5.527190208435059 60 29 39
-0.7828748822212219 0.1813463419675827 5.527190208435059 60 29 39
-0.8087404370307922 -0.1852230727672577 5.525442600250244 81 39 43
-0.7553701400756836 -1.1999794244766235 5.774238109588623 79 66 85
-0.7925700545310974 -0.39991122484207153 5.522640705108643 50 26 31
-0.8043308854103088 -0.7308179140090942 5.545588970184326 131 111 126
-0.7393743395805359 -1.1930092573165894 5.765517234802246 127 112 142
-0.8098371624946594 -0.6230826377868652 5.509591579437256 127 100 114
-1.0936777591705322 0.9069932699203491 4.6117472648620605 80 46 59
-0.7244452834129333 -1.0613034963607788 5.737780570983887 88 62 79
-0.7212700843811035 -0.9616468548774719 5.717545509338379 78 59 79
-0.7532935738563538 0.1281122863292694 5.4546613693237305 82 35 45
-0.7413549423217773 0.027855129912495613 5.4945068359375 54 26 35
-0.712291955947876 -1.147976040840149 5.727612018585205 66 54 71
-0.712291955947876 -1.147976040840149 5.727612018585205 66 54 71
-1.0621415376663208 0.7753406763076782 4.647190570831299 86 48 66
-1.062966227531433 0.8771098256111145 4.620862007141113 107 71 88
-0.8117517828941345 -0.7809886336326599 5.433591842651367 135 93 108
-0.6995226740837097 -0.9634625315666199 5.698670387268066 79 57 78
-0.7227876782417297 0.01152956485748291 5.490012168884277 84 40 43
-0.7322134375572205 -0.08287577331066132 5.481621742248535 119 66 79
-1.08849036693573 0.9956216216087341 4.529292583465576 112 114 137
-1.0505365133285522 0.7652233242988586 4.640875816345215 80 46 63
-0.6850360035896301 -1.2195863723754883 5.7163543701171875 84 66 90
-0.7135699391365051 -0.22479020059108734 5.494748115539551 68 28 40
-0.6836397051811218 -1.2591676712036133 5.712935924530029 93 68 93
-0.6950156688690186 0.23315027356147766 5.443410873413086 53 24 32
-0.6973766088485718 0.1734723448753357 5.441209316253662 41 20 23
-0.7719594836235046 0.585110068321228 5.212874889373779 72 50 60
-0.7719594836235046 0.585110068321228 5.212874889373779 72 50 60
-0.756236732006073 -0.7431999444961548 5.453807830810547 38 23 23
-0.756236732006073 -0.7431999444961548 5.453807830810547 38 23 23
-0.7731754183769226 0.5837664604187012 5.207434177398682 74 50 60
-0.6896620988845825 0.14754505455493927 5.439534664154053 46 20 27
-0.743323564529419 0.4481631815433502 5.2421183586120605 72 40 54
-0.743798017501831 0.447977751493454 5.2398295402526855 72 40 54
-0.6485415101051331 -1.1522384881973267 5.672542572021484 73 61 83
-0.6435768604278564 -1.085923194885254 5.654796600341797 80 62 81
-0.6435768604278564 -1.085923194885254 5.654796600341797 80 62 81
-0.729077160358429 -0.4775780439376831 5.357181072235107 76 38 42
-0.7484727501869202 -0.8120105862617493 5.351138591766357 138 92 103
-0.9975884556770325 0.8231499195098877 4.576381683349609 100 53 71
-0.7121525406837463 0.4551953077316284 5.216862678527832 83 46 61
-0.7056495547294617 -0.5173929929733276 5.364129543304443 61 25 28
-0.7216477990150452 -0.765285313129425 5.367950439453125 42 22 23
-0.7021898627281189 -0.5462400317192078 5.365835189819336 47 24 32
-0.6141442656517029 -1.2444126605987549 5.641211032867432 73 61 84
-0.9915930032730103 0.7631307244300842 4.5704569816589355 79 47 63
-0.68647301197052 -0.4875922203063965 5.354775905609131 70 30 37
-0.6871241927146912 -0.6581017374992371 5.3752007484436035 121 69 83
0.3676367700099945 -1.0055019855499268 7.553135871887207 135 83 97
-0.6849338412284851 -0.561850905418396 5.3334641456604 127 75 88
-0.6849338412284851 -0.561850905418396 5.3334641456604 127 75 88
-0.590660035610199 -1.2442399263381958 5.615860462188721 40 30 46
-0.590660035610199 -1.2442399263381958 5.615860462188721 40 30 46
-0.7078643441200256 -0.8667818903923035 5.3255486488342285 119 65 72
0.402429461479187 0.1543004810810089 7.398356914520264 65 38 52
-0.6368736028671265 0.0307882409542799 5.32146692276001 55 23 31
-0.6341509819030762 0.13217784464359283 5.311522483825684 70 36 48
-0.2117035686969757 0.5742641091346741 6.080582618713379 83 48 66
-0.6665199398994446 -0.5484632849693298 5.329345703125 60 27 38
0.41077950596809387 -0.25469639897346497 7.42167854309082 103 77 97
-0.6689401268959045 -0.4432867169380188 5.286456108093262 142 88 104
-0.654310405254364 -1.0406640768051147 5.384524822235107 54 30 36
-0.6547370553016663 0.5024498701095581 5.156190872192383 82 41 56
0.45832327008247375 0.08654839545488358 7.393425941467285 73 46 57
-0.6452950239181519 -1.029165506362915 5.371248245239258 133 81 90
-0.6452950239181519 -1.029165506362915 5.371248245239258 133 81 90
-0.637694776058197 -0.5179633498191833 5.313055038452148 54 22 26
-0.6370384693145752 -0.4651165008544922 5.305161476135254 59 24 30
-0.6370384693145752 -0.4651165008544922 5.305161476135254 59 24 30
-0.649257242679596 -0.5579093098640442 5.292854309082031 135 84 101
-0.6549274325370789 -0.8496730923652649 5.321446418762207 62 27 37
-0.6432825922966003 -1.0509064197540283 5.366223335266113 54 31 39
-0.6189256906509399 -0.3795965015888214 5.318163871765137 29 14 15
-0.54522305727005 -1.1827195882797241 5.571077823638916 62 47 66
0.4916289448738098 -0.08240685611963272 7.4006781578063965 56 23 34
0.4944036602973938 -0.8519989848136902 7.511688709259033 58 24 24
-0.592991828918457 -0.2523394823074341 5.3057355880737305 122 62 72
-0.6260853409767151 0.5004536509513855 5.126440525054932 74 42 54
-0.6260853409767151 0.5004536509513855 5.126440525054932 74 42 54
-0.6234868168830872 -0.8562723398208618 5.315946102142334 59 23 34
-0.6052101850509644 -0.5725672841072083 5.307736396789551 36 16 16
-0.6283358931541443 0.5523692965507507 5.078344345092773 136 100 118
-0.5916979908943176 -1.0212007761001587 5.352065563201904 119 94 116
-0.6064843535423279 0.4984011650085449 5.111207962036133 84 44 62
-0.5853309035301208 -0.19618737697601318 5.238223075866699 101 60 67
-0.5859783291816711 -0.5535734295845032 5.28434944152832 51 24 27
-0.9069534540176392 0.7615670561790466 4.48799467086792 80 44 58
-0.6128218770027161 -0.783456027507782 5.251298904418945 43 21 21
-0.5506612658500671 -0.25273922085762024 5.279746055603027 48 23 26
-0.5533061623573303 -0.43844565749168396 5.280696868896484 61 32 41
-0.5437740683555603 -0.0452323779463768 5.233066558837891 152 128 115
-0.5400610566139221 -0.07991089671850204 5.234885215759277 140 113 105
-0.5366068482398987 -0.2896835505962372 5.269472599029541 53 24 21
-0.5366068482398987 -0.2896835505962372 5.269472599029541 53 24 21
-0.5366068482398987 -0.2896835505962372 5.269472599029541 53 24 21
-0.5922755599021912 0.5500383973121643 5.040935516357422 132 98 113
-0.555987536907196 0.22746820747852325 5.149015426635742 103 92 77
-0.5760520696640015 0.43600207567214966 5.081882953643799 79 44 56
-0.5231908559799194 -0.1756841391324997 5.25502872467041 42 21 18
-0.525481641292572 -0.1945892721414566 5.2504377365112305 98 55 62
-0.5679632425308228 0.42181143164634705 5.083132266998291 121 137 186
-0.565191388130188 0.44694089889526367 5.076436519622803 79 43 58
-0.5242587327957153 -0.32491227984428406 5.249084949493408 52 22 22
-0.5632455945014954 0.4120256006717682 5.077930927276611 53 59 105
-0.45763304829597473 -1.202554702758789 5.485769271850586 84 66 89
-0.5688043236732483 -0.8588907718658447 5.225382328033447 136 82 98
-0.5637136697769165 0.16964183747768402 5.098098278045654 21 15 12
-0.520706057548523 -0.350504994392395 5.245299816131592 62 27 33
-0.5091115236282349 -0.17661152780056 5.240981578826904 85 64 46
-0.5091115236282349 -0.17661152780056 5.240981578826904 85 64 46
-0.5116543769836426 -0.12294191867113113 5.217793941497803 143 129 111
-0.5135021209716797 -0.33763551712036133 5.24019718170166 113 61 73
-0.5571757555007935 0.15281763672828674 5.090490341186523 152 142 146
-0.5571757555007935 0.15281763672828674 5.090490341186523 152 142 146
-0.8635910153388977 0.71879643201828 4.456034183502197 87 40 51
-0.8635910153388977 0.71879643201828 4.456034183502197 87 40 51
-0.5541200041770935 0.18188247084617615 5.089260578155518 177 172 162
-0.5296568870544434 0.2203873097896576 5.1283440589904785 83 71 57
-0.5472890734672546 0.4163280427455902 5.058398723602295 125 141 192
-0.5037640333175659 -0.1978536695241928 5.215015888214111 125 106 91
-0.5393821597099304 0.13043665885925293 5.099110126495361 113 105 107
-0.5175375938415527 -0.028690187260508537 5.159268856048584 206 200 185
-0.5188927054405212 -0.016404857859015465 5.154236316680908 212 204 181
-0.5112196803092957 -0.08911281079053879 5.176100730895996 197 185 164
-0.5496153235435486 -0.8968936204910278 5.209657669067383 143 97 117
-0.4986647069454193 -0.34938785433769226 5.228730201721191 50 21 22
-0.4986647069454193 -0.34938785433769226 5.228730201721191 50 21 22
-0.8784424066543579 0.6080052256584167 4.416231155395508 107 64 73
-0.5342962145805359 0.12239912897348404 5.101535797119141 134 124 122
-0.852752685546875 0.627301812171936 4.458269119262695 61 32 36
-0.5379586815834045 0.15478430688381195 5.084758758544922 129 119 120
-0.42958101630210876 -1.2016996145248413 5.453360080718994 80 50 68
-0.5283511877059937 0.13587969541549683 5.095938682556152 100 90 91
-0.5283511877059937 0.13587969541549683 5.095938682556152 100 90 91
-0.49185970425605774 -0.4180459678173065 5.233251571655273 65 36 45
-0.5564075112342834 -0.9689146876335144 5.183216571807861 120 67 77
-0.5015814304351807 -0.0499473437666893 5.158499240875244 104 71 44
-0.5057458281517029 0.008501197211444378 5.142290115356445 155 132 109
-0.4903806149959564 -0.37134990096092224 5.217626571655273 55 23 28
-0.4962874948978424 -1.046527624130249 5.287667751312256 84 38 41
-0.4863262176513672 -0.35518452525138855 5.215937614440918 113 67 75
-0.5071101784706116 0.24833932518959045 5.094884395599365 59 28 29
-0.49705633521080017 0.00462842732667923 5.140647888183594 223 213 186
-0.5195847749710083 0.1613948494195938 5.0792460441589355 111 101 104
-0.481211394071579 -0.20430447161197662 5.190875053405762 130 105 91
-0.5118001103401184 0.13076752424240112 5.089969635009766 200 193 174
-0.4140152633190155 -1.2030160427093506 5.4329833984375 63 45 63
-0.4140152633190155 -1.2030160427093506 5.4329833984375 63 45 63
-0.4907554090023041 0.013409190811216831 5.135462760925293 177 162 136
-0.500270664691925 0.1411198079586029 5.085263252258301 129 114 108
-0.4402278959751129 0.04873911663889885 5.20309591293335 68 40 20
-0.48126161098480225 0.006055067293345928 5.131840705871582 97 78 74
-0.4927661120891571 0.1282927542924881 5.08521032333374 192 184 176
-0.47293898463249207 0.015896616503596306 5.129697799682617 172 160 135
-0.52261883020401 0.5672748684883118 4.971410274505615 61 47 53
-0.4957278072834015 0.19209280610084534 5.065917491912842 162 151 137
-0.5004494190216064 0.49298226833343506 5.013568878173828 81 45 61
-0.45972487330436707 -0.008614601567387581 5.145030975341797 160 147 135
-0.44219470024108887 0.07541290670633316 5.156312465667725 176 159 128
-0.495076060295105 0.5137813091278076 5.004660129547119 104 57 70
-0.495076060295105 0.5137813091278076 5.004660129547119 104 57 70
-0.47859126329421997 0.18920296430587769 5.072568893432617 71 57 68
-0.4592525362968445 0.014178040437400341 5.128552436828613 176 164 139
-0.4526428282260895 -0.42170092463493347 5.1934638023376465 75 35 44
-0.47890594601631165 0.1799699366092682 5.070800304412842 173 161 147
-0.47248542308807373 -0.9463658928871155 5.217097282409668 46 21 25
-0.4411669373512268 -0.17507091164588928 5.174005031585693 39 18 16
-0.428879052400589 0.0833403691649437 5.159315586090088 177 162 131
-0.447218120098114 -0.013389823026955128 5.1309380531311035 195 188 162
-0.4423099756240845 -0.3569471538066864 5.174218654632568 46 19 18
-0.4228256344795227 0.052311088889837265 5.153713226318359 104 84 64
-0.44956082105636597 0.17781104147434235 5.083292484283447 164 154 142
-0.4591718912124634 0.2091115117073059 5.061687469482422 130 117 135
-0.4311201572418213 -0.03575490787625313 5.138296127319336 215 207 179
-0.4328085780143738 0.0015820038970559835 5.125206470489502 159 143 120
-0.4425949156284332 -1.0583430528640747 5.2396111488342285 144 112 129
-0.7143508791923523 -0.5928391814231873 4.704343318939209 73 40 54
-0.4276803731918335 -0.016124652698636055 5.124109268188477 102 80 68
-0.4467988908290863 0.22969000041484833 5.060463905334473 31 20 24
-0.4463978409767151 0.19401991367340088 5.0607404708862305 98 80 74
-0.775908887386322 0.7898119688034058 4.414485454559326 96 53 74
-0.4685196876525879 0.4814895987510681 4.979183197021484 85 47 60
-0.4906073808670044 -0.826751172542572 5.101541996002197 114 70 84
-0.4906073808670044 -0.826751172542572 5.101541996002197 114 70 84
-0.37525781989097595 -1.2184480428695679 5.346047401428223 27 20 23
-0.4208541810512543 -0.4740987718105316 5.159260272979736 59 27 33
-0.4610607624053955 -0.5690357685089111 5.099386692047119 66 32 33
-0.4610607624053955 -0.5690357685089111 5.099386692047119 66 32 33
-0.36503586173057556 -1.2292970418930054 5.341222286224365 168 152 129
-0.4026559591293335 0.17021037638187408 5.102059841156006 98 81 72
-0.4326678216457367 0.19993653893470764 5.044703006744385 104 78 73
-0.4326678216457367 0.19993653893470764 5.044703006744385 104 78 73
-0.4056954085826874 0.17064169049263 5.0911865234375 119 99 90
-0.44239169359207153 -0.6998734474182129 5.1284565925598145 128 78 95
-0.4044751226902008 -0.3247269093990326 5.136617183685303 106 60 65
-0.4044751226902008 -0.3247269093990326 5.136617183685303 106 60 65
-0.7571985721588135 0.8703290820121765 4.39104700088501 126 88 110
-0.4674089252948761 0.5743602514266968 4.917012691497803 55 43 47
-0.4205566644668579 -1.0037238597869873 5.186336040496826 85 35 46
-0.34950655698776245 -1.2265130281448364 5.333237648010254 33 22 21
-0.41755935549736023 0.1993441879749298 5.038754940032959 210 204 192
-0.4438323378562927 0.4167928397655487 4.967234134674072 68 41 54
-0.4471184313297272 -0.8868402242660522 5.114690780639648 60 28 42
-0.39956793189048767 -0.30865827202796936 5.122250556945801 49 20 21
-0.4115928113460541 0.18770425021648407 5.040747165679932 111 91 88
-0.3930841088294983 -0.28894805908203125 5.117241859436035 104 65 70
-0.3930841088294983 -0.28894805908203125 5.117241859436035 104 65 70
-0.393530935049057 -0.28901246190071106 5.115837574005127 102 60 66
-0.43462130427360535 0.5120421648025513 4.94964599609375 88 51 63
-0.43462130427360535 0.5120421648025513 4.94964599609375 88 51 63
-0.4050506055355072 0.20698294043540955 5.0349955558776855 135 119 113
-0.4022316634654999 0.18965639173984528 5.038553714752197 191 183 171
-0.3910145163536072 0.21862708032131195 5.047752380371094 125 110 108
-0.39519068598747253 0.1873501092195511 5.042423725128174 170 162 152
-0.3924802541732788 0.20889624953269958 5.042271137237549 98 73 70
-0.426862508058548 -0.6003470420837402 5.0751237869262695 54 27 36
-0.37716227769851685 0.16753314435482025 5.0610575675964355 66 34 36
-0.42229676246643066 0.43299511075019836 4.946052551269531 53 44 48
-0.38789239525794983 -1.056921362876892 5.176911354064941 100 49 59
-0.4155890941619873 -0.5646397471427917 5.071372032165527 101 67 79
-0.39019328355789185 0.3213707208633423 5.005874156951904 157 109 126
-0.3710097372531891 0.24427320063114166 5.044526100158691 76 34 36
-0.36919283866882324 -0.25757890939712524 5.086331367492676 122 70 79
-0.400902658700943 -0.565398633480072 5.056222438812256 58 23 28
-0.3873744308948517 -0.5153217315673828 5.064437389373779 128 76 91
-0.6894810199737549 0.7488192319869995 4.411214828491211 99 49 66
-0.3778807818889618 0.3802136778831482 4.963727951049805 120 64 76
-0.3877628743648529 -0.542697012424469 5.043919086456299 135 89 104
-0.2737354040145874 -1.2407593727111816 5.2940216064453125 120 91 109
-0.38248640298843384 -0.6039137840270996 5.03903341293335 146 94 109
-0.3322158753871918 0.1485884189605713 5.022683620452881 68 37 48
-0.3350730538368225 -0.05127279460430145 5.039361000061035 66 39 51
-0.37563231587409973 -0.5762785077095032 5.032439231872559 118 70 82
-0.333103746175766 -0.000908183166757226 5.034488677978516 55 24 33
-0.3534294664859772 -1.0123060941696167 5.115133285522461 154 102 119
-0.33216550946235657 0.05878404527902603 5.026180744171143 64 34 41
-0.3648656904697418 -0.36378079652786255 5.018517017364502 64 30 29
-0.36579737067222595 -1.07455575466156 5.090925693511963 146 92 109
-0.33880123496055603 -0.970387876033783 5.1095428466796875 71 25 35
-0.31990477442741394 -0.007964760065078735 5.024216651916504 85 40 48
-0.33882206678390503 -0.9812999963760376 5.10365629196167 145 90 110
-0.33882206678390503 -0.9812999963760376 5.10365629196167 145 90 110
-0.6486960649490356 0.7095233798027039 4.412300109863281 108 55 77
-0.3192513585090637 0.1863958239555359 4.99922513961792 158 106 116
-0.3202551305294037 -0.017606833949685097 5.0195136070251465 149 98 111
-0.6466318964958191 0.7500030398368835 4.407373428344727 116 65 82
-0.6441348195075989 0.8135368227958679 4.399044036865234 93 53 77
-0.34730908274650574 -0.7146310806274414 5.046514511108398 134 82 100
-0.3585755527019501 -0.6042671203613281 5.011988639831543 69 32 39
-0.350332647562027 -0.733059287071228 5.025160789489746 103 64 83
-0.3040170967578888 0.25988516211509705 4.982041358947754 61 31 36
-0.3112433850765228 -0.1263734996318817 5.012457370758057 56 22 27
-0.34595710039138794 -0.5761163234710693 5.007595539093018 66 31 33
-0.30243170261383057 0.1044246181845665 4.99945068359375 78 44 56
-0.3021915555000305 0.19984425604343414 4.988377571105957 55 18 26
-0.32422831654548645 -0.48924723267555237 5.0087175369262695 87 39 52
-0.29351308941841125 0.20296579599380493 4.978379726409912 132 82 90
-0.34089595079421997 -0.6067702770233154 4.990238666534424 134 86 102
-0.3140921890735626 -0.9895895719528198 5.066432476043701 147 93 109
-0.3331887125968933 -0.5978885293006897 4.9915642738342285 76 34 49
-0.33327245712280273 -0.6159809827804565 4.9925713539123535 58 24 36
-0.33327245712280273 -0.6159809827804565 4.9925713539123535 58 24 36
-0.3020404875278473 -0.28909534215927124 4.986677646636963 123 66 75
-0.2811334431171417 0.09998679906129837 4.974170207977295 69 34 41
-0.31103259325027466 -0.23421883583068848 4.959217071533203 108 70 85
-0.28974977135658264 -0.5636997222900391 5.026344299316406 50 20 22
-0.20121502876281738 -1.1661635637283325 5.2247138023376465 135 110 130
-0.7037068009376526 0.4352220892906189 4.263765335083008 80 42 56
-0.28924664855003357 -0.5755454897880554 5.015932559967041 112 70 80
-0.19464999437332153 -1.1768255233764648 5.222865104675293 67 48 68
-0.585715651512146 0.7495893239974976 4.402317047119141 105 58 80
-0.29331931471824646 -0.24872757494449615 4.959167003631592 57 26 27
-0.3167556822299957 0.4192606210708618 4.848700046539307 137 90 106
-0.31532353162765503 0.4076385200023651 4.851619720458984 66 38 51
-0.31532353162765503 0.4076385200023651 4.851619720458984 66 38 51
-0.295369952917099 -1.0051496028900146 5.03667688369751 107 51 64
-0.3349451422691345 -0.8597353100776672 4.949179172515869 110 63 71
-0.30887889862060547 0.40884169936180115 4.842617511749268 60 43 52
-0.3040771782398224 0.481824666261673 4.829797744750977 66 30 39
-0.22163304686546326 -0.20624569058418274 5.00670862197876 40 15 14
-0.22163304686546326 -0.20624569058418274 5.00670862197876 40 15 14
-0.16501817107200623 -1.1289397478103638 5.18687629699707 94 70 96
-0.16212016344070435 -1.1069761514663696 5.181921482086182 77 59 85
-0.15753580629825592 -1.082332730293274 5.176146507263184 131 108 131
-0.22981582581996918 -0.605940043926239 5.011059284210205 38 18 18
-0.24856416881084442 -0.9663641452789307 5.020111083984375 148 90 104
-0.21829438209533691 0.37198659777641296 4.901289463043213 70 48 58
0.3534505069255829 0.5563583970069885 5.7354416847229 60 40 47
-0.18299506604671478 0.029863320291042328 4.980432987213135 61 27 35
-0.26819509267807007 0.40971556305885315 4.812222957611084 56 42 48
-0.1840835064649582 -0.09530847519636154 4.990029335021973 63 36 43
-0.262248158454895 0.500060498714447 4.790027618408203 72 40 47
-0.17419953644275665 0.2248942255973816 4.947770595550537 62 30 41
-0.1732863187789917 0.11013366281986237 4.960083484649658 65 21 30
-0.25913098454475403 0.41606152057647705 4.795074462890625 130 83 99
-0.12419907003641129 -1.0796232223510742 5.142189025878906 88 56 69
-0.15928852558135986 -0.9876842498779297 5.080840110778809 138 108 132
-0.253486305475235 0.42443180084228516 4.789533615112305 66 40 48
-0.16432203352451324 0.12264063209295273 4.951476573944092 62 28 36
-0.20475606620311737 -0.6367374658584595 4.961701393127441 89 41 51
-0.24700695276260376 0.4667779803276062 4.780576705932617 70 34 47
-0.2671704888343811 0.5406678318977356 4.739180564880371 91 59 65
-0.20100049674510956 -0.6553856730461121 4.960609436035156 69 35 43
-0.20100049674510956 -0.6553856730461121 4.960609436035156 69 35 43
-0.24519601464271545 0.421332985162735 4.780404567718506 64 46 54
-0.20276765525341034 -0.6770350337028503 4.953910827636719 71 33 40
-0.1528681367635727 -0.27397772669792175 4.968907833099365 58 27 32
-0.4004923105239868 0.8289138078689575 4.4686760902404785 148 107 130
-0.4004923105239868 0.8289138078689575 4.4686760902404785 148 107 130
-0.4004923105239868 0.8289138078689575 4.4686760902404785 148 107 130
-0.13336491584777832 0.22934770584106445 4.9155426025390625 69 34 43
-0.46587905287742615 0.8705270290374756 4.3645830154418945 168 123 149
-0.08632033318281174 -1.0017192363739014 5.09585428237915 77 57 82
-0.12753212451934814 -0.04226880893111229 4.933528900146484 60 27 37
-0.08172041177749634 -1.0801494121551514 5.1043620109558105 128 111 129
-0.12085246294736862 0.18180827796459198 4.903909206390381 63 32 39
-0.3708968758583069 0.7377709746360779 4.483808517456055 93 54 78
-0.12014458328485489 -0.2553482949733734 4.942437648773193 65 31 37
-0.14020925760269165 0.0741182193160057 4.8736090660095215 145 97 109
-0.11796759814023972 -0.04246693477034569 4.915614604949951 56 33 40
-0.11212596297264099 -0.10470831394195557 4.922969818115234 62 32 39
-0.11223147809505463 -0.10476074367761612 4.9227190017700195 62 32 39
-0.13067030906677246 0.07396965473890305 4.864273548126221 133 81 94
-0.11023062467575073 0.02220745012164116 4.896571636199951 97 48 57
-0.1260019987821579 0.058003973215818405 4.86574649810791 157 101 118
-0.1005418449640274 0.12123130261898041 4.892937183380127 81 31 30
-0.12467711418867111 0.08575184643268585 4.8601789474487305 138 92 102
-0.12101957201957703 0.09455348551273346 4.862208843231201 75 29 32
-0.1873641461133957 0.422051340341568 4.727439880371094 71 37 49
-0.09947707504034042 0.030754750594496727 4.887220859527588 149 95 111
-0.09947707504034042 0.030754750594496727 4.887220859527588 149 95 111
-0.04772375524044037 -1.080072283744812 5.068991184234619 138 120 142
-0.17850583791732788 0.4120347797870636 4.721444129943848 74 45 55
-0.08668022602796555 0.020779257640242577 4.881051540374756 88 43 53
-0.07935411483049393 -0.10803558677434921 4.895598411560059 60 28 33
-0.07845619320869446 -0.046930648386478424 4.890267372131348 61 29 40
-0.07996097952127457 0.031081169843673706 4.871824741363525 142 89 105
-0.10485843569040298 -0.329823762178421 4.866180896759033 49 24 24
-0.11437448114156723 -0.4731631577014923 4.866021156311035 119 71 85
-0.1493418663740158 -0.6132722496986389 4.828856945037842 135 85 97
-0.22234857082366943 0.7695775032043457 4.589178562164307 89 55 76
-0.06222940608859062 0.17450237274169922 4.861800670623779 64 28 35
-0.01638292707502842 -0.9744400978088379 5.028398036956787 85 62 80
-0.10717721283435822 -0.5664176344871521 4.859695911407471 96 52 60
-0.06222792714834213 0.07890599966049194 4.849949359893799 129 76 86
-0.009956251829862595 -1.108015537261963 5.036289215087891 62 44 66
-0.058123666793107986 0.08864403516054153 4.85288667678833 52 22 28
-0.007694394793361425 -1.1850987672805786 5.044809341430664 98 77 105
-0.14951680600643158 0.46105271577835083 4.686870574951172 87 45 60
-0.1251605898141861 -0.6134068369865417 4.82202672958374 139 93 103
-0.1464763879776001 0.4162023067474365 4.687836170196533 76 43 49
-0.0029892586171627045 -1.1672407388687134 5.034554958343506 97 66 88
-0.08682553470134735 -0.2822399139404297 4.829873561859131 53 24 26
0.007236903067678213 -1.0314230918884277 5.008559703826904 92 64 80
-0.13216321170330048 0.491674542427063 4.670226573944092 99 50 62
0.016055136919021606 -0.7903817296028137 4.984119415283203 76 53 69
-0.033523861318826675 -0.0377601720392704 4.843689441680908 54 27 36
0.017633704468607903 -1.0993469953536987 5.009352207183838 127 115 136
0.021537570282816887 -1.1052623987197876 5.00466251373291 75 50 73
-0.022045819088816643 0.1097794845700264 4.824657917022705 61 26 31
-0.022045819088816643 0.1097794845700264 4.824657917022705 61 26 31
-0.11915908008813858 0.3770858943462372 4.663806438446045 141 95 115
0.028144625946879387 -0.868869960308075 4.976320743560791 92 69 85
0.009157465770840645 -0.5041618943214417 4.913160800933838 62 27 27
-0.011595449410378933 0.09377812594175339 4.816592216491699 52 26 33
0.03995031118392944 -0.7955864667892456 4.963067054748535 101 69 86
-0.1296350061893463 0.5524104833602905 4.608132362365723 121 69 81
0.04910900071263313 -0.7997819185256958 4.953850269317627 89 62 79
0.04731878265738487 -1.0447382926940918 4.973507404327393 68 49 71
0.04731878265738487 -1.0447382926940918 4.973507404327393 68 49 71
-0.09015978127717972 0.37591519951820374 4.642834663391113 137 88 110
0.055739693343639374 -1.0360476970672607 4.965582370758057 83 61 79
-0.09009663015604019 0.4702094495296478 4.627381801605225 52 34 36
-0.0057832165621221066 0.15767477452754974 4.7661333084106445 77 30 36
0.062176331877708435 -0.8607008457183838 4.9462785720825195 81 63 80
0.062176331877708435 -0.8607008457183838 4.9462785720825195 81 63 80
0.06406759470701218 -1.00382399559021 4.953487873077393 101 71 82
0.06406759470701218 -1.00382399559021 4.953487873077393 101 71 82
0.0659715086221695 -1.2238280773162842 4.965938568115234 76 54 70
0.07266192883253098 -0.8717575073242188 4.938795566558838 77 61 81
0.07093603163957596 -0.9919415712356567 4.944217681884766 95 68 91
-0.08517614006996155 0.8356568217277527 4.571404933929443 111 67 88
-0.08517614006996155 0.8356568217277527 4.571404933929443 111 67 88
-0.09726716578006744 0.8625305891036987 4.552972793579102 80 41 48
0.07318266481161118 -0.8039650321006775 4.927680969238281 97 65 84
0.07855874300003052 -1.2221179008483887 4.958237171173096 92 63 77
-0.06756696105003357 0.399700403213501 4.613992691040039 134 87 99
-0.07081425935029984 0.7109972834587097 4.580816268920898 119 72 87
0.036836471408605576 0.2249775528907776 4.762706279754639 59 23 32
0.0869666039943695 -0.87138831615448 4.924605846405029 66 54 71
0.08731424808502197 -0.9516873359680176 4.925609111785889 95 64 83
-0.05854165181517601 0.45616763830184937 4.607995986938477 66 37 47
0.09296420961618423 -0.6093520522117615 4.895208835601807 82 64 84
-0.05225394666194916 0.4111688733100891 4.603247165679932 62 47 50
-0.06801372021436691 0.5660142302513123 4.562729358673096 60 32 31
0.09981110692024231 -0.951208233833313 4.915289402008057 90 76 97
0.10416494309902191 -0.894777774810791 4.908042907714844 75 59 75
0.10983000695705414 -0.615401029586792 4.8840413093566895 94 68 84
0.11258281022310257 -0.6288256049156189 4.880753517150879 144 119 139
0.11044028401374817 -0.9592461585998535 4.900088310241699 97 70 86
0.11051566898822784 -1.1154977083206177 4.907384395599365 140 120 141
0.11051566898822784 -1.1154977083206177 4.907384395599365 140 120 141
0.11876077950000763 -0.5635414123535156 4.86482048034668 111 79 92
0.11742212623357773 -1.2099124193191528 4.915333271026611 79 60 87
-0.03539004549384117 0.6958619356155396 4.550901889801025 80 38 53
-0.03539004549384117 0.6958619356155396 4.550901889801025 80 38 53
-0.031130658462643623 0.4020404815673828 4.582205772399902 51 26 31
-0.03219934180378914 0.7236980199813843 4.551521301269531 80 36 49
0.1242348924279213 -0.743397057056427 4.880308628082275 130 119 139
-0.03042626567184925 0.6322043538093567 4.548899173736572 58 35 41
0.12585894763469696 -0.9623783826828003 4.88569450378418 101 72 96
0.12585894763469696 -0.9623783826828003 4.88569450378418 101 72 96
0.1293024867773056 -1.2224299907684326 4.909006118774414 140 129 152
0.13344532251358032 -0.8105098009109497 4.873729228973389 145 123 146
0.13476914167404175 -0.6252751350402832 4.856700897216797 96 64 75
0.0824335590004921 0.1333664059638977 4.7237653732299805 52 24 31
0.01349953468888998 0.3555248975753784 4.615138053894043 86 56 59
0.13526161015033722 -0.7450494766235352 4.864130020141602 129 113 132
0.1390804648399353 -0.25090456008911133 4.824881553649902 81 56 72
0.13633961975574493 -0.9268134236335754 4.8765177726745605 99 73 93
0.13607914745807648 -1.0004160404205322 4.881532192230225 137 116 137
0.13664588332176208 -0.8883019685745239 4.870501518249512 100 71 84
0.13982196152210236 -0.6382579207420349 4.8521342277526855 140 116 131
0.1412794291973114 -1.0092071294784546 4.881091594696045 84 62 80
0.14977505803108215 -0.8179454803466797 4.865591049194336 138 120 139
0.14717386662960052 -1.119264841079712 4.884851455688477 146 126 151
0.14557257294654846 -1.0008792877197266 4.8721604347229 132 114 135
0.14812922477722168 -1.1479971408843994 4.884707450866699 81 58 66
0.15628494322299957 -0.7309002876281738 4.841089725494385 72 54 74
0.0029041683301329613 0.41029250621795654 4.551477909088135 68 31 40
0.0029041683301329613 0.41029250621795654 4.551477909088135 68 31 40
0.16345222294330597 -0.48633700609207153 4.82747220993042 88 60 77
0.15978436172008514 -0.5822708606719971 4.8304219245910645 102 76 96
0.15978436172008514 -0.5822708606719971 4.8304219245910645 102 76 96
0.00026819572667591274 0.5028541684150696 4.5378241539001465 142 88 108
0.15917286276817322 -0.5952851176261902 4.82745361328125 137 123 147
0.16486161947250366 -0.5173208117485046 4.824768543243408 100 75 95
0.1625334918498993 -0.7418633699417114 4.8401970863342285 91 78 107
0.1625334918498993 -0.7418633699417114 4.8401970863342285 91 78 107
0.16418328881263733 -1.1288025379180908 4.873290061950684 60 46 58
0.16426169872283936 -0.7552196383476257 4.840224266052246 87 64 82
-0.23501266539096832 0.9731095433235168 4.1944146156311035 120 129 151
-0.23501266539096832 0.9731095433235168 4.1944146156311035 120 129 151
0.07893603295087814 0.25279322266578674 4.641617774963379 141 94 110
0.07825395464897156 0.19854560494422913 4.644779205322266 149 102 120
0.16317635774612427 -0.974439263343811 4.849313259124756 94 68 88
-0.40110528469085693 0.9964301586151123 3.9773752689361572 106 110 133
0.16918449103832245 -0.7051478624343872 4.825747966766357 90 65 80
0.16989551484584808 -0.9298758506774902 4.84498405456543 90 63 82
0.1716436892747879 -0.8391204476356506 4.837786674499512 82 56 63
0.1716436892747879 -0.8391204476356506 4.837786674499512 82 56 63
0.08468678593635559 0.22453400492668152 4.632823944091797 56 28 38
0.1763249784708023 -1.0189646482467651 4.8450608253479 89 64 80
0.0966639518737793 -0.01663697510957718 4.66068172454834 36 21 23
0.18377646803855896 -0.3381495773792267 4.786252498626709 144 123 142
0.18155990540981293 -1.1360195875167847 4.849632263183594 65 47 60
0.19133959710597992 -0.6209757328033447 4.8096537590026855 86 58 72
0.19133959710597992 -0.6209757328033447 4.8096537590026855 86 58 72
0.19286015629768372 -0.37027671933174133 4.783172130584717 90 61 74
0.19286015629768372 -0.37027671933174133 4.783172130584717 90 61 74
0.060806021094322205 -0.07087372243404388 4.596789360046387 120 69 78
0.19483062624931335 -1.016393780708313 4.833727836608887 139 123 142
0.20352546870708466 -0.8997017741203308 4.816591739654541 94 69 86
0.20352546870708466 -0.8997017741203308 4.816591739654541 94 69 86
0.11065136641263962 0.20423543453216553 4.610366344451904 58 33 43
0.20033451914787292 -1.1927897930145264 4.833270072937012 79 63 85
0.2072647213935852 -0.7123298645019531 4.796744346618652 83 63 75
0.04604364559054375 0.4046475887298584 4.5070295333862305 70 40 53
0.21230939030647278 -0.6363112926483154 4.7926764488220215 100 79 98
0.21230939030647278 -0.6363112926483154 4.7926764488220215 100 79 98
0.027264434844255447 0.9211965203285217 4.436199188232422 56 44 52
0.05078016221523285 0.45971593260765076 4.50299072265625 82 45 56
0.12022020667791367 0.14088506996631622 4.612742900848389 70 28 34
0.21235938370227814 -0.4837254285812378 4.775978088378906 133 114 130
0.21472573280334473 -0.4758763015270233 4.773663520812988 87 63 81
0.11884266138076782 0.2371414601802826 4.595870494842529 70 35 35
0.21948941051959991 -0.44200822710990906 4.766479015350342 101 80 102
0.05640062689781189 0.39652174711227417 4.50096321105957 132 85 101
0.05658251792192459 0.3834770917892456 4.502044200897217 66 34 44
0.059011537581682205 0.4820166528224945 4.494696140289307 88 49 58
0.059011537581682205 0.4820166528224945 4.494696140289307 88 49 58
0.21433964371681213 -1.143054485321045 4.815021991729736 104 73 86
0.2195063680410385 -0.4752419590950012 4.7645392417907715 85 66 86
0.21959331631660461 -0.7095019221305847 4.782148361206055 129 110 129
0.22319529950618744 -0.2594374418258667 4.744613170623779 145 121 140
0.22705373167991638 -0.9082554578781128 4.80045747756958 72 53 73
0.2215527594089508 -1.2038695812225342 4.809025764465332 94 68 89
0.11330601572990417 -0.12461338192224503 4.57888126373291 139 88 103
0.2339886575937271 -0.6010855436325073 4.757026195526123 96 69 87
0.23804497718811035 -0.6586102247238159 4.763818264007568 104 68 83
0.07441926002502441 0.38702476024627686 4.481661319732666 52 41 45
0.07441926002502441 0.38702476024627686 4.481661319732666 52 41 45
0.23515918850898743 -1.1205952167510986 4.790445327758789 102 77 95
0.07094548642635345 0.5946595668792725 4.455968856811523 38 22 21
0.25098633766174316 -0.26956284046173096 4.736313819885254 78 50 60
0.23732228577136993 -1.1416376829147339 4.790828704833984 140 116 137
0.07495685666799545 0.7515509128570557 4.442837715148926 53 32 41
0.06958068907260895 0.5806915163993835 4.447549343109131 85 47 46
0.08924932032823563 0.3840974271297455 4.472188949584961 128 86 97
0.08924932032823563 0.3840974271297455 4.472188949584961 128 86 97
0.0898507684469223 0.38331103324890137 4.471994876861572 131 84 95
0.0908060371875763 0.3926256597042084 4.467894077301025 66 37 50
0.2603287100791931 -0.49908292293548584 4.732802867889404 78 65 82
0.27230387926101685 0.10358356684446335 4.680636405944824 65 42 57
0.2649098038673401 -1.153956413269043 4.770470142364502 84 53 75
0.28271228075027466 -1.1582485437393188 4.750643730163574 95 67 85
0.2915654480457306 -0.38501906394958496 4.698760509490967 68 47 54
0.2841423451900482 -1.1377874612808228 4.748638153076172 71 47 70
0.28758105635643005 -0.5188083052635193 4.701211452484131 99 77 90
0.2590015232563019 0.4424755871295929 4.569653511047363 78 42 59
0.2967336177825928 -1.1852235794067383 4.738274097442627 94 63 80
0.3084319233894348 0.2027360498905182 4.641659736633301 121 109 128
0.30200275778770447 -0.9036756753921509 4.708022594451904 123 106 126
0.3155272901058197 0.1067042127251625 4.643874645233154 78 50 55
0.30668210983276367 -0.38882526755332947 4.670910835266113 80 55 64
0.31462740898132324 -0.5038205981254578 4.686359405517578 83 66 93
0.31543272733688354 -0.5096293687820435 4.683956146240234 120 108 130
0.3256629407405853 0.4225882589817047 4.6039533615112305 127 118 142
0.3284054696559906 0.7283579111099243 4.582767486572266 57 37 48
0.3289395868778229 0.7856936454772949 4.5755085945129395 60 49 62
0.3257805109024048 0.3531040549278259 4.6033244132995605 128 116 136
0.32263311743736267 -1.1661573648452759 4.714004039764404 88 64 77
0.34121519327163696 -0.16191086173057556 4.6466569900512695 57 43 50
0.34121519327163696 -0.16191086173057556 4.6466569900512695 57 43 50
0.33549800515174866 -0.6397226452827454 4.671960830688477 126 112 135
0.3292487859725952 -1.019700050354004 4.6932854652404785 98 75 95
0.34289681911468506 0.30188024044036865 4.602622985839844 131 123 147
0.3385501205921173 0.2790232002735138 4.599039554595947 74 51 64
0.3385501205921173 0.2790232002735138 4.599039554595947 74 51 64
0.3387315273284912 -0.17402128875255585 4.634085655212402 135 109 128
0.349642813205719 0.4204610288143158 4.588238716125488 117 113 137
0.3422800302505493 -1.1734527349472046 4.695838928222656 82 67 90
0.34702202677726746 -0.2830795347690582 4.6329145431518555 82 54 64
0.3496447503566742 -0.1750098615884781 4.626253128051758 140 107 123
0.3647324740886688 0.7445632815361023 4.571767330169678 116 102 128
0.35333025455474854 -0.006692374590784311 4.614368915557861 134 119 142
0.3516507148742676 -0.02703898586332798 4.613815784454346 79 59 69
0.35111314058303833 -0.2724285423755646 4.628830909729004 134 112 136
0.3478507399559021 -0.8652554154396057 4.668270111083984 78 57 67
0.3522177040576935 -0.6423143148422241 4.656061172485352 134 117 134
0.3579857647418976 0.1881449818611145 4.596699237823486 93 65 79
0.3550138473510742 -0.9549149870872498 4.674740791320801 73 51 70
0.3654977083206177 0.7262049913406372 4.555662631988525 47 31 39
0.3640763461589813 -0.04673486575484276 4.604228496551514 127 103 125
0.35942089557647705 -0.5076003670692444 4.631968021392822 132 120 137
0.364412784576416 -0.14923274517059326 4.610516548156738 144 126 145
0.36733245849609375 -0.282355934381485 4.62087869644165 53 38 48
0.36399412155151367 -0.7472054958343506 4.649120330810547 82 61 70
0.36646509170532227 -0.6749168038368225 4.646185398101807 68 55 65
0.3627583980560303 -1.0324491262435913 4.665798187255859 81 61 76
0.361001580953598 -1.0424426794052124 4.664202690124512 128 119 139
0.3689466416835785 0.39515992999076843 4.564643859863281 135 106 121
0.3430696427822113 0.850928544998169 4.499602794647217 56 53 67
0.3712189197540283 -0.6620943546295166 4.644542694091797 73 66 74
0.3731708526611328 0.7830283045768738 4.536360263824463 55 46 62
0.3732450008392334 0.7020385265350342 4.541726112365723 99 83 102
0.3768651485443115 -0.17378273606300354 4.6104583740234375 57 47 56
0.3733280897140503 0.4463658034801483 4.55954122543335 120 97 115
0.3769199550151825 -0.2752092480659485 4.610986709594727 121 103 127
0.3741500675678253 -0.6893138289451599 4.63795804977417 135 110 128
0.3766959011554718 0.09340906143188477 4.582279682159424 99 67 75
0.3822365403175354 0.4202647805213928 4.559653282165527 121 113 132
0.3828924000263214 0.18614116311073303 4.577719211578369 65 43 57
0.3814445734024048 -0.005461273714900017 4.582070827484131 134 116 140
0.3854334056377411 0.6133848428726196 4.538874626159668 120 115 135
0.38357341289520264 -0.1786247044801712 4.595766544342041 71 44 56
0.38041383028030396 -0.6724827885627747 4.627997875213623 123 100 113
0.37970706820487976 -0.8711149096488953 4.635406970977783 73 56 68
0.3870552182197571 -0.44690558314323425 4.611786842346191 81 62 81
0.39103493094444275 0.33509552478790283 4.5570478439331055 78 59 78
0.3908977806568146 0.5085351467132568 4.542203903198242 61 48 68
0.39008629322052 0.4494776427745819 4.545347690582275 113 106 124
0.3940117061138153 -0.02382732182741165 4.582234859466553 64 45 56
0.39649736881256104 -0.4079548716545105 4.6123247146606445 118 116 131
0.3913639187812805 -0.5142492055892944 4.61387300491333 70 52 78
0.39585453271865845 0.6196010112762451 4.534273147583008 114 109 131
0.3966990113258362 0.7172055244445801 4.524779796600342 37 24 31
0.3972975015640259 0.18088020384311676 4.560344219207764 80 59 72
0.39974501729011536 0.6338064074516296 4.529118061065674 128 122 144
0.396430104970932 -0.41966038942337036 4.603703498840332 58 48 58
0.39456725120544434 -0.6521307229995728 4.615127086639404 82 59 78
0.396485835313797 -0.660069465637207 4.617502212524414 123 104 124
0.4014764726161957 0.41993266344070435 4.541769027709961 63 45 61
0.3983609676361084 -0.02684617228806019 4.570367813110352 62 44 50
0.40080466866493225 0.335315465927124 4.545996189117432 125 121 145
0.3965701758861542 -0.859813392162323 4.625574588775635 125 113 137
0.40400245785713196 0.6488066911697388 4.522340774536133 118 115 137
0.4059280455112457 0.6340813636779785 4.525075912475586 74 60 86
0.39504504203796387 -0.7525907158851624 4.615471363067627 81 55 69
0.39504504203796387 -0.7525907158851624 4.615471363067627 81 55 69
0.40598350763320923 0.5049601197242737 4.5316033363342285 124 120 142
0.40598350763320923 0.5049601197242737 4.5316033363342285 124 120 142
0.4048614203929901 0.07219792902469635 4.562365531921387 76 61 75
0.4048614203929901 0.07219792902469635 4.562365531921387 76 61 75
0.4100387394428253 0.6208641529083252 4.523934364318848 110 107 130
0.4043920934200287 0.04744879528880119 4.560033798217773 82 68 81
0.4094333350658417 0.332109659910202 4.5418291091918945 89 63 78
0.41215774416923523 0.40835511684417725 4.532130241394043 124 106 127
0.4022110402584076 -1.0536237955093384 4.62703275680542 83 62 82
0.41433125734329224 0.5118488669395447 4.5242133140563965 71 53 78
0.408026784658432 -0.855915904045105 4.6172285079956055 81 67 92
0.4143543541431427 0.4182092547416687 4.530410289764404 56 41 56
0.41269803047180176 -0.17205692827701569 4.571866512298584 69 44 54
0.4044381380081177 -0.977251410484314 4.621332168579102 92 64 85
0.41401442885398865 -0.01815127395093441 4.5582451820373535 121 103 125
0.41541749238967896 0.6703494191169739 4.505760192871094 126 104 124
0.41527873277664185 0.6706543564796448 4.505403518676758 130 108 126
0.41917237639427185 0.1781797856092453 4.5429911613464355 78 60 74
0.4154722988605499 -0.675356388092041 4.597519874572754 57 36 50
0.4245719015598297 0.6117560267448425 4.512745380401611 120 118 141
0.4158501923084259 -0.9567787647247314 4.611145496368408 89 63 80
0.42251357436180115 0.450409471988678 4.51423454284668 143 124 144
0.41957399249076843 -1.0582823753356934 4.61679220199585 85 60 79
0.42476940155029297 -0.5301966667175293 4.584407329559326 75 63 77
0.4206204414367676 -0.8827271461486816 4.603626728057861 64 47 58
0.423261821269989 -0.02157343178987503 4.54420804977417 130 112 132
0.4308948218822479 0.300989031791687 4.51775598526001 97 72 94
0.4307761490345001 -0.5663378238677979 4.578456878662109 58 41 56
0.42553412914276123 -1.0880482196807861 4.609917640686035 72 56 74
0.4343017041683197 -0.1507704257965088 4.550769805908203 144 121 140
0.43796560168266296 0.7432140111923218 4.489557266235352 98 90 108
0.43796560168266296 0.7432140111923218 4.489557266235352 98 90 108
0.4270074963569641 -1.0839539766311646 4.607991695404053 81 69 82
0.4270074963569641 -1.0839539766311646 4.607991695404053 81 69 82
0.43102285265922546 -0.24392148852348328 4.551876544952393 85 62 79
0.4273960292339325 -0.965238630771637 4.597154140472412 134 115 129
0.4357471168041229 -0.2974042296409607 4.5579962730407715 67 46 54
0.43242645263671875 -0.8020020723342896 4.588328838348389 63 43 56
0.43608906865119934 -0.6656964421272278 4.579172611236572 72 52 74
0.43226486444473267 -0.7803105115890503 4.5828351974487305 85 63 76
0.43653833866119385 0.4083687961101532 4.501134872436523 75 55 75
0.4453388452529907 -0.1724141240119934 4.551224231719971 55 43 52
0.4374602138996124 -0.5608795881271362 4.569123268127441 138 113 127
0.4382038712501526 -0.52900630235672 4.5675177574157715 66 51 76
0.4493447542190552 -0.28259581327438354 4.550535678863525 130 116 140
0.447613924741745 0.49727562069892883 4.489254951477051 135 109 121
0.44274723529815674 -1.0667603015899658 4.594940662384033 57 46 63
0.44274723529815674 -1.0667603015899658 4.594940662384033 57 46 63
0.4495569169521332 -0.09981463104486465 4.532734394073486 72 54 72
0.4495569169521332 -0.09981463104486465 4.532734394073486 72 54 72
0.45094364881515503 -0.6823986172676086 4.573631763458252 82 57 71
0.4517322778701782 -0.12101033329963684 4.527919292449951 77 57 72
0.4559120237827301 -0.03622192144393921 4.524476051330566 88 68 94
0.4513241648674011 -0.5232532620429993 4.553205490112305 130 111 132
0.45819875597953796 0.3892122209072113 4.495059013366699 132 127 147
0.45819875597953796 0.3892122209072113 4.495059013366699 132 127 147
0.4613576829433441 0.7606486678123474 4.468865394592285 59 42 51
0.4561077356338501 0.22804449498653412 4.501407146453857 92 65 74
0.45648980140686035 0.2547685205936432 4.495939254760742 73 52 64
0.4643336236476898 0.603545069694519 4.476225852966309 78 59 74
0.45983991026878357 -0.16868944466114044 4.524164199829102 117 96 116
0.4559996724128723 -0.7812877297401428 4.563106060028076 128 110 128
0.4671598970890045 0.40786540508270264 4.488109588623047 52 43 63
0.4563867747783661 -0.9801501035690308 4.569849967956543 88 62 83
0.4720328450202942 0.3880349397659302 4.487023830413818 69 48 50
0.46310144662857056 -0.7950190305709839 4.5584282875061035 80 62 81
0.467739075422287 -0.03618181124329567 4.509289741516113 82 66 84
0.47386085987091064 0.28416937589645386 4.491926193237305 53 42 50
0.4674726724624634 -0.7914537787437439 4.555219650268555 125 111 126
0.47716668248176575 0.6002055406570435 4.4666242599487305 80 64 82
0.4706606864929199 -0.533069908618927 4.538369178771973 53 32 50
0.4706606864929199 -0.533069908618927 4.538369178771973 53 32 50
0.47310465574264526 0.17835809290409088 4.487868309020996 72 56 80
0.47310465574264526 0.17835809290409088 4.487868309020996 72 56 80
0.4335334300994873 0.9323210120201111 4.3928680419921875 105 116 135
0.4737430214881897 -0.7607351541519165 4.552750110626221 135 125 142
0.4734278619289398 0.23589599132537842 4.479959964752197 127 111 131
0.48006871342658997 0.5146243572235107 4.4667840003967285 117 112 134
0.4675231873989105 -0.32671937346458435 4.511494159698486 121 96 116
0.47650012373924255 -0.40801966190338135 4.525567054748535 119 104 125
0.47856178879737854 0.7152296304702759 4.447707653045654 117 93 116
0.48226219415664673 -0.3153957426548004 4.519601345062256 58 45 56
0.4765007495880127 -0.8078672289848328 4.547563076019287 43 28 42
0.4829149842262268 0.147536039352417 4.485700607299805 60 46 62
0.4799254834651947 -0.546474039554596 4.530940055847168 85 55 63
0.4732036590576172 -0.9194887280464172 4.549228191375732 79 65 82
0.4870177209377289 0.5843831896781921 4.457945346832275 127 123 145
0.4871423542499542 0.5323060750961304 4.459100723266602 125 121 146
0.4848249554634094 0.7863858342170715 4.436151027679443 72 60 70
0.4881959855556488 0.09188327938318253 4.484825134277344 75 55 69
0.4867057800292969 -0.6869527697563171 4.535091400146484 79 58 70
0.48173728585243225 -0.8402093052864075 4.53879976272583 134 120 146
0.4794786274433136 -0.7967556118965149 4.532062530517578 123 101 121
0.5007963180541992 0.6082471013069153 4.448899269104004 77 65 89
0.49051913619041443 -0.5343856811523438 4.5175299644470215 67 54 79
0.501101016998291 0.27964314818382263 4.471504211425781 36 31 38
0.490494966506958 -0.8159178495407104 4.533658504486084 72 51 62
0.490494966506958 -0.8159178495407104 4.533658504486084 72 51 62
0.49572426080703735 0.08140406757593155 4.476413726806641 132 118 138
0.49297308921813965 -0.5407703518867493 4.515936851501465 116 104 123
0.4980333745479584 0.7786630988121033 4.4248881340026855 136 111 130
0.5092736482620239 0.7433804869651794 4.427781581878662 135 109 125
0.50669264793396 0.5257294774055481 4.439456939697266 140 125 151
0.510066568851471 0.08408664911985397 4.4656171798706055 71 50 69
0.5086597800254822 0.5523886680603027 4.431662082672119 126 108 127
0.5078366994857788 -0.5493838787078857 4.502285003662109 76 50 63
0.5107473134994507 -0.8621460795402527 4.511723518371582 78 56 75
0.5114596486091614 -0.8967880606651306 4.512182712554932 79 50 60
0.5257660150527954 0.6192072033882141 4.418539047241211 131 122 152
0.530247151851654 0.5116022825241089 4.428088188171387 76 63 80
0.5266960263252258 -0.04768650606274605 4.461453914642334 80 63 78
0.5265626907348633 0.4997515380382538 4.423280715942383 136 112 126
0.525481641292572 -0.540168285369873 4.490148544311523 71 60 81
0.5309181213378906 0.6088587045669556 4.416515350341797 88 67 81
0.5240681767463684 -0.7615358829498291 4.497641563415527 135 120 144
0.5329484939575195 -0.5347123742103577 4.486032962799072 117 116 134
0.5287719368934631 -0.5525763630867004 4.482680797576904 60 45 55
0.5348036289215088 0.6185950040817261 4.409234046936035 134 125 154
0.5368560552597046 0.5103434920310974 4.41387414932251 70 50 63
0.5390087962150574 0.7289462089538574 4.40010404586792 57 40 52
0.5401586294174194 0.7458534836769104 4.399525165557861 136 114 134
0.5378411412239075 0.08249622583389282 4.440743923187256 90 66 84
0.5404394268989563 -0.1830890029668808 4.4515604972839355 63 41 47
0.5426048040390015 0.7838453054428101 4.388455867767334 100 73 87
0.5426015853881836 0.520583987236023 4.404997825622559 138 128 154
0.5353057384490967 -0.7838367223739624 4.483242511749268 117 102 116
0.5364818572998047 -0.8200488686561584 4.485672950744629 67 51 65
0.5338373780250549 -0.7697978615760803 4.478964328765869 55 40 55
0.5422695875167847 -0.7952826619148254 4.4867119789123535 62 47 66
0.5471383333206177 0.5088914632797241 4.403901100158691 69 52 70
0.5389803051948547 0.37158194184303284 4.404673099517822 75 116 209
0.5384935140609741 0.3095797896385193 4.407776355743408 73 112 211
0.5464332103729248 -0.290271520614624 4.454837322235107 80 65 87
0.5402324199676514 0.31898412108421326 4.407006740570068 81 123 215
0.5402324199676514 0.31898412108421326 4.407006740570068 81 123 215
0.5450839400291443 -0.5430023074150085 4.468218803405762 70 52 66
0.5388900637626648 -0.8027052879333496 4.478971481323242 128 111 134
0.5485813021659851 -0.0371505506336689 4.437541484832764 132 113 132
0.5432961583137512 -0.5499115586280823 4.465234756469727 123 103 117
0.5465261936187744 -0.3082267642021179 4.452426433563232 58 42 53
0.5408331155776978 -0.431100070476532 4.454895496368408 70 68 81
0.5357553958892822 -0.8017650842666626 4.473721504211426 130 111 135
0.5467849969863892 -0.02866450697183609 4.433377265930176 86 63 77
0.5498570799827576 0.7278266549110413 4.383800983428955 56 36 48
0.5533095002174377 0.6194266080856323 4.394445896148682 133 127 158
0.5456221699714661 -0.6987411379814148 4.472928524017334 66 56 74
0.5425401329994202 -0.8436826467514038 4.477375507354736 88 63 80
0.5510406494140625 -0.6800091862678528 4.469187259674072 69 54 73
0.5473490357398987 -0.9501610398292542 4.482985019683838 126 103 120
0.5555445551872253 0.26276758313179016 4.407315254211426 132 105 117
0.553148627281189 0.2920697033405304 4.400947570800781 127 105 125
0.5593315362930298 -0.02765130251646042 4.425590991973877 73 50 68
0.552385151386261 -0.6962319016456604 4.459646701812744 124 99 115
0.5628759264945984 -0.035648271441459656 4.425677299499512 130 114 133
0.5614126920700073 -0.0451187938451767 4.424733638763428 82 57 70
0.5679934024810791 0.7431849837303162 4.378024101257324 120 107 128
0.5642513632774353 -0.18532498180866241 4.432131290435791 59 45 57
0.5674331188201904 0.7316781282424927 4.372328758239746 63 46 56
0.56769859790802 0.5201382040977478 4.386475086212158 129 115 129
0.5668618679046631 -0.29665687680244446 4.433533668518066 136 119 139
0.5632631182670593 -0.9610006809234619 4.469663143157959 58 40 57
0.5774807929992676 0.2974737286567688 4.3887410163879395 130 106 120
0.5782762169837952 0.5705015063285828 4.37065315246582 142 125 143
0.5825148820877075 0.7432633638381958 4.360456466674805 111 103 127
0.5831420421600342 0.7321323156356812 4.3595476150512695 72 54 66
0.5742692351341248 -0.9859240055084229 4.4559173583984375 91 65 80
0.5742692351341248 -0.9859240055084229 4.4559173583984375 91 65 80
0.5872337818145752 -0.05817486345767975 4.403446197509766 135 112 127
0.5859304070472717 0.7840732932090759 4.347007751464844 93 71 88
0.5813727974891663 -0.9122045636177063 4.448048114776611 124 101 118
0.5815112590789795 -0.68829745054245 4.433746337890625 67 56 67
0.5973453521728516 0.40535178780555725 4.377276420593262 126 113 132
0.5898810029029846 -0.42651864886283875 4.419726371765137 83 64 80
0.5826776027679443 -1.0616389513015747 4.450744152069092 85 61 79
0.5880950093269348 -0.8828543424606323 4.443315029144287 112 101 125
0.5953189730644226 -0.039300452917814255 4.396104335784912 126 102 118
0.5853933691978455 -0.8268923163414001 4.436164379119873 121 109 128
0.5868391990661621 -0.9634872078895569 4.445043087005615 57 39 60
0.5910435914993286 -0.8210384249687195 4.437400817871094 61 46 70
0.5916284918785095 -0.9551374316215515 4.444155216217041 127 108 132
0.5923184752464294 -0.8907690644264221 4.438989162445068 75 61 87
0.59574955701828 0.2533067762851715 4.36829137802124 137 114 130
0.599292516708374 -0.051208365708589554 4.390024662017822 62 42 48
0.594040036201477 -1.1005374193191528 4.450992107391357 53 40 57
0.600504457950592 0.14646784961223602 4.375649929046631 79 69 86
0.5894526243209839 -1.11170494556427 4.445112228393555 123 106 124
0.594640851020813 -0.9439967274665833 4.436031818389893 79 65 91
0.6046541333198547 0.7365526556968689 4.3376240730285645 82 65 84
0.5951591730117798 -1.0836251974105835 4.443511962890625 130 106 129
0.6005304455757141 -0.6916499733924866 4.417633056640625 54 40 53
0.6074956655502319 0.4263404607772827 4.350081443786621 127 102 121
0.6145336627960205 0.1533077359199524 4.369124412536621 136 114 129
0.6150317192077637 -0.2026475965976715 4.390223979949951 61 44 56
0.6155778765678406 0.40114134550094604 4.349320888519287 69 52 63
0.6064924597740173 -0.9491198658943176 4.424147129058838 117 99 122
0.6122636795043945 -0.9665666222572327 4.4252495765686035 41 31 41
0.6122636795043945 -0.9665666222572327 4.4252495765686035 41 31 41
0.6152542233467102 -0.689251184463501 4.409356117248535 64 52 65
0.6146881580352783 -0.68904709815979 4.408431053161621 64 52 65
0.6133888959884644 -0.9785159826278687 4.41945219039917 122 99 117
0.6242111921310425 0.28518328070640564 4.349075794219971 119 102 120
0.6267986297607422 0.7465898990631104 4.321760177612305 99 95 119
0.6292861700057983 0.413492351770401 4.344298362731934 121 110 132
0.5916351079940796 0.8457386493682861 4.280792713165283 70 59 77
0.6248120069503784 -0.023529766127467155 4.364083766937256 108 91 109
0.6212763786315918 0.4579024612903595 4.329133033752441 71 63 78
0.6261132955551147 0.2711232304573059 4.3400774002075195 62 46 51
0.6217024922370911 -0.6960775852203369 4.395888805389404 74 61 71
0.631274938583374 -0.6811155676841736 4.392375946044922 134 110 123
0.631274938583374 -0.6811155676841736 4.392375946044922 134 110 123
0.6378867626190186 0.16234605014324188 4.338289737701416 89 67 87
0.6425065398216248 0.07485378533601761 4.345351696014404 56 39 47
0.6475841999053955 0.7650402784347534 4.304845333099365 146 124 140
0.6316641569137573 -1.1078197956085205 4.4055914878845215 53 35 51
0.6328037977218628 -0.9748216867446899 4.396886825561523 57 47 63
0.6427469849586487 0.12046924978494644 4.336776256561279 98 74 89
0.6396220326423645 -0.9872627258300781 4.394350528717041 128 103 125
0.6548226475715637 0.4080948829650879 4.321249485015869 116 103 127
0.6470432877540588 -0.5735231637954712 4.374110221862793 119 110 127
0.6381276249885559 -1.0002994537353516 4.391242504119873 88 61 80
0.649381697177887 0.17028219997882843 4.3256378173828125 142 121 135
0.6480188369750977 -0.6948411464691162 4.375402450561523 52 41 51
0.6519968509674072 0.1625411957502365 4.323791027069092 78 55 74
0.6553866267204285 -0.5851719379425049 4.372735500335693 84 61 72
0.654136598110199 0.14117588102817535 4.323876857757568 98 69 90
0.6624859571456909 -0.04931396618485451 4.340843200683594 67 47 57
0.6619979739189148 0.7604877948760986 4.289671421051025 136 118 141
0.6575170159339905 -0.6535581946372986 4.364028453826904 88 64 78
0.6575170159339905 -0.6535581946372986 4.364028453826904 88 64 78
0.6604562997817993 -0.5635536313056946 4.358788013458252 68 46 66
0.6647089719772339 -0.20243820548057556 4.337604999542236 69 44 47
0.6614933609962463 -0.5723288059234619 4.356021881103516 137 122 140
0.6695888638496399 0.28009408712387085 4.310810089111328 128 116 132
0.6686931252479553 0.12299802899360657 4.313159942626953 139 117 134
0.6704145669937134 -0.43450039625167847 4.345193386077881 64 42 55
0.6745851039886475 0.3231101334095001 4.298238754272461 88 60 67
0.682436466217041 0.5090324878692627 4.286806583404541 127 114 132
0.68092280626297 0.6713514924049377 4.275167465209961 132 117 133
0.68092280626297 0.6713514924049377 4.275167465209961 132 117 133
0.681460440158844 0.25391966104507446 4.300713062286377 86 61 70
0.6803585290908813 0.0798109620809555 4.305192947387695 124 107 126
0.6811906695365906 -0.05707720294594765 4.313727378845215 83 62 69
0.6811906695365906 -0.05707720294594765 4.313727378845215 83 62 69
0.6748520731925964 -0.9806152582168579 4.362499713897705 45 28 51
0.6820805072784424 -0.421032190322876 4.334802627563477 125 102 123
0.6773489117622375 -0.6024163961410522 4.341384410858154 87 58 76
0.6889523863792419 0.5000223517417908 4.2801513671875 67 51 63
0.6849473118782043 -0.5655030608177185 4.33586311340332 68 46 63
0.6873167753219604 -0.43651705980300903 4.328024864196777 56 37 43
0.6918264627456665 0.07091112434864044 4.301362991333008 66 45 58
0.696762204170227 0.7577744126319885 4.2602386474609375 127 105 118
0.684490442276001 -0.9821110963821411 4.3523478507995605 40 29 48
0.6917011737823486 -0.5918213129043579 4.330201148986816 82 57 72
0.6917011737823486 -0.5918213129043579 4.330201148986816 82 57 72
0.6988489627838135 0.4277294874191284 4.272304058074951 89 64 72
0.6972020268440247 -0.06257288157939911 4.298659324645996 86 65 74
0.6972020268440247 -0.06257288157939911 4.298659324645996 86 65 74
0.6923158764839172 -1.1184895038604736 4.350774765014648 78 52 77
0.7082055807113647 0.2810108959674835 4.27901029586792 125 108 127
0.6995483040809631 -0.4284355938434601 4.313307762145996 123 107 124
0.7040483951568604 0.07765165716409683 4.283053398132324 134 116 134
0.7047680616378784 0.08902018517255783 4.2820210456848145 89 64 75
0.7130250930786133 0.49577754735946655 4.262404918670654 65 46 58
0.7128689885139465 0.508709192276001 4.259920597076416 127 113 130
0.713312029838562 0.7538287043571472 4.244800567626953 124 107 120
0.7159869074821472 0.5940935611724854 4.256227970123291 66 49 60
0.7159869074821472 0.5940935611724854 4.256227970123291 66 49 60
0.7019471526145935 -0.9862884879112244 4.337056636810303 45 32 56
0.7053516507148743 -0.6016975045204163 4.315838813781738 123 102 116
0.7111828923225403 0.07894407212734222 4.27756929397583 139 115 133
0.7077170610427856 -1.12385892868042 4.337104320526123 76 56 76
0.7223590612411499 0.26743367314338684 4.263465881347656 64 47 56
0.7223590612411499 0.26743367314338684 4.263465881347656 64 47 56
0.7198978066444397 0.25012049078941345 4.261724948883057 141 121 130
0.7181413769721985 -0.9771649241447449 4.321531772613525 124 112 137
0.7276973724365234 0.1570819616317749 4.263463020324707 91 66 88
0.7328519225120544 0.4000030755996704 4.252466201782227 66 46 63
0.7228987812995911 -0.43055281043052673 4.291967868804932 126 104 122
0.7281264066696167 0.25095033645629883 4.254074573516846 131 104 119
0.7202061414718628 -1.128243327140808 4.326133728027344 60 43 60
0.7316518425941467 -0.17304283380508423 4.275021076202393 127 104 118
0.7321451902389526 -0.08003510534763336 4.26715612411499 139 122 136
0.7382239103317261 -0.182057186961174 4.2732157707214355 132 114 132
0.7411373257637024 0.49215400218963623 4.236076354980469 82 58 71
0.735276997089386 -0.4431309103965759 4.2835869789123535 63 47 57
0.7354636788368225 -0.9869290590286255 4.312868118286133 63 58 66
0.7304857969284058 -0.7856032252311707 4.294081211090088 91 68 82
0.7304857969284058 -0.7856032252311707 4.294081211090088 91 68 82
0.7336089611053467 -0.9534881114959717 4.3046369552612305 61 48 70
0.7425230145454407 -0.19779793918132782 4.267500400543213 110 90 108
0.7307423949241638 -0.7378588318824768 4.288323402404785 81 59 72
0.7423189878463745 -0.2649966776371002 4.268252849578857 90 62 78
0.7482644319534302 0.7625710368156433 4.212894916534424 129 108 125
0.7369966506958008 -0.7143824696540833 4.2882080078125 78 68 85
0.7348235249519348 -1.1181339025497437 4.308253288269043 123 108 128
0.7423544526100159 -0.6083425879478455 4.2835917472839355 102 73 101
0.7423544526100159 -0.6083425879478455 4.2835917472839355 102 73 101
0.7487713098526001 0.5048119425773621 4.223057746887207 130 110 125
0.7486684322357178 -0.08774213492870331 4.2540974617004395 126 106 126
0.7486684322357178 -0.08774213492870331 4.2540974617004395 126 106 126
0.7571509480476379 0.271334707736969 4.230957508087158 140 122 133
0.7597222328186035 -0.10011425614356995 4.249240875244141 71 57 72
0.7619714736938477 0.47853830456733704 4.21543025970459 133 115 134
0.7518247961997986 -0.8755847215652466 4.2795209884643555 95 69 94
0.7646234035491943 0.06732115894556046 4.236393928527832 50 40 49
0.7687249779701233 -0.06699438393115997 4.243962287902832 74 57 75
0.7647520303726196 0.11104808002710342 4.229639530181885 76 61 80
0.7647520303726196 0.11104808002710342 4.229639530181885 76 61 80
0.760238766670227 -0.3363742232322693 4.250908374786377 67 44 57
0.7582512497901917 -0.7175342440605164 4.264837741851807 73 64 85
0.7721291780471802 0.5821414589881897 4.201706886291504 127 106 118
0.7624154090881348 -1.1327760219573975 4.28554105758667 70 59 84
0.7769004106521606 0.071942999958992 4.223020076751709 138 120 138
0.7757084369659424 0.04790569841861725 4.221376419067383 83 62 80
0.7833657264709473 0.1543264091014862 4.217339992523193 76 56 74
0.7881372570991516 0.7770622372627258 4.182601451873779 81 61 74
0.7824599742889404 -0.0673350915312767 4.225164413452148 68 50 61
0.7892930507659912 0.38810834288597107 4.194331645965576 131 108 121
0.792677640914917 0.7217409610748291 4.176379680633545 136 114 128
0.7887027859687805 0.2376774102449417 4.198321342468262 146 117 133
0.7905165553092957 0.4886930286884308 4.1853742599487305 69 47 61
0.7903788089752197 0.12085501104593277 4.204273700714111 100 76 93
0.7971166372299194 0.2623290419578552 4.198459148406982 83 60 73
0.8040189146995544 0.7426688075065613 4.167436599731445 98 95 115
0.8035752177238464 0.3905481696128845 4.182544231414795 79 55 69
0.8243263959884644 0.49020621180534363 4.162135124206543 76 57 69
0.8295444250106812 0.7330305576324463 4.145789623260498 48 33 47
0.8297448754310608 0.5843563675880432 4.149412155151367 64 52 67
0.8297448754310608 0.5843563675880432 4.149412155151367 64 52 67
0.8306403756141663 0.14167384803295135 4.171669960021973 145 127 139
0.8250592350959778 -0.365223228931427 4.193579196929932 136 112 126
0.8344315886497498 0.4947788715362549 4.152418613433838 141 113 123
0.8413780331611633 0.5937861204147339 4.147592544555664 72 53 70
0.8460380434989929 0.7400776147842407 4.136697292327881 118 115 140
0.8042159676551819 0.854699432849884 4.092799186706543 111 97 111
0.8073626160621643 0.9378494024276733 4.086843967437744 98 82 92
0.8105963468551636 0.8740927577018738 4.087355613708496 118 107 123
0.8444865345954895 0.3854120969772339 4.141838073730469 125 99 109
0.842685341835022 0.06542250514030457 4.157010555267334 131 108 127
0.848889946937561 0.7074262499809265 4.12683629989624 122 101 121
0.8507697582244873 0.047759391367435455 4.155615329742432 94 74 92
0.8587245345115662 0.7195246815681458 4.120019435882568 68 48 62
0.8194605112075806 0.846174418926239 4.077911853790283 101 94 102
0.8644249439239502 0.7346928715705872 4.1159186363220215 56 39 54
0.8620156049728394 0.709457278251648 4.115214824676514 136 114 133
0.848958432674408 -0.8835055232048035 4.187780380249023 91 66 88
0.8597313165664673 -0.08458531647920609 4.151596546173096 135 114 130
0.8280230164527893 0.9223325848579407 4.069619655609131 152 172 240
0.8335160613059998 0.8525575399398804 4.068090915679932 86 76 99
0.8646420240402222 -0.24884723126888275 4.15009880065918 136 111 132
0.8777631521224976 0.7813528180122375 4.096413612365723 72 66 88
0.8777631521224976 0.7813528180122375 4.096413612365723 72 66 88
0.8761004209518433 0.028584375977516174 4.130565166473389 134 116 132
0.8802192211151123 0.23274296522140503 4.120392799377441 140 116 126
0.8783196806907654 -0.2654983103275299 4.14269495010376 83 58 71
0.8496949076652527 0.8671982288360596 4.054116725921631 16 22 45
0.8458116054534912 0.8664857745170593 4.048831939697266 16 22 41
0.8916258215904236 0.7894951105117798 4.067724227905273 134 124 141
0.8958242535591125 0.9323728680610657 4.01453161239624 15 21 41
1.1306344270706177 -0.3778909742832184 4.261098384857178 65 61 94
0.8994019627571106 0.8930839896202087 4.004011154174805 158 177 250
0.8994019627571106 0.8930839896202087 4.004011154174805 158 177 250
0.9133493900299072 0.9231134057044983 3.99845814704895 154 174 244
1.134325385093689 -0.9435338973999023 4.263102054595947 37 40 61
0.9126038551330566 0.832615852355957 3.9997217655181885 134 122 135
1.1643035411834717 -0.8212518095970154 4.254613876342773 147 171 213
0.9278954863548279 0.9374385476112366 3.980489730834961 11 16 22
0.9384061098098755 0.9446744322776794 3.970580816268921 78 79 83
1.1886876821517944 0.2651909589767456 4.1862945556640625 53 55 86
1.202216386795044 0.43281030654907227 4.179818153381348 52 62 89
1.2048275470733643 0.6320741772651672 4.1705708503723145 27 26 44
1.2037255764007568 0.4979563355445862 4.173202991485596 61 68 104
1.0188305377960205 0.9120694398880005 3.992201089859009 111 100 117
1.2124884128570557 0.5899067521095276 4.143238544464111 50 68 102
1.2603979110717773 -0.1739499419927597 4.21513032913208 115 121 170
1.0631462335586548 0.9538689851760864 3.9939677715301514 90 81 91
1.2199616432189941 0.6332057118415833 4.125481605529785 28 38 76
-0.37817519903182983 0.4615851640701294 6.837193489074707 152 98 112
-0.7104539275169373 0.5864815711975098 5.216062545776367 73 53 59
-0.710075855255127 0.9432752132415771 4.801754951477051 114 76 95
0.3823792636394501 -0.5202727317810059 4.643275260925293 62 46 57
0.6690167188644409 -0.42994171380996704 4.353465557098389 119 97 112
0.7964673638343811 0.7446886897087097 4.1551361083984375 100 100 115
0.8479242920875549 0.8686327338218689 4.0079169273376465 18 27 44
0.8479242920875549 0.8686327338218689 4.0079169273376465 18 27 44
-1.210562825202942 0.4196450710296631 6.372559547424316 166 183 253
-0.9197442531585693 -0.3600335121154785 6.0821990966796875 61 49 67
-0.9197442531585693 -0.3600335121154785 6.0821990966796875 61 49 67
0.1713837832212448 0.5246915221214294 7.817779064178467 152 98 112
-0.7213071584701538 0.5811543464660645 5.268840789794922 74 51 60
-0.5203139781951904 0.6319581270217896 5.42034912109375 87 56 65
-0.5512045621871948 0.5787761211395264 5.0695366859436035 61 47 56
-0.4838791489601135 0.1364424228668213 5.152308464050293 185 174 167
-0.8617334961891174 -0.21176409721374512 4.550372123718262 126 70 81
-0.029322581365704536 0.6840590834617615 4.534040451049805 82 37 45
0.3217639923095703 -0.3930169641971588 4.686849594116211 87 61 74
0.3731979727745056 -0.21611253917217255 4.625466823577881 63 42 54
0.3943783938884735 0.4456947147846222 4.561620712280273 53 32 44
0.4756777584552765 0.08365161716938019 4.509520053863525 71 56 70
0.7378761172294617 -0.9853484630584717 4.296363830566406 65 57 73
0.7842302322387695 0.12289517372846603 4.192129135131836 107 79 96
0.8366475701332092 -0.35999801754951477 4.162924766540527 141 113 130
0.8944758176803589 0.14594094455242157 4.088879108428955 67 44 61
-1.3984419107437134 0.9639647603034973 6.8363566398620605 145 164 201
-1.3862738609313965 0.8046069741249084 6.847959041595459 74 85 108
-1.371558427810669 -0.5059739351272583 6.933219909667969 110 118 156
-1.3367127180099487 0.7699284553527832 6.77956485748291 104 98 122
-1.336787462234497 0.7699043154716492 6.778284072875977 104 98 122
-1.2603868246078491 0.5908440947532654 6.682146072387695 135 122 149
-1.2603868246078491 0.5908440947532654 6.682146072387695 135 122 149
-1.2372676134109497 -0.09332344681024551 6.706557750701904 74 62 82
-1.2025032043457031 -0.32883360981941223 6.664626121520996 45 40 55
-1.1603204011917114 -0.6926085948944092 6.612366199493408 126 100 114
-1.1246002912521362 -0.3241388201713562 6.550491809844971 121 109 134
-1.0586835145950317 0.377025842666626 6.396171569824219 53 54 69
-1.0396674871444702 0.4348596930503845 6.3741374015808105 48 37 51
-1.0529191493988037 -0.8181052207946777 6.479674816131592 59 46 62
-1.0430532693862915 -0.35023894906044006 6.428053855895996 63 51 62
-1.047521948814392 -0.8705961108207703 6.474114894866943 73 51 59
-1.037933588027954 -0.5635656714439392 6.421019077301025 75 52 59
-1.01670503616333 -0.13526764512062073 6.377748012542725 66 52 73
-0.992523193359375 0.17111742496490479 6.333842754364014 68 55 66
-0.9765142798423767 0.18538890779018402 6.310000419616699 101 92 116
-0.9731636643409729 0.2466096132993698 6.289793968200684 68 53 57
5.767179012298584 1.5344849824905396 18.95554542541504 55 32 37
-0.9048327207565308 -0.3665629029273987 6.2380900382995605 68 50 60
-0.8906026482582092 -0.48037877678871155 6.220895290374756 44 32 41
-1.0062674283981323 0.5079587697982788 5.816600799560547 116 75 83
-0.9372885227203369 0.3340969383716583 5.9381303787231445 114 78 92
-0.9202432036399841 0.30471980571746826 5.9069132804870605 94 54 75
-0.9664293527603149 0.5414360165596008 5.758437633514404 62 37 43
-1.2980766296386719 0.9012510180473328 4.963884353637695 106 74 88
-1.2980766296386719 0.9012510180473328 4.963884353637695 106 74 88
3.128257989883423 1.018397569656372 12.482463836669922 71 35 48
3.357783555984497 1.0889250040054321 12.491922378540039 64 36 41
-1.2637665271759033 1.0127710103988647 4.845618724822998 132 141 161
-0.6735571026802063 -0.639136791229248 5.923425197601318 70 41 62
-0.7541937828063965 -0.2673671543598175 5.719241619110107 103 74 88
-1.2025446891784668 0.6813313961029053 4.866581439971924 82 38 51
-0.6429118514060974 -1.0305094718933105 5.9059624671936035 80 63 81
2.3466975688934326 0.5860691666603088 9.90783405303955 150 96 114
-0.6655761003494263 -0.5005893111228943 5.502598762512207 126 72 90
-0.7152628898620605 -0.8859244585037231 5.456590175628662 123 66 72
-0.5424343347549438 -0.49833205342292786 5.428735256195068 58 32 40
-0.5181090235710144 -0.2889263927936554 5.396888732910156 115 69 80
-0.5058647990226746 -0.3259044289588928 5.3785319328308105 118 65 78
-0.5032015442848206 -0.4825388789176941 5.373923301696777 61 32 41
-0.5381637215614319 0.20207533240318298 5.196395397186279 139 125 98
-0.4669692814350128 -0.21194422245025635 5.309075832366943 163 145 131
-0.5043858885765076 0.1500510573387146 5.173497200012207 208 203 190
-0.392688125371933 0.061898715794086456 5.282894134521484 106 81 61
-0.4552176296710968 0.16573446989059448 5.177485466003418 134 120 117
-0.45540568232536316 0.16528891026973724 5.176846027374268 137 124 114
-0.48264485597610474 0.4923381507396698 5.110739231109619 77 46 59
-0.4061362147331238 -0.3650244474411011 5.2472710609436035 116 67 72
-0.3915981948375702 -0.6177757978439331 5.116669654846191 69 25 37
-0.9129465818405151 0.8902742862701416 4.375548839569092 87 50 54
-0.3489817976951599 -0.6218079328536987 5.04836893081665 72 35 42
-0.8719772696495056 0.888122022151947 4.31952428817749 82 42 49
-0.6330710649490356 0.4404396712779999 4.5570068359375 79 43 54
-0.2904008626937866 0.48602840304374695 4.870460033416748 66 33 41
-0.0811314508318901 -0.061224162578582764 4.953087329864502 80 35 37
-0.6163743734359741 0.7467617988586426 4.342932224273682 96 51 74
-0.5327727794647217 0.8728355765342712 4.286895275115967 109 67 80
-0.13081787526607513 0.3957182765007019 4.692578315734863 72 35 51
-0.13081787526607513 0.3957182765007019 4.692578315734863 72 35 51
-0.12967897951602936 0.49218088388442993 4.676220893859863 99 58 71
0.10929690301418304 -1.0176869630813599 4.958200454711914 102 70 88
0.12595540285110474 -0.6243126392364502 4.92265510559082 98 68 86
0.12737919390201569 -0.6373908519744873 4.9161787033081055 153 123 147
-0.08876708149909973 0.3967685103416443 4.633430004119873 73 53 59
0.12287026643753052 -0.9706436395645142 4.930703639984131 97 68 85
0.15463092923164368 -0.2543354630470276 4.860256195068359 78 54 71
0.23861147463321686 -0.8396198153495789 4.796739101409912 102 76 86
0.021778298541903496 0.6282610297203064 4.472602844238281 56 31 39
0.2704334259033203 -0.7387181520462036 4.759029865264893 97 75 88
0.2704334259033203 -0.7387181520462036 4.759029865264893 97 75 88
0.2962666451931 0.2597831189632416 4.672665596008301 85 55 72
0.29018792510032654 -1.0772408246994019 4.753697395324707 142 122 142
0.34844139218330383 -0.5247412919998169 4.664285659790039 67 48 62
0.36885884404182434 0.7920987010002136 4.57061767578125 106 105 123
0.37103939056396484 -0.6540659070014954 4.668259143829346 58 40 52
0.3583225905895233 -0.7372575402259827 4.661794185638428 137 118 137
0.37753212451934814 0.3471701145172119 4.58711051940918 129 119 138
0.3736119568347931 -0.9344738125801086 4.66322135925293 76 57 69
0.3901035785675049 -0.5045068264007568 4.629688262939453 87 77 100
0.3916562795639038 -0.7989929914474487 4.632562160491943 92 68 81
0.4079478681087494 0.3390756845474243 4.557814598083496 128 125 149
0.4101257920265198 0.7989647388458252 4.524532318115234 59 56 78
0.42629849910736084 0.7691336870193481 4.5153584480285645 123 113 144
0.43051472306251526 0.08963750302791595 4.54967737197876 102 74 90
0.4351053535938263 0.1825253963470459 4.541719913482666 67 48 62
0.44727975130081177 0.76141357421875 4.508417129516602 41 32 51
0.424538254737854 -0.7599268555641174 4.597392559051514 80 60 71
0.43425461649894714 -0.21974235773086548 4.557378768920898 94 64 80
0.4448298215866089 0.09017161279916763 4.533257007598877 86 65 83
0.4620744585990906 -0.09622683376073837 4.520157814025879 137 114 134
0.4648761749267578 0.20104534924030304 4.497833728790283 105 77 91
0.4557616114616394 -1.0272883176803589 4.568033218383789 94 70 99
0.4651563763618469 -1.0731605291366577 4.573506832122803 83 65 77
0.48697206377983093 0.22184954583644867 4.472811698913574 96 69 80
0.4911981225013733 -0.1784910410642624 4.503818035125732 69 46 61
0.4811875522136688 -1.0778807401657104 4.55726957321167 85 70 85
0.5038217306137085 0.28262820839881897 4.475003242492676 42 31 39
0.4913821518421173 -0.4158377945423126 4.515549659729004 71 48 54
0.4917634129524231 -0.05978498235344887 4.485144138336182 147 127 142
0.5029647946357727 0.7928396463394165 4.4304585456848145 91 75 90
0.4830783009529114 -1.0241358280181885 4.542677879333496 81 61 88
0.4881080090999603 -0.9751939177513123 4.538078784942627 87 65 85
0.5135848522186279 0.1768137365579605 4.463188171386719 88 63 80
0.5328428745269775 -0.42494961619377136 4.47300910949707 78 54 68
0.5372557640075684 0.30210334062576294 4.405831336975098 84 126 220
0.5365129709243774 -0.8967307806015015 4.484050750732422 76 56 67
0.5641574859619141 0.30692559480667114 4.397579193115234 101 74 91
0.5641574859619141 0.30692559480667114 4.397579193115234 101 74 91
0.589747428894043 0.6220353841781616 4.3543195724487305 141 128 151
0.5822316408157349 -0.9010425806045532 4.442590236663818 86 67 87
0.5824809074401855 -0.6715348958969116 4.4224348068237305 145 122 138
0.5829800963401794 -0.9581264853477478 4.438398838043213 59 39 61
0.5907175540924072 -1.1180182695388794 4.435863018035889 86 64 84
0.6111401915550232 -0.19985611736774445 4.383572578430176 64 44 56
0.610833466053009 0.42105305194854736 4.338594436645508 129 114 136
0.6214429140090942 0.43036094307899475 4.32895040512085 76 57 76
0.63840651512146 0.6449428796768188 4.299759864807129 140 120 135
0.63840651512146 0.6449428796768188 4.299759864807129 140 120 135
0.6143075823783875 0.8534764051437378 4.240976333618164 74 66 83
0.6690208911895752 0.6009994745254517 4.278937339782715 87 68 88
0.6963639855384827 -0.1985245645046234 4.294023513793945 64 43 54
0.6947849988937378 -0.32741791009902954 4.301600933074951 77 51 63
0.7029268145561218 -0.1881147176027298 4.288393497467041 134 114 133
0.6874733567237854 -1.1124374866485596 4.3408284187316895 88 69 85
0.7245361804962158 -0.076828233897686 4.255358695983887 141 126 143
0.7364990711212158 0.2776557207107544 4.230829238891602 131 115 132
0.7488206624984741 0.14071039855480194 4.228950500488281 126 103 122
0.7516409158706665 -0.09678452461957932 4.2368974685668945 76 61 78
0.7811083197593689 0.7637789249420166 4.166355609893799 143 131 156
0.7881981134414673 0.7448282241821289 4.16696310043335 63 54 63
0.7596549987792969 -0.8518967032432556 4.253044128417969 122 98 124
0.820503294467926 -0.1774708479642868 4.164708614349365 132 108 130
-0.9883293509483337 -0.1604095697402954 7.9624481201171875 91 105 148
-0.9826899170875549 -0.11546585708856583 7.917958736419678 102 86 119
-1.003464698791504 -1.0550535917282104 8.008986473083496 173 189 240
-0.9866470098495483 -0.6859918832778931 7.935075283050537 111 91 118
-0.9931485652923584 -1.2947856187820435 7.987115859985352 106 87 115
-0.9840290546417236 -1.0887634754180908 7.963847637176514 113 95 117
-0.9694405794143677 -0.9333229660987854 7.962932586669922 98 81 113
-0.9459396004676819 -0.431241512298584 7.821052551269531 58 49 59
-0.9265618920326233 -0.7305111885070801 7.755705833435059 84 66 83
-0.9014008045196533 -0.06927626579999924 7.654381275177002 60 44 61
-0.91773521900177 -0.8531404733657837 7.732716083526611 139 117 131
-0.9020487666130066 -0.0397498644888401 7.637645244598389 56 47 63
-0.917974054813385 -1.2834571599960327 7.719264507293701 52 46 68
-0.8935316205024719 -0.4329327642917633 7.639400482177734 67 56 63
-0.9041779041290283 -0.856248140335083 7.673576831817627 132 109 122
-0.9007830619812012 -0.8088807463645935 7.674548625946045 80 57 71
-0.9167804718017578 -1.2994790077209473 7.695718288421631 125 108 127
-0.8866379261016846 -0.054484911262989044 7.5683441162109375 109 106 134
-0.9041677713394165 -1.0385922193527222 7.6672868728637695 74 55 70
-0.9129154086112976 -1.3131635189056396 7.679635047912598 74 56 73
-0.8809748888015747 -0.42293962836265564 7.619722843170166 131 122 140
-0.910189151763916 -1.2804621458053589 7.676424026489258 57 47 61
-0.8872376084327698 -0.43348002433776855 7.600066184997559 69 57 67
-0.8788949847221375 -0.1639663428068161 7.553898811340332 63 51 66
-0.8717594146728516 -0.036753129214048386 7.543045520782471 60 56 73
-0.8717594146728516 -0.036753129214048386 7.543045520782471 60 56 73
-0.897659420967102 -1.2783966064453125 7.614624500274658 73 58 74
-0.8730962872505188 -0.8397901654243469 7.585100173950195 56 39 57
-0.8825230598449707 -1.0213600397109985 7.577761650085449 134 114 130
-0.8859786987304688 -1.2681922912597656 7.59841775894165 137 114 133
-0.8591606616973877 -0.8372957706451416 7.498894691467285 83 63 74
-0.8561494946479797 -0.8927428722381592 7.491213321685791 77 58 77
-0.8426657915115356 -0.6718085408210754 7.476573944091797 54 41 54
-0.8565351963043213 -1.0148941278457642 7.481379508972168 136 118 137
-0.8418084979057312 -0.5900883078575134 7.422120571136475 140 129 146
-0.8468390703201294 -0.8379489183425903 7.433650016784668 129 112 122
-0.8318764567375183 -0.03696376830339432 7.34663724899292 66 50 73
-0.7651923894882202 0.49081429839134216 7.3966522216796875 166 183 253
-0.8127576112747192 -0.17367248237133026 7.316068172454834 58 44 68
-0.8087408542633057 -0.03757687658071518 7.302303791046143 47 37 50
-0.8087408542633057 -0.03757687658071518 7.302303791046143 47 37 50
-0.8158511519432068 -0.4169301986694336 7.300490856170654 123 111 137
-0.7951223850250244 0.12055045366287231 7.2568182945251465 63 50 68
-0.8117460608482361 -1.1542662382125854 7.350983142852783 75 58 79
-0.7915007472038269 -0.41314205527305603 7.2562255859375 129 111 135
-0.7918803691864014 -0.42648741602897644 7.245024681091309 46 39 56
-0.7872480750083923 -0.6816451549530029 7.263676166534424 79 54 61
-0.7687636017799377 0.014959190040826797 7.181084156036377 74 56 73
-0.769832968711853 -0.4258878827095032 7.18881368637085 63 49 70
-0.7578654289245605 0.36419302225112915 7.09970760345459 55 43 51
-0.7601091861724854 0.16429418325424194 7.121242046356201 117 104 126
-0.7581876516342163 0.10791486501693726 7.117274761199951 67 50 65
-0.7545049786567688 -0.054899681359529495 7.139801502227783 42 34 46
-0.7545049786567688 -0.054899681359529495 7.139801502227783 42 34 46
-0.749720573425293 0.2385181188583374 7.097387790679932 72 57 77
-0.749720573425293 0.2385181188583374 7.097387790679932 72 57 77
-0.7635444402694702 -0.4120846092700958 7.137539386749268 124 109 134
-0.7583645582199097 -0.4308566153049469 7.14431095123291 54 44 53
-0.7583645582199097 -0.4308566153049469 7.14431095123291 54 44 53
-0.7652446031570435 -1.16572904586792 7.201807022094727 58 41 52
-0.7500694394111633 -0.41694799065589905 7.1253509521484375 48 41 65
-0.748282253742218 -0.30262887477874756 7.112156867980957 130 108 129
-0.7596606016159058 -1.1458652019500732 7.175037384033203 131 113 133
-0.7377293705940247 -0.05063043162226677 7.071593761444092 49 41 50
-0.7300645709037781 0.35836952924728394 7.026683807373047 50 40 50
-0.7361549139022827 -0.4376017451286316 7.082870960235596 63 51 62
-0.7239030003547668 -0.05067923665046692 7.041384696960449 49 36 48
-0.7275070548057556 -0.18989239633083344 7.02788782119751 64 46 70
-0.7387268543243408 -1.1395238637924194 7.102896690368652 132 108 126
-0.7149128913879395 -0.30686283111572266 7.02229118347168 129 110 131
-0.7337316870689392 -1.1554055213928223 7.09557580947876 63 46 56
-0.7122020125389099 0.260769248008728 6.9474639892578125 42 33 40
-0.7112588882446289 -0.7243591547012329 7.032644271850586 50 41 62
-0.7112588882446289 -0.7243591547012329 7.032644271850586 50 41 62
-0.699455738067627 0.20928983390331268 6.93204927444458 111 93 112
-0.699455738067627 0.20928983390331268 6.93204927444458 111 93 112
-0.6971995830535889 0.2536504864692688 6.929124355316162 45 32 39
-0.7046645283699036 -0.4292718172073364 6.991126537322998 68 51 73
-0.6988978981971741 -0.19287922978401184 6.9689531326293945 63 51 66
-0.6926803588867188 -0.05824732407927513 6.957324981689453 63 49 64
-0.7074306011199951 -0.711410403251648 6.998805999755859 68 57 73
-0.7058085203170776 -0.7544479966163635 6.982850074768066 52 39 58
-0.6883769035339355 -0.00043539665057323873 6.914157867431641 66 50 61
-0.6921423077583313 -0.6735495924949646 6.970327854156494 65 53 65
-0.7005719542503357 -0.8662659525871277 6.953567981719971 94 77 89
-0.6981590986251831 -0.6920602917671204 6.935322284698486 123 97 108
-0.6759644150733948 0.043070897459983826 6.876460075378418 61 44 61
-0.6994839310646057 -1.150043249130249 6.979053020477295 56 34 46
-0.6813411712646484 -0.4287365972995758 6.9192214012146 50 37 47
-0.6725976467132568 -0.06487703323364258 6.888640880584717 44 35 47
-0.6785104274749756 -0.17793837189674377 6.879101276397705 120 102 125
-0.6851230263710022 -0.7276319265365601 6.9302873611450195 121 113 131
-0.6779974102973938 -0.43001553416252136 6.902958393096924 61 43 58
-0.6785225868225098 -0.42165112495422363 6.899934768676758 124 105 124
-0.6716078519821167 -0.18828366696834564 6.8641815185546875 54 39 49
-0.6817503571510315 -0.720639705657959 6.910805702209473 74 58 76
-0.6607059836387634 0.40686753392219543 6.785585880279541 37 29 40
-0.6605091094970703 0.22689081728458405 6.8076677322387695 40 28 33
-0.6605091094970703 0.22689081728458405 6.8076677322387695 40 28 33
-0.6702724695205688 -0.3211382329463959 6.858154296875 135 113 126
-0.6685895323753357 -0.4279175400733948 6.862652778625488 129 118 140
-0.6587365865707397 -0.18056297302246094 6.848280906677246 127 105 121
-0.6624099612236023 -0.19547627866268158 6.828049182891846 59 42 53
-0.6595228910446167 0.2207852154970169 6.778809547424316 50 36 43
-0.6459469199180603 0.22945639491081238 6.769814968109131 122 88 97
-0.6476342082023621 -0.32453837990760803 6.803549766540527 65 45 60
-0.8417896032333374 0.5067123174667358 6.309492588043213 55 32 37
-0.7809455990791321 0.44602492451667786 6.423244953155518 156 103 121
-0.7809455990791321 0.44602492451667786 6.423244953155518 156 103 121
-0.6452702879905701 -0.6650452613830566 6.810488224029541 52 44 57
-0.6559872031211853 -1.2198550701141357 6.835112571716309 132 120 138
-0.6523801684379578 -1.2302685976028442 6.842291831970215 86 67 84
-0.6532527208328247 -1.2300946712493896 6.83964204788208 86 67 84
-0.6377578973770142 -0.7188616991043091 6.789068698883057 67 52 68
-0.6370295882225037 -0.6942732930183411 6.785243511199951 132 111 128
-0.6370295882225037 -0.6942732930183411 6.785243511199951 132 111 128
-0.7909685969352722 -0.011870880611240864 6.347349643707275 94 40 49
-0.6162042617797852 -0.3232068121433258 6.700872898101807 77 53 60
-0.6176204681396484 -0.4421195387840271 6.702873706817627 56 45 58
-0.6233798265457153 -0.7045273780822754 6.723286151885986 129 116 134
-0.7758011817932129 0.005417340435087681 6.345029354095459 68 28 35
-0.6087079048156738 -0.31014788150787354 6.691314220428467 129 108 125
-0.6140543222427368 -0.7175340056419373 6.722928524017334 51 41 49
-0.6245448589324951 -1.1319166421890259 6.752407073974609 75 56 69
-0.613596498966217 -1.128583312034607 6.718238830566406 74 52 65
-0.5970928072929382 -0.19028231501579285 6.63163948059082 133 123 148
-0.6084110140800476 -0.8585699796676636 6.678853511810303 134 118 136
-0.5963584184646606 -0.44198331236839294 6.641965389251709 65 51 71
-0.5978091359138489 -0.1997656375169754 6.607922077178955 86 65 76
-0.5955387949943542 -0.4824005365371704 6.643048286437988 71 53 64
-0.7823479175567627 0.5111144185066223 6.165616989135742 52 33 43
-0.6001061201095581 -0.8660694360733032 6.66180419921875 63 50 60
-0.7032853960990906 0.06489899754524231 6.344302177429199 37 20 18
-0.7031302452087402 0.3266868591308594 6.294990062713623 66 33 40
-0.5720980763435364 -0.1953497976064682 6.565634727478027 65 47 66
-0.7719218730926514 0.4873046278953552 6.1250410079956055 127 85 101
-0.771265983581543 0.5175206065177917 6.1187615394592285 69 50 56
-0.7143049836158752 0.4105110466480255 6.23228645324707 152 98 112
-0.7684265971183777 0.5631263256072998 6.103683948516846 62 37 43
-0.7875941395759583 0.5134896039962769 6.075216293334961 62 44 50
-0.5579740405082703 -0.6502983570098877 6.553206443786621 129 109 124
-0.5563674569129944 -0.4150226414203644 6.526069164276123 74 61 82
-0.7490025758743286 0.47338730096817017 6.0588765144348145 134 88 108
-0.7490025758743286 0.47338730096817017 6.0588765144348145 134 88 108
-0.547369122505188 -0.4352589249610901 6.510157585144043 66 41 52
-0.5527647137641907 -0.712246835231781 6.526431083679199 63 45 56
-0.5591306090354919 -1.132312536239624 6.560702800750732 66 53 64
-1.237713098526001 0.8317934274673462 5.148039817810059 92 51 66
-0.5595481395721436 -1.029726505279541 6.5368218421936035 92 61 79
-0.7448132038116455 0.5676195025444031 6.024083137512207 79 54 60
-0.7363368272781372 0.4894123673439026 6.034428596496582 49 35 42
-0.5517511963844299 -1.1099746227264404 6.531024932861328 84 57 83
-1.2328765392303467 0.7842886447906494 5.134703159332275 84 39 50
-1.2328765392303467 0.7842886447906494 5.134703159332275 84 39 50
-1.2303814888000488 0.8138070106506348 5.1311798095703125 81 37 50
-0.5296564102172852 -0.3184274137020111 6.464944362640381 70 48 56
-0.7308188080787659 0.5681606531143188 5.995848178863525 57 34 40
-0.526960551738739 -0.8699549436569214 6.470668315887451 56 38 48
-1.3010804653167725 0.42583799362182617 5.006099700927734 71 35 48
-0.5255703926086426 -0.7640615105628967 6.4522013664245605 69 56 81
-0.5238284468650818 -0.850730836391449 6.464980602264404 125 113 136
-0.5206490159034729 -0.721743106842041 6.452531814575195 64 50 77
-0.7127186059951782 0.5642432570457458 5.963176727294922 73 40 56
-0.5244913101196289 -1.0104668140411377 6.456986427307129 88 64 81
-0.5151510834693909 -0.7157584428787231 6.434263229370117 82 60 83
-1.2123247385025024 0.9280939698219299 5.052664756774902 107 72 89
-1.2123247385025024 0.9280939698219299 5.052664756774902 107 72 89
-0.5189228057861328 -1.0582857131958008 6.428828239440918 66 51 68
-0.5700205564498901 0.31299281120300293 6.1785078048706055 57 26 34
-0.6957571506500244 0.5017393231391907 5.943548679351807 48 40 43
-0.5079793930053711 -0.8716713190078735 6.403779983520508 79 57 69
-0.49438154697418213 -0.43592846393585205 6.366014003753662 55 40 53
-0.49438154697418213 -0.43592846393585205 6.366014003753662 55 40 53
-0.7253193259239197 0.6438905000686646 5.842893600463867 82 51 57
-0.7253193259239197 0.6438905000686646 5.842893600463867 82 51 57
-0.6936668157577515 0.49359017610549927 5.903491020202637 53 29 35
-0.6951510310173035 0.4932188391685486 5.899845123291016 53 29 35
-0.48849430680274963 -0.4224992096424103 6.336414337158203 107 93 115
-1.188002347946167 0.7213021516799927 5.026301860809326 67 38 52
-0.6652208566665649 -0.5886378884315491 6.017286777496338 132 81 89
-0.665490984916687 -0.5970794558525085 6.0114006996154785 83 30 43
-0.6507226228713989 -0.5797370076179504 6.018915176391602 57 22 24
-0.6617535948753357 0.48819202184677124 5.842713356018066 76 36 51
-0.5856712460517883 -0.2871529459953308 6.016860485076904 45 21 23
-0.51695317029953 0.003323937300592661 6.085712432861328 50 26 36
-1.1651912927627563 0.8442682027816772 4.95794153213501 92 47 62
-0.6798296570777893 0.6319292783737183 5.722007751464844 79 57 66
-1.158818006515503 0.8670084476470947 4.940457344055176 146 102 121
-0.5065189599990845 0.24164551496505737 6.023266792297363 57 28 36
-0.5065189599990845 0.24164551496505737 6.023266792297363 57 28 36
-1.1661134958267212 0.9130723476409912 4.914714336395264 107 72 89
-0.6352313160896301 0.5721893906593323 5.764974594116211 105 56 75
-0.528634250164032 0.13495086133480072 5.959927082061768 81 40 50
-0.528634250164032 0.13495086133480072 5.959927082061768 81 40 50
-0.44371557235717773 -1.130656123161316 6.229635715484619 80 63 81
-0.5100778341293335 0.06896565854549408 5.993746280670166 104 53 61
-0.5301398038864136 0.12580975890159607 5.95574426651001 127 77 86
-0.5301398038864136 0.12580975890159607 5.95574426651001 127 77 86
-0.44235697388648987 -1.1443127393722534 6.221292495727539 132 115 141
-0.5208499431610107 -0.15904177725315094 5.992253303527832 74 29 34
-0.4400935471057892 -1.120654582977295 6.221489429473877 132 113 136
-0.4400935471057892 -1.120654582977295 6.221489429473877 132 113 136
-0.440337210893631 -1.1091231107711792 6.203729152679443 83 65 90
-0.48984092473983765 0.06606923043727875 5.967283248901367 88 41 49
-0.42818963527679443 -1.1322276592254639 6.188959121704102 77 58 73
-0.42818963527679443 -1.1322276592254639 6.188959121704102 77 58 73
-0.5028921365737915 -0.35431745648384094 5.980364799499512 61 33 47
-0.5005835890769958 -0.34661415219306946 5.975607395172119 108 69 82
-0.47466179728507996 -0.0017154120141640306 5.976494789123535 54 27 36
-0.49551790952682495 -0.2800191640853882 5.974208831787109 73 33 40
-0.5001252293586731 -0.3649372160434723 5.975590705871582 115 76 90
-0.4781712293624878 -0.06471292674541473 5.976373195648193 54 26 33
-0.4191984534263611 -1.1295408010482788 6.176813125610352 131 117 142
-0.49407124519348145 -0.3554260730743408 5.977864742279053 59 28 40
-0.6113607287406921 0.5438922047615051 5.684528350830078 79 43 57
-0.6117427349090576 0.5438195466995239 5.6836838722229 79 43 57
-0.47620147466659546 -0.00227014790289104 5.939852237701416 54 28 39
-0.47454577684402466 0.1072404682636261 5.91440486907959 70 37 48
-0.4681510925292969 0.13962098956108093 5.918093204498291 52 25 34
-0.5940003991127014 0.5401557683944702 5.657494068145752 98 48 65
-0.5887052416801453 0.5278983116149902 5.64877986907959 82 43 56
-0.4576956033706665 -0.3942745625972748 5.930111885070801 54 25 33
-1.113840103149414 0.7880611419677734 4.817399978637695 72 43 56
-0.5499609708786011 -0.6151213645935059 5.792847633361816 43 20 23
-0.6130965352058411 0.6368327140808105 5.556346416473389 88 57 68
-0.4977671205997467 0.3597145676612854 5.71414041519165 155 102 118
-1.105755090713501 0.8991413712501526 4.769134998321533 114 73 93
-1.105755090713501 0.8991413712501526 4.769134998321533 114 73 93
-1.1229248046875 0.5771894454956055 4.778336048126221 105 57 66
-0.6086574792861938 -0.869231641292572 5.668548583984375 123 67 75
-0.5434021353721619 -1.0155649185180664 5.771103382110596 64 22 28
-0.5482557415962219 -0.6994298100471497 5.723080158233643 115 69 81
-0.5367283225059509 -1.0411102771759033 5.77183723449707 100 42 54
-0.5367283225059509 -1.0411102771759033 5.77183723449707 100 42 54
-0.5429386496543884 -0.6739919781684875 5.719933986663818 117 65 77
-0.47202932834625244 0.12709257006645203 5.714579105377197 58 28 35
-1.0839744806289673 0.7963223457336426 4.754418849945068 95 45 64
-1.083566427230835 0.7435193657875061 4.760716438293457 87 42 55
-1.109400987625122 0.9237587451934814 4.701704978942871 84 46 58
-0.4644926190376282 0.01638357900083065 5.701394081115723 120 67 76
-1.2026270627975464 0.5571997165679932 4.591670989990234 105 57 67
-0.5767964720726013 0.5972847938537598 5.469193458557129 74 51 60
-0.5350377559661865 -0.6054761409759521 5.650099754333496 117 75 89
-1.0852497816085815 0.8941202759742737 4.716676712036133 111 73 90
-1.1686811447143555 1.0059715509414673 4.5860419273376465 39 37 78
-0.525950014591217 -0.4894956648349762 5.6468095779418945 141 88 105
-0.5596663951873779 -0.925744354724884 5.642343521118164 53 18 26
-0.4585683345794678 -0.04212085157632828 5.692672252655029 60 35 48
-0.4585683345794678 -0.04212085157632828 5.692672252655029 60 35 48
-1.098050832748413 0.9201616048812866 4.671967029571533 83 44 56
-0.4996672570705414 -0.2276187688112259 5.616953372955322 110 68 83
-0.44436612725257874 0.2963639497756958 5.639294624328613 132 79 92
-0.5183359384536743 -0.625622034072876 5.609584331512451 69 32 38
-1.062034249305725 0.7754234671592712 4.710334300994873 94 50 65
-0.4365924298763275 0.29466819763183594 5.616809844970703 62 33 40
-0.4393376410007477 0.009868841618299484 5.638071537017822 54 23 33
-0.43432173132896423 -0.04529087245464325 5.648070335388184 67 37 43
-0.43432173132896423 -0.04529087245464325 5.648070335388184 67 37 43
-0.44680067896842957 -0.11742357909679413 5.636646747589111 53 24 28
-0.5167539715766907 0.5480149984359741 5.4611687660217285 103 56 68
-1.150534987449646 0.9839426875114441 4.541219711303711 76 78 93
-0.49594008922576904 -0.7360445261001587 5.61602258682251 108 74 99
-0.5299644470214844 -0.8547980189323425 5.579158306121826 43 19 22
-0.4717269241809845 -0.5535892844200134 5.614597320556641 68 26 31
-0.4513152539730072 0.3608601689338684 5.542983531951904 91 40 51
-0.4513152539730072 0.3608601689338684 5.542983531951904 91 40 51
-0.5091978907585144 0.5261820554733276 5.445467948913574 80 43 59
-0.5091978907585144 0.5261820554733276 5.445467948913574 80 43 59
-0.5041967630386353 -0.6068969964981079 5.567683696746826 62 31 38
-0.4737458825111389 -0.47597363591194153 5.582522392272949 137 87 99
-0.42527127265930176 -0.0928334891796112 5.605501651763916 56 29 37
-0.43552353978157043 -0.20580266416072845 5.5991902351379395 52 24 23
-0.43552353978157043 -0.20580266416072845 5.5991902351379395 52 24 23
-1.0532073974609375 0.8866547346115112 4.639222145080566 108 72 89
-0.5004482269287109 0.5142053365707397 5.424237251281738 79 44 59
-0.45552515983581543 -0.2442992478609085 5.540441036224365 56 26 30
-0.3994435966014862 0.2357526570558548 5.549947261810303 40 23 28
-0.41909340023994446 -0.5302549004554749 5.600022792816162 58 32 40
-0.41568589210510254 -0.3901008367538452 5.585125923156738 61 33 40
-0.4859248697757721 -0.9289978742599487 5.542447090148926 142 88 101
-0.40708017349243164 -0.3096325099468231 5.57337760925293 53 23 31
-0.4819752871990204 -0.9334876537322998 5.513343334197998 69 35 50
-0.3950938582420349 -0.07139065116643906 5.531303882598877 84 45 50
-0.3924392759799957 -0.07797849178314209 5.534221649169922 89 46 54
-0.3982013761997223 -0.2059265375137329 5.528934001922607 44 20 19
-0.3899887204170227 -0.03429469093680382 5.520053386688232 66 31 30
-0.39257359504699707 -0.034122880548238754 5.515089511871338 66 31 30
-0.3925597369670868 -0.05614389479160309 5.5162177085876465 149 122 110
-0.39132213592529297 -0.09032414108514786 5.52067232131958 154 130 118
-0.38823994994163513 -0.0433381125330925 5.513777256011963 144 118 105
-0.4699930250644684 -0.9342529773712158 5.4908246994018555 77 33 53
-0.3852141499519348 -0.031854379922151566 5.510322570800781 141 115 100
-0.3847264051437378 -0.11790965497493744 5.5150465965271 144 125 107
-0.49307990074157715 0.5965397357940674 5.279338359832764 72 51 58
-0.37442752718925476 -0.14220771193504333 5.498498916625977 148 124 112
-0.380309134721756 -0.49430936574935913 5.508938312530518 61 34 43
-0.4114498794078827 0.2396155148744583 5.391881942749023 37 22 24
-0.37524324655532837 0.07719815522432327 5.4430742263793945 50 23 23
-0.4240918457508087 -0.7418087124824524 5.452615261077881 134 81 99
-0.45510491728782654 0.17944951355457306 5.320653915405273 144 138 131
-0.35089364647865295 -0.14005619287490845 5.465022563934326 97 54 60
-0.39941632747650146 0.22049464285373688 5.367788791656494 89 75 55
0.9952642917633057 1.1774002313613892 7.070888519287109 100 48 61
-0.4435541331768036 -0.9381097555160522 5.422394752502441 84 39 49
-0.32206007838249207 -0.02842499502003193 5.490354537963867 170 156 139
-0.3601570427417755 -0.1770411878824234 5.448491096496582 72 42 50
-0.35915589332580566 -0.2282901108264923 5.44918966293335 163 145 131
-0.3601866066455841 -0.46085071563720703 5.45514440536499 73 36 48
-0.424116313457489 0.11816622316837311 5.3153533935546875 198 194 183
-0.35728731751441956 -0.2271580547094345 5.431736469268799 144 126 112
-0.41096702218055725 -0.7527177333831787 5.410149574279785 74 36 49
-0.3534950315952301 -0.09373856335878372 5.418227195739746 97 65 40
-0.42995625734329224 0.18187309801578522 5.2886176109313965 195 190 177
-0.3571881949901581 -0.13305449485778809 5.408608913421631 210 200 180
-0.4122544825077057 0.12993477284908295 5.30615234375 105 95 93
-0.4130927324295044 0.13018518686294556 5.3046979904174805 97 89 89
-0.3500535190105438 -0.5009755492210388 5.4439287185668945 68 33 32
-0.3722851574420929 0.011470300145447254 5.365074634552002 147 126 101
-0.3722851574420929 0.011470300145447254 5.365074634552002 147 126 101
-0.4252050817012787 -0.9381448030471802 5.389815807342529 81 37 45
-0.37228596210479736 -0.00972287543118 5.365636825561523 220 210 183
-0.9810913801193237 0.7326920032501221 4.529829978942871 85 49 63
-0.4073368310928345 0.11172880232334137 5.309109687805176 205 199 193
-1.0104106664657593 0.9833669066429138 4.464408874511719 62 49 64
-0.3427180349826813 -0.21217478811740875 5.415063381195068 143 122 98
-0.3299717307090759 0.12252423912286758 5.397390365600586 144 131 124
-0.31918925046920776 -0.047268956899642944 5.426468372344971 62 34 14
-0.315782755613327 0.061871904879808426 5.418602466583252 85 54 41
-0.322226881980896 -0.106888547539711 5.42400598526001 153 133 105
-0.4496127963066101 0.5893426537513733 5.194096088409424 61 47 56
-0.32538312673568726 0.054409950971603394 5.400157451629639 126 106 81
-0.30922770500183105 0.05938185751438141 5.403453350067139 108 82 64
-0.3145773708820343 0.053534045815467834 5.39593505859375 141 122 95
-0.3138439953327179 -0.28306639194488525 5.427810192108154 110 58 66
-0.39075708389282227 0.15172675251960754 5.281561851501465 225 221 210
-0.3944700062274933 0.1953563392162323 5.271847248077393 40 25 23
-0.2966172695159912 0.05638193339109421 5.40216064453125 106 81 61
-0.30203521251678467 0.04935765638947487 5.391737937927246 130 112 90
-0.37757450342178345 0.1346372365951538 5.28425407409668 185 174 167
-0.3077085614204407 -0.2481156587600708 5.403384685516357 45 22 26
-0.43954670429229736 0.5630791783332825 5.162133693695068 138 106 120
-0.4011008143424988 0.5034117102622986 5.206165790557861 92 64 82
-0.4011008143424988 0.5034117102622986 5.206165790557861 92 64 82
-0.3119118809700012 -0.042776938527822495 5.367556571960449 203 190 164
-0.37610292434692383 0.21356454491615295 5.256279468536377 63 39 42
-0.3957896828651428 0.5080766081809998 5.19930362701416 78 45 61
-0.4160039722919464 -0.8569895029067993 5.301155090332031 44 23 25
-0.2710462510585785 -0.023554306477308273 5.385046482086182 151 130 109
-0.3884362280368805 0.44439440965652466 5.194900035858154 141 96 116
-0.39704984426498413 -0.9339160919189453 5.315297603607178 78 39 53
-0.3052954375743866 -0.3998680114746094 5.362305641174316 56 26 33
-0.3330315351486206 0.180185467004776 5.260622978210449 178 169 162
-0.2636770009994507 0.0453193299472332 5.3538923263549805 59 28 31
-0.30044233798980713 -0.37116843461990356 5.3488006591796875 50 24 23
-0.38201451301574707 -0.9393002986907959 5.302454948425293 57 27 35
-0.28460177779197693 -0.1866459995508194 5.34612512588501 65 30 30
-0.3184853494167328 0.19915367662906647 5.2537055015563965 90 68 72
-0.3261450529098511 0.1814137101173401 5.2459187507629395 203 195 179
-0.36898273229599 -0.9328638315200806 5.2917985916137695 140 83 94
-0.3197879195213318 0.1699960082769394 5.243006229400635 99 75 62
-0.37258976697921753 0.4271658658981323 5.15330696105957 72 42 55
-0.32378819584846497 0.20560331642627716 5.230862140655518 166 156 149
-0.3739587962627411 0.4942627549171448 5.142911911010742 82 44 61
-0.4037315249443054 0.5809436440467834 5.084016799926758 54 43 50
-0.31757378578186035 0.17888249456882477 5.223264217376709 176 162 151
-0.3061148226261139 0.1856476366519928 5.219901084899902 120 97 92
-0.3629433810710907 0.5018989443778992 5.118837356567383 80 45 62
-0.3499046266078949 -0.6360036730766296 5.234736442565918 38 23 27
-0.27285489439964294 -0.32004404067993164 5.29016637802124 40 14 18
-0.3325268030166626 -0.7466384172439575 5.259426116943359 131 78 94
-0.37540069222450256 -0.8604267835617065 5.219563961029053 45 23 27
-0.9320884346961975 0.7619059085845947 4.411386966705322 80 46 59
-0.26267364621162415 0.22354580461978912 5.2360639572143555 65 33 39
-0.26301926374435425 0.2302621454000473 5.220671653747559 144 91 101
-0.34327489137649536 0.49938076734542847 5.097691059112549 89 48 65
-0.33663123846054077 -0.598856508731842 5.202239036560059 106 69 86
-0.29234614968299866 0.34439975023269653 5.160684108734131 164 110 126
-0.33843523263931274 -0.645331859588623 5.195473670959473 137 80 94
-0.33978599309921265 0.4934810996055603 5.087019920349121 82 57 71
-0.33829620480537415 -0.6144760847091675 5.1910200119018555 136 84 96
-0.31657925248146057 -0.744823157787323 5.224756240844727 113 81 104
-0.2540595531463623 -0.11328131705522537 5.238083362579346 56 21 31
-0.2540595531463623 -0.11328131705522537 5.238083362579346 56 21 31
-0.24999259412288666 0.09664474427700043 5.222874641418457 65 24 36
-0.9141576290130615 0.749951183795929 4.382620811462402 94 44 57
-0.9141576290130615 0.749951183795929 4.382620811462402 94 44 57
-0.2490811049938202 -0.01044558547437191 5.220665454864502 61 24 31
-0.2374107539653778 0.2062646597623825 5.191827297210693 135 79 88
-0.2374107539653778 0.2062646597623825 5.191827297210693 135 79 88
-0.9104606509208679 0.8062030673027039 4.360612392425537 79 42 58
-0.9104606509208679 0.8062030673027039 4.360612392425537 79 42 58
-0.9098093509674072 0.7612022757530212 4.365326881408691 95 46 63
-0.9098093509674072 0.7612022757530212 4.365326881408691 95 46 63
-0.2524370849132538 -0.140565887093544 5.197411060333252 57 23 30
-0.2524370849132538 -0.140565887093544 5.197411060333252 57 23 30
-0.23358041048049927 -0.10848270356655121 5.212158203125 66 30 41
-0.23102447390556335 0.10177024453878403 5.194911479949951 75 32 48
-0.2261175513267517 0.09949322044849396 5.195091247558594 83 43 58
-0.23019318282604218 0.20184288918972015 5.179297924041748 62 22 31
-0.3118593692779541 -0.6077386140823364 5.1601996421813965 61 25 34
-0.32220348715782166 0.434892863035202 5.049971580505371 53 34 45
-0.23010295629501343 0.2629832923412323 5.168179988861084 64 34 39
-0.9322614669799805 0.8841924667358398 4.309562683105469 91 48 53
-0.903623104095459 0.7442238926887512 4.353874683380127 96 49 60
-0.3114641010761261 -0.6215387582778931 5.139650344848633 54 27 34
-0.3066102862358093 -0.6069911122322083 5.143117904663086 122 74 91
-0.31441712379455566 0.4434283971786499 5.035430908203125 64 35 45
-0.30358487367630005 -0.5038110017776489 5.134034156799316 139 86 102
-0.22043302655220032 0.2628675401210785 5.151475429534912 135 79 90
-0.21912844479084015 0.26029616594314575 5.153361797332764 134 81 91
-0.21912844479084015 0.26029616594314575 5.153361797332764 134 81 91
-0.31251880526542664 -0.632625162601471 5.127782821655273 144 89 105
-0.31251880526542664 -0.632625162601471 5.127782821655273 144 89 105
-0.3007809817790985 0.45578497648239136 5.02630615234375 70 40 55
-0.9211844205856323 0.8828240633010864 4.283499240875244 74 42 47
-0.28878745436668396 -0.5757798552513123 5.123503684997559 139 92 108
-0.2146347463130951 0.048588335514068604 5.148916244506836 64 36 45
-0.2118363380432129 -0.06805724650621414 5.160208702087402 74 37 47
-0.21359369158744812 -0.014050008729100227 5.153179168701172 60 26 36
-0.2179170548915863 -0.11559349298477173 5.156493663787842 62 33 38
-0.21809057891368866 -0.14979039132595062 5.143048286437988 117 81 99
-0.8893515467643738 0.8467718362808228 4.303653717041016 182 133 163
-0.8893515467643738 0.8467718362808228 4.303653717041016 182 133 163
-0.20184223353862762 0.20155499875545502 5.124264240264893 139 84 97
-0.3393855690956116 0.5683761239051819 4.935394763946533 84 57 66
-0.9124042391777039 0.934101939201355 4.26461935043335 72 58 72
-0.9088698625564575 0.8643522262573242 4.274873733520508 173 128 156
-0.2640269696712494 -0.5389479994773865 5.109734058380127 69 28 35
-0.8963223099708557 0.5927717089653015 4.306325435638428 130 80 91
-0.21716104447841644 -0.5961151719093323 5.13926887512207 44 18 21
-0.8686153888702393 0.8458711504936218 4.292448997497559 182 136 165
-0.8746427297592163 0.8795092105865479 4.263994216918945 98 58 68
-0.23869746923446655 -1.033003330230713 5.119999885559082 156 103 118
-0.32096463441848755 0.6653755307197571 4.872091770172119 134 87 103
-0.22367464005947113 -1.0253952741622925 5.130167007446289 80 26 27
-0.2650030255317688 0.4882428050041199 4.94026517868042 78 39 53
-0.8178303241729736 0.7823123335838318 4.3110575675964355 102 61 82
-0.2610405683517456 0.5125735402107239 4.932090759277344 102 57 71
-0.21402575075626373 0.39258235692977905 4.968685626983643 159 112 132
-0.10386920720338821 -0.47152554988861084 5.146512985229492 59 29 34
-0.08871927857398987 0.1191413626074791 5.109760284423828 63 25 35
-0.7973984479904175 0.849249541759491 4.283369064331055 138 96 115
-0.7820242643356323 0.7514631748199463 4.305191993713379 92 52 71
-0.14357095956802368 0.3769401013851166 5.015257835388184 71 49 58
-0.8180813193321228 0.8759903907775879 4.255332946777344 107 58 70
-0.08291797339916229 0.006444920320063829 5.104889392852783 65 33 40
-0.08837837725877762 0.11461030691862106 5.088572978973389 75 46 57
-0.08689577877521515 -0.32421639561653137 5.1283955574035645 79 38 42
-0.15517333149909973 -0.6540622711181641 5.073963165283203 44 20 26
-0.22843295335769653 -0.8825489282608032 5.004563331604004 99 56 65
-0.7499376535415649 0.7795794606208801 4.305216312408447 87 55 72
-0.7517763376235962 0.7315412759780884 4.306527137756348 102 48 67
-0.08362964540719986 -0.31683388352394104 5.097812175750732 56 29 33
-0.7497453689575195 0.7079784274101257 4.308501243591309 120 69 90
-0.7497453689575195 0.7079784274101257 4.308501243591309 120 69 90
-0.23090818524360657 0.485999196767807 4.868460655212402 57 35 41
-0.07766280323266983 -0.43172168731689453 5.095494747161865 59 30 40
-0.07304917275905609 -0.2922132909297943 5.086889743804932 57 30 36
-0.7368259429931641 0.7471910119056702 4.303025722503662 116 57 76
-0.21941527724266052 0.5048567056655884 4.854540824890137 70 43 50
0.016412457451224327 -1.0677964687347412 5.228719234466553 136 112 136
-0.2122681438922882 0.4822358191013336 4.847621440887451 72 33 47
-0.7097854614257812 0.7326440811157227 4.303854942321777 119 68 90
-0.7121952176094055 0.6399797797203064 4.3080010414123535 101 59 78
-0.7073673009872437 0.7944597005844116 4.296365737915039 112 64 86
0.02658657170832157 -1.0614519119262695 5.20783805847168 105 73 88
-0.05721522122621536 0.03042907454073429 5.017735004425049 93 47 57
-0.05129309371113777 0.11459331959486008 5.016398906707764 44 18 24
-0.0643152967095375 -0.8844274878501892 5.090163707733154 61 32 35
-0.12917961180210114 -0.6018746495246887 4.996955394744873 123 98 112
-0.057169388979673386 -0.3082791566848755 5.028268337249756 126 83 95
-0.03468046709895134 0.19364486634731293 5.003068923950195 62 30 39
-0.07920775562524796 0.06966832280158997 4.9616522789001465 141 94 108
-0.07531196624040604 0.08303252607584 4.95473575592041 139 92 102
-0.07491710036993027 0.06456144899129868 4.956300258636475 103 48 58
-0.07079588621854782 0.07770100235939026 4.951535224914551 91 44 56
-0.07079588621854782 0.07770100235939026 4.951535224914551 91 44 56
-0.19237548112869263 0.41570141911506653 4.796095371246338 71 38 45
-0.6573882699012756 0.6419590711593628 4.302149295806885 88 51 68
-0.04202139005064964 0.050784945487976074 4.961159706115723 149 92 107
-0.18183614313602448 0.427327036857605 4.788698196411133 61 36 45
-0.08576908707618713 -0.5109686255455017 4.95817232131958 62 31 33
-0.08576908707618713 -0.5109686255455017 4.95817232131958 62 31 33
-0.16775594651699066 0.4405156672000885 4.7814249992370605 55 37 41
-0.17390860617160797 0.42626261711120605 4.774147033691406 139 87 103
-0.6244072318077087 0.706892192363739 4.299247741699219 84 48 64
-0.011667987331748009 0.02962541952729225 4.947201251983643 95 47 55
-0.004777717404067516 0.1115044429898262 4.94515323638916 57 26 33
-0.1640581339597702 0.423077255487442 4.760435581207275 82 39 53
0.08876223862171173 -0.8124860525131226 5.096162796020508 133 120 145
-0.00010177589138038456 0.05473078414797783 4.934703350067139 96 48 60
-0.11362115293741226 -0.6020809412002563 4.867680549621582 113 66 74
-0.6279962062835693 0.8649749755859375 4.235923767089844 101 59 70
-0.10659974813461304 -0.6302456259727478 4.8383660316467285 92 36 45
-0.12998126447200775 0.47333261370658875 4.698968887329102 90 44 59
0.12582708895206451 -0.9027402400970459 5.036270618438721 133 117 138
-0.13866335153579712 0.8356945514678955 4.624556541442871 64 43 54
0.05714361369609833 0.17475993931293488 4.860945701599121 58 29 32
-0.11509004235267639 0.4718899726867676 4.670795440673828 70 36 44
0.14714351296424866 -0.8828027844429016 5.014126777648926 72 50 68
0.14305120706558228 -1.0328534841537476 5.019222259521484 102 74 89
0.15076997876167297 -0.8994487524032593 5.009394645690918 64 52 70
-0.10457782447338104 0.39352816343307495 4.65539026260376 64 36 41
-0.10468282550573349 0.4592610001564026 4.6468939781188965 65 41 44
-0.1366562396287918 0.8436139225959778 4.580501079559326 151 107 128
-0.10498498380184174 0.3703111708164215 4.646275043487549 151 122 143
0.17350934445858002 -0.49949824810028076 4.965053081512451 68 48 60
0.1565878689289093 -0.9617481231689453 4.984964847564697 85 65 85
0.16266366839408875 -0.9207470417022705 4.984842777252197 75 59 75
0.1646052747964859 -0.9510560035705566 4.979513645172119 80 60 79
-0.12447288632392883 0.8587002158164978 4.558713436126709 67 36 41
0.1792394369840622 -0.49633854627609253 4.944943904876709 74 56 76
0.1792394369840622 -0.49633854627609253 4.944943904876709 74 56 76
-0.11314696073532104 0.5830236077308655 4.5886921882629395 97 58 61
0.17201489210128784 -0.843754768371582 4.963642597198486 105 72 87
-0.0888965055346489 0.7552585601806641 4.581995010375977 122 68 81
0.17846012115478516 -1.0348091125488281 4.9630913734436035 93 75 102
0.18669848144054413 -0.3800831437110901 4.915844917297363 102 70 85
-0.07272140681743622 0.46460771560668945 4.604983806610107 79 38 50
0.18522439897060394 -0.9068813920021057 4.948238849639893 96 66 82
0.19038940966129303 -0.6431954503059387 4.928215503692627 97 67 77
-0.07841610908508301 0.7228593826293945 4.571605682373047 37 25 26
0.18542365729808807 -0.9488426446914673 4.93951416015625 97 69 89
-0.06825608760118484 0.4539044499397278 4.5961456298828125 80 38 49
-0.06768641620874405 0.4591137170791626 4.595459461212158 83 57 65
0.19537077844142914 -0.8504619002342224 4.938486576080322 81 54 63
0.19410158693790436 -0.4954890012741089 4.908860206604004 95 66 88
0.1943146139383316 -0.7707451581954956 4.929805755615234 71 47 68
0.1943146139383316 -0.7707451581954956 4.929805755615234 71 47 68
-0.020492907613515854 0.35102903842926025 4.638570785522461 78 49 56
0.10994996130466461 0.13209739327430725 4.759284019470215 53 27 31
-0.05519717186689377 0.4029301106929779 4.581342697143555 44 33 37
0.20531794428825378 -0.8502487540245056 4.912415504455566 96 74 83
0.20434309542179108 -0.9138799905776978 4.9165263175964355 102 65 83
0.21046185493469238 -1.037482738494873 4.915084362030029 74 52 73
0.20749007165431976 -0.9948447346687317 4.905206680297852 98 72 91
0.21653114259243011 -0.9139848947525024 4.897578239440918 92 59 76
0.007920526899397373 0.3538146913051605 4.608037948608398 90 59 60
0.037476327270269394 0.30741003155708313 4.633408546447754 160 108 124
0.2254733294248581 -0.9055471420288086 4.887086391448975 82 69 89
0.07658379524946213 0.267194926738739 4.662227153778076 88 42 47
0.04018973931670189 0.32556384801864624 4.625177383422852 162 105 122
0.2317293882369995 -0.34784406423568726 4.846130847930908 150 128 149
0.04613252729177475 0.2974773645401001 4.625117778778076 108 56 61
0.22865918278694153 -1.04792058467865 4.880957126617432 103 71 83
0.1549816131591797 0.02178853005170822 4.722882270812988 55 30 34
0.24347101151943207 -0.7120631337165833 4.855175018310547 138 114 136
0.23732687532901764 -0.9914190173149109 4.8688764572143555 105 80 101
0.23732687532901764 -0.9914190173149109 4.8688764572143555 105 80 101
0.09882461279630661 0.18996348977088928 4.653540134429932 85 58 75
-0.0313105545938015 0.6772663593292236 4.499262809753418 80 33 46
0.2548205852508545 -0.6491696834564209 4.844936847686768 97 76 102
0.25360429286956787 -0.2740550935268402 4.808658599853516 109 66 79
-0.025773612782359123 0.6889291405677795 4.486961841583252 78 32 43
0.25211384892463684 -1.0353468656539917 4.857083797454834 78 63 86
0.25211384892463684 -1.0353468656539917 4.857083797454834 78 63 86
0.26039186120033264 -0.4848155379295349 4.814444541931152 81 66 89
0.2597721815109253 -0.4848209023475647 4.813640594482422 81 66 89
0.2624313533306122 -0.3958040773868561 4.804698467254639 71 59 76
0.2624313533306122 -0.3958040773868561 4.804698467254639 71 59 76
0.25868603587150574 -0.7320124506950378 4.825056552886963 89 64 79
0.27197548747062683 -0.277407169342041 4.796069622039795 87 55 66
0.06122182309627533 -0.03693673759698868 4.593684673309326 110 59 65
0.27052828669548035 -0.4837457537651062 4.803287982940674 144 122 145
0.11027482151985168 0.04035898298025131 4.619668006896973 55 26 25
0.0319981575012207 -0.09990978240966797 4.561427116394043 143 91 104
0.03647047281265259 -0.09576684981584549 4.564540386199951 146 93 109
-0.006540563423186541 0.7272137403488159 4.458546161651611 74 37 50
0.27826443314552307 -0.7369224429130554 4.798180103302002 96 70 84
0.27826443314552307 -0.7369224429130554 4.798180103302002 96 70 84
0.05459742620587349 -0.10142768919467926 4.54975700378418 132 79 89
0.00292597315274179 0.7482650876045227 4.437502861022949 72 39 51
0.2954216003417969 -0.49648353457450867 4.770849704742432 142 128 154
0.2894587814807892 -0.8518619537353516 4.781641960144043 79 57 73
0.025024820119142532 0.37948358058929443 4.464057922363281 70 37 48
0.025024820119142532 0.37948358058929443 4.464057922363281 70 37 48
0.3050219416618347 -0.520115852355957 4.757541656494141 136 122 144
0.3003612756729126 -0.5991510152816772 4.757410526275635 92 67 90
0.30213913321495056 -0.8582813739776611 4.767324924468994 78 55 70
0.014208224602043629 0.8190106749534607 4.394330978393555 126 82 104
0.32273632287979126 -0.2765638530254364 4.734109401702881 147 125 151
0.3183957636356354 -0.5077508687973022 4.743043899536133 130 126 151
0.3178149461746216 -0.3898738622665405 4.729606628417969 73 50 61
0.325968861579895 0.1884143352508545 4.684831142425537 76 52 68
0.325968861579895 0.1884143352508545 4.684831142425537 76 52 68
0.325968861579895 0.1884143352508545 4.684831142425537 76 52 68
0.02790556661784649 0.6758230924606323 4.399928569793701 63 34 45
0.04231838509440422 0.441842645406723 4.429675102233887 69 36 46
0.030079839751124382 0.5863730907440186 4.408055305480957 40 26 23
0.007052514236420393 0.5514851808547974 4.390896797180176 46 30 30
0.32303521037101746 -1.0632421970367432 4.760732173919678 130 116 137
0.02843710593879223 0.8173828721046448 4.372136116027832 129 81 103
0.322287917137146 -0.8620328307151794 4.7392168045043945 89 65 80
0.3483482897281647 0.11871489137411118 4.671636581420898 135 113 128
0.35036373138427734 -0.027250215411186218 4.678106784820557 65 51 65
0.35260358452796936 0.19218215346336365 4.660621166229248 117 102 121
0.36310523748397827 0.10200235247612 4.651495456695557 80 54 65
0.3571700155735016 -0.041917458176612854 4.652685642242432 120 101 129
0.35900095105171204 -0.13746382296085358 4.653075695037842 104 73 91
0.3633025884628296 -0.15013068914413452 4.654751300811768 143 122 140
0.3545357882976532 -0.8650554418563843 4.70098876953125 93 62 80
0.3668844997882843 -0.515574038028717 4.671545028686523 128 117 136
0.3796100914478302 0.7790482044219971 4.569840908050537 64 50 66
0.3845584988594055 -0.6565514802932739 4.679022789001465 58 40 52
0.37342387437820435 0.34699007868766785 4.593942642211914 133 118 136
0.37096768617630005 -0.9855074286460876 4.687336444854736 75 57 81
0.38437744975090027 -0.28423312306404114 4.640255451202393 57 41 50
0.38612955808639526 -0.21746426820755005 4.635441780090332 63 42 54
0.38612955808639526 -0.21746426820755005 4.635441780090332 63 42 54
0.3779563307762146 -0.6878007054328918 4.663008213043213 87 64 82
0.3804531991481781 -0.6781628727912903 4.6618194580078125 72 59 69
0.39721497893333435 0.19387203454971313 4.6038408279418945 126 112 135
0.3748222887516022 -1.0538123846054077 4.678655624389648 100 73 99
0.39385125041007996 0.34082525968551636 4.58473014831543 127 116 137
0.39872312545776367 0.7082464098930359 4.554652214050293 97 85 106
0.4031761586666107 -0.16537447273731232 4.619365215301514 78 54 71
0.3882386088371277 -0.7517733573913574 4.646752834320068 90 66 79
0.40284931659698486 0.43945273756980896 4.567629814147949 53 32 44
0.3862021565437317 -0.8616904616355896 4.649963855743408 131 117 141
0.38996222615242004 0.3019915521144867 4.560550689697266 151 124 139
0.38996222615242004 0.3019915521144867 4.560550689697266 151 124 139
0.4103611409664154 0.28177765011787415 4.572494029998779 92 65 82
0.4093948006629944 0.0910138487815857 4.584990978240967 94 70 88
0.4123453199863434 0.6330103874206543 4.545772552490234 131 118 146
0.4068465530872345 -0.44021859765052795 4.613180637359619 133 107 126
0.4208005964756012 0.4309326410293579 4.549063205718994 119 112 135
0.40870147943496704 -0.6727505922317505 4.620758533477783 85 64 76
0.4244391620159149 0.7271967530250549 4.526459693908691 46 30 40
0.4007607400417328 -1.0616791248321533 4.638787746429443 143 118 134
0.4071224331855774 -0.874372124671936 4.6290082931518555 69 53 64
0.4102841019630432 -0.757722020149231 4.61453914642334 83 62 69
0.42792046070098877 0.4981591999530792 4.533136367797852 69 52 64
0.4147709906101227 -0.8046061396598816 4.618851661682129 120 115 130
0.42824023962020874 -0.4131847023963928 4.598189830780029 63 47 62
0.434090793132782 0.2950759828090668 4.5419697761535645 133 118 142
0.4214828908443451 -0.7986881732940674 4.611356258392334 67 50 66
0.4363582730293274 -0.1680762767791748 4.574367046356201 83 66 80
0.41769275069236755 -0.9353258013725281 4.615316867828369 92 67 88
0.42863500118255615 0.09716235101222992 4.547155380249023 140 124 146
0.44184187054634094 0.40538156032562256 4.530139446258545 85 64 86
0.44184187054634094 0.40538156032562256 4.530139446258545 85 64 86
0.4454304277896881 0.7657201290130615 4.505110740661621 114 109 142
0.42258957028388977 -0.8810716271400452 4.605645179748535 69 49 61
0.43771493434906006 0.30868908762931824 4.5291056632995605 142 120 135
0.43656954169273376 0.2999972403049469 4.525473594665527 99 71 93
0.42957571148872375 -0.6764423251152039 4.588620662689209 76 52 66
0.4366507828235626 -0.10029873996973038 4.550757884979248 71 48 60
0.4294068217277527 -0.8363922238349915 4.594073295593262 96 65 86
0.4294068217277527 -0.8363922238349915 4.594073295593262 96 65 86
0.4528926908969879 0.7486194968223572 4.494211196899414 48 36 50
0.4409042298793793 -0.5481010675430298 4.580267429351807 79 66 81
0.4548906683921814 0.6070376038551331 4.503021717071533 58 40 58
0.446632981300354 0.2917030453681946 4.51971960067749 81 60 82
0.4504658579826355 -0.0931486189365387 4.5473952293396 125 108 126
0.44842883944511414 0.2847934365272522 4.517652988433838 133 116 135
0.45104461908340454 0.3498328626155853 4.514270305633545 79 61 81
0.45104461908340454 0.3498328626155853 4.514270305633545 79 61 81
0.4465199410915375 0.266812801361084 4.515560150146484 133 111 126
0.45011478662490845 0.17071853578090668 4.522940158843994 81 58 76
0.44638964533805847 -0.11089181154966354 4.5394511222839355 142 123 137
0.4371557831764221 -1.0569251775741577 4.6008524894714355 129 124 148
0.4533217251300812 -0.05715499445796013 4.536561012268066 72 50 72
0.45200419425964355 0.53483647108078 4.490586280822754 139 126 145
0.4500384032726288 0.6731246709823608 4.478567600250244 82 61 79
0.4534931182861328 0.2414528876543045 4.512972354888916 133 113 129
0.45566776394844055 -0.07168464362621307 4.537341117858887 60 40 62
0.45114585757255554 0.40151357650756836 4.4975714683532715 74 58 81
0.45114585757255554 0.40151357650756836 4.4975714683532715 74 58 81
0.4370182454586029 -0.9764198064804077 4.58342981338501 143 125 143
0.44334930181503296 -0.869485080242157 4.58006477355957 135 110 132
0.46629250049591064 0.7385848760604858 4.4756855964660645 126 122 143
0.46629250049591064 0.7385848760604858 4.4756855964660645 126 122 143
0.451217383146286 -0.7991457581520081 4.571835041046143 71 56 67
0.451217383146286 -0.7991457581520081 4.571835041046143 71 56 67
0.4493105113506317 -0.8116063475608826 4.569803714752197 131 109 129
0.4697224795818329 0.4059702455997467 4.492850303649902 53 43 63
0.4599444270133972 0.5002577900886536 4.4770002365112305 72 57 70
0.47537413239479065 0.386271595954895 4.4924821853637695 68 47 55
0.46041539311408997 -0.7577541470527649 4.560220241546631 93 70 91
0.45534923672676086 -0.9871299862861633 4.559403419494629 133 110 131
0.45534923672676086 -0.9871299862861633 4.559403419494629 133 110 131
0.47236278653144836 -0.4189249277114868 4.530361652374268 83 62 69
0.47236278653144836 -0.4189249277114868 4.530361652374268 83 62 69
0.48616063594818115 0.5807927846908569 4.4598588943481445 132 127 149
0.479485422372818 0.09783671796321869 4.490313529968262 129 124 139
0.48077571392059326 0.08433692157268524 4.490262031555176 128 114 131
0.4793800115585327 -0.31286972761154175 4.5169782638549805 62 52 68
0.4862813651561737 0.7636963725090027 4.441359996795654 72 52 69
0.4915272891521454 0.7313142418861389 4.447530746459961 49 34 45
0.477703332901001 -0.5325373411178589 4.5258941650390625 120 113 135
0.4833798408508301 -0.04021668806672096 4.494291305541992 90 68 79
0.48871883749961853 0.17723949253559113 4.4786529541015625 134 130 150
0.48476728796958923 0.7741278409957886 4.431538105010986 126 110 123
0.48189595341682434 0.2183353751897812 4.468639373779297 96 69 80
0.4869554340839386 0.14810574054718018 4.475548267364502 134 115 126
0.4834606945514679 -0.34453344345092773 4.508419513702393 72 54 73
0.47927749156951904 -0.7912798523902893 4.528806686401367 125 103 124
0.48899272084236145 -0.2996671497821808 4.499881267547607 85 56 72
0.4862918555736542 -0.5310072898864746 4.513271331787109 72 56 82
0.4905249774456024 -0.5378066301345825 4.513550758361816 120 110 128
0.48793548345565796 -0.5454174876213074 4.511905193328857 87 61 73
0.4824318587779999 -0.9718173146247864 4.533323764801025 87 65 85
0.48245060443878174 -0.9448903799057007 4.52712345123291 82 72 91
0.5022455453872681 0.7249556183815002 4.415574550628662 55 37 47
0.5095160603523254 0.17368289828300476 4.45974588394165 88 63 80
0.49293720722198486 -0.9424296021461487 4.521569728851318 73 55 76
0.5045990943908691 0.09315291047096252 4.454665184020996 142 127 146
0.506861686706543 0.2142985612154007 4.4458417892456055 153 130 142
0.5002076625823975 -0.544876754283905 4.494585037231445 80 56 69
0.5107756853103638 0.5738757848739624 4.419139385223389 137 121 141
0.5107756853103638 0.5738757848739624 4.419139385223389 137 121 141
0.5106073617935181 -0.1794658601284027 4.472249984741211 64 41 49
0.5102503895759583 0.08434072881937027 4.449164867401123 74 56 71
0.5174664855003357 0.4810069799423218 4.421268463134766 112 84 94
0.514377236366272 -0.5466505885124207 4.486380100250244 74 52 65
0.5175744891166687 -0.6714057922363281 4.495315074920654 136 121 143
0.521317183971405 0.6982547044754028 4.396152496337891 137 115 136
0.520367443561554 0.5199597477912903 4.407776832580566 146 130 156
0.5255874991416931 -0.04289821907877922 4.446850776672363 83 59 75
0.531055748462677 0.6046792268753052 4.403830051422119 91 73 89
0.510477602481842 -0.8944106698036194 4.4874677658081055 140 116 130
0.5141487121582031 0.2979750633239746 4.40317964553833 32 73 182
0.5223087072372437 -0.7652689814567566 4.484671115875244 58 44 65
0.5276994109153748 0.7758997082710266 4.377010822296143 107 79 90
0.5337587594985962 0.06749802827835083 4.425274848937988 84 58 71
0.5392382144927979 0.6035609841346741 4.390359401702881 84 64 74
0.5314282178878784 0.22624774277210236 4.410977363586426 84 61 82
0.525285005569458 0.2979637682437897 4.397000312805176 84 126 220
0.535361111164093 0.7495468258857727 4.371403694152832 92 72 99
0.5248854756355286 0.3265145719051361 4.3943281173706055 76 122 216
0.5386527180671692 -0.035882968455553055 4.4284491539001465 136 120 139
0.5263382196426392 -0.937217116355896 4.481557369232178 135 113 135
0.5392442941665649 0.27737581729888916 4.404127597808838 55 42 61
0.5437211394309998 0.7380749583244324 4.373581409454346 128 115 140
0.5421355366706848 -0.2928282618522644 4.443187236785889 139 128 144
0.526830792427063 -0.7724128365516663 4.466060161590576 71 55 72
0.5285853743553162 -0.9480571150779724 4.4780192375183105 50 41 60
0.5402194857597351 -0.2785760462284088 4.433595657348633 68 54 73
0.5496413111686707 0.4022499620914459 4.390263080596924 125 110 128
0.5330328941345215 -0.879497766494751 4.468607425689697 135 115 138
0.5433815121650696 -0.41992202401161194 4.441572666168213 70 57 69
0.5486133694648743 0.562217116355896 4.37047004699707 107 82 104
0.549390435218811 0.4934064447879791 4.375881671905518 143 117 129
0.5552354454994202 0.7558528184890747 4.352406024932861 121 113 143
0.5490661859512329 0.7111350297927856 4.351093769073486 128 105 121
0.5569319725036621 0.7477220892906189 4.351765155792236 71 54 77
0.5444177389144897 -0.812135636806488 4.452748775482178 70 53 70
0.5444177389144897 -0.812135636806488 4.452748775482178 70 53 70
0.5607278943061829 0.3995072841644287 4.376191139221191 81 57 71
0.5589755773544312 0.3994259834289551 4.374486446380615 81 57 71
0.5527135133743286 -0.1699868142604828 4.410207271575928 137 119 138
0.5588263869285583 0.31686776876449585 4.374001979827881 117 89 104
0.5588263869285583 0.31686776876449585 4.374001979827881 117 89 104
0.5498664975166321 -0.951416552066803 4.456580638885498 59 39 57
0.5622687935829163 0.5521548390388489 4.35785436630249 142 124 144
0.5584888458251953 -0.31520071625709534 4.413934707641602 98 68 80
0.5637410879135132 0.5581305027008057 4.355177879333496 101 76 97
0.5653468370437622 -0.05303454026579857 4.395035743713379 145 120 134
0.5709086060523987 0.5994065403938293 4.351284503936768 62 45 60
0.5731106400489807 -0.3070599138736725 4.413694381713867 75 50 60
0.567118763923645 0.6145293712615967 4.343337535858154 135 118 140
0.5702672004699707 0.7016257047653198 4.334456920623779 130 106 122
0.5609681010246277 -0.805408239364624 4.431638240814209 70 59 72
0.5609681010246277 -0.805408239364624 4.431638240814209 70 59 72
0.5750486850738525 0.7566096186637878 4.330731391906738 117 108 138
0.5715603232383728 -0.2593962550163269 4.394443988800049 82 58 69
0.5645966529846191 -0.9016354084014893 4.431798458099365 126 107 123
0.573307991027832 0.2604076564311981 4.352174758911133 94 67 81
0.5657835602760315 -0.9874628186225891 4.433173656463623 132 112 132
0.5806982517242432 -0.31230247020721436 4.395908832550049 85 58 65
0.585874617099762 0.08627244085073471 4.369065761566162 126 115 129
0.583665132522583 -0.049003999680280685 4.375729560852051 61 45 52
0.5676758885383606 -0.9778286218643188 4.42085599899292 81 57 73
0.5926129221916199 0.7365151047706604 4.316432476043701 72 51 73
0.5672838091850281 -0.6895765662193298 4.3983635902404785 121 101 114
0.5962419509887695 0.5019062757492065 4.332272529602051 84 65 80
0.5873507261276245 -0.8232184648513794 4.418735504150391 64 50 70
0.5873607397079468 -0.8192805647850037 4.413832187652588 71 56 78
0.5735174417495728 -0.963150680065155 4.412837505340576 130 108 128
0.5959071516990662 0.09857174009084702 4.352842807769775 139 117 136
0.6001313328742981 -0.316744327545166 4.378680229187012 71 47 60
0.6001313328742981 -0.316744327545166 4.378680229187012 71 47 60
0.5986236929893494 0.06622739136219025 4.350428104400635 124 105 115
0.6005871891975403 0.2730223536491394 4.334402084350586 55 39 48
0.6010661721229553 -0.03578292578458786 4.3515496253967285 104 87 105
0.602699875831604 0.4230596125125885 4.316063404083252 76 57 76
0.6050640940666199 0.11297449469566345 4.335840225219727 141 120 132
0.5509933829307556 0.8312308192253113 4.245488166809082 72 60 79
0.6099563241004944 0.1636686623096466 4.32710075378418 92 68 88
0.6046189069747925 -0.6740114092826843 4.380707263946533 142 119 133
0.6330437660217285 0.4945002794265747 4.314558029174805 80 62 75
0.6097462177276611 0.2472246289253235 4.314230442047119 145 120 134
0.5565187335014343 0.8304013609886169 4.236077308654785 125 110 122
0.626160204410553 0.3961677849292755 4.311221599578857 69 46 54
0.6167870759963989 -0.31648921966552734 4.352781295776367 82 53 67
0.6208438277244568 0.07576543092727661 4.325993537902832 56 41 50
0.6049610376358032 -0.9958197474479675 4.377983570098877 143 124 141
0.6049610376358032 -0.9958197474479675 4.377983570098877 143 124 141
0.6123650074005127 -0.9617823958396912 4.377843856811523 63 48 67
0.634817898273468 0.5139528512954712 4.289890766143799 131 122 144
0.6279299855232239 0.08219220489263535 4.310208797454834 127 112 131
0.6260706186294556 -0.6839476823806763 4.355034828186035 55 45 54
0.619995653629303 -0.9602635502815247 4.3658037185668945 61 52 70
0.6308517456054688 -0.8226783871650696 4.359282493591309 82 65 85
0.6308517456054688 -0.8226783871650696 4.359282493591309 82 65 85
0.6462110877037048 0.4010058641433716 4.2811102867126465 122 108 133
0.6420818567276001 0.1613793969154358 4.289960861206055 92 71 89
0.6458121538162231 -0.18726634979248047 4.307719707489014 132 114 129
0.6540120244026184 0.7462598085403442 4.247350692749023 140 122 138
0.639656126499176 -0.6914214491844177 4.332423686981201 88 71 89
0.6530306935310364 0.08791258931159973 4.280632495880127 103 79 101
0.6518750786781311 -0.5913853049278259 4.318152904510498 89 61 81
0.6634188890457153 0.5070363283157349 4.250101089477539 137 118 135
0.6724118590354919 0.5766286253929138 4.2502641677856445 73 56 74
0.6502702832221985 -0.9654135704040527 4.340158462524414 51 39 60
0.6657045483589172 0.6924139857292175 4.225037097930908 99 73 92
0.671075701713562 0.7508209943771362 4.222115516662598 80 56 76
0.6758855581283569 0.575712263584137 4.23013162612915 130 110 123
0.6726824045181274 0.2678482234477997 4.248568058013916 68 47 62
0.6738123893737793 -0.32409194111824036 4.287312984466553 77 51 63
0.680370032787323 0.48960936069488525 4.23505163192749 63 49 62
0.6836666464805603 0.39474940299987793 4.240539073944092 90 67 94
0.6737215518951416 -0.5943451523780823 4.2907023429870605 98 73 99
0.6742002964019775 -0.6829707026481628 4.295846462249756 140 123 144
0.6776010990142822 -0.6919037699699402 4.2942938804626465 92 71 99
0.6863855719566345 0.706841230392456 4.201937198638916 143 120 136
0.6844894886016846 -0.58887779712677 4.2826828956604 85 64 84
0.6844894886016846 -0.58887779712677 4.2826828956604 85 64 84
0.6875436305999756 -0.0642431303858757 4.248987197875977 90 67 75
0.6948428153991699 0.7477334141731262 4.195598602294922 82 59 75
0.7026483416557312 -0.32407504320144653 4.260608673095703 92 62 83
0.7016328573226929 -0.5611662864685059 4.267880916595459 93 66 83
0.6893171668052673 -1.0958614349365234 4.291321277618408 131 116 139
0.7119407653808594 -0.09370647370815277 4.23342752456665 77 52 75
0.7176278829574585 0.09355489909648895 4.220993518829346 121 104 125
0.7185760140419006 -0.053798459470272064 4.230011940002441 120 112 136
0.714362382888794 0.2994919717311859 4.202889442443848 90 63 78
0.7083979845046997 -0.31578800082206726 4.239205360412598 127 112 132
0.7257472276687622 0.7307866811752319 4.177847862243652 47 36 50
0.717434287071228 -0.09800110757350922 4.228135108947754 115 104 124
0.7019453644752502 -0.7499200701713562 4.260469913482666 101 75 94
0.7165570259094238 0.7034152150154114 4.17114782333374 142 125 141
0.7111499905586243 -0.6976221203804016 4.261865139007568 59 48 69
0.7334066033363342 0.5837579965591431 4.178544521331787 69 49 56
0.7316468358039856 0.7010857462882996 4.160792350769043 142 126 145
0.7294501066207886 0.48221105337142944 4.171151161193848 74 56 70
0.7294501066207886 0.48221105337142944 4.171151161193848 74 56 70
0.724581241607666 0.13982686400413513 4.1866455078125 74 57 71
0.7188711762428284 -0.9736708998680115 4.255956172943115 73 56 71
0.7570133209228516 0.7219856381416321 4.131448745727539 69 52 70
0.745365560054779 -1.1119587421417236 4.237403392791748 76 62 86
0.745365560054779 -1.1119587421417236 4.237403392791748 76 62 86
0.7641290426254272 0.73954176902771 4.119431972503662 142 129 144
0.7624688148498535 0.7391954660415649 4.118013381958008 139 126 143
0.7809628248214722 0.48231104016304016 4.127469062805176 70 54 67
0.7841264009475708 0.5522267818450928 4.120510101318359 82 57 78
0.7803391218185425 0.4912148416042328 4.122016429901123 138 119 133
0.7775437831878662 -0.21251970529556274 4.165899753570557 118 107 126
0.7830504179000854 0.03182414174079895 4.145108222961426 138 115 134
0.7740052938461304 -0.7259214520454407 4.1869659423828125 86 69 90
0.7740052938461304 -0.7259214520454407 4.1869659423828125 86 69 90
0.7895914316177368 0.5750225782394409 4.104600429534912 123 105 114
0.7931534051895142 0.7148009538650513 4.093199253082275 67 47 61
0.7972601056098938 0.1394701898097992 4.131849765777588 152 128 143
0.7971479892730713 0.1297418773174286 4.128744602203369 105 78 95
0.8003722429275513 -0.06630836427211761 4.138357639312744 80 56 70
0.7988670468330383 -0.19319753348827362 4.137158393859863 143 120 137
0.8046170473098755 0.39464667439460754 4.101099967956543 136 113 128
0.744630753993988 0.8375754356384277 4.028224468231201 15 20 34
0.7449749112129211 0.9055485129356384 4.022892475128174 13 17 26
0.7546404600143433 0.8434461951255798 4.0117926597595215 170 189 255
0.8123669028282166 -0.8711730241775513 4.155668258666992 150 127 147
0.813258707523346 -1.0279117822647095 4.159550666809082 136 113 132
0.770207405090332 0.8780121803283691 4.005464553833008 164 181 251
0.8312666416168213 0.03159424662590027 4.094906806945801 137 116 134
0.834108293056488 0.5389478802680969 4.057413578033447 99 70 74
0.8465226888656616 0.024723101407289505 4.082169532775879 131 107 127
0.8467363119125366 0.5808385014533997 4.044273376464844 79 52 61
0.8467363119125366 0.5808385014533997 4.044273376464844 79 52 61
0.8489908576011658 -0.12668843567371368 4.0897674560546875 132 110 127
0.8510623574256897 -0.10832342505455017 4.087804794311523 89 64 86
0.8510623574256897 -0.10832342505455017 4.087804794311523 89 64 86
1.1003843545913696 -1.0821253061294556 4.292080402374268 153 158 192
0.8617863655090332 0.48606112599372864 4.038668155670166 124 101 114
1.2360820770263672 0.07549864053726196 4.246592044830322 49 49 84
1.217992901802063 -0.6847894787788391 4.27646541595459 97 100 141
0.8201993107795715 0.9224352836608887 3.9433271884918213 65 65 71
1.2328521013259888 0.6267845034599304 4.1693549156188965 32 44 74
0.8389167785644531 0.8290833830833435 3.932499885559082 13 18 31
1.0044350624084473 0.941484272480011 3.9274585247039795 35 42 58
0.975173830986023 0.9153808951377869 3.9126768112182617 13 18 18
-1.451656460762024 0.9034826755523682 5.226437091827393 128 83 100
-0.42077240347862244 0.04189557954668999 5.260486602783203 112 92 74
-0.12820135056972504 0.37478184700012207 4.663246154785156 142 93 114
0.6050357818603516 0.07421703636646271 4.382636547088623 70 49 57
0.6092020273208618 0.6064928770065308 4.334888935089111 89 64 80
0.6280708909034729 -0.9745293855667114 4.422828674316406 131 116 134
-1.0904676914215088 0.9956608414649963 5.033450126647949 76 40 47
-0.277822881937027 -0.9035928845405579 4.969216346740723 51 26 29
0.202553391456604 -0.6335600018501282 4.842156887054443 92 67 81
0.014821200631558895 0.9225023984909058 4.408529758453369 57 48 50
0.4240759015083313 -0.10261030495166779 4.566408157348633 75 51 57
0.4240759015083313 -0.10261030495166779 4.566408157348633 75 51 57
0.49108126759529114 -0.3475518226623535 4.516366004943848 75 55 73
0.5098430514335632 0.29291921854019165 4.457649230957031 133 120 140
0.5380429029464722 -0.7844723463058472 4.485926151275635 118 105 125
0.5704665780067444 -1.1449676752090454 4.475840091705322 85 63 89
0.6651099920272827 -0.6999651193618774 4.351845741271973 92 72 92
-0.7669057250022888 0.17501068115234375 5.910701751708984 52 29 37
-0.666236162185669 -0.002758608665317297 5.774059772491455 82 37 42
-0.5042614340782166 -0.07275217026472092 5.393608570098877 170 151 137
-0.4608011841773987 -0.23978394269943237 5.322997093200684 31 15 16
-0.42014992237091064 0.06512540578842163 5.3041486740112305 86 54 39
-1.1049466133117676 0.9138196706771851 4.62532901763916 88 46 59
-0.4795275032520294 0.44799330830574036 5.125289440155029 75 43 58
-0.3583383858203888 0.22480176389217377 5.14479398727417 85 50 49
0.1301182508468628 -0.4966541528701782 4.928615570068359 74 50 63
-0.07101622223854065 0.49102047085762024 4.613597869873047 64 35 40
-0.07101622223854065 0.49102047085762024 4.613597869873047 64 35 40
0.25449898838996887 -0.38539430499076843 4.781721591949463 90 66 80
0.38795387744903564 -1.009750485420227 4.655907154083252 106 78 103
0.38795387744903564 -1.009750485420227 4.655907154083252 106 78 103
0.4006348252296448 -1.0573344230651855 4.651865005493164 81 59 73
0.4395783841609955 -0.06121410056948662 4.546892166137695 140 118 141
0.44397038221359253 -0.766173243522644 4.588531970977783 89 64 84
0.46232789754867554 0.3357214033603668 4.513617038726807 79 58 73
0.4841541349887848 -0.5370919704437256 4.535009860992432 122 111 132
0.5021942257881165 -0.760830283164978 4.532045364379883 134 118 143
0.521159291267395 0.07919798791408539 4.457572937011719 131 114 133
0.594571053981781 -0.9414569139480591 4.435817718505859 77 61 90
0.7383158802986145 -0.18581610918045044 4.261343479156494 70 47 63
0.7547283172607422 -0.7105682492256165 4.259195327758789 80 68 90
-0.9684330821037292 -0.05438515543937683 7.406102180480957 109 99 124
-0.8936058282852173 0.40061506628990173 7.128137111663818 105 92 116
-0.8749857544898987 -0.5569567680358887 7.122462272644043 59 45 60
-0.8590005040168762 -0.43539032340049744 7.0485405921936035 120 106 132
-0.8085771203041077 -0.17653316259384155 6.9195966720581055 132 113 132
-0.7829397320747375 0.4155382215976715 6.828189373016357 38 30 45
-0.7767274379730225 0.25979554653167725 6.824944019317627 54 42 50
-0.7855559587478638 -0.18930616974830627 6.846724987030029 62 45 68
-0.7307595014572144 0.4260266125202179 6.668666839599609 98 77 87
-0.7192427515983582 -0.32369646430015564 6.683806419372559 71 50 62
-0.7192427515983582 -0.32369646430015564 6.683806419372559 71 50 62
-0.6940799951553345 0.24014107882976532 6.597512245178223 66 46 57
-0.6574580669403076 -0.6607614755630493 6.531402111053467 64 51 59
-0.5851488709449768 -0.5511037707328796 6.345738410949707 73 51 63
-0.7451438903808594 0.46741122007369995 5.851057529449463 132 86 107
-0.5451248288154602 -0.06475045531988144 5.9326629638671875 54 27 33
-1.257250428199768 0.8095199465751648 5.0577287673950195 86 43 53
-0.49737435579299927 0.2864491641521454 5.828367233276367 53 26 32
-1.2405973672866821 0.818497359752655 5.0233988761901855 73 40 56
-1.1742037534713745 0.7961577773094177 4.878537178039551 74 41 57
0.6466313004493713 -0.9236428737640381 6.690883159637451 64 34 42
-0.4699036478996277 0.07287824898958206 5.573103427886963 53 31 37
-0.46893414855003357 0.007154480088502169 5.577853679656982 50 23 31
-1.1665109395980835 0.7972155809402466 4.865488529205322 73 48 62
-0.47427794337272644 -0.13553544878959656 5.56837272644043 104 75 97
-1.1911351680755615 0.9367792010307312 4.806783676147461 55 35 43
-0.44669732451438904 -0.28527796268463135 5.551163673400879 130 70 79
-0.41893571615219116 -0.08160760253667831 5.469410419464111 170 151 137
-0.38194018602371216 0.04732659459114075 5.459750175476074 41 19 17
-0.44445738196372986 0.22553661465644836 5.356915473937988 112 99 84
-0.16245734691619873 -0.08755405992269516 5.596582412719727 159 141 122
-0.3842256963253021 -0.07497932761907578 5.371302127838135 113 78 54
-0.34818899631500244 0.05190755054354668 5.358425617218018 122 101 78
-0.45096030831336975 0.19305618107318878 5.259248733520508 82 54 36
-0.48187071084976196 0.5677418112754822 5.1813459396362305 138 100 116
-0.4287920892238617 0.16577155888080597 5.234499931335449 167 161 150
-0.2965635657310486 -0.40276023745536804 5.24827766418457 50 27 33
-0.25007981061935425 0.048225969076156616 5.159322261810303 64 33 43
-0.226468026638031 0.0968581885099411 5.120410442352295 68 37 45
-0.9896129965782166 0.7627564072608948 4.508936405181885 89 48 65
-1.0185133218765259 0.9875985980033875 4.4502339363098145 63 49 65
-0.31812015175819397 0.44170206785202026 5.000646591186523 141 94 113
-0.3090769946575165 0.43983596563339233 4.986690521240234 69 38 53
-0.9318180084228516 0.8665745854377747 4.362422943115234 110 73 90
-0.04937419295310974 -0.11768539994955063 5.013103485107422 62 30 41
-0.04937419295310974 -0.11768539994955063 5.013103485107422 62 30 41
-0.9060825109481812 0.74672532081604 4.351191520690918 92 46 57
-0.014372304081916809 0.18798045814037323 4.951938152313232 72 32 42
-0.9245861172676086 0.8706375360488892 4.302410125732422 167 124 151
-0.05304205045104027 -0.5953528881072998 4.906043529510498 107 62 72
0.128397136926651 -0.8511467576026917 5.00911283493042 156 128 145
0.14617258310317993 -1.100449562072754 5.003323078155518 104 67 80
0.16242361068725586 -0.9578155279159546 4.976778507232666 76 53 74
-0.7941529154777527 0.8797382712364197 4.259593486785889 109 66 84
0.17301584780216217 -0.5855512619018555 4.93491792678833 113 77 92
-0.6945729851722717 0.7089323997497559 4.311284065246582 112 58 74
-0.11207106709480286 0.37576934695243835 4.673099994659424 142 93 114
0.25573572516441345 -0.49006402492523193 4.823583126068115 88 65 90
0.2635399401187897 -0.8415911197662354 4.8397135734558105 144 120 142
-0.04234733805060387 0.39957115054130554 4.5677714347839355 50 28 33
-0.023375602439045906 0.7789753675460815 4.499523162841797 86 42 55
0.3130972683429718 -0.7890486121177673 4.76389217376709 91 66 86
0.3130972683429718 -0.7890486121177673 4.76389217376709 91 66 86
0.32518061995506287 -0.27759483456611633 4.713592529296875 157 138 160
0.3362918794155121 -0.9323303699493408 4.7494659423828125 83 61 70
0.3362918794155121 -0.9323303699493408 4.7494659423828125 83 61 70
0.020008254796266556 0.4496290683746338 4.480284690856934 87 51 63
0.33953335881233215 -0.5122588276863098 4.714776992797852 86 70 98
0.017081603407859802 0.6695210933685303 4.459223747253418 61 30 41
0.012430474162101746 0.7521737217903137 4.44912052154541 68 35 47
0.3586132824420929 -0.6560116410255432 4.710788726806641 103 71 87
0.3653945028781891 -0.2863992154598236 4.674725532531738 92 62 76
0.3736099302768707 -0.2774050533771515 4.654052734375 140 119 142
0.38283011317253113 -0.9454046487808228 4.69175910949707 137 113 133
0.3924069106578827 -0.02820095792412758 4.610774040222168 82 54 67
0.41294488310813904 0.09024766832590103 4.588423728942871 96 69 89
0.41364896297454834 -0.02853112295269966 4.587458610534668 64 47 54
0.4235835373401642 0.43179306387901306 4.551634311676025 116 106 131
0.43961280584335327 -0.09527070820331573 4.551434516906738 125 104 124
0.4464130997657776 -0.034565698355436325 4.548814296722412 89 65 86
0.45622530579566956 -0.7599099278450012 4.592326641082764 144 126 151
0.460039347410202 -0.14093801379203796 4.543501377105713 76 54 72
0.460039347410202 -0.14093801379203796 4.543501377105713 76 54 72
0.4560900032520294 -1.1797685623168945 4.604208946228027 77 66 92
0.4710294008255005 -0.18465189635753632 4.544600486755371 58 39 45
0.4710294008255005 -0.18465189635753632 4.544600486755371 58 39 45
0.5096271634101868 0.21435005962848663 4.448325157165527 148 124 137
0.5206691026687622 0.17166757583618164 4.452692985534668 97 69 82
0.5214489102363586 0.3836207389831543 4.415700435638428 62 44 60
0.5551432371139526 0.6154340505599976 4.374162197113037 143 130 159
0.5889467000961304 -0.8916243314743042 4.453829288482666 132 119 147
0.5804080963134766 -1.1954561471939087 4.4621477127075195 73 60 85
0.5896813869476318 -0.8165653347969055 4.435841083526611 66 55 79
0.5910772085189819 -0.5522979497909546 4.4138665199279785 99 69 85
0.6104176044464111 0.7277600169181824 4.298221588134766 48 34 41
0.6352596879005432 0.3135061264038086 4.301175117492676 99 69 80
0.6883584260940552 -0.5740227699279785 4.324913024902344 136 115 138
0.7292660474777222 -0.07006723433732986 4.243298530578613 67 50 64
0.7292660474777222 -0.07006723433732986 4.243298530578613 67 50 64
0.7342337369918823 0.10303404182195663 4.222598075866699 143 124 143
0.7443224191665649 -0.836944043636322 4.275179862976074 63 48 66
0.7522048354148865 0.7274243831634521 4.159556865692139 60 42 55
0.7961986064910889 -0.1910576969385147 4.170825004577637 134 111 132
-1.1230193376541138 1.0919550657272339 7.218103408813477 92 83 112
-1.0987701416015625 0.6573867797851562 7.222568988800049 124 114 138
-1.1019717454910278 0.8447725176811218 7.19602632522583 116 106 131
-1.0892804861068726 0.8560004234313965 7.20890998840332 67 59 80
-1.0888279676437378 1.06161630153656 7.183265686035156 65 61 76
-1.0989489555358887 0.4837230443954468 7.226085186004639 80 67 88
-1.0801072120666504 0.8227155804634094 7.162919998168945 121 117 150
-1.0740253925323486 0.868457019329071 7.150669574737549 120 103 121
-1.0777571201324463 0.42448651790618896 7.187333583831787 71 54 71
-1.0777571201324463 0.42448651790618896 7.187333583831787 71 54 71
-1.0729516744613647 -0.019013119861483574 7.214234352111816 53 44 58
-1.0796515941619873 -0.06205832213163376 7.201879024505615 121 103 129
-1.0829951763153076 -0.2623213231563568 7.213211536407471 132 120 142
-1.0870014429092407 1.0939276218414307 7.061829566955566 122 111 123
-1.0608034133911133 1.0557503700256348 7.107995510101318 69 58 72
-1.083085298538208 -0.3942035436630249 7.2154741287231445 134 121 141
-1.0683220624923706 1.0768508911132812 7.080419540405273 126 115 131
-1.0601664781570435 0.8430898189544678 7.116631984710693 121 110 135
-1.0769379138946533 -0.29216697812080383 7.191611289978027 62 53 73
-1.0769379138946533 -0.29216697812080383 7.191611289978027 62 53 73
-1.0597082376480103 0.8418728709220886 7.093528747558594 114 110 135
-1.06737220287323 -0.01640072464942932 7.163293361663818 103 93 118
-1.0663635730743408 -0.1310550719499588 7.176050186157227 124 106 131
-1.0739015340805054 -0.3993229866027832 7.190276145935059 63 50 57
-1.0635536909103394 -0.011858880519866943 7.155562400817871 63 56 83
-1.0622239112854004 -0.043624766170978546 7.156584739685059 62 57 79
-1.0622239112854004 -0.043624766170978546 7.156584739685059 62 57 79
-1.052056074142456 0.5094727873802185 7.108173370361328 78 64 82
-1.0609639883041382 -0.044595081359148026 7.135107040405273 45 42 57
-1.0432548522949219 0.8402418494224548 7.065493583679199 115 105 124
-1.0448957681655884 0.40962401032447815 7.099374294281006 61 52 69
-1.049111247062683 -0.02462484873831272 7.136346817016602 55 57 69
-1.036588191986084 1.0513274669647217 7.040413856506348 67 59 73
-1.0520201921463013 -0.14037024974822998 7.133692741394043 63 46 64
-1.0532346963882446 -0.37650853395462036 7.128611087799072 131 114 133
-1.025763750076294 0.8453312516212463 7.035221576690674 50 47 54
-1.0342390537261963 -0.012234905734658241 7.109132766723633 68 57 78
-1.0345476865768433 0.14444854855537415 7.084787368774414 69 56 77
-1.0272579193115234 0.505591094493866 7.0558695793151855 72 60 82
-1.0276070833206177 0.3024097681045532 7.070875644683838 51 43 65
-1.02377188205719 0.648327648639679 7.041153907775879 82 71 96
-1.0386943817138672 -0.1502617448568344 7.082149028778076 118 102 121
-1.0328203439712524 1.0785036087036133 6.936544418334961 101 92 100
-1.0250439643859863 -0.02820124290883541 7.06033992767334 126 111 134
-1.0367259979248047 -0.5014684796333313 7.089093208312988 70 54 78
-1.0367259979248047 -0.5014684796333313 7.089093208312988 70 54 78
-1.009419560432434 0.8516215682029724 6.9913177490234375 113 99 122
-1.0355305671691895 -0.5649341344833374 7.092071533203125 130 113 132
-1.0264859199523926 -0.4073266386985779 7.068227291107178 120 100 127
-1.371811032295227 1.146959900856018 6.3362226486206055 40 60 43
-1.0094878673553467 -0.0250244177877903 7.022392749786377 122 106 132
-1.0169891119003296 -0.38764578104019165 7.0423102378845215 113 95 120
-1.0003234148025513 0.4446367919445038 6.981439113616943 114 110 134
-1.0000345706939697 0.5701270699501038 6.968653202056885 98 91 114
-1.0010578632354736 0.13978643715381622 7.001156330108643 70 57 83
-1.002181887626648 0.023685745894908905 7.009426593780518 82 65 83
-0.9935331344604492 0.43177422881126404 6.963526725769043 17 21 33
-1.0053017139434814 -0.22085417807102203 7.008622169494629 72 57 84
-0.9884532690048218 0.2926497459411621 6.965003967285156 78 64 82
-0.9884532690048218 0.2926497459411621 6.965003967285156 78 64 82
-0.9845423698425293 0.6483494639396667 6.932356834411621 118 113 139
-0.979520320892334 1.0412428379058838 6.8918657302856445 56 50 67
-0.9750245809555054 1.0465606451034546 6.876965045928955 124 116 127
-0.990311861038208 -0.5329805016517639 7.005659580230713 37 28 46
-0.990311861038208 -0.5329805016517639 7.005659580230713 37 28 46
-0.967909038066864 1.0399796962738037 6.871216773986816 57 54 73
-0.9899791479110718 -0.5889912843704224 6.999348163604736 124 103 120
-0.9773494005203247 0.534026563167572 6.902063846588135 157 171 242
-0.973914623260498 0.7362815141677856 6.886667251586914 116 109 140
-0.979292631149292 -0.0033574013505131006 6.946450710296631 121 95 120
-0.9793663024902344 -0.14049580693244934 6.9508161544799805 121 108 134
-0.9856593608856201 -0.5414984226226807 6.971528053283691 120 103 113
-0.9648915529251099 0.8182126879692078 6.864800453186035 109 97 122
-0.9654149413108826 0.818584144115448 6.863645076751709 115 103 125
-0.9733052849769592 -0.01932005025446415 6.931933403015137 42 31 45
-0.9709069728851318 0.0015591727569699287 6.930904865264893 49 38 60
-0.958980143070221 1.0335564613342285 6.84499979019165 63 52 64
-0.9696568250656128 0.13197976350784302 6.914709568023682 57 47 57
-0.952934205532074 0.9455063939094543 6.857142448425293 49 44 55
-0.9666748642921448 0.4115123152732849 6.882880210876465 113 96 107
-0.9549611806869507 0.6258991360664368 6.856216907501221 50 38 50
-0.954285740852356 0.4220779538154602 6.877139568328857 20 25 43
-0.9675058126449585 -0.16345413029193878 6.912761211395264 120 96 117
-0.9534294605255127 0.5677117705345154 6.847568988800049 107 95 118
-0.9555023312568665 0.035462092608213425 6.896494388580322 67 50 67
-0.9526056051254272 0.5075753331184387 6.851874828338623 41 47 88
-0.9625700116157532 -0.3996736705303192 6.92631196975708 42 35 57
-0.9802652597427368 1.1433676481246948 6.7426557540893555 41 35 35
-0.9471600651741028 0.41483011841773987 6.86040735244751 105 90 105
-0.9584568738937378 -0.14071205258369446 6.897803783416748 126 102 127
-0.951583743095398 0.39794906973838806 6.854138374328613 106 91 109
-0.9444381594657898 0.8187520503997803 6.81838321685791 51 44 61
-0.9401823878288269 1.0347713232040405 6.799562931060791 51 49 60
-0.9583787322044373 -0.2987547814846039 6.900204658508301 125 102 127
-0.9388113021850586 1.0385428667068481 6.785346031188965 104 97 108
-0.9467249512672424 -0.025663603097200394 6.879206657409668 70 54 79
-0.9312317371368408 0.6142685413360596 6.834352970123291 50 45 60
-0.9312317371368408 0.6142685413360596 6.834352970123291 50 45 60
-0.9363903403282166 0.5358543992042542 6.828591823577881 60 48 60
-0.9351083636283875 0.6062020659446716 6.811728477478027 109 96 111
-0.9527699947357178 -0.5333223938941956 6.8974199295043945 67 52 73
-0.9329437613487244 0.5444304943084717 6.817516326904297 114 100 118
-0.9452859163284302 -0.14512410759925842 6.858802318572998 126 108 128
-0.9318466782569885 0.6124619245529175 6.803519248962402 52 42 53
-0.9256794452667236 0.9560797214508057 6.772521018981934 107 92 106
-0.9220108389854431 0.8142361044883728 6.778125762939453 51 45 57
-0.9220108389854431 0.8142361044883728 6.778125762939453 51 45 57
-0.9220108389854431 0.8142361044883728 6.778125762939453 51 45 57
-0.9402119517326355 -0.4011157751083374 6.864536762237549 60 47 74
-0.9198006391525269 1.0306113958358765 6.7522969245910645 41 43 56
-0.9272286891937256 0.12769922614097595 6.826534748077393 62 46 58
-0.9314907789230347 -0.0779293105006218 6.839534282684326 64 51 74
-0.9314907789230347 -0.0779293105006218 6.839534282684326 64 51 74
-0.9245734810829163 -0.0356687568128109 6.841519832611084 45 36 51
-0.926450252532959 -0.046081867069005966 6.826513290405273 110 89 109
-0.9150234460830688 0.4850011169910431 6.776089668273926 123 109 134
-0.9166377186775208 0.40487563610076904 6.765805721282959 127 111 126
-0.9182770252227783 0.4050969183444977 6.7622504234313965 127 111 126
-0.906114399433136 0.6099636554718018 6.7462544441223145 51 44 51
-0.9361363053321838 1.0946580171585083 6.642845630645752 34 34 39
-0.900229811668396 0.18629661202430725 6.774713039398193 51 40 54
-0.9027470350265503 0.18622159957885742 6.769286632537842 53 39 51
-0.915669322013855 -0.5488421320915222 6.82019567489624 79 59 70
-0.8937247395515442 0.6106138229370117 6.72645378112793 45 37 48
-0.9000558853149414 0.3950183391571045 6.735489845275879 55 54 72
-0.9068988561630249 -0.368540495634079 6.7879414558410645 65 60 86
-0.9050177335739136 -0.4014144241809845 6.790623188018799 102 84 105
-0.9050177335739136 -0.4014144241809845 6.790623188018799 102 84 105
-0.9060817956924438 -0.5351985692977905 6.800455093383789 79 60 76
-0.8987557888031006 -0.04112991318106651 6.754803657531738 114 91 100
-0.880605936050415 0.8206126689910889 6.695464134216309 49 44 57
-0.8836472034454346 0.8071584105491638 6.691979885101318 110 95 111
-0.890753448009491 0.4746233820915222 6.712937831878662 58 42 60
-0.8845352530479431 0.5221973061561584 6.7114739418029785 59 44 52
-0.8818524479866028 0.4593130052089691 6.707129955291748 47 35 51
-0.8944489359855652 -0.3023234009742737 6.7620391845703125 119 101 127
-0.9104602336883545 1.0718252658843994 6.602099895477295 95 85 96
-0.8937641382217407 -0.019780360162258148 6.726129055023193 112 95 121
-0.8845718502998352 0.22621600329875946 6.712462902069092 82 61 82
-0.8800154328346252 0.4282667636871338 6.693133354187012 38 30 45
-0.8790277242660522 0.3844311833381653 6.697542667388916 55 42 60
-0.8724088668823242 0.46644696593284607 6.689795017242432 54 41 57
-0.8661898374557495 0.803973376750946 6.659655570983887 103 91 107
-0.8704910278320312 0.6893476247787476 6.6602463722229 50 39 53
-0.8653870224952698 0.8137399554252625 6.649357318878174 42 35 42
-0.8709308505058289 0.4591476023197174 6.672428607940674 112 98 119
-0.8681235909461975 0.017352771013975143 6.718784809112549 73 59 75
-0.8751839399337769 0.14449504017829895 6.686769485473633 116 103 127
-0.8680583834648132 0.4663026034832001 6.657521724700928 56 42 59
-0.8654781579971313 -0.04107353091239929 6.708186626434326 51 39 50
-0.8593738079071045 0.47450965642929077 6.657968521118164 117 104 128
-0.8683658242225647 -0.015670418739318848 6.688895225524902 124 103 122
-0.8683658242225647 -0.015670418739318848 6.688895225524902 124 103 122
-0.8545755743980408 0.6829855442047119 6.640002727508545 50 37 52
-0.8706382513046265 -0.2990044951438904 6.708767890930176 53 37 45
-0.8673202991485596 -0.17328432202339172 6.691115379333496 64 47 70
-0.8603636622428894 -0.04282786324620247 6.686696529388428 45 33 42
-0.8561489582061768 0.6343495845794678 6.6266069412231445 42 31 39
-0.8561489582061768 0.6343495845794678 6.6266069412231445 42 31 39
-0.8717905879020691 -0.6933586001396179 6.728830814361572 67 49 63
-0.8481736183166504 0.7974689602851868 6.614293098449707 91 83 98
-0.8465645909309387 0.8056876063346863 6.608293533325195 39 27 35
-0.8465645909309387 0.8056876063346863 6.608293533325195 39 27 35
-0.8505209684371948 0.5982175469398499 6.620996475219727 46 35 46
-0.865196168422699 -0.7081804275512695 6.712700366973877 114 98 122
-0.8481278419494629 0.5217224955558777 6.60945987701416 50 37 47
-0.8450341820716858 0.5941886901855469 6.597768306732178 57 40 53
-0.8395745158195496 0.45474973320961 6.600100994110107 51 37 49
-0.8299737572669983 0.9378153681755066 6.559249401092529 94 88 106
-0.833737850189209 0.47111812233924866 6.591089248657227 107 92 110
-0.8482877016067505 -0.6766524314880371 6.6663126945495605 122 103 115
-0.8379023671150208 -0.32253503799438477 6.644451141357422 70 58 75
-0.8379023671150208 -0.32253503799438477 6.644451141357422 70 58 75
-0.8257604837417603 0.456576943397522 6.5842814445495605 39 29 33
-0.8292924165725708 0.5923137664794922 6.563326358795166 44 33 43
-0.8428425192832947 -0.6460868120193481 6.661955833435059 62 50 61
-0.834303081035614 0.14081133902072906 6.595537185668945 50 37 53
-0.8289012908935547 0.31343284249305725 6.582505702972412 62 44 57
-0.8428729772567749 -0.6898267269134521 6.654748916625977 45 36 46
-0.8158116936683655 0.16933757066726685 6.586359024047852 34 22 28
-0.8103152513504028 0.10421181470155716 6.585312843322754 54 40 56
-0.8131248950958252 0.10234405845403671 6.559118270874023 58 41 56
-0.8160315752029419 -0.056764863431453705 6.569370746612549 52 41 53
-0.8164125680923462 -0.17080387473106384 6.578862190246582 51 39 50
-0.8149996399879456 -0.14566172659397125 6.5782880783081055 63 57 80
-0.8116722702980042 0.028755491599440575 6.5592570304870605 128 108 128
-0.8051756620407104 -0.0704282596707344 6.558455467224121 117 94 106
-0.80442875623703 0.42703932523727417 6.510188579559326 97 80 103
-0.8107646107673645 -0.5536472201347351 6.582264423370361 78 55 67
-0.8057993650436401 0.026451051235198975 6.532144546508789 123 106 121
-0.7884781360626221 0.41054195165634155 6.485776424407959 39 28 35
-1.0014774799346924 0.9829219579696655 6.14060115814209 135 91 110
-0.7882644534111023 -0.1741688996553421 6.509284019470215 131 111 127
-0.7879598140716553 -0.62955242395401 6.533998489379883 128 114 135
-0.7743369936943054 0.25205501914024353 6.462982177734375 63 45 51
-0.7839670777320862 -0.6877010464668274 6.533955097198486 72 51 66
-0.7802662253379822 -0.5559518933296204 6.5248212814331055 66 52 69
-0.7660287022590637 0.2480934113264084 6.4452996253967285 45 32 39
-0.9837062358856201 0.5157176852226257 6.139400482177734 110 74 84
-0.7649996280670166 0.22821101546287537 6.443357944488525 60 44 55
-0.7663659453392029 -0.1849799007177353 6.477214336395264 78 55 68
-0.9729634523391724 0.5109760165214539 6.138266563415527 42 27 32
-0.9759617447853088 0.5677224397659302 6.127991676330566 108 71 76
-0.982688307762146 0.832143247127533 6.094080924987793 42 28 31
-0.982688307762146 0.832143247127533 6.094080924987793 42 28 31
-0.7670957446098328 -0.6259279847145081 6.4820332527160645 136 112 132
-0.7601067423820496 -0.5337886214256287 6.481035232543945 132 119 136
-0.764606237411499 -0.6429852247238159 6.484643936157227 71 51 59
-0.764606237411499 -0.6429852247238159 6.484643936157227 71 51 59
-0.9706625938415527 0.5375034213066101 6.1114983558654785 98 92 104
-0.970575749874115 0.5910896062850952 6.105987071990967 41 26 26
-0.7577980160713196 -0.4293554127216339 6.459340572357178 112 98 111
-0.7537554502487183 -0.5352221131324768 6.460435390472412 127 109 126
-0.7545124888420105 -0.5348440408706665 6.458976745605469 127 109 126
-0.8778822422027588 0.4017811417579651 6.180111408233643 142 89 106
-0.9063978791236877 0.4691160321235657 6.134241104125977 76 55 55
-0.9448707699775696 0.5734726786613464 6.0732502937316895 60 32 39
-0.7425594329833984 -0.5159731507301331 6.422458171844482 80 60 72
-0.7220914959907532 -0.3080124258995056 6.387202262878418 86 58 70
-0.7296813726425171 -0.8420422077178955 6.420069217681885 63 51 61
-0.7296813726425171 -0.8420422077178955 6.420069217681885 63 51 61
-0.7207161784172058 -0.17436683177947998 6.367376804351807 123 111 134
-0.7199301719665527 -0.5228424072265625 6.399074554443359 80 60 76
-0.9327872395515442 0.5033052563667297 6.030157566070557 121 79 90
-0.8964084386825562 -0.011563763953745365 6.120582103729248 137 82 96
-0.9289602041244507 0.5144079327583313 6.01957368850708 48 25 26
-0.7146683931350708 -0.70601487159729 6.383549690246582 120 96 104
-0.7289700508117676 0.1022905707359314 6.291175842285156 82 40 47
-0.7066528797149658 -0.4193359315395355 6.362875938415527 76 57 79
-0.7133874297142029 -0.6280333995819092 6.368078231811523 130 108 128
-0.8291364312171936 0.341683030128479 6.135831832885742 111 74 88
-0.8193368315696716 0.14477206766605377 6.165388584136963 45 20 19
-0.8744505643844604 -0.027852684259414673 6.099433898925781 148 91 106
-0.6971299648284912 -0.5598924160003662 6.356194972991943 38 31 48
-0.9097533822059631 0.5482907891273499 5.997676849365234 43 36 43
-0.6948894262313843 -0.17003312706947327 6.320242404937744 74 58 82
-0.7024905681610107 -0.6369225978851318 6.351097106933594 72 59 69
-0.6943901777267456 -0.5497464537620544 6.337571620941162 123 103 120
-0.695773720741272 -0.8425817489624023 6.3538007736206055 76 54 64
-0.9006342887878418 0.5230685472488403 5.980709075927734 49 29 39
-0.6847524642944336 -0.37923330068588257 6.320425510406494 115 102 125
-0.697889506816864 -0.6264519095420837 6.326725959777832 125 105 118
-0.9013676643371582 0.5230934023857117 5.979377269744873 45 27 34
-0.9013676643371582 0.5230934023857117 5.979377269744873 45 27 34
-0.6845727562904358 -0.18507301807403564 6.301951885223389 80 58 76
-0.6845727562904358 -0.18507301807403564 6.301951885223389 80 58 76
-0.6859172582626343 -0.6961584687232971 6.3295440673828125 64 45 51
-0.8027840256690979 0.2958829998970032 6.100396633148193 135 87 108
-0.6704279780387878 -0.18809370696544647 6.278374671936035 59 42 60
-0.6739987134933472 -0.4030742645263672 6.290521621704102 134 110 128
-0.6766678690910339 -0.6530234217643738 6.306804656982422 75 57 75
-0.6714349389076233 -0.848304271697998 6.3141584396362305 58 38 49
-0.8816361427307129 0.49605363607406616 5.930482387542725 133 85 104
-0.6607137322425842 -0.21794264018535614 6.245506763458252 137 110 127
-0.8732297420501709 0.5423438549041748 5.908717632293701 130 77 95
-0.8690109848976135 0.5729469656944275 5.906260013580322 68 32 42
-0.6525479555130005 -0.42145898938179016 6.245074272155762 67 49 63
-0.7914282083511353 0.4564225375652313 5.9996819496154785 66 47 53
-0.8644091486930847 0.5064641237258911 5.906988143920898 131 82 101
-0.859007716178894 0.4929973781108856 5.909343719482422 59 35 41
-0.6402768492698669 -0.4235285818576813 6.2306389808654785 64 45 57
-0.7196774482727051 0.226724773645401 6.073630332946777 53 22 28
-0.7196774482727051 0.226724773645401 6.073630332946777 53 22 28
-0.641422688961029 -0.7588939070701599 6.25068473815918 54 40 65
-0.6409729719161987 -0.7042399048805237 6.2439727783203125 58 46 71
-0.6298041343688965 -0.42164796590805054 6.216666221618652 59 44 62
-0.8504704236984253 0.48082247376441956 5.8648200035095215 130 84 97
-0.6240754127502441 -0.7061419486999512 6.202513694763184 134 106 121
-0.8418450951576233 0.5586705803871155 5.844890117645264 59 31 38
-0.6159343123435974 -0.4219965934753418 6.181887626647949 68 52 70
-0.6235616207122803 -0.8811798691749573 6.206638813018799 95 61 74
-0.8379956483840942 0.4685744345188141 5.834871292114258 133 86 107
-0.6130173206329346 -0.7026012539863586 6.181833744049072 75 56 70
-0.67860347032547 0.3178962767124176 6.001867294311523 53 21 29
-0.8220418691635132 0.5365967154502869 5.821165561676025 134 82 99
-0.6026856303215027 -0.9215447306632996 6.169559478759766 59 35 42
-0.6026856303215027 -0.9215447306632996 6.169559478759766 59 35 42
-0.6550442576408386 0.2661712169647217 6.00759220123291 46 25 25
-0.6034067869186401 -0.895186185836792 6.162509918212891 139 116 136
-0.8067556023597717 0.5518374443054199 5.794882297515869 68 33 44
-0.5831751227378845 -0.4274294376373291 6.118719577789307 50 35 44
-0.5831751227378845 -0.4274294376373291 6.118719577789307 50 35 44
-0.6720893979072571 -0.06769587844610214 5.981139183044434 79 34 44
-0.6747264862060547 -0.11683136224746704 5.978428840637207 119 68 79
-0.6499074101448059 0.3137912154197693 5.956060886383057 57 24 34
-0.5774378776550293 -0.8659663796424866 6.136894702911377 131 112 135
-0.5774378776550293 -0.8659663796424866 6.136894702911377 131 112 135
-0.6556861996650696 0.16865207254886627 5.947842121124268 53 28 35
-1.3634394407272339 0.9637694954872131 5.0977702140808105 49 31 35
-0.6497828364372253 -0.20620425045490265 5.9325079917907715 105 56 60
-0.771867573261261 0.5048609375953674 5.726163387298584 136 88 104
-0.6962994337081909 -0.2379438281059265 5.870266914367676 70 33 33
-1.3649365901947021 0.9402317404747009 5.050468444824219 157 111 137
-0.6829199194908142 -0.3166199326515198 5.866794586181641 130 77 90
-1.3619352579116821 1.0496504306793213 5.02747106552124 58 37 49
-1.3619352579116821 1.0496504306793213 5.02747106552124 58 37 49
-1.3619352579116821 1.0496504306793213 5.02747106552124 58 37 49
-0.7629185914993286 0.49988114833831787 5.708032608032227 81 39 53
-0.6754634976387024 -0.47575268149375916 5.858293056488037 55 30 39
-0.5366283655166626 -1.0436766147613525 6.051391124725342 65 50 70
-1.3486641645431519 0.954971194267273 5.014040946960449 68 38 43
-0.6034172177314758 0.007473190780729055 5.8702616691589355 58 32 41
-0.5276610255241394 -0.8098486065864563 6.016677379608154 53 41 59
-0.5271897315979004 -0.8183202743530273 6.01746940612793 64 50 71
-0.5984093546867371 0.2606838643550873 5.85117769241333 55 24 31
-0.6047130227088928 -0.057686593383550644 5.869689464569092 54 27 33
-0.5216666460037231 -0.8144505023956299 6.013124465942383 107 91 109
-0.5204476118087769 -1.0009962320327759 6.02304220199585 89 61 91
-0.6246637105941772 0.14557309448719025 5.807522296905518 129 78 90
-1.3367489576339722 0.9365485310554504 5.003274440765381 155 108 130
-0.6238760948181152 0.12016885727643967 5.809597015380859 78 33 42
-0.5879320502281189 -0.010363636538386345 5.8555402755737305 82 37 42
-0.5917667150497437 -0.02483431249856949 5.845560550689697 128 75 90
-1.305144190788269 0.7614631056785583 5.037707805633545 88 41 52
-1.305144190788269 0.7614631056785583 5.037707805633545 88 41 52
-1.3041191101074219 0.8662968277931213 5.027997016906738 76 44 60
-0.6013269424438477 -0.24247506260871887 5.8434929847717285 109 61 68
-0.6038753390312195 -0.11747347563505173 5.829833030700684 122 68 81
-0.7296181917190552 0.5503180027008057 5.63973331451416 93 48 62
-0.5693761706352234 0.2580355405807495 5.80869197845459 56 25 31
-0.5751891732215881 -0.06035565212368965 5.828713893890381 54 26 31
-0.5931411981582642 -0.3257516324520111 5.83123779296875 112 70 82
-0.5931411981582642 -0.3257516324520111 5.83123779296875 112 70 82
-0.5896876454353333 -0.3772626221179962 5.837021827697754 74 34 40
-0.5764349102973938 -0.21991395950317383 5.827058792114258 66 28 36
-0.7143356800079346 0.5474475026130676 5.611457824707031 78 38 53
-0.7145829796791077 0.5474088191986084 5.611077785491943 78 38 53
-0.5659871101379395 0.17230528593063354 5.7909255027771 46 21 27
-0.4900476336479187 -1.0582834482192993 5.96717643737793 78 62 90
-0.553796648979187 0.29337891936302185 5.772528648376465 53 26 32
-0.5582248568534851 0.015181745402514935 5.790354251861572 59 29 40
-1.2705352306365967 0.8012241721153259 4.974198341369629 69 42 55
-0.644679605960846 0.4326005280017853 5.622786521911621 81 50 60
-0.644679605960846 0.4326005280017853 5.622786521911621 81 50 60
12.717126846313477 0.04707556590437889 18.742399215698242 46 19 24
12.717126846313477 0.04707556590437889 18.742399215698242 46 19 24
3.554732322692871 0.8756908774375916 9.593632698059082 76 46 61
-0.5687623023986816 0.33987587690353394 5.6158270835876465 82 38 41
-1.2734955549240112 0.57684725522995 4.911622524261475 110 58 72
-0.6847835779190063 0.6217409372329712 5.454044342041016 75 53 61
-0.6847835779190063 0.6217409372329712 5.454044342041016 75 53 61
-1.2671267986297607 0.940665066242218 4.86814546585083 76 40 47
-0.6424033641815186 -0.6597033739089966 5.594080448150635 60 25 29
-0.6511145830154419 0.47174587845802307 5.490315914154053 78 38 53
-0.6295807957649231 -0.6110065579414368 5.597442626953125 121 71 86
2.830807685852051 -1.3852952718734741 8.953983306884766 22 9 12
-0.5523828864097595 0.12374643981456757 5.604832649230957 53 20 27
-0.5523828864097595 0.12374643981456757 5.604832649230957 53 20 27
-0.6165498495101929 -0.6770742535591125 5.609100341796875 115 66 74
-0.5530513525009155 0.1240343526005745 5.6038594245910645 53 20 27
-0.5545305609703064 -0.09154973924160004 5.619178771972656 48 18 26
-0.5516974925994873 0.12827667593955994 5.60131311416626 57 30 41
-0.6407962441444397 0.4821856617927551 5.480940818786621 80 39 55
-0.5509586334228516 0.014961707405745983 5.602245330810547 51 22 29
-0.6232084035873413 -0.5922682881355286 5.579151630401611 64 28 33
-0.6172440052032471 -0.6232858896255493 5.587261199951172 54 22 34
-1.2280621528625488 0.8522332906723022 4.885666370391846 90 42 57
-1.2251672744750977 0.701290488243103 4.897258758544922 72 31 42
-1.226840853691101 0.7497461438179016 4.890388011932373 65 35 49
-0.5424455404281616 0.01670992188155651 5.590694904327393 120 66 76
-0.5988391041755676 -0.5569067001342773 5.5793328285217285 73 32 40
0.5796438455581665 1.2121535539627075 6.536990642547607 65 33 47
-1.222220778465271 0.7610223889350891 4.881228446960449 64 35 40
-1.2203069925308228 0.7144404649734497 4.879192352294922 94 45 57
-0.5303847789764404 0.12571944296360016 5.572477340698242 85 48 59
-0.5344439744949341 0.012842711061239243 5.577139854431152 48 22 30
-0.49015092849731445 -0.2687433958053589 5.639883041381836 124 80 98
-0.5343149304389954 0.07719798386096954 5.568811416625977 58 30 41
2.908956289291382 0.056996703147888184 8.785592079162598 77 37 51
2.8857407569885254 -0.24290204048156738 8.772697448730469 67 37 46
2.883638620376587 -0.3775670826435089 8.770387649536133 53 26 29
-0.6058899164199829 -0.6182597279548645 5.540937423706055 62 30 38
-0.6003450751304626 -0.6368706822395325 5.54327392578125 131 75 88
-0.5241023898124695 0.004680849611759186 5.560585975646973 78 35 41
-0.5740110874176025 -0.3786974847316742 5.542844772338867 64 28 30
2.93215274810791 0.4158153533935547 8.72554874420166 133 80 92
-1.2065552473068237 0.8350223898887634 4.848236560821533 90 44 57
-1.2051379680633545 0.7894985675811768 4.851147174835205 74 41 57
2.954157829284668 0.41787341237068176 8.711136817932129 71 32 43
2.911210775375366 -1.3450778722763062 8.813231468200684 74 32 37
-0.4694461524486542 -0.2712084650993347 5.611039161682129 130 81 95
-0.5842897891998291 -0.5692532658576965 5.521832466125488 140 91 107
-0.5133398771286011 0.0758284404873848 5.532801151275635 53 31 37
-0.5116111040115356 0.010083663277328014 5.537998676300049 50 23 31
-0.5079518556594849 0.23103204369544983 5.52164888381958 53 23 33
-0.6157833933830261 -0.9488024711608887 5.514249801635742 55 26 28
-0.6157833933830261 -0.9488024711608887 5.514249801635742 55 26 28
-1.2003694772720337 0.8468959927558899 4.832887649536133 79 37 51
-0.5790244340896606 -0.5080297589302063 5.504410266876221 147 94 112
-0.5790244340896606 -0.5080297589302063 5.504410266876221 147 94 112
-0.5251271724700928 -0.263450562953949 5.533076763153076 131 80 94
-0.6318042874336243 0.5869548320770264 5.364773750305176 150 118 138
-0.592555820941925 0.5189330577850342 5.396697044372559 80 44 59
-0.5955557227134705 0.46953433752059937 5.392459869384766 80 45 58
-0.49577596783638 0.007998955436050892 5.512324810028076 50 23 34
-0.58781498670578 0.5288069844245911 5.387033939361572 82 47 62
-0.6181064248085022 0.6083366870880127 5.343076229095459 74 52 61
-0.4954518675804138 -0.09397042542695999 5.509118556976318 56 30 40
-0.581986129283905 -0.9426448941230774 5.49915075302124 61 26 31
-0.5073296427726746 -0.2928960919380188 5.513973236083984 130 68 76
2.986381769180298 0.05346161499619484 8.6377534866333 51 20 28
-0.5661699771881104 -0.6382432579994202 5.477565288543701 55 24 36
-0.5638514161109924 -0.6519566178321838 5.47064733505249 124 79 98
2.904048442840576 -0.6633810997009277 8.56710433959961 110 67 84
-0.33432263135910034 -0.9411202669143677 5.68843936920166 49 22 24
-0.5401561260223389 -0.639707624912262 5.472839832305908 39 20 22
-0.5401561260223389 -0.639707624912262 5.472839832305908 39 20 22
-1.1716667413711548 0.6837199926376343 4.801964282989502 69 39 54
-0.5558502674102783 -0.9425955414772034 5.477789878845215 55 22 34
-0.47197356820106506 0.21808144450187683 5.449166774749756 111 95 114
-0.4626659154891968 -0.29328256845474243 5.484075546264648 42 17 19
-0.5197203755378723 -0.6176259517669678 5.44795036315918 63 29 31
-0.4591221213340759 -0.3616819381713867 5.463919162750244 63 31 41
-0.5502640008926392 0.5232815742492676 5.313687324523926 77 42 58
-0.4536451995372772 -0.3326526880264282 5.463815689086914 59 24 26
-0.5337860584259033 -0.9601331353187561 5.443332195281982 55 24 35
-0.4805433452129364 0.2285129576921463 5.3915252685546875 112 92 68
-0.45652908086776733 -0.06831082701683044 5.433781623840332 162 139 123
-1.1892743110656738 0.9276163578033447 4.7160773277282715 66 44 54
-0.4860441982746124 0.22168706357479095 5.378907203674316 53 34 28
-0.4460424482822418 -0.3520333170890808 5.459054946899414 117 66 75
-0.5267241597175598 -0.9542800784111023 5.435902118682861 120 68 81
-0.43188580870628357 -0.20673240721225739 5.455316543579102 45 21 21
-0.42786791920661926 -0.027823280543088913 5.443843364715576 145 121 102
-0.421125203371048 -0.21582278609275818 5.451180934906006 40 18 18
0.7044183611869812 1.2088242769241333 6.310958385467529 70 42 55
-0.4488168954849243 -0.5145711898803711 5.447241306304932 61 30 36
-0.5295549631118774 0.5205745100975037 5.295584201812744 90 44 61
-0.42021435499191284 -0.20917855203151703 5.439610481262207 93 75 58
-0.42021435499191284 -0.20917855203151703 5.439610481262207 93 75 58
-0.5194820165634155 -0.9359978437423706 5.403521537780762 139 86 102
-0.43867483735084534 -0.397188663482666 5.428948402404785 58 27 33
-0.42138221859931946 -0.23684756457805634 5.414698123931885 62 26 28
-0.5072116851806641 -0.9437253475189209 5.3964972496032715 84 33 54
-0.472230464220047 0.2082919329404831 5.332711696624756 26 18 16
-0.49540427327156067 0.18658263981342316 5.313060760498047 124 106 86
-0.42115718126296997 -0.23195390403270721 5.397695064544678 142 123 103
-1.1293585300445557 0.7502533793449402 4.717047691345215 97 50 67
-1.1293585300445557 0.7502533793449402 4.717047691345215 97 50 67
-0.41623011231422424 -0.3932381272315979 5.407405376434326 49 21 20
-0.8089280128479004 1.149067759513855 4.953914165496826 48 41 67
-0.4599003791809082 -0.07057036459445953 5.342451572418213 159 141 122
-0.4599003791809082 -0.07057036459445953 5.342451572418213 159 141 122
-0.4659479856491089 0.2246694266796112 5.313445091247559 116 98 73
-0.4599895179271698 -0.05011679232120514 5.335039138793945 157 135 117
-0.4165080189704895 -0.46680590510368347 5.399055480957031 65 34 43
-0.4862596392631531 0.1285538226366043 5.290493011474609 82 73 68
-0.5039323568344116 0.4512892961502075 5.248811721801758 80 45 54
-0.4124370217323303 -0.417052686214447 5.388252258300781 57 26 29
-0.49999213218688965 0.4349319636821747 5.242198944091797 130 146 193
-0.40529435873031616 -0.25179237127304077 5.369955539703369 31 15 16
-0.4963008761405945 0.46238550543785095 5.236268997192383 71 42 58
-0.41555121541023254 -0.2372971475124359 5.354865550994873 56 23 24
-0.41555121541023254 -0.2372971475124359 5.354865550994873 56 23 24
-0.4422279894351959 -0.02200905792415142 5.3146538734436035 198 186 166
-0.49543341994285583 0.42442813515663147 5.234925746917725 60 57 96
-0.5288392901420593 0.5720254778862 5.191727638244629 135 105 121
-0.49995869398117065 0.16263341903686523 5.24532413482666 18 15 13
-0.4557105004787445 -0.7475956082344055 5.351343154907227 112 80 104
-0.411223828792572 -0.1359914243221283 5.339428424835205 215 205 184
-0.40318217873573303 -0.44436293840408325 5.370122909545898 132 75 87
-0.3870590627193451 0.04623173177242279 5.3426971435546875 114 90 57
-0.42929700016975403 -0.019463514909148216 5.312608242034912 195 183 159
-1.1223667860031128 0.88987797498703 4.665791034698486 109 73 89
-0.3765619695186615 0.03463371843099594 5.349687576293945 88 55 22
-0.4323376715183258 -0.009387739934027195 5.303038597106934 153 136 113
-0.4323376715183258 -0.009387739934027195 5.303038597106934 153 136 113
-0.4162297248840332 -0.5500428676605225 5.356416702270508 138 89 106
-0.4068226218223572 -0.2551027238368988 5.34020471572876 137 116 108
-0.3875899612903595 0.11426155269145966 5.324831485748291 202 195 190
-0.49435529112815857 0.14443734288215637 5.232776165008545 159 150 155
-0.39746445417404175 -0.14993301033973694 5.333306312561035 184 168 146
-0.42498964071273804 -0.012600819580256939 5.298790454864502 221 209 185
-0.4729616045951843 0.1209571585059166 5.248262405395508 120 109 114
-0.4729616045951843 0.1209571585059166 5.248262405395508 120 109 114
-0.4665343165397644 0.1915978491306305 5.246045112609863 82 54 36
-0.4110484719276428 0.24768535792827606 5.285436630249023 64 29 28
-0.4759020209312439 0.20257322490215302 5.232654571533203 59 41 34
-0.48028564453125 0.42823389172554016 5.209883689880371 131 148 200
-0.4188217520713806 -0.0033000202383846045 5.2924017906188965 181 166 141
-0.5172240138053894 0.5846042633056641 5.164954662322998 63 47 55
-0.4766155779361725 0.45855051279067993 5.207900524139404 87 46 61
-0.4014861583709717 -0.2695569097995758 5.325335502624512 140 117 111
-0.3604767620563507 0.06527247279882431 5.332112789154053 174 154 123
-0.46260592341423035 0.12680794298648834 5.242196559906006 102 92 90
-0.3806644082069397 -0.13371267914772034 5.3290324211120605 88 46 50
-0.48050737380981445 0.15802092850208282 5.2223992347717285 77 59 50
-0.47476524114608765 0.14703142642974854 5.225392818450928 140 130 128
-0.3776185214519501 -0.46866264939308167 5.34901237487793 82 40 48
-0.36208319664001465 -0.08206891268491745 5.329701900482178 131 104 83
-0.31599918007850647 0.04430809244513512 5.357298851013184 135 114 90
-0.3442818224430084 -0.1011180505156517 5.344317436218262 195 185 158
-0.36787503957748413 -0.20455996692180634 5.330943584442139 46 24 23
-0.47065603733062744 0.4461774230003357 5.196560382843018 72 38 48
-1.2152572870254517 1.0084021091461182 4.543158531188965 218 231 255
-0.4001358449459076 -0.00043149373959749937 5.28592586517334 163 146 126
-0.44176727533340454 0.19795295596122742 5.23635196685791 44 27 25
-0.4465881884098053 0.19764116406440735 5.230316638946533 44 27 25
-0.34257644414901733 0.04197906330227852 5.324418544769287 112 92 74
-0.45607757568359375 0.15362407267093658 5.219243049621582 125 115 117
-0.388630747795105 -0.0021391857881098986 5.280642986297607 172 155 135
-0.369317889213562 -0.3976067006587982 5.326803207397461 51 23 20
-0.35828280448913574 -0.07157110422849655 5.310064792633057 163 147 127
-1.1209110021591187 0.9159878492355347 4.611584186553955 88 46 59
-0.4336562752723694 0.13440167903900146 5.229360103607178 133 122 119
-0.35562020540237427 -0.054309215396642685 5.296124458312988 212 200 173
-0.3536907434463501 -0.04836041107773781 5.287814617156982 146 129 109
-0.36009904742240906 -0.5058018565177917 5.309492588043213 62 29 40
-0.43219193816185 -0.9445500373840332 5.2841010093688965 144 88 99
-1.0811374187469482 0.777510941028595 4.629099369049072 87 50 66
-1.2017349004745483 0.39084193110466003 4.552938461303711 75 43 58
-0.3546583652496338 0.1595245599746704 5.243682384490967 172 163 160
-0.39620283246040344 0.20730115473270416 5.196948528289795 134 120 143
-0.4357289969921112 0.5317563414573669 5.13681697845459 114 64 79
-0.3793962895870209 0.2292894870042801 5.201003551483154 35 20 25
-0.3823343515396118 0.1917620301246643 5.195001125335693 95 72 66
-0.47167572379112244 0.5870574712753296 5.091963291168213 63 48 57
-0.33025527000427246 -0.3435380756855011 5.262894153594971 56 22 21
-0.42385825514793396 0.507483184337616 5.121322154998779 83 43 60
-0.36318573355674744 0.16728346049785614 5.1910600662231445 100 73 58
-0.38495737314224243 -0.7581952810287476 5.240469455718994 132 82 98
-0.32746508717536926 -0.32350513339042664 5.248222827911377 109 63 71
-0.36773785948753357 0.18987058103084564 5.172305107116699 172 160 148
-0.40368857979774475 -0.6161972284317017 5.203830718994141 66 30 32
-1.0668526887893677 0.8810225129127502 4.570738315582275 120 81 99
-0.3495905101299286 0.22547782957553864 5.179970741271973 56 36 36
-0.41484493017196655 0.5495936870574951 5.097690105438232 91 63 66
-0.3519822061061859 0.2085304707288742 5.164107799530029 44 21 21
-0.39615100622177124 -0.9527020454406738 5.211268424987793 55 27 37
-1.1187794208526611 0.999527096748352 4.483821392059326 117 124 144
-0.3747554421424866 -0.6385127305984497 5.17652702331543 107 62 71
-0.3277643322944641 0.3265926241874695 5.13120698928833 162 110 126
-0.2887299954891205 0.21199581027030945 5.169392108917236 76 32 45
-1.4826420545578003 0.12631356716156006 4.2610626220703125 66 36 42
-1.4813908338546753 0.05191121995449066 4.2629008293151855 62 26 34
-0.3145653009414673 0.3353481888771057 5.127152919769287 111 54 63
-0.3813958168029785 0.4542938768863678 5.057334899902344 139 100 119
-0.284304678440094 -0.11954032629728317 5.1723785400390625 126 70 81
-0.284304678440094 -0.11954032629728317 5.1723785400390625 126 70 81
-0.28161197900772095 -0.01020604558289051 5.162405967712402 126 70 80
-0.28161197900772095 -0.01020604558289051 5.162405967712402 126 70 80
-0.35609444975852966 -0.5304819941520691 5.143313884735107 155 102 118
-0.3758962154388428 0.48942670226097107 5.047497749328613 76 45 57
-0.3538944125175476 -0.6130923628807068 5.145158767700195 58 26 32
-0.3667813241481781 -0.9553490281105042 5.152527332305908 51 22 30
-0.27160435914993286 0.1442391574382782 5.140183925628662 66 35 41
-0.27160435914993286 0.1442391574382782 5.140183925628662 66 35 41
-0.2694903016090393 0.20156583189964294 5.134901523590088 56 25 33
-0.26581308245658875 0.09084942191839218 5.1428751945495605 82 40 52
-0.32413119077682495 0.39374879002571106 5.075553894042969 109 62 73
-0.32413119077682495 0.39374879002571106 5.075553894042969 109 62 73
-1.016584873199463 0.7588849067687988 4.527848243713379 82 44 60
-1.016584873199463 0.7588849067687988 4.527848243713379 82 44 60
-1.016413927078247 0.7283568978309631 4.530251502990723 75 39 53
-1.016413927078247 0.7283568978309631 4.530251502990723 75 39 53
-0.37582340836524963 -0.9592397809028625 5.132630348205566 43 20 25
-0.37582340836524963 -0.9592397809028625 5.132630348205566 43 20 25
-1.0137540102005005 0.8036975264549255 4.522981643676758 99 49 63
-0.26356327533721924 0.1585386097431183 5.131489276885986 72 37 49
-0.26815468072891235 -0.12102680653333664 5.147064685821533 59 32 36
-0.3322888910770416 -0.5799708366394043 5.125860691070557 80 38 49
-0.26364442706108093 -0.02254341170191765 5.133596420288086 76 33 38
-0.35933035612106323 0.5386948585510254 5.019475936889648 145 94 113
-0.26141083240509033 -0.0869448259472847 5.1389594078063965 125 72 88
-0.26028206944465637 0.19464890658855438 5.117434024810791 90 38 40
-0.3368585407733917 -0.5340684056282043 5.110958576202393 156 102 120
-0.2645365297794342 -0.03188638761639595 5.126337051391602 153 103 117
-0.3441178500652313 -0.647813081741333 5.1110429763793945 150 98 115
-0.3441178500652313 -0.647813081741333 5.1110429763793945 150 98 115
-0.3875759243965149 0.5783079862594604 4.980197429656982 64 48 52
-0.9984424710273743 0.8029933571815491 4.501034736633301 91 48 60
-1.45490562915802 0.048855945467948914 4.2219085693359375 60 30 38
-0.24345912039279938 0.1412886679172516 5.105484962463379 80 39 52
-1.454886794090271 0.12507300078868866 4.215393543243408 68 37 45
-0.24530023336410522 0.09747505933046341 5.106263637542725 68 37 45
-0.2454938292503357 0.26149579882621765 5.093526363372803 62 31 41
-0.2454938292503357 0.26149579882621765 5.093526363372803 62 31 41
-0.33056947588920593 -0.6402043104171753 5.097797870635986 132 87 102
-0.33056947588920593 -0.6402043104171753 5.097797870635986 132 87 102
-0.9966810941696167 0.7564592957496643 4.5039215087890625 89 48 65
-0.5883070230484009 -0.9501876831054688 4.930483818054199 124 60 78
-0.26005563139915466 -0.14678645133972168 5.1100239753723145 61 26 30
-0.30872842669487 -0.5784994959831238 5.106106281280518 73 32 37
-0.23955781757831573 -0.01402336172759533 5.101679801940918 125 74 84
-0.24180763959884644 -0.12266623973846436 5.105473518371582 129 75 85
-1.3022512197494507 0.7995139360427856 4.262941360473633 115 74 92
-0.9926304221153259 0.8175914883613586 4.485519886016846 100 49 65
-0.3186943531036377 -0.6485020518302917 5.083921909332275 78 41 49
-0.33555594086647034 0.4422394633293152 4.988241195678711 141 94 113
-0.23146529495716095 -0.01931576058268547 5.0903730392456055 57 22 32
-0.29153281450271606 -0.5640254020690918 5.086427688598633 133 81 93
-0.28476834297180176 -0.7596657276153564 5.10538911819458 115 83 102
-0.3069401979446411 -0.6170586943626404 5.076033592224121 66 29 31
-0.2292545586824417 -0.12197333574295044 5.089171886444092 58 26 34
-0.2253458946943283 0.08925304561853409 5.074726581573486 55 20 30
-0.32630500197410583 0.4404398798942566 4.974538803100586 69 38 53
-0.32630500197410583 0.4404398798942566 4.974538803100586 69 38 53
-0.2838318645954132 -0.7294963598251343 5.0907368659973145 115 68 81
-0.23698395490646362 -0.3147285282611847 5.092039585113525 131 70 81
-0.26324576139450073 -0.25980305671691895 5.042957305908203 112 74 92
-0.29864373803138733 -0.6716012954711914 5.046586513519287 141 98 118
-0.18083332479000092 -0.23539836704730988 5.097973346710205 52 21 21
-0.18083332479000092 -0.23539836704730988 5.097973346710205 52 21 21
-0.12443648278713226 0.020892689004540443 5.084609031677246 66 28 36
-0.1240740567445755 -0.11084911972284317 5.093830108642578 62 31 40
-0.12995067238807678 -0.10990991443395615 5.08746862411499 62 30 39
-0.2054278701543808 -0.6386727094650269 5.066683292388916 44 22 28
-0.2965262234210968 0.4316900074481964 4.917728900909424 71 40 51
-1.4260865449905396 0.7568671107292175 4.101034641265869 125 82 102
-0.11550074815750122 0.10575545579195023 5.061558246612549 55 20 32
-0.11550074815750122 0.10575545579195023 5.061558246612549 55 20 32
-0.3040754199028015 -0.9096542596817017 4.9982709884643555 112 60 69
-0.12933588027954102 -0.5322583317756653 5.0852179527282715 97 62 68
-0.12933588027954102 -0.5322583317756653 5.0852179527282715 97 62 68
-0.10668391734361649 0.11937419325113297 5.051490783691406 56 26 34
-0.008865023963153362 -1.1261088848114014 5.196698188781738 103 70 87
-0.272329717874527 0.488296777009964 4.889733791351318 69 33 44
-0.24845696985721588 -0.9010196328163147 5.00483512878418 102 55 65
-0.09840938448905945 -0.29647183418273926 5.059739589691162 53 28 36
-0.9383559823036194 0.7578305602073669 4.402806758880615 72 44 58
-0.2603129744529724 0.4779011011123657 4.8706135749816895 54 32 41
-0.07963072508573532 0.09110038727521896 5.009948253631592 45 22 29
-0.0847671627998352 0.0574798583984375 5.006807327270508 60 29 36
-0.07900527119636536 -0.0532575324177742 5.016484260559082 64 30 39
-0.24985677003860474 0.47575804591178894 4.857772350311279 138 87 102
-0.2433292120695114 0.4133112132549286 4.858688831329346 57 43 48
-0.06614316254854202 0.1813402771949768 4.9936747550964355 60 27 33
-0.06673186272382736 -0.05319339409470558 4.998818397521973 56 29 39
-0.0798446461558342 -0.4005132019519806 5.0128021240234375 118 81 97
-0.06100931391119957 0.18478256464004517 4.982120990753174 131 78 88
-0.23643769323825836 0.5056332945823669 4.837387561798096 66 41 46
-0.2323697805404663 0.4190223515033722 4.84195613861084 136 88 105
-0.91109299659729 0.6560103893280029 4.370968818664551 80 45 59
-0.9081292152404785 0.701742947101593 4.368571758270264 93 42 54
-0.9081292152404785 0.701742947101593 4.368571758270264 93 42 54
-0.047603849321603775 -0.16357018053531647 5.000509738922119 75 39 43
-0.22840867936611176 0.482678085565567 4.831373691558838 72 36 50
-0.05182955041527748 0.11426334828138351 4.975088596343994 84 36 34
-0.06233573332428932 0.013827851042151451 4.974555492401123 96 49 59
-0.2284151315689087 0.4275222420692444 4.833698272705078 86 48 59
-0.22250263392925262 0.4713059067726135 4.824120998382568 76 35 51
0.05204975977540016 -0.8081009984016418 5.09721565246582 132 112 132
0.05204975977540016 -0.8081009984016418 5.09721565246582 132 112 132
-0.05134623497724533 -0.08425979316234589 4.975329399108887 144 99 115
-0.05246478319168091 0.021572578698396683 4.963048458099365 155 98 118
-0.05246478319168091 0.021572578698396683 4.963048458099365 155 98 118
-1.0191893577575684 0.3706301748752594 4.300229549407959 62 49 54
-0.9063775539398193 0.604888916015625 4.354550838470459 61 32 31
-0.09052520990371704 0.06716936826705933 4.93017053604126 134 85 97
-0.08367868512868881 0.05013711750507355 4.934638977050781 160 107 121
-0.9305999279022217 0.9308643341064453 4.310445308685303 105 63 74
-0.9048457145690918 0.589249849319458 4.351700305938721 105 60 70
-0.0820731520652771 0.06238219514489174 4.928886890411377 102 49 62
-0.08534850180149078 0.07924434542655945 4.923664093017578 146 99 109
-0.03474503383040428 -0.12069382518529892 4.966677188873291 64 31 43
-0.04560741409659386 0.014126128517091274 4.948647499084473 89 42 51
-0.03528052195906639 -0.05690459907054901 4.959323883056641 63 33 41
0.06589923799037933 -1.0787651538848877 5.096412181854248 92 62 80
-0.07762644439935684 0.06373052299022675 4.918355464935303 152 103 120
-0.04433848708868027 0.02895737625658512 4.938302993774414 153 99 117
-0.9217124581336975 0.5341360569000244 4.326819896697998 115 59 69
0.07312138378620148 -0.8273366093635559 5.070715427398682 76 52 69
-0.02152044139802456 0.17351332306861877 4.93001651763916 72 35 47
-0.8851825594902039 0.6023871302604675 4.334586143493652 77 39 42
-0.9065920114517212 0.567429780960083 4.315982341766357 83 44 47
-0.9065920114517212 0.567429780960083 4.315982341766357 83 44 47
-0.9104689359664917 0.5332003235816956 4.3123884201049805 116 62 74
-0.0760398730635643 -0.5013706088066101 4.920740604400635 122 75 88
0.09423910081386566 -0.8303271532058716 5.04372501373291 109 76 93
-0.007480813656002283 -0.06003320589661598 4.919070243835449 54 30 39
0.0969279333949089 -0.9400897026062012 5.045287609100342 114 78 101
0.1053459420800209 -1.0733919143676758 5.053723335266113 84 63 84
0.10263632982969284 -1.0886456966400146 5.053090572357178 70 52 76
0.10263632982969284 -1.0886456966400146 5.053090572357178 70 52 76
0.1035725325345993 -0.8343862891197205 5.033240795135498 92 62 84
-0.8248270750045776 0.7711441516876221 4.321088790893555 104 64 86
0.10897236317396164 -1.0777301788330078 5.0426201820373535 89 65 81
-0.09005793929100037 -0.5885142087936401 4.8810906410217285 107 62 72
0.005584669299423695 -0.04594378545880318 4.9026265144348145 57 33 41
-0.11620043963193893 -0.6321877837181091 4.86718225479126 66 29 35
-0.17205370962619781 0.4223182201385498 4.7525482177734375 80 39 52
0.017468657344579697 0.10576700419187546 4.885354042053223 68 28 35
0.1173810362815857 -1.0439389944076538 5.029363632202148 104 72 84
0.1173810362815857 -1.0439389944076538 5.029363632202148 104 72 84
-0.16508935391902924 0.41177991032600403 4.743343353271484 76 45 55
0.12789851427078247 -0.9079239964485168 5.016480445861816 78 62 83
-0.7907156348228455 0.7360192537307739 4.3219313621521 82 49 67
0.12530028820037842 -1.0317436456680298 5.020576000213623 99 69 94
0.12042786180973053 -1.115565299987793 5.02329683303833 112 77 99
-0.7825527191162109 0.7079229950904846 4.324244499206543 110 61 83
-0.7877583503723145 0.72938472032547 4.319072246551514 153 112 130
0.023804638534784317 0.2109246850013733 4.862551689147949 68 38 46
0.02252657152712345 0.08959552645683289 4.870229721069336 62 28 36
0.13538029789924622 -0.8960273861885071 4.99890661239624 109 99 116
0.13757739961147308 -0.8788080215454102 4.993375301361084 130 115 136
0.13743427395820618 -0.9874722361564636 4.995400905609131 98 69 92
0.04191141203045845 0.040194135159254074 4.860502243041992 70 39 52
0.04191141203045845 0.040194135159254074 4.860502243041992 70 39 52
0.15212494134902954 -1.0269999504089355 4.990022659301758 73 52 76
0.14938442409038544 -0.9862614870071411 4.983645439147949 90 71 96
-0.7245863676071167 0.637336254119873 4.32804536819458 105 66 83
0.1545041799545288 -0.9277715086936951 4.976871490478516 80 60 74
-0.1334817111492157 0.416217178106308 4.702584266662598 72 40 51
-0.7245946526527405 0.7992244958877563 4.3127121925354 83 50 67
0.012253714725375175 0.14779148995876312 4.808106422424316 136 83 99
-0.7226696610450745 0.746519923210144 4.316160678863525 106 51 72
-0.7141243815422058 0.7276850342750549 4.318637371063232 117 65 85
0.1577962040901184 -0.9755876064300537 4.967553615570068 135 114 134
0.1597275733947754 -0.9933094382286072 4.966229438781738 92 64 80
-0.123353011906147 0.4924109876155853 4.682275295257568 100 60 73
0.16589635610580444 -0.5850164890289307 4.929775714874268 113 77 92
-0.6992586255073547 0.634382963180542 4.319273948669434 103 60 80
0.06840363144874573 0.2247333973646164 4.809823036193848 70 27 37
0.17425915598869324 -0.9193411469459534 4.951480865478516 99 67 84
0.1738588660955429 -0.7388117909431458 4.931631088256836 94 61 82
0.17356634140014648 -0.9951338768005371 4.9488396644592285 101 70 96
0.17356634140014648 -0.9951338768005371 4.9488396644592285 101 70 96
0.17306870222091675 -0.5035632848739624 4.912420749664307 85 61 78
0.17306870222091675 -0.5035632848739624 4.912420749664307 85 61 78
0.18463149666786194 -1.0340970754623413 4.944447040557861 138 121 145
0.18698211014270782 -0.6607919931411743 4.914440155029297 144 120 139
-0.10549790412187576 0.3692115843296051 4.665529727935791 152 120 140
-0.7100542187690735 0.872999370098114 4.261331558227539 110 67 81
-0.6241390109062195 0.6828882694244385 4.323947906494141 92 55 78
-0.6331740617752075 0.7698342800140381 4.310431957244873 77 37 56
-0.6226472854614258 0.7593051195144653 4.310562610626221 160 118 141
0.2074146419763565 -0.5045261383056641 4.886974811553955 85 59 77
0.2010212540626526 -0.754878044128418 4.898740291595459 85 64 86
0.20461051166057587 -0.6152400374412537 4.88665246963501 143 129 154
0.20461051166057587 -0.6152400374412537 4.88665246963501 143 129 154
0.20909276604652405 -0.5356462001800537 4.883446216583252 100 79 103
-0.6777030229568481 0.8729828596115112 4.262624740600586 112 68 84
0.20482708513736725 -0.5793817639350891 4.883004665374756 104 73 95
0.20482708513736725 -0.5793817639350891 4.883004665374756 104 73 95
-0.08994422107934952 0.4600048065185547 4.636205196380615 133 85 97
0.2075459361076355 -0.7788478136062622 4.896604537963867 87 64 82
-0.08577048033475876 0.4699040651321411 4.630753040313721 54 38 41
0.21370947360992432 -0.9575692415237427 4.899568557739258 91 63 85
0.21637527644634247 -0.8647709488868713 4.894317626953125 90 63 72
0.21637527644634247 -0.8647709488868713 4.894317626953125 90 63 72
0.2120082825422287 -0.7270040512084961 4.880943298339844 96 73 86
0.2120082825422287 -0.7270040512084961 4.880943298339844 96 73 86
0.10767662525177002 0.13199514150619507 4.757511138916016 56 28 36
0.22984281182289124 -0.857087254524231 4.882889270782471 98 73 87
-0.637472927570343 0.8703612685203552 4.25731086730957 118 72 84
0.13455350697040558 -0.08370215445756912 4.765786170959473 75 33 36
0.22845198214054108 -0.6383416652679443 4.857461452484131 92 67 81
0.22829784452915192 -0.8434947729110718 4.86933708190918 146 123 143
0.23095537722110748 -0.36396127939224243 4.836422443389893 90 66 95
-0.06572378426790237 0.3964003026485443 4.611606597900391 138 90 108
0.23388619720935822 -0.38236793875694275 4.836928844451904 97 67 80
0.24222223460674286 -0.3855414390563965 4.826611518859863 105 76 91
-0.05301013961434364 0.4081914722919464 4.598607540130615 65 53 54
0.25352954864501953 -0.6540595889091492 4.843939304351807 102 79 104
0.24663519859313965 -0.7311487197875977 4.844925403594971 89 69 80
0.03164992108941078 0.315695583820343 4.648288249969482 103 53 61
0.008933144621551037 0.3357633948326111 4.632658958435059 148 89 111
0.09937901049852371 0.24873857200145721 4.689502239227295 88 38 43
0.2502320408821106 -0.4976479709148407 4.824615001678467 138 117 133
0.055746693164110184 0.2972661256790161 4.6538801193237305 84 35 39
0.2700124680995941 -0.9238919019699097 4.850770473480225 127 114 139
0.2590804100036621 -0.7279819846153259 4.829861164093018 132 117 135
0.25806495547294617 -0.48835325241088867 4.812328815460205 85 67 87
0.2677328884601593 -0.9311745166778564 4.8483734130859375 74 51 71
0.05160527676343918 0.2876644432544708 4.640974521636963 159 106 119
0.016624970361590385 0.3530755341053009 4.615563869476318 93 58 62
0.26294997334480286 -0.3982575237751007 4.80557107925415 70 56 74
0.2615467309951782 -0.2678944170475006 4.7925801277160645 148 125 143
0.08739757537841797 0.19720619916915894 4.655057907104492 154 107 126
0.08580244332551956 0.250569224357605 4.650247573852539 145 98 115
-0.03364856168627739 0.39863869547843933 4.572495937347412 50 28 33
0.26879048347473145 -0.8538504242897034 4.823602676391602 101 74 86
-0.04215577244758606 0.7672854065895081 4.5370097160339355 68 32 43
0.26714909076690674 -0.8533158302307129 4.822152137756348 101 74 86
-0.039101164788007736 0.7237489223480225 4.540316581726074 76 29 44
-0.04046916961669922 0.6958231925964355 4.541233539581299 82 36 52
0.2750103175640106 -0.8261865377426147 4.819291114807129 93 73 94
0.2712496817111969 -0.6164106726646423 4.801642417907715 99 69 87
0.2757292687892914 -0.6748291850090027 4.807839870452881 105 71 88
0.09482794255018234 0.2218540906906128 4.642186641693115 65 29 41
0.09616652876138687 0.2125677615404129 4.643638610839844 67 40 55
0.27818235754966736 -0.7951948046684265 4.812842845916748 88 72 91
-0.035794395953416824 0.6313368678092957 4.5377583503723145 59 34 43
-0.036052025854587555 0.7855675220489502 4.526955604553223 62 40 46
-0.036052025854587555 0.7855675220489502 4.526955604553223 62 40 46
-0.031982194632291794 0.736929714679718 4.527082920074463 88 35 49
0.2787567377090454 -0.5048426389694214 4.7838358879089355 127 121 142
0.28273269534111023 -0.8600929975509644 4.809210777282715 88 61 77
0.2864753305912018 -0.27966609597206116 4.764526844024658 80 51 66
-0.017958514392375946 0.4099358022212982 4.548316955566406 140 91 110
0.29414626955986023 -0.5107017159461975 4.773178577423096 76 63 83
-0.005297607276588678 0.4057837724685669 4.534810543060303 66 36 45
-0.005297607276588678 0.4057837724685669 4.534810543060303 66 36 45
0.0017211413942277431 0.3947485685348511 4.524681568145752 58 29 40
0.12497960776090622 0.23413830995559692 4.599711894989014 76 37 39
0.1300809681415558 0.18220824003219604 4.603789329528809 81 50 62
0.12570790946483612 0.021325089037418365 4.611063480377197 56 28 38
0.3130331337451935 -0.37981054186820984 4.73750114440918 136 113 134
0.31947043538093567 -0.7646452188491821 4.752553462982178 94 71 86
0.3379083573818207 -0.9205237030982971 4.745293140411377 126 112 135
0.03199972212314606 0.44469740986824036 4.487171173095703 80 37 48
0.34527283906936646 -0.5182735919952393 4.714836597442627 126 114 136
0.024223390966653824 0.7551063895225525 4.455472469329834 68 35 47
0.3516189455986023 0.17681235074996948 4.653404712677002 69 44 53
0.3514880836009979 0.1191897913813591 4.65669059753418 85 61 76
0.35096290707588196 0.11944055557250977 4.6562581062316895 85 61 76
0.04586275294423103 0.47790563106536865 4.471280097961426 109 62 74
0.3563050627708435 -0.2772390842437744 4.683304786682129 142 121 143
0.3558952510356903 0.19284214079380035 4.649659156799316 79 50 62
0.04751460626721382 0.3608686029911041 4.471798896789551 138 86 105
0.00582961505278945 0.9160922169685364 4.404212951660156 57 48 50
0.36108383536338806 0.1915474832057953 4.634393215179443 86 59 68
0.05275397747755051 0.45349377393722534 4.454261779785156 79 36 47
0.3686002194881439 -1.092900037765503 4.722443580627441 101 70 91
0.062195684760808945 0.38185515999794006 4.456165790557861 54 42 49
0.062195684760808945 0.38185515999794006 4.456165790557861 54 42 49
0.37356001138687134 -0.007097242865711451 4.63779354095459 139 121 147
0.3764007091522217 -0.8770221471786499 4.695162296295166 80 60 68
0.3841407001018524 -0.9682884812355042 4.7032318115234375 85 59 86
0.3798978328704834 0.18992136418819427 4.622519016265869 95 69 81
0.3841957151889801 -0.6508453488349915 4.679762840270996 134 110 130
0.0702628493309021 0.3777071535587311 4.440334796905518 126 88 103
0.0702628493309021 0.3777071535587311 4.440334796905518 126 88 103
0.07388605177402496 0.3862985670566559 4.437801837921143 67 37 46
0.3817410171031952 -0.513420045375824 4.655685901641846 129 115 134
0.3913767635822296 -0.6836657524108887 4.670894145965576 75 59 69
0.3911391794681549 -0.7562872171401978 4.675085067749023 87 61 71
0.3920452892780304 -1.0451728105545044 4.692074298858643 88 65 86
0.3920452892780304 -1.0451728105545044 4.692074298858643 88 65 86
0.39406633377075195 -0.670271635055542 4.6676130294799805 75 66 79
0.39151155948638916 -1.0558584928512573 4.691847324371338 132 122 141
0.386348158121109 0.30486202239990234 4.592111110687256 146 123 140
0.3970794081687927 -0.6967564225196838 4.66030216217041 141 117 134
0.39580872654914856 0.09404384344816208 4.605140209197998 102 69 79
0.4100150465965271 -0.518642783164978 4.6460161209106445 123 115 135
0.40511515736579895 -0.005997643806040287 4.607150077819824 138 123 150
0.40668848156929016 -0.6801838874816895 4.652218818664551 121 101 113
0.42134061455726624 -0.41223612427711487 4.637272357940674 118 113 133
0.41106152534484863 -0.4515688121318817 4.634580135345459 88 65 84
0.40200331807136536 0.26511868834495544 4.581404209136963 80 55 76
0.40200331807136536 0.26511868834495544 4.581404209136963 80 55 76
0.40767011046409607 -0.880939245223999 4.660786151885986 77 60 73
0.41379234194755554 -0.5192292928695679 4.635860443115234 76 56 81
0.42084547877311707 -0.42368295788764954 4.627518177032471 60 46 56
0.4154948890209198 0.18249525129795074 4.580760478973389 84 63 77
0.41847020387649536 -0.6582988500595093 4.637043476104736 85 62 86
0.41781488060951233 0.4238191246986389 4.561351299285889 72 51 66
0.4263429045677185 -0.868772029876709 4.651889324188232 123 111 137
0.41738295555114746 -0.02651897631585598 4.5894455909729 64 47 54
0.41142264008522034 0.4023474156856537 4.557056427001953 102 71 79
0.4232880771160126 -0.7608030438423157 4.640913486480713 87 60 74
0.4232880771160126 -0.7608030438423157 4.640913486480713 87 60 74
0.41948631405830383 0.6399402022361755 4.543492317199707 82 66 93
0.42118290066719055 0.0729542225599289 4.58000373840332 82 63 76
0.42118290066719055 0.0729542225599289 4.58000373840332 82 63 76
0.4226599335670471 0.047546759247779846 4.579092979431152 76 53 70
0.42072081565856934 0.3347049057483673 4.555602073669434 86 57 74
0.4363871216773987 -0.8653692007064819 4.642450332641602 83 69 90
0.4337905943393707 -1.0649210214614868 4.6531243324279785 93 69 93
0.4256611168384552 0.6801074147224426 4.531541347503662 74 51 67
0.43148869276046753 -0.17318640649318695 4.59022331237793 70 45 54
0.4273686110973358 0.49136385321617126 4.543435096740723 72 56 78
0.4307820200920105 -0.6882868409156799 4.623912334442139 143 118 137
0.4281931519508362 0.42184802889823914 4.547145366668701 64 46 63
0.42910653352737427 0.6260880827903748 4.531132221221924 84 62 83
0.42910653352737427 0.6260880827903748 4.531132221221924 84 62 83
0.4280136227607727 -0.01767735369503498 4.573299884796143 124 105 129
0.4323789179325104 0.5033087730407715 4.537355422973633 68 47 64
0.4284699857234955 0.6732376217842102 4.521759033203125 130 105 127
0.43169817328453064 0.19379591941833496 4.555245876312256 127 117 141
0.43657156825065613 -0.68040931224823 4.6159467697143555 68 41 56
0.4308992028236389 0.6158385872840881 4.525017261505127 131 129 150
0.4424303472042084 -0.4084048271179199 4.596357345581055 112 100 123
0.44659972190856934 -0.5336816906929016 4.604519367218018 80 65 83
0.4458705484867096 -0.5336273908615112 4.6039533615112305 80 65 83
0.4465726613998413 -1.0668854713439941 4.638845443725586 95 69 95
0.4338555335998535 0.4531373381614685 4.5288238525390625 145 129 147
0.4448564052581787 -0.889587938785553 4.623478889465332 64 52 64
0.45049887895584106 -0.416272908449173 4.592043399810791 62 45 61
0.4391552805900574 -0.021414989605545998 4.559628963470459 133 115 137
0.4501091539859772 -0.682738184928894 4.604953289031982 82 57 71
0.45122238993644714 -0.570121705532074 4.596436023712158 68 49 69
0.45434537529945374 -0.2986988425254822 4.577034950256348 71 50 60
0.4530213475227356 -1.0909209251403809 4.628992557525635 86 68 90
0.4530213475227356 -1.0909209251403809 4.628992557525635 86 68 90
0.44731950759887695 -0.1500144749879837 4.56310510635376 147 125 146
0.4450855255126953 0.747681736946106 4.501883029937744 100 91 110
0.4450855255126953 0.747681736946106 4.501883029937744 100 91 110
0.45556777715682983 -1.0780762434005737 4.628188133239746 132 123 142
0.45683860778808594 -0.5522722601890564 4.592926979064941 81 64 80
0.4509747624397278 -0.7736738920211792 4.60451078414917 127 105 118
0.45495176315307617 -0.8074468374252319 4.607334613800049 67 42 61
0.4490872919559479 -0.9714053273200989 4.613523960113525 136 119 135
0.45119431614875793 -0.7845296859741211 4.598410606384277 90 67 81
0.4575265347957611 -0.7970213294029236 4.601950168609619 130 119 138
0.4585776925086975 -0.5318929553031921 4.584249973297119 71 50 79
0.4565271735191345 -0.5639257431030273 4.584937572479248 145 118 132
0.44879844784736633 0.5122199654579163 4.508882999420166 118 104 130
0.45209234952926636 0.5058746933937073 4.507335186004639 57 43 61
0.45940476655960083 -0.12861162424087524 4.551539421081543 136 117 136
0.44750362634658813 0.33452269434928894 4.513434886932373 74 51 64
0.44750362634658813 0.33452269434928894 4.513434886932373 74 51 64
0.469488263130188 -0.10120980441570282 4.551352500915527 78 58 77
0.4647361934185028 -0.9790619015693665 4.603987216949463 98 67 90
0.4670431911945343 -0.684349775314331 4.583302974700928 88 63 76
0.47074973583221436 0.2989291250705719 4.5148844718933105 116 112 134
0.4723834991455078 -0.5253294110298157 4.570048809051514 131 114 134
0.46356400847435 -0.12127382308244705 4.538801670074463 85 64 77
0.4687660038471222 0.3915857970714569 4.506991863250732 138 126 146
0.4686855673789978 0.7636343240737915 4.480604648590088 53 39 48
0.4664284884929657 0.22963637113571167 4.510912895202637 99 72 81
0.47132906317710876 0.6067739725112915 4.485612869262695 81 63 85
0.4673413634300232 0.2567058205604553 4.505835056304932 74 53 66
0.47903504967689514 0.40150636434555054 4.501463413238525 119 109 130
0.479129821062088 0.41049468517303467 4.5005412101745605 50 38 54
0.46927791833877563 -0.168913796544075 4.531277656555176 118 101 121
0.47310736775398254 0.6215324997901917 4.47932767868042 127 113 142
-0.3059576153755188 0.9412142038345337 4.08442497253418 125 135 155
0.48196855187416077 0.3902830481529236 4.498051643371582 72 50 57
0.4663184881210327 0.6930716633796692 4.470379829406738 121 96 117
0.47670966386795044 -0.9845514893531799 4.584797382354736 90 66 88
0.487006276845932 -0.7992147207260132 4.577098369598389 86 68 87
0.47980886697769165 0.2770375907421112 4.501999378204346 112 95 107
0.4808344841003418 0.164473757147789 4.507521629333496 86 64 86
0.48647069931030273 0.6032275557518005 4.478267192840576 87 68 88
0.48004427552223206 0.7313066720962524 4.464598178863525 50 30 39
0.48655033111572266 -0.5342717170715332 4.550437927246094 66 41 62
0.4911888837814331 -0.7618370652198792 4.565345287322998 139 122 145
0.4865281283855438 0.18008318543434143 4.499908447265625 77 62 87
0.4864221215248108 0.5171478390693665 4.474525451660156 120 116 135
0.4860263466835022 0.781709611415863 4.45652437210083 133 109 123
0.481891006231308 0.23729664087295532 4.488376140594482 134 116 136
0.49375224113464355 -0.3138880133628845 4.528170108795166 68 55 67
0.4964420199394226 -0.810920238494873 4.562224864959717 56 40 53
0.49206775426864624 0.5649549961090088 4.466681480407715 131 127 150
0.47214630246162415 0.7166473269462585 4.4471282958984375 123 98 119
0.49240240454673767 0.5866125822067261 4.465244293212891 132 129 148
0.49540382623672485 -0.5472029447555542 4.541519641876221 88 63 77
0.4916180372238159 0.1489139050245285 4.49366569519043 62 44 63
0.5006625056266785 -0.7707505822181702 4.557406902313232 72 47 68
0.49508243799209595 0.10642100870609283 4.496524333953857 94 77 98
0.4922434687614441 0.5346687436103821 4.465789318084717 129 125 149
0.4922434687614441 0.5346687436103821 4.465789318084717 129 125 149
0.491423636674881 0.7706153392791748 4.44598913192749 70 49 65
0.49624788761138916 0.09346509724855423 4.49160623550415 75 57 73
0.48839071393013 0.7883670926094055 4.441588401794434 72 58 69
0.5028436183929443 -0.6703937649726868 4.543862342834473 147 123 145
0.4960480034351349 0.5808399319648743 4.457756042480469 79 62 83
0.4995747208595276 -0.7987568974494934 4.5472612380981445 128 104 126
0.5026541352272034 -0.8426564931869507 4.5516037940979 138 124 150
0.5096364617347717 0.5442042350769043 4.459120750427246 78 61 82
0.506462574005127 -0.53511643409729 4.528712749481201 77 59 82
0.5073046684265137 0.0829540267586708 4.485739231109619 136 119 138
0.507881224155426 -0.8171691298484802 4.54447603225708 74 56 67
0.507881224155426 -0.8171691298484802 4.54447603225708 74 56 67
0.5150159001350403 -0.9569311141967773 4.555844306945801 72 58 81
0.5106669664382935 -0.0496043860912323 4.489448547363281 96 78 95
0.4974440634250641 0.788507342338562 4.426805019378662 95 74 90
0.49931517243385315 0.7803581357002258 4.428057670593262 138 117 134
0.5161496996879578 -1.0098049640655518 4.548863887786865 86 68 96
0.5244083404541016 -1.096809983253479 4.557189464569092 123 107 122
0.5042757391929626 0.7442485690116882 4.425195217132568 139 114 130
0.5129238367080688 -0.7705820798873901 4.527432918548584 87 65 77
0.5184452533721924 0.08560404926538467 4.4725022315979 67 43 66
0.5109692811965942 0.5538281202316284 4.434344291687012 131 116 134
0.5288170576095581 -0.8628330826759338 4.523416042327881 89 63 85
0.5348682999610901 -0.666455864906311 4.512689590454102 143 119 133
0.5314581394195557 -0.8978098034858704 4.524768352508545 84 56 69
0.5323996543884277 -0.5497769713401794 4.500063896179199 73 52 63
0.5327178239822388 -0.0458323135972023 4.466558456420898 81 61 80
0.5417270064353943 -0.6839398741722107 4.512593746185303 64 54 76
0.5269879698753357 0.5008708238601685 4.423786640167236 141 117 131
0.5474561452865601 -0.5338207483291626 4.495474338531494 120 118 139
0.5294321775436401 0.25600987672805786 4.434825420379639 137 118 137
0.5378526449203491 -0.7589452266693115 4.504794120788574 137 122 146
0.5415642857551575 0.17509210109710693 4.44023323059082 85 59 67
0.545714259147644 -0.8188256621360779 4.505740642547607 67 49 59
0.5364377498626709 0.5113767385482788 4.413889408111572 75 54 66
0.5424826741218567 0.08417312800884247 4.443238735198975 84 59 80
0.5382558107376099 0.22356322407722473 4.4305009841918945 136 117 135
0.5541210174560547 -0.18115681409835815 4.460110187530518 66 43 47
0.5372416377067566 0.7831037640571594 4.38447904586792 106 77 92
0.5513647794723511 -0.7830387353897095 4.492189407348633 118 105 125
0.5560075044631958 -0.769942045211792 4.49316930770874 61 48 65
0.546597957611084 0.2119942605495453 4.422892093658447 90 66 87
0.546597957611084 0.2119942605495453 4.422892093658447 90 66 87
0.5448972582817078 0.2288435846567154 4.420985221862793 81 61 80
0.5461660623550415 0.5095527768135071 4.403039932250977 75 60 76
0.5583809614181519 -0.9001918435096741 4.500016689300537 77 55 70
0.5558366775512695 -0.3058995008468628 4.4568305015563965 65 46 58
0.549927294254303 0.6196820735931396 4.393001079559326 136 131 161
0.5510257482528687 -0.026750747114419937 4.435088634490967 89 62 81
0.5551170706748962 -0.5482231378555298 4.470754623413086 127 110 125
0.5554123520851135 -0.4298882484436035 4.462575435638428 68 65 80
0.5521406531333923 -0.7911630272865295 4.48451566696167 77 61 82
0.5374884009361267 0.37214112281799316 4.401741027832031 82 124 216
0.5598012804985046 -0.6964470744132996 4.480223178863525 72 60 79
0.5538942217826843 -0.8025639653205872 4.483902454376221 136 120 142
0.5572980046272278 -0.5020871162414551 4.4652814865112305 82 69 88
0.5592048764228821 -0.8423070907592773 4.486050605773926 91 64 85
0.5654575228691101 -0.6779747605323792 4.476929664611816 69 52 74
0.550430953502655 0.272475004196167 4.405972480773926 121 104 119
0.55394047498703 0.26373058557510376 4.404032230377197 141 117 131
0.5662556290626526 -0.04282893240451813 4.426862716674805 87 59 74
0.5771753191947937 -0.18345344066619873 4.4376702308654785 62 45 57
0.5640519261360168 -0.6938908100128174 4.464486598968506 127 104 123
0.5665673017501831 -0.19181692600250244 4.429969787597656 118 102 116
0.5771545171737671 -0.9579765796661377 4.476937770843506 69 52 73
0.5808156728744507 0.11479204893112183 4.405471324920654 144 120 134
0.5683762431144714 0.7080968022346497 4.3568339347839355 87 62 84
0.570397138595581 0.6696730852127075 4.360065460205078 89 65 82
0.5799078345298767 0.298231303691864 4.387831211090088 136 112 127
0.5762833952903748 0.7423933148384094 4.355966567993164 114 104 129
0.5971578359603882 -1.0899404287338257 4.47803258895874 89 70 98
0.5831674933433533 0.06985385715961456 4.395185947418213 79 56 68
0.5831674933433533 0.06985385715961456 4.395185947418213 79 56 68
0.5923495888710022 -0.055533066391944885 4.404433727264404 142 118 132
0.5932144522666931 -0.983475923538208 4.464458465576172 98 70 92
0.5932144522666931 -0.983475923538208 4.464458465576172 98 70 92
0.5788564085960388 0.7824163436889648 4.341074466705322 97 72 90
0.5902572274208069 0.40567487478256226 4.369441986083984 129 114 134
0.5983906984329224 -0.9093356132507324 4.4564995765686035 125 101 119
0.58636474609375 0.23545542359352112 4.373344898223877 93 66 79
0.6048170328140259 -0.8701654076576233 4.453108787536621 74 59 82
0.5991360545158386 -0.0369594506919384 4.395276069641113 132 108 125
0.6045193076133728 -0.8799801468849182 4.451243877410889 115 103 128
0.6052802205085754 -0.8246827125549316 4.446537971496582 120 110 132
0.5996319055557251 -1.0580544471740723 4.458163261413574 87 64 84
0.6043036580085754 -0.9601514935493469 4.4534993171691895 60 46 68
0.6053339242935181 -0.8169059753417969 4.44316291809082 66 55 79
0.6070430874824524 -0.9503487944602966 4.450465202331543 130 114 139
0.6052513718605042 -0.04844085872173309 4.3910908699035645 64 43 56
0.6038718819618225 -0.2921122908592224 4.406288146972656 94 70 89
0.6080910563468933 -0.8870182037353516 4.445999622344971 75 62 87
0.6080910563468933 -0.8870182037353516 4.445999622344971 75 62 87
0.6081130504608154 -0.06260998547077179 4.391700744628906 134 113 129
0.6131336092948914 -1.0969818830490112 4.460315227508545 57 43 60
0.6131336092948914 -1.0969818830490112 4.460315227508545 57 43 60
0.6018717288970947 0.14911247789859772 4.373338222503662 74 62 76
0.6123462319374084 -1.1092113256454468 4.457165241241455 126 110 129
0.5949258804321289 0.7341095805168152 4.329634189605713 82 64 87
0.6071743369102478 -0.07472220808267593 4.386687278747559 97 67 78
0.6108486652374268 -0.9403970241546631 4.443273544311523 77 61 90
0.6096460819244385 -1.0784776210784912 4.448636531829834 135 114 137
0.6053170561790466 0.4263702630996704 4.345619201660156 135 114 131
0.6088424324989319 -0.6862757205963135 4.418827533721924 58 42 56
0.6167463064193726 -0.19919852912425995 4.387394428253174 63 44 59
0.6193137764930725 -0.4249389171600342 4.399911880493164 60 35 55
0.6259486079216003 -0.9610576033592224 4.431168079376221 43 33 47
0.6259486079216003 -0.9610576033592224 4.431168079376221 43 33 47
0.6269301772117615 0.08932873606681824 4.362231731414795 74 56 75
0.6242716908454895 -0.6838667988777161 4.410226345062256 71 50 69
0.6131412982940674 0.5970621109008789 4.321795463562012 80 56 69
0.6187929511070251 0.39429306983947754 4.336740970611572 124 97 112
0.629682719707489 -1.0992759466171265 4.4366302490234375 75 53 78
0.6152451634407043 0.7435967922210693 4.311119556427002 105 100 125
0.6189156770706177 0.28582507371902466 4.342077255249023 124 108 126
0.6208306550979614 0.47880950570106506 4.330222129821777 127 117 134
0.6207382082939148 0.09893413633108139 4.35468864440918 152 128 147
0.6264355778694153 -0.9728479385375977 4.42279052734375 126 102 121
0.6241745948791504 -0.02104758843779564 4.359282970428467 112 98 115
0.6213063597679138 0.4541495442390442 4.325251579284668 64 44 60
0.6280085444450378 -0.027521366253495216 4.356873035430908 52 36 54
0.6303483247756958 0.5069785714149475 4.322158336639404 68 56 79
0.6222535371780396 0.5977163910865784 4.311474800109863 86 69 87
0.6352937817573547 -0.1830943524837494 4.366552829742432 139 122 141
0.6239758133888245 0.44249221682548523 4.316680908203125 128 110 126
0.63957279920578 0.07727061957120895 4.338981628417969 56 41 49
0.6336238384246826 0.16421210765838623 4.329789638519287 86 70 90
0.5692682862281799 0.8380500078201294 4.258004665374756 76 61 83
0.6255466938018799 0.7592386603355408 4.286750793457031 150 127 145
0.6505191922187805 -1.1022286415100098 4.414089679718018 59 40 58
0.6378923058509827 0.29204973578453064 4.3182759284973145 134 111 128
0.6406517624855042 0.28434687852859497 4.319748878479004 131 113 129
0.6480437517166138 -0.9687766432762146 4.403229236602783 65 49 72
0.639421284198761 0.06680720299482346 4.328141689300537 122 98 114
0.652313768863678 -0.9934487342834473 4.396455764770508 95 71 92
0.652313768863678 -0.9934487342834473 4.396455764770508 95 71 92
0.6588916182518005 -0.6882630586624146 4.377988338470459 59 45 61
0.6477289199829102 0.1641329973936081 4.316802978515625 84 61 81
0.6626032590866089 -0.9690718650817871 4.395761489868164 62 47 70
0.6262394189834595 0.4971483051776886 4.284190654754639 70 59 67
0.648659884929657 0.7562227845191956 4.2768354415893555 140 122 149
0.6540731191635132 -0.04532567784190178 4.330033779144287 74 53 66
0.6566430330276489 0.7390678524971008 4.279091835021973 74 62 75
0.6529216170310974 0.5786769390106201 4.28577995300293 80 63 77
0.6529216170310974 0.5786769390106201 4.28577995300293 80 63 77
0.6669586300849915 -0.9601436257362366 4.390388488769531 133 120 144
0.6676849126815796 -0.6476395726203918 4.366238117218018 88 61 79
0.6676849126815796 -0.6476395726203918 4.366238117218018 88 61 79
0.6674154996871948 -0.6230232119560242 4.364480495452881 94 68 81
0.6674154996871948 -0.6230232119560242 4.364480495452881 94 68 81
0.668906033039093 -0.5570583939552307 4.3596062660217285 76 54 69
0.6658810973167419 0.2807154059410095 4.303653240203857 135 121 139
0.6668385863304138 -0.197980597615242 4.333188056945801 77 50 57
0.6742576956748962 -0.5666865110397339 4.359737873077393 141 128 145
0.6629469394683838 0.12486139684915543 4.303492546081543 141 120 137
0.5943880081176758 0.8435307741165161 4.2284626960754395 77 68 83
0.6732065081596375 -0.42792263627052307 4.341353893280029 71 50 63
0.6646012663841248 0.32353878021240234 4.285979270935059 93 67 74
0.6613994240760803 0.7142528295516968 4.258090972900391 116 97 120
0.6735233068466187 0.25463786721229553 4.289454936981201 92 66 73
0.667401909828186 0.42891940474510193 4.275149822235107 95 67 81
0.6864168047904968 -0.41449636220932007 4.333041667938232 128 104 126
0.67851722240448 -0.05328693985939026 4.306485176086426 90 65 76
0.6744735836982727 0.08226817846298218 4.295243740081787 129 111 131
0.6668441295623779 0.6987206339836121 4.252410411834717 88 70 91
0.6668441295623779 0.6987206339836121 4.252410411834717 88 70 91
0.6884825825691223 -0.9720621705055237 4.366766929626465 52 36 62
0.6833490133285522 -0.5945693254470825 4.339715480804443 93 61 83
0.6897643208503723 -0.5577417612075806 4.333000659942627 73 50 70
0.6907662749290466 -0.4292934238910675 4.3248820304870605 55 39 44
0.6823875904083252 0.751496434211731 4.244696617126465 136 115 127
0.6996108889579773 -0.5841232538223267 4.329219818115234 91 61 76
0.6996108889579773 -0.5841232538223267 4.329219818115234 91 61 76
0.6862791776657104 0.4260016083717346 4.258378982543945 94 68 78
0.6926782131195068 -0.05833449587225914 4.289340019226074 92 69 80
0.6926782131195068 -0.05833449587225914 4.289340019226074 92 69 80
0.7007559537887573 0.28157156705856323 4.268579483032227 130 113 132
0.6910567283630371 -0.30987629294395447 4.300939559936523 123 103 130
0.6958155632019043 0.5169082880020142 4.2490386962890625 96 72 86
0.695548951625824 -0.42036038637161255 4.305466651916504 126 112 129
0.7026302814483643 0.4944806396961212 4.249685287475586 65 51 66
0.7036095261573792 -0.6775856614112854 4.324575901031494 101 75 96
0.7016823887825012 0.5905696749687195 4.241143226623535 73 53 62
0.7016823887825012 0.5905696749687195 4.241143226623535 73 53 62
0.6964702606201172 0.09177898615598679 4.269878387451172 93 66 79
0.6951329112052917 0.5056456327438354 4.242285251617432 132 121 137
0.6911335587501526 0.7468836903572083 4.224586009979248 126 109 124
0.7051858305931091 -1.0584254264831543 4.3421311378479 137 113 128
0.7073330283164978 0.08135084062814713 4.2679057121276855 142 122 137
0.7178248167037964 0.15912990272045135 4.250021457672119 102 77 98
0.7348265051841736 -0.9672010540962219 4.327978610992432 127 114 140
0.7255759835243225 -0.42248645424842834 4.28725528717041 129 110 129
0.7140558958053589 0.2514844238758087 4.237939357757568 140 113 128
0.7363332509994507 -1.1166678667068481 4.330761432647705 64 47 63
0.7344667315483093 -0.16867680847644806 4.269811153411865 130 108 124
0.7280113697052002 -0.07575307786464691 4.257526397705078 143 129 148
0.7318929433822632 -0.5629401206970215 4.288069248199463 92 65 85
0.7299357056617737 -0.14495350420475006 4.258581161499023 141 124 143
0.7340675592422485 -0.4342101812362671 4.276743412017822 65 52 66
0.746225118637085 -0.9422359466552734 4.3072028160095215 69 53 79
0.746225118637085 -0.9422359466552734 4.3072028160095215 69 53 79
0.7429646849632263 -0.15960285067558289 4.251086711883545 84 65 85
0.7431291341781616 -0.7031521797180176 4.285337448120117 81 69 88
0.7418742775917053 -0.08289128541946411 4.242809295654297 129 115 134
0.7390693426132202 0.2712323069572449 4.211303234100342 145 127 138
0.7615594863891602 -0.06277404725551605 4.233187675476074 74 57 72
0.7611185908317566 -0.8486040234565735 4.282479286193848 127 105 125
0.7557381391525269 0.09639929234981537 4.215914249420166 83 60 82
0.7557381391525269 0.09639929234981537 4.215914249420166 83 60 82
0.7686945796012878 -0.9813384413719177 4.2888922691345215 68 52 68
0.7601215839385986 -0.8626328706741333 4.277942180633545 98 74 100
0.7512458562850952 0.5765460729598999 4.180644989013672 133 108 120
0.7455634474754333 0.7052417397499084 4.169593811035156 147 129 149
-0.2101103663444519 0.932200014591217 3.7863264083862305 121 134 151
0.7783499956130981 -1.1194264888763428 4.290010929107666 77 64 92
0.7646235227584839 0.07501097023487091 4.207497596740723 140 123 142
0.7618795037269592 0.5841013789176941 4.171485424041748 89 69 79
0.770480215549469 0.15565858781337738 4.20156717300415 60 42 64
0.7641682028770447 0.05143039673566818 4.205621242523193 93 71 92
0.7603783011436462 0.7667221426963806 4.156259059906006 86 62 80
0.7737939357757568 -0.06245691329240799 4.212615489959717 70 55 65
0.7753469347953796 0.23801952600479126 4.18228816986084 155 124 140
0.7675742506980896 0.48451656103134155 4.163623332977295 66 45 62
0.777251660823822 0.1231832355260849 4.187856197357178 109 83 98
0.7670843601226807 0.731965184211731 4.138306617736816 111 108 126
0.7863306999206543 0.727518618106842 4.1363420486450195 71 52 69
0.8079204559326172 -1.1198989152908325 4.254354476928711 84 63 88
0.8043966889381409 0.7234030961990356 4.122075080871582 57 37 54
0.8043966889381409 0.7234030961990356 4.122075080871582 57 37 54
0.8068795204162598 0.5790451765060425 4.126849174499512 67 49 64
0.8068795204162598 0.5790451765060425 4.126849174499512 67 49 64
0.8202059268951416 -0.35501381754875183 4.181807518005371 138 114 132
0.817414402961731 0.7296190857887268 4.1107659339904785 123 119 146
0.8200933933258057 0.6970654129981995 4.100843906402588 130 112 130
0.8298013210296631 0.06874050199985504 4.141536235809326 140 118 138
0.829130232334137 0.7087365388870239 4.093334674835205 84 58 75
0.7641158699989319 0.8375977873802185 4.05490779876709 115 101 111
0.837902307510376 0.4199933111667633 4.1066131591796875 101 72 90
0.8421817421913147 0.03497529774904251 4.131316184997559 141 118 136
0.7704206705093384 0.8562843799591064 4.048938751220703 119 106 124
0.8583846092224121 -0.8670763969421387 4.187178134918213 100 76 101
0.8525687456130981 0.4913237690925598 4.086061954498291 143 120 132
0.8555066585540771 0.5802232623100281 4.077675819396973 132 109 119
0.782699704170227 0.9020301699638367 4.028989315032959 158 179 244
0.8704196810722351 -0.25573158264160156 4.1290788650512695 96 68 83
0.8586270809173584 0.5422067046165466 4.071542739868164 102 70 79
0.7895409464836121 0.8338205814361572 4.0273637771606445 95 84 106
0.8811049461364746 0.49727773666381836 4.054261684417725 93 67 76
0.8811049461364746 0.49727773666381836 4.054261684417725 93 67 76
0.8201929330825806 0.9005172252655029 3.9847609996795654 20 22 39
0.8510192036628723 0.8719948530197144 3.960719347000122 168 187 255
0.8852161765098572 0.7846918702125549 3.9774162769317627 139 129 148
0.8524296879768372 0.8368496894836426 3.9600796699523926 171 196 255
0.8646668791770935 0.8125748634338379 3.958087682723999 140 129 143
0.8736130595207214 0.912344753742218 3.934998035430908 13 17 34
0.882102906703949 0.9179573655128479 3.923809766769409 93 88 95
-1.2386178970336914 0.9737679362297058 5.209890842437744 82 55 66
-0.6270328760147095 0.5363569855690002 4.557393550872803 26 49 76
0.5733725428581238 0.5179939866065979 4.390937328338623 74 54 66
0.5673851370811462 -0.8222707509994507 4.475696086883545 85 64 87
0.5946403741836548 -0.9214175939559937 4.456452369689941 96 70 92
0.7032797932624817 0.05097254365682602 4.2776198387146 155 133 151
0.8913142681121826 0.4968600571155548 4.066807270050049 126 109 127
-0.9726634621620178 0.7925229668617249 3.679373264312744 132 146 161
0.761324405670166 -1.2362831830978394 4.289367198944092 90 71 98
0.7859724760055542 -0.06569360941648483 4.199760913848877 78 61 82
0.44299182295799255 0.298696368932724 4.53554630279541 144 133 155
0.4624740779399872 -0.30210235714912415 4.558132648468018 85 63 83
0.5692475438117981 -1.1474323272705078 4.4779887199401855 92 70 97
0.6400036811828613 -0.5588271021842957 4.376262187957764 82 60 78
0.6812797784805298 0.27821990847587585 4.295542240142822 71 48 68
0.7260541915893555 -0.5659962296485901 4.287130355834961 100 73 96
-0.867764413356781 0.379167765378952 6.937408924102783 112 97 114
-0.817892849445343 0.3609377145767212 6.797738075256348 109 99 123
-0.788658857345581 0.21657533943653107 6.703785419464111 135 109 133
-0.587900698184967 0.4630691111087799 5.449914455413818 81 46 63
-0.5530638694763184 0.44587406516075134 5.389750957489014 86 48 63
-0.47855669260025024 0.19571936130523682 5.253206729888916 148 133 107
-0.21577750146389008 0.19373221695423126 5.077959060668945 62 27 33
-0.30935579538345337 0.4284157454967499 4.96556282043457 74 38 54
-0.07032383233308792 -0.3169413208961487 5.009742736816406 132 90 106
0.3330895006656647 -0.5286466479301453 4.7313385009765625 84 64 82
0.42617425322532654 -0.523807942867279 4.6182637214660645 96 72 98
0.45963823795318604 -0.6873010993003845 4.582767486572266 90 63 80
0.4932858943939209 0.7804985046386719 4.440054893493652 131 110 128
0.5213288068771362 -0.955324113368988 4.528693675994873 91 66 96
0.5213288068771362 -0.955324113368988 4.528693675994873 91 66 96
0.5602103471755981 0.6082460284233093 4.38666296005249 68 50 65
0.6074192523956299 -1.2173699140548706 4.4485979080200195 75 61 84
0.6261701583862305 0.5154770016670227 4.3174285888671875 147 131 154
0.6676210165023804 0.2661089301109314 4.296859264373779 132 111 124
0.7301642894744873 -0.7043691277503967 4.281777858734131 78 66 93
0.7320579290390015 0.7087099552154541 4.185322284698486 152 130 148
0.7675446271896362 0.7363113164901733 4.1583733558654785 66 57 69
-1.0818277597427368 0.6523958444595337 7.149231433868408 138 125 145
-1.075689673423767 0.41058242321014404 7.141223430633545 81 73 91
-1.0681036710739136 0.8482910394668579 7.097696781158447 130 120 144
-1.059938669204712 0.8490034341812134 7.065255165100098 69 59 81
-1.0504201650619507 0.8454840779304504 7.048742294311523 124 111 132
-1.0406944751739502 0.13593058288097382 7.07194185256958 75 63 81
-1.0080174207687378 0.6265376210212708 6.9475226402282715 129 118 143
-1.0015054941177368 0.5611228942871094 6.927609443664551 13 20 30
-0.9936267733573914 0.02659587934613228 6.974577903747559 64 52 71
-0.9864636063575745 0.6628152132034302 6.908193588256836 129 118 142
-0.9954361915588379 0.025256652384996414 6.947586536407471 62 49 64
-0.9820205569267273 0.4491511881351471 6.895679950714111 171 189 255
-0.9831758141517639 -0.022503532469272614 6.935152053833008 119 106 130
-0.9720380306243896 0.3942553699016571 6.869928359985352 115 103 123
-1.2079511880874634 -0.328513503074646 6.628351211547852 130 110 133
-0.9416775703430176 0.27736926078796387 6.823884963989258 70 57 73
-0.924901008605957 0.15140119194984436 6.782323360443115 77 63 82
-0.9204433560371399 0.39728355407714844 6.757401466369629 116 102 119
-0.9191875457763672 0.11400474607944489 6.772840976715088 60 47 62
-0.9107110500335693 0.7042257785797119 6.715672016143799 49 43 57
-0.9107110500335693 0.7042257785797119 6.715672016143799 49 43 57
-0.8795762062072754 0.8054370880126953 6.657215595245361 54 39 52
-0.8863727450370789 0.42586392164230347 6.679773330688477 34 25 36
-0.8722482323646545 0.26777976751327515 6.680178642272949 55 42 51
-0.8230839371681213 0.027407033368945122 6.552244663238525 124 97 111
-1.0074132680892944 0.6276596784591675 6.130997657775879 133 85 102
-0.9971243143081665 0.5232815742492676 6.118643760681152 42 32 38
-0.9982842803001404 0.9029524922370911 6.059492588043213 45 27 32
-0.9697045683860779 0.6133577227592468 6.054137229919434 57 32 35
-0.9697045683860779 0.6133577227592468 6.054137229919434 57 32 35
-0.9682759046554565 0.5557467341423035 6.058978080749512 127 77 88
-0.8054637908935547 0.29241687059402466 6.095671653747559 144 98 118
-0.8207171559333801 0.35527893900871277 6.06318998336792 152 104 121
-0.8565099239349365 0.4967227280139923 5.84421968460083 84 60 64
-0.83525151014328 0.5353655815124512 5.798838138580322 142 90 107
-0.6479037404060364 0.17807377874851227 5.9232072830200195 59 32 41
-0.6053724884986877 0.25774702429771423 5.840379238128662 56 30 36
-0.768410861492157 0.4865052402019501 5.677858352661133 77 43 57
3.732332229614258 0.00900143850594759 8.791838645935059 91 43 55
-0.07098862528800964 0.6005654335021973 5.952445983886719 85 43 61
0.8109919428825378 -0.1393054872751236 6.408958911895752 59 35 46
0.8056274056434631 -0.24245356023311615 6.375232219696045 111 85 112
-0.6244503855705261 0.4664038419723511 5.4284987449646 81 46 63
-0.49919983744621277 0.11576040834188461 5.4858174324035645 55 25 33
-0.5970742702484131 0.5287109613418579 5.37428617477417 87 47 65
-1.3354614973068237 0.5789040923118591 4.929714202880859 114 63 73
-0.4557667672634125 -0.2500334084033966 5.499011993408203 118 74 90
-0.5699909329414368 0.5768200755119324 5.230948448181152 149 116 130
-0.47546517848968506 0.20995111763477325 5.304789066314697 93 77 61
-0.47546517848968506 0.20995111763477325 5.304789066314697 93 77 61
-1.459280014038086 0.5483071208000183 4.721613883972168 114 62 74
-1.2290459871292114 0.7551330327987671 4.817972183227539 86 48 69
-0.314721941947937 0.24355915188789368 5.168801784515381 79 34 40
-0.31706780195236206 0.24294374883174896 5.166057109832764 79 34 40
-0.2785438001155853 -0.0710001289844513 5.150888919830322 67 38 48
-0.2534087598323822 0.04288755729794502 5.105202674865723 66 33 41
-0.22817447781562805 0.0868355855345726 5.071562767028809 58 25 34
-1.1331994533538818 0.915538489818573 4.568565368652344 85 53 64
-0.3249022364616394 0.42895230650901794 4.958877086639404 74 38 54
-0.08549097925424576 -0.0417637936770916 5.027543544769287 92 50 66
-0.07264168560504913 -0.13332468271255493 5.015657424926758 64 34 43
-1.085515022277832 0.8697599768638611 4.492999076843262 116 82 100
-0.23805977404117584 0.5068421363830566 4.8344550132751465 71 39 46
-0.08054783940315247 0.08723016083240509 4.927751064300537 87 36 44
-0.22694647312164307 0.4772794544696808 4.818704605102539 97 64 80
-1.044182300567627 0.9848670959472656 4.423909664154053 69 55 71
0.1232399195432663 -0.9052479863166809 5.007384300231934 125 114 130
0.15294337272644043 -0.9132572412490845 4.980079174041748 143 123 149
0.15231800079345703 -0.9128081202507019 4.97945499420166 143 123 149
10.558475494384766 -2.016896963119507 8.916803359985352 74 54 75
-1.0143804550170898 0.8599377870559692 4.38447904586792 127 90 110
-0.959842324256897 0.7481114268302917 4.397061347961426 76 45 60
0.22098954021930695 -1.0562602281570435 4.900835037231445 95 68 91
0.23121321201324463 -0.6437143087387085 4.860385417938232 97 68 85
0.08947896957397461 -0.20850306749343872 4.72958517074585 157 127 151
-0.6313539147377014 0.4543069899082184 4.4277520179748535 67 37 47
0.272202730178833 -0.6207320094108582 4.802837371826172 104 75 94
0.32281723618507385 -0.27993401885032654 4.73464822769165 144 126 154
0.33564770221710205 -1.0959584712982178 4.7655205726623535 96 75 88
0.38293200731277466 -1.0031548738479614 4.709560394287109 145 127 151
0.39429914951324463 -0.2872216999530792 4.648674011230469 64 46 61
0.3990614116191864 -0.8852160573005676 4.673226833343506 89 66 82
0.4179982841014862 -0.5208685994148254 4.615633964538574 96 72 98
0.43105238676071167 -0.01772276684641838 4.575658798217773 129 114 134
0.43338316679000854 0.3383721113204956 4.549953937530518 91 66 84
0.447722852230072 0.30520495772361755 4.534570693969727 104 77 101
0.4765576422214508 -0.7860297560691833 4.579063892364502 144 125 144
0.47620970010757446 -0.09730106592178345 4.530811309814453 141 121 138
0.49838289618492126 -0.3311690092086792 4.5363006591796875 133 109 131
0.5090282559394836 0.2832471430301666 4.478863716125488 45 34 44
0.5106467008590698 -0.5430734753608704 4.529051303863525 124 111 130
0.5160582065582275 -0.2999681234359741 4.5022969245910645 98 69 91
0.5160582065582275 -0.2999681234359741 4.5022969245910645 98 69 91
0.5257627964019775 -0.5506247282028198 4.513946533203125 85 60 76
0.5368210077285767 0.37673503160476685 4.442594528198242 43 86 195
0.5340856313705444 0.6126433610916138 4.4201788902282715 90 70 93
0.543413519859314 -0.5519909858703613 4.491168975830078 80 65 79
0.5416247844696045 0.732763409614563 4.402320384979248 71 50 67
0.5573099851608276 0.4021359980106354 4.417357921600342 85 58 65
0.5507795810699463 -0.7844865322113037 4.491896629333496 130 113 132
0.5683903098106384 0.746513307094574 4.377384185791016 131 119 142
0.5678077340126038 -0.024814795702695847 4.429198265075684 84 60 84
0.582344651222229 0.566487729549408 4.368589401245117 114 85 105
0.5877312421798706 0.09367990493774414 4.397622108459473 142 118 140
0.6076268553733826 0.41315457224845886 4.363903522491455 99 79 104
0.6041814088821411 0.10390998423099518 4.379917144775391 72 50 70
0.6083561778068542 -0.5855511426925659 4.42331600189209 108 78 94
0.6033441424369812 -0.9939772486686707 4.443823337554932 142 125 144
0.6115482449531555 0.1572500765323639 4.362803936004639 143 126 142
0.613218367099762 0.102135568857193 4.3650712966918945 147 126 146
0.6205227971076965 -0.9446662068367004 4.429681777954102 134 120 140
0.653851330280304 0.7277406454086304 4.2848920822143555 129 114 135
0.6778550744056702 0.39995628595352173 4.290731906890869 77 52 66
0.6668856739997864 -0.9690704345703125 4.380973815917969 88 66 96
0.6668856739997864 -0.9690704345703125 4.380973815917969 88 66 96
0.681007981300354 -0.0517963208258152 4.308081150054932 100 73 84
0.6810203790664673 0.16544634103775024 4.290328025817871 111 87 108
0.6873376369476318 0.075297050178051 4.291320323944092 77 54 73
0.6936156749725342 -0.5929827094078064 4.327765464782715 141 126 149
0.7150620222091675 0.2697250247001648 4.252827167510986 77 57 66
0.7337080836296082 -0.10884283483028412 4.258597373962402 146 125 140
0.7366774082183838 0.05257885158061981 4.238601207733154 144 122 141
0.7559049725532532 0.738105833530426 4.1840500831604 54 42 58
0.7459306120872498 0.4776231050491333 4.197122097015381 146 128 147
0.7757216691970825 0.3885268270969391 4.1776957511901855 147 124 137
0.8389410376548767 0.7264648079872131 4.092007637023926 68 51 70
0.7747092843055725 0.9226036071777344 4.053865909576416 115 97 109
0.8488879799842834 0.7711319327354431 4.068699836730957 86 79 105
0.8621736168861389 0.7777429819107056 4.0393757820129395 140 136 154
0.8618109226226807 0.7780229449272156 4.039174556732178 140 136 154
1.0711407661437988 -0.45953792333602905 4.143979549407959 156 168 202
0.8280801773071289 0.9043777585029602 3.9891679286956787 16 25 44
-1.0931828022003174 0.8709784150123596 7.126253604888916 53 47 61
-1.0894609689712524 0.6499406099319458 7.122750282287598 137 123 153
-1.086081624031067 0.5108366012573242 7.132928848266602 80 67 90
-1.08547043800354 0.4219885468482971 7.1329193115234375 135 123 143
-1.0859354734420776 0.6507983207702637 7.094696998596191 131 121 147
-1.079315185546875 -0.03780712932348251 7.144193649291992 121 111 136
-1.0779894590377808 -0.044767096638679504 7.145473480224609 77 62 91
-1.0696924924850464 -0.16420722007751465 7.147531986236572 60 52 64
-1.0691018104553223 -0.05606776103377342 7.13360071182251 118 112 141
-1.0705896615982056 -0.16149963438510895 7.134242057800293 76 66 84
-1.0705896615982056 -0.16149963438510895 7.134242057800293 76 66 84
-1.0624308586120605 -0.16701920330524445 7.117702960968018 63 50 65
-1.0608662366867065 -0.15802305936813354 7.106912612915039 125 110 136
-1.0692503452301025 1.0854243040084839 6.98438024520874 127 119 135
-1.0430232286453247 0.6543712615966797 7.010009288787842 87 76 100
-1.0395718812942505 0.9877673983573914 6.973152160644531 112 109 128
-1.0421618223190308 1.070160150527954 6.948058605194092 75 72 86
-1.0246857404708862 0.3930014669895172 6.990971088409424 68 56 76
-1.0243613719940186 0.29927858710289 6.998959064483643 128 112 130
-1.0302846431732178 -0.1539648473262787 7.02858304977417 97 81 108
-1.016283631324768 0.12612320482730865 6.977548122406006 79 66 88
-1.0197467803955078 0.49160024523735046 6.937232971191406 72 66 100
-1.0220881700515747 -0.32022637128829956 6.998887062072754 127 114 136
-1.0181242227554321 -0.24982775747776031 6.9897050857543945 73 62 92
-1.0107311010360718 -0.29835793375968933 6.986791610717773 125 101 127
-1.0139071941375732 -0.29750362038612366 6.98172664642334 127 104 131
-1.005394458770752 0.49540406465530396 6.910549163818359 20 30 47
-1.005394458770752 0.49540406465530396 6.910549163818359 20 30 47
-0.9943779706954956 0.5357502102851868 6.875830173492432 164 181 251
-0.9943779706954956 0.5357502102851868 6.875830173492432 164 181 251
-0.9866272211074829 -0.03876360133290291 6.912156105041504 48 38 50
-0.9866272211074829 -0.03876360133290291 6.912156105041504 48 38 50
-0.9889405369758606 0.42010068893432617 6.867076396942139 103 87 116
-0.984682023525238 0.49135300517082214 6.853795528411865 22 31 51
-0.984682023525238 0.49135300517082214 6.853795528411865 22 31 51
-0.9935640692710876 -0.3283701241016388 6.912810325622559 119 103 129
-0.9902814030647278 -0.4250350892543793 6.914499282836914 121 112 137
-0.9773195385932922 0.4686340391635895 6.850052833557129 21 32 58
-0.9695189595222473 0.12164024263620377 6.882334232330322 69 57 73
-0.9729811549186707 0.5611868500709534 6.837798118591309 20 28 41
-0.9723188281059265 -0.044240083545446396 6.87781286239624 75 54 77
-0.9723188281059265 -0.044240083545446396 6.87781286239624 75 54 77
-0.9768363833427429 -0.42290040850639343 6.900442123413086 125 109 135
-0.9610216021537781 0.959652841091156 6.797686576843262 55 48 58
-0.9716648459434509 -0.30197376012802124 6.889490604400635 127 103 127
-0.9620218873023987 0.3956077992916107 6.838461875915527 112 97 114
-0.9650048017501831 0.13436201214790344 6.8514227867126465 136 120 139
-0.9645966291427612 -0.4345816969871521 6.870695114135742 48 42 60
-1.001896858215332 1.163808822631836 6.682837009429932 37 29 31
-0.9443972706794739 0.47906237840652466 6.794337749481201 111 103 124
-0.9463687539100647 0.47270169854164124 6.789312839508057 58 45 63
-0.9437364339828491 0.9605947136878967 6.749549388885498 54 44 53
-0.9431518316268921 0.2757955491542816 6.808302879333496 67 52 72
-0.9490491151809692 -0.42603600025177 6.848410606384277 136 124 148
-0.9411411881446838 0.11450416594743729 6.806334972381592 69 53 66
-0.9417448043823242 0.3703133761882782 6.773401260375977 62 47 55
-0.9389512538909912 -0.43422701954841614 6.8295769691467285 64 51 73
-0.9304056763648987 0.9745872020721436 6.701001167297363 116 100 119
-0.9308754801750183 0.16567637026309967 6.767955303192139 120 107 131
-0.9290826320648193 0.7053490877151489 6.722746849060059 114 96 112
-0.9290826320648193 0.7053490877151489 6.722746849060059 114 96 112
-0.9330870509147644 0.3691338002681732 6.747056007385254 60 47 57
-0.9264814257621765 -0.057325948029756546 6.7822794914245605 43 34 49
-0.9264814257621765 -0.057325948029756546 6.7822794914245605 43 34 49
-0.9249563217163086 0.018804384395480156 6.775303363800049 131 117 142
-0.921453595161438 0.2718261480331421 6.756639003753662 90 77 102
-0.921453595161438 0.2718261480331421 6.756639003753662 90 77 102
-0.9223517179489136 0.3781508803367615 6.745166301727295 105 97 119
-0.9221646785736084 0.24115559458732605 6.745580673217773 67 58 72
-0.9221646785736084 0.24115559458732605 6.745580673217773 67 58 72
-0.9305219650268555 -0.4196997284889221 6.786466598510742 130 117 137
-0.9161211252212524 0.17536339163780212 6.7501912117004395 55 42 54
-0.9198414087295532 0.37890562415122986 6.723241329193115 105 97 120
-0.9604634642601013 1.1152470111846924 6.607969284057617 35 36 41
-0.909672737121582 0.46735939383506775 6.7139153480529785 105 96 113
-0.9061342477798462 0.7067508101463318 6.6902947425842285 46 40 52
-0.9192116260528564 -0.30870679020881653 6.758475303649902 138 114 139
-0.9112545847892761 0.3977888226509094 6.699752330780029 106 97 116
-0.9107227325439453 -0.0354677252471447 6.734182357788086 135 114 135
-0.9025036692619324 0.7049862742424011 6.667867183685303 52 41 55
-0.9087361097335815 -0.3116835057735443 6.74122428894043 124 110 137
-0.89580899477005 0.4591691493988037 6.687251567840576 52 39 56
-0.9008792638778687 0.36288437247276306 6.685317039489746 56 41 55
-0.8942550420761108 0.4749552011489868 6.676141262054443 114 107 130
-0.9020593762397766 -0.4461638927459717 6.738666534423828 61 49 64
-0.8942045569419861 -0.05316474288702011 6.696596622467041 50 40 51
-0.8942045569419861 -0.05316474288702011 6.696596622467041 50 40 51
-0.9313333034515381 1.1031414270401 6.559687614440918 42 40 53
-0.885768473148346 0.6978328824043274 6.638649940490723 58 46 60
-0.8875595331192017 0.3716307580471039 6.662187099456787 106 94 117
-0.8899967074394226 0.3652969002723694 6.653502464294434 114 102 122
-0.8853492736816406 0.9053781628608704 6.611318588256836 61 44 55
-0.8897621035575867 -0.19530999660491943 6.698732852935791 62 49 71
-0.8824508786201477 0.17372411489486694 6.652947425842285 71 53 70
-0.8817481994628906 -0.31286290287971497 6.686961650848389 131 111 133
-0.8786038160324097 0.21157878637313843 6.6436262130737305 89 65 76
-0.880174994468689 -0.1965537667274475 6.673978328704834 66 50 74
-0.8740004301071167 0.26431968808174133 6.635310649871826 46 39 42
-0.8640854358673096 0.6904886960983276 6.583374500274658 56 44 54
-0.8590165376663208 0.35246914625167847 6.609602451324463 72 57 77
-0.868757963180542 0.21110542118549347 6.60811185836792 115 98 116
-0.868757963180542 0.21110542118549347 6.60811185836792 115 98 116
-0.8636769652366638 -0.19747646152973175 6.644405364990234 63 50 70
-0.8635188937187195 -0.31979992985725403 6.65310525894165 134 115 134
-0.8626978397369385 0.598459780216217 6.573448181152344 57 43 61
-0.8610702157020569 -0.049703821539878845 6.617924690246582 132 108 130
-0.8609070777893066 0.2420196235179901 6.590164661407471 120 101 113
-0.8603418469429016 0.7256414890289307 6.54922342300415 57 44 60
-0.8418666124343872 0.7967494130134583 6.548530101776123 39 31 38
-0.8509894609451294 -0.1970505565404892 6.62187385559082 61 45 59
-0.8483926057815552 -0.0017938510281965137 6.604960918426514 69 53 64
-0.8530276417732239 -0.37821197509765625 6.629371166229248 74 58 80
-0.8460665345191956 0.17147526144981384 6.5888166427612305 113 101 127
-0.8867705464363098 1.0707738399505615 6.47059965133667 115 99 112
-0.8547389507293701 -0.5081486105918884 6.628294467926025 143 117 130
-0.8472622632980347 1.0279299020767212 6.50027322769165 46 46 58
-0.8364344239234924 0.6900176405906677 6.535182952880859 30 26 31
-0.8364344239234924 0.6900176405906677 6.535182952880859 30 26 31
-0.8426308631896973 0.2648008465766907 6.5516815185546875 75 59 77
-0.840347409248352 -0.4376392364501953 6.608678340911865 49 35 49
-0.8424625992774963 0.009796911850571632 6.568095684051514 117 105 126
-0.8378261923789978 0.2771851122379303 6.549864292144775 123 100 118
-0.8422966003417969 0.0159233957529068 6.566432476043701 68 55 78
-0.8416179418563843 0.043251313269138336 6.561429977416992 65 51 64
-0.8392771482467651 1.022539496421814 6.481436729431152 36 41 47
-0.8333043456077576 0.453725665807724 6.529513359069824 55 39 50
-0.8370077013969421 0.7889667749404907 6.497923374176025 44 31 39
-0.8391559720039368 0.10087770968675613 6.546774864196777 114 98 126
-0.8350248336791992 -0.09137386828660965 6.561502456665039 118 106 123
-0.8272309899330139 0.5903346538543701 6.511931419372559 49 44 55
-0.8272309899330139 0.5903346538543701 6.511931419372559 49 44 55
-0.8329607844352722 0.021457863971590996 6.5429487228393555 124 97 111
-0.8283342719078064 -0.19257140159606934 6.563647270202637 49 40 51
-0.8212262392044067 0.23392941057682037 6.525172710418701 46 35 43
-0.8246584534645081 0.5047585368156433 6.495022296905518 102 92 107
-0.8250076174736023 -0.3290323317050934 6.561922073364258 140 118 131
-0.8243036270141602 0.5217772722244263 6.4916253089904785 46 34 37
-0.8243095874786377 0.0020430004224181175 6.533535957336426 65 47 57
-0.8144416213035583 0.4690729081630707 6.5039520263671875 39 32 45
-0.8199916481971741 -0.19945095479488373 6.549201965332031 55 40 56
-0.8246181607246399 -0.4374859929084778 6.563761234283447 138 127 148
-0.8161872625350952 -0.18379245698451996 6.549278736114502 133 116 132
-0.8237313032150269 0.2299606204032898 6.505336761474609 49 39 41
-0.8188979625701904 0.41179320216178894 6.494509220123291 38 29 43
-0.8105079531669617 0.5865983366966248 6.486996173858643 33 25 32
-0.8150131106376648 0.4809398949146271 6.482990741729736 108 94 111
-0.8150131106376648 0.4809398949146271 6.482990741729736 108 94 111
-0.8175339102745056 -0.20134910941123962 6.533997535705566 61 42 58
-0.8167257905006409 0.22203952074050903 6.488471508026123 48 36 48
-0.8092175722122192 0.5728747844696045 6.464726448059082 106 85 91
-0.8046145439147949 0.23237307369709015 6.47913932800293 126 90 100
-0.8051130175590515 0.40958675742149353 6.464003086090088 41 30 38
-0.8019420504570007 -0.33247995376586914 6.514920234680176 58 42 61
-0.7999329566955566 0.202314093708992 6.450984001159668 119 90 106
-0.7974947094917297 -0.08167272806167603 6.467899799346924 137 114 127
-0.7894667983055115 0.23482102155685425 6.429339408874512 117 93 107
-0.7894667983055115 0.23482102155685425 6.429339408874512 117 93 107
-0.7702955603599548 0.0767349898815155 6.42488431930542 111 99 115
-0.7730413675308228 -0.5127593874931335 6.453660488128662 64 50 68
-0.7722797393798828 -0.5777244567871094 6.4591803550720215 40 36 45
-0.7662558555603027 -0.4524920880794525 6.432215213775635 57 45 58
-0.7613315582275391 -0.3176359534263611 6.41730260848999 136 115 134
-0.7566121220588684 -0.32905417680740356 6.401451110839844 91 61 73
-0.7531457543373108 -0.45277175307273865 6.406268119812012 60 48 66
-0.7529600262641907 -0.5825777053833008 6.4117584228515625 132 107 119
-1.0118038654327393 0.5851531624794006 6.08882474899292 44 40 41
-0.7475539445877075 -0.5761865377426147 6.4098005294799805 48 28 54
-0.7454153299331665 -0.20596741139888763 6.381073951721191 79 59 76
-0.7447694540023804 -0.5081692934036255 6.397705554962158 67 50 73
-0.7470124959945679 -0.1959962546825409 6.367169380187988 141 131 157
-1.0126632452011108 0.5237382650375366 6.079740047454834 70 59 63
-0.7410451173782349 -0.4922517240047455 6.391249179840088 59 43 60
-0.7388585209846497 -0.45364901423454285 6.388338088989258 54 47 66
-0.7388585209846497 -0.45364901423454285 6.388338088989258 54 47 66
-0.9529030919075012 0.4430791437625885 6.130529880523682 162 106 123
-0.7394977807998657 -0.6796706318855286 6.393710613250732 75 59 72
-0.7394977807998657 -0.6796706318855286 6.393710613250732 75 59 72
-0.7332308888435364 -0.4607578217983246 6.378293037414551 117 111 130
-0.8988434672355652 0.3802306056022644 6.143455505371094 62 40 46
-0.9943882822990417 0.5046808123588562 6.047033786773682 48 33 41
-0.9888553619384766 0.5862732529640198 6.035913944244385 70 38 48
-0.7177895307540894 -0.6195714473724365 6.351588249206543 73 52 76
-1.0043528079986572 0.9904165267944336 5.979190826416016 51 43 51
-0.7146363854408264 -0.20220476388931274 6.3168816566467285 69 51 71
-0.7136615514755249 -0.6068769693374634 6.349651336669922 73 56 78
-0.991117000579834 0.9173908829689026 5.992711067199707 43 37 34
-0.7093484997749329 -0.6252296566963196 6.336894989013672 63 53 79
-0.7093484997749329 -0.6252296566963196 6.336894989013672 63 53 79
-0.9400668144226074 -0.02398163639008999 6.08785343170166 99 47 56
-0.6968221068382263 -0.4119795262813568 6.301036834716797 78 63 83
-0.8556976914405823 0.3364640176296234 6.10373592376709 116 84 99
-0.693401038646698 -0.42564675211906433 6.290933609008789 66 49 72
-0.9845879077911377 0.9853379726409912 5.929777145385742 59 42 47
-0.9597432017326355 0.5362685918807983 5.985538482666016 67 51 61
-0.8407562375068665 0.061995718628168106 6.1123552322387695 36 23 28
-0.8988742828369141 0.46214237809181213 6.0318379402160645 89 59 61
-0.6877936124801636 -0.44585591554641724 6.273195266723633 66 42 53
-0.687759280204773 -0.7286396026611328 6.294922828674316 65 46 57
-0.9633435606956482 0.9320433139801025 5.930907249450684 25 24 21
-0.9930224418640137 0.6547721028327942 5.917250156402588 69 46 50
-0.8429310917854309 0.3247990310192108 6.062778949737549 68 35 46
-0.9656116962432861 0.9821217656135559 5.899082660675049 56 41 48
-0.674310028553009 -0.23816868662834167 6.230197906494141 144 118 137
-0.9467227458953857 0.6313394904136658 5.940025806427002 85 60 64
-0.9459912180900574 0.5268736481666565 5.948440074920654 126 80 90
-0.9459912180900574 0.5268736481666565 5.948440074920654 126 80 90
-0.665780246257782 -0.32757315039634705 6.237205505371094 67 43 54
-0.6690813899040222 -0.5668999552726746 6.245107173919678 78 52 65
-0.6644295454025269 -0.2548177242279053 6.2233428955078125 80 55 77
-1.020290732383728 1.0967390537261963 5.82854700088501 95 105 132
-1.020290732383728 1.0967390537261963 5.82854700088501 95 105 132
-0.936892569065094 0.5117058753967285 5.935954570770264 134 88 101
-0.9386402368545532 0.5117719769477844 5.933873653411865 132 89 102
-0.9384505748748779 0.8570889234542847 5.894825458526611 54 26 30
-0.9384505748748779 0.8570889234542847 5.894825458526611 54 26 30
-0.6625317335128784 -0.7668049335479736 6.243221759796143 143 118 138
-0.6588692665100098 -0.22558802366256714 6.202438831329346 146 118 133
-0.9306454062461853 0.5091003179550171 5.9250078201293945 58 40 46
-0.6517699956893921 -0.7392669916152954 6.232962131500244 58 47 74
-0.6420900225639343 -0.4476436376571655 6.203472137451172 63 45 63
-0.6461504101753235 -0.7321839928627014 6.216541767120361 85 63 89
-0.6448988914489746 -0.6796773076057434 6.198513507843018 85 62 74
-0.9120572209358215 0.4828796088695526 5.896388530731201 133 89 106
-0.834497332572937 0.45353963971138 5.949987888336182 77 58 64
-0.9090412855148315 0.5658859014511108 5.879295349121094 70 50 56
-0.6358166337013245 -0.7520455718040466 6.191826820373535 93 65 85
-0.9157930612564087 0.5125512480735779 5.872810363769531 62 43 45
-0.6366143822669983 -0.7394447326660156 6.18958044052124 136 111 129
-0.9049462080001831 0.5419797301292419 5.872032642364502 136 86 102
-0.9020527601242065 0.600547194480896 5.863840103149414 83 46 57
-0.6206798553466797 -0.4480662941932678 6.160365104675293 56 43 58
-0.629683256149292 -0.6747077107429504 6.168817043304443 87 66 81
-0.6150209307670593 -0.7367097735404968 6.1551127433776855 82 58 71
-0.6177837252616882 -0.7949514389038086 6.155941963195801 105 76 92
-0.8875210881233215 0.5723135471343994 5.840151309967041 60 36 44
-0.7059059739112854 0.30175942182540894 5.996397495269775 61 35 44
-0.8875375390052795 0.46978986263275146 5.843680381774902 139 94 115
-0.6073751449584961 -0.4522358775138855 6.124935150146484 60 43 51
-0.6073751449584961 -0.4522358775138855 6.124935150146484 60 43 51
-0.762680172920227 -0.08227738738059998 5.975909233093262 93 51 70
-0.7006645798683167 0.3136526048183441 5.9773759841918945 52 22 32
-0.7019401788711548 0.16449350118637085 5.983570575714111 57 30 37
-0.8760853409767151 0.48710569739341736 5.8189697265625 53 37 45
-0.6989516019821167 0.020508378744125366 5.9635233879089355 82 35 43
-0.8665031790733337 0.5680901408195496 5.789279460906982 60 39 45
-0.6994001865386963 -0.04012732952833176 5.958032608032227 79 38 52
-0.6958664655685425 -0.14243225753307343 5.9610185623168945 71 34 45
-0.8542248606681824 0.5885568857192993 5.772111892700195 75 37 43
-1.7067512273788452 0.41371265053749084 5.156696796417236 76 40 50
-0.681371808052063 -0.18259787559509277 5.944072246551514 70 29 34
-0.844775915145874 0.5647717714309692 5.765050888061523 81 45 61
-0.6524039506912231 0.011946509592235088 5.917710781097412 58 30 42
-0.6694506406784058 -0.22425295412540436 5.911896228790283 111 60 68
-0.6372753381729126 -0.0034591860603541136 5.903932094573975 56 27 37
-0.6634222269058228 -0.23508207499980927 5.899989604949951 111 61 65
-0.5388006567955017 -0.8959603309631348 6.038637638092041 83 59 81
-0.7097072601318359 -0.32798367738723755 5.871346950531006 137 81 94
-0.7202490568161011 -0.5116237998008728 5.877499103546143 104 62 72
-0.786923885345459 -0.6145157814025879 5.830297470092773 141 85 96
-0.543727695941925 -0.8856164813041687 6.024467945098877 136 114 134
-0.8200086355209351 0.49233853816986084 5.717061996459961 55 32 40
-0.6428384184837341 0.14053991436958313 5.869953155517578 54 26 31
-0.7864046692848206 -0.6212825775146484 5.82441520690918 104 42 53
-0.6451277136802673 0.10885686427354813 5.867419242858887 69 36 42
-0.736316442489624 -0.5589796304702759 5.854092121124268 110 60 68
-0.534583568572998 -0.7562223076820374 6.0108537673950195 65 51 65
-0.7796094417572021 -0.6214572787284851 5.82106876373291 157 98 110
-0.5297680497169495 -0.8708571195602417 6.010128021240234 52 43 68
-0.6971095204353333 -0.3062503933906555 5.846881866455078 45 22 26
-0.6262441873550415 0.2413244992494583 5.84605073928833 56 30 38
-0.7986538410186768 0.5165042877197266 5.6997175216674805 79 43 57
-0.705237865447998 -0.45942869782447815 5.839141845703125 130 80 92
-0.666661262512207 -0.38028624653816223 5.840538501739502 73 35 49
-1.4965773820877075 1.0711239576339722 5.144937992095947 102 108 131
-0.6246973872184753 0.06215781345963478 5.8265862464904785 107 56 62
-0.6448789238929749 0.12936843931674957 5.792731761932373 80 38 50
-0.6448789238929749 0.12936843931674957 5.792731761932373 80 38 50
-0.6526317000389099 -0.15209273993968964 5.808537483215332 133 81 94
-0.7861347198486328 0.48659467697143555 5.665666103363037 77 43 57
-0.6464540958404541 0.12011995911598206 5.787614822387695 135 83 96
-0.6464540958404541 0.12011995911598206 5.787614822387695 135 83 96
-0.6050769090652466 0.06104108318686485 5.801602840423584 97 48 55
-0.5908570885658264 -0.008586481213569641 5.807834625244141 61 32 45
-0.6123660206794739 -0.3625412583351135 5.813316345214844 117 75 89
-0.6102237105369568 -0.3806312680244446 5.815221309661865 123 83 100
-0.6582144498825073 -0.5520659685134888 5.791512966156006 129 72 89
-0.5925683379173279 0.07430733740329742 5.774413108825684 96 45 54
-0.5821444988250732 -0.009777175262570381 5.786651134490967 52 29 37
-0.7651806473731995 0.5445572137832642 5.617327690124512 104 65 83
-0.7585530877113342 0.5507445931434631 5.610223770141602 98 52 68
-1.3558319807052612 0.8881009221076965 5.178132057189941 57 32 41
-0.7935361266136169 0.633194625377655 5.563870906829834 78 58 66
-0.5664045214653015 -0.41081923246383667 5.775205135345459 61 32 42
-0.6355844736099243 -0.6360326409339905 5.743090629577637 127 76 93
-1.3863595724105835 0.9367552399635315 5.114414215087891 82 55 66
-0.5470090508460999 0.048143938183784485 5.719680309295654 57 31 36
-0.7331511378288269 0.5363911986351013 5.558825969696045 83 49 65
-0.7331511378288269 0.5363911986351013 5.558825969696045 83 49 65
-0.6206905245780945 -0.6578693389892578 5.723790645599365 37 18 25
-0.5511343479156494 0.2701449990272522 5.696816921234131 52 27 36
-0.5459441542625427 -0.0719776302576065 5.713740825653076 50 29 38
-0.5353473424911499 0.061715807765722275 5.706737518310547 57 31 41
-0.7205322980880737 0.5451667308807373 5.537583827972412 85 43 61
-0.5520312190055847 -0.21131238341331482 5.674518585205078 44 21 24
-0.5520312190055847 -0.21131238341331482 5.674518585205078 44 21 24
-0.6113522052764893 0.36212435364723206 5.586880683898926 160 106 121
-0.701417863368988 0.5410605072975159 5.515120029449463 104 54 73
-0.6973555684089661 0.5286760330200195 5.5062456130981445 103 53 70
-0.664811372756958 -0.6710715293884277 5.59004020690918 123 66 80
-0.5710333585739136 0.12054969370365143 5.583109378814697 56 28 36
-0.567737340927124 0.004096876829862595 5.586582183837891 52 23 32
3.8940582275390625 -1.3415441513061523 8.457137107849121 119 73 85
3.8940582275390625 -1.3415441513061523 8.457137107849121 119 73 85
5.769001483917236 0.3326391875743866 9.473897933959961 68 38 49
-0.5763115286827087 -0.14565549790859222 5.5786309242248535 108 77 98
-0.5763115286827087 -0.14565549790859222 5.5786309242248535 108 77 98
-0.5578034520149231 0.23386472463607788 5.5570149421691895 137 80 90
-0.5578034520149231 0.23386472463607788 5.5570149421691895 137 80 90
-0.5801362991333008 -0.2765890955924988 5.581251621246338 130 86 102
-0.5527677536010742 0.12060067802667618 5.558329105377197 88 46 61
-0.5522501468658447 0.1703203171491623 5.548640251159668 62 36 45
3.87693452835083 -1.5234135389328003 8.39223575592041 122 72 92
3.957756280899048 -0.07189066708087921 8.321735382080078 60 34 44
-0.5401760935783386 0.220245823264122 5.528079986572266 97 44 52
3.9966375827789307 0.4035944640636444 8.259376525878906 141 85 100
3.906372547149658 -0.49597570300102234 8.273256301879883 111 85 112
3.9461491107940674 -1.5756242275238037 8.380379676818848 74 33 37
-0.5417797565460205 0.2083652764558792 5.5227837562561035 156 100 111
-0.6340512037277222 -0.6557878255844116 5.525198936462402 148 96 112
-0.6263813376426697 -0.6346052885055542 5.527102947235107 124 83 99
-0.6263813376426697 -0.6346052885055542 5.527102947235107 124 83 99
-1.4176373481750488 0.9499584436416626 4.928830623626709 68 38 46
-0.6322075724601746 -0.5179693698883057 5.514232158660889 153 99 116
-0.5865777730941772 -0.4005333483219147 5.531813621520996 68 32 33
-1.375238299369812 0.8155950307846069 4.962718963623047 102 53 67
-1.37296724319458 0.861982524394989 4.958515167236328 92 49 68
-0.6242356896400452 -0.6285890340805054 5.521032810211182 115 73 90
-0.5291524529457092 -0.05616806074976921 5.5268049240112305 77 45 61
-0.5277305245399475 0.29145339131355286 5.50056266784668 64 34 44
-0.6207034587860107 -0.6562651991844177 5.516294479370117 143 94 110
-0.6207034587860107 -0.6562651991844177 5.516294479370117 143 94 110
-0.5235116481781006 0.16440771520137787 5.511798858642578 82 40 51
-0.5260721445083618 0.22592401504516602 5.505161285400391 53 25 33
-0.5259875059127808 -0.09924986213445663 5.526269912719727 59 29 39
-0.5387276411056519 -0.1315312385559082 5.517494201660156 56 24 29
4.0329742431640625 0.2973088324069977 8.206684112548828 68 35 50
-1.4044866561889648 0.9487388134002686 4.916059494018555 70 38 44
-1.3654863834381104 0.7982940077781677 4.9501566886901855 92 48 62
-0.5180606245994568 0.22879308462142944 5.491786003112793 131 78 88
-0.6004437208175659 -0.6596019268035889 5.508362293243408 74 37 48
3.9206619262695312 -1.390191674232483 8.235580444335938 155 100 119
-0.5108620524406433 0.22386708855628967 5.479851245880127 57 24 37
-0.67043137550354 0.5990749597549438 5.353559970855713 81 57 66
-0.581030547618866 -0.7678319811820984 5.505140781402588 114 82 107
-0.5657069683074951 -0.5807051062583923 5.493030548095703 75 32 42
-1.3603872060775757 0.917985200881958 4.904763698577881 114 81 98
-0.6108705997467041 0.5293615460395813 5.366286754608154 87 47 65
-0.5819538831710815 -0.6228895783424377 5.469383716583252 112 66 82
-0.5849855542182922 -0.6365481615066528 5.462955474853516 75 37 50
-0.5852131247520447 -0.6363839507102966 5.462736129760742 75 37 50
1.7365570068359375 -1.5691428184509277 6.879763126373291 51 28 33
-0.899177610874176 0.635921061038971 5.177639961242676 114 63 73
-0.4804254472255707 0.23068097233772278 5.44821834564209 29 18 22
-0.6594932675361633 0.6083468794822693 5.306055545806885 83 57 66
-0.4875437915325165 -0.33070695400238037 5.471809387207031 48 17 24
-0.48113003373146057 -0.3278367519378662 5.457306385040283 125 75 85
-0.47263699769973755 -0.08416584879159927 5.429858684539795 83 43 49
-0.47598549723625183 -0.08388364315032959 5.426910877227783 84 43 48
-0.5803314447402954 0.4456641972064972 5.326580047607422 77 44 61
-0.49390485882759094 0.18958604335784912 5.38856315612793 153 143 139
-0.47021615505218506 -0.10372472554445267 5.4232988357543945 171 151 136
-0.46891480684280396 -0.05576980859041214 5.41510009765625 151 130 111
-0.46080273389816284 -0.030602410435676575 5.406725883483887 133 106 84
-0.4717579782009125 -0.05251464992761612 5.398268222808838 154 132 100
-0.4579308032989502 -0.1463666558265686 5.412309646606445 181 162 146
-0.5222796201705933 -0.7705402970314026 5.4182868003845215 119 88 110
-0.4517001509666443 -0.3847466707229614 5.428450107574463 51 21 22
-0.45736855268478394 -0.056751642376184464 5.400520324707031 157 137 107
-0.45736855268478394 -0.056751642376184464 5.400520324707031 157 137 107
0.47868677973747253 -1.035022258758545 5.988338470458984 84 43 60
0.47868677973747253 -1.035022258758545 5.988338470458984 84 43 60
0.47868677973747253 -1.035022258758545 5.988338470458984 84 43 60
-0.45050048828125 -0.15790675580501556 5.404968738555908 162 141 128
-0.5139564871788025 0.20458468794822693 5.340041637420654 66 47 45
-0.5139564871788025 0.20458468794822693 5.340041637420654 66 47 45
-0.46714335680007935 0.11659333109855652 5.366337299346924 92 60 47
-0.4446280300617218 -0.40069106221199036 5.413172721862793 122 70 79
-0.5420281887054443 -0.9736815690994263 5.4013261795043945 74 35 53
0.033204637467861176 -0.3017180562019348 5.662653923034668 65 30 34
-0.466784805059433 0.11281409114599228 5.354526042938232 175 166 164
-0.37449875473976135 -0.3046029806137085 5.417076587677002 115 76 86
-0.4957481026649475 0.20199955999851227 5.312832355499268 29 21 24
-0.4273380935192108 -0.18711695075035095 5.370964050292969 70 47 54
-0.48157620429992676 0.23358209431171417 5.309618949890137 41 24 30
-0.47705018520355225 -0.09375865757465363 5.336452007293701 166 150 134
-0.5196006298065186 0.18050411343574524 5.29259729385376 138 121 96
-0.43284791707992554 -0.48485368490219116 5.385683536529541 69 38 48
-0.47729554772377014 -0.08157666772603989 5.327964782714844 171 153 136
-0.43102189898490906 -0.24491071701049805 5.36293363571167 186 170 148
-0.49639537930488586 -0.7740502953529358 5.3647379875183105 142 90 108
-1.3344687223434448 1.0302625894546509 4.777070045471191 136 149 170
-1.2861568927764893 0.7882140874862671 4.819947242736816 65 33 47
0.02528923749923706 -0.4758461117744446 5.6207756996154785 126 74 86
0.02528923749923706 -0.4758461117744446 5.6207756996154785 126 74 86
-1.2835105657577515 0.8326422572135925 4.815295219421387 100 54 73
-0.425825297832489 -0.4845666289329529 5.374792098999023 77 35 49
-0.37824904918670654 -0.31093648076057434 5.382349967956543 115 73 88
-1.2829511165618896 0.6854233741760254 4.822266578674316 82 35 45
-1.2829511165618896 0.6854233741760254 4.822266578674316 82 35 45
-0.4262978434562683 -0.24404382705688477 5.349567413330078 164 147 130
-0.4699872136116028 -0.03739134222269058 5.307008743286133 201 187 165
-0.46864205598831177 -0.04352279752492905 5.307320594787598 171 157 141
-0.41981035470962524 -0.10632790625095367 5.337660789489746 122 94 80
-0.42301011085510254 -0.2402428686618805 5.34274959564209 116 90 71
-0.47364291548728943 0.21424272656440735 5.2813215255737305 96 82 63
-0.41531023383140564 -0.5265160799026489 5.3654303550720215 74 37 38
-1.3121464252471924 0.9341534376144409 4.776693820953369 95 50 53
-1.2736361026763916 0.8568213582038879 4.8029046058654785 154 111 130
-0.4245097041130066 -0.25108978152275085 5.337413787841797 156 138 123
-0.5025880336761475 0.10119688510894775 5.26769495010376 122 113 118
-0.408110111951828 -0.42012280225753784 5.355370044708252 54 24 25
-0.5686526298522949 0.5995016694068909 5.193371772766113 74 57 64
-0.3927445113658905 -0.11276019364595413 5.3392157554626465 172 155 128
-0.5042609572410583 0.1127423495054245 5.261483192443848 113 105 102
-1.3098621368408203 0.5672240257263184 4.799574851989746 114 62 74
-0.41971391439437866 -0.2763330936431885 5.33510684967041 66 31 35
-0.4531514644622803 -0.020562676712870598 5.296731472015381 196 180 152
-0.3947734534740448 0.04619941487908363 5.319647789001465 132 111 89
-0.38909581303596497 0.031866561621427536 5.322113513946533 66 41 24
-0.4090271294116974 -0.0695740282535553 5.318995952606201 108 68 44
-0.4090271294116974 -0.0695740282535553 5.318995952606201 108 68 44
-0.5058532953262329 0.11283719539642334 5.24846076965332 136 125 120
-0.5058532953262329 0.11283719539642334 5.24846076965332 136 125 120
-0.3829452097415924 0.04561963677406311 5.316858768463135 157 139 113
-0.5229763388633728 0.13454921543598175 5.227721691131592 215 213 218
-0.5120983719825745 0.1238812804222107 5.233239650726318 163 155 166
-0.5120983719825745 0.1238812804222107 5.233239650726318 163 155 166
-0.43285679817199707 -0.028808321803808212 5.282315254211426 187 175 158
-0.49264785647392273 0.10760680586099625 5.2362895011901855 206 200 190
-0.4004512131214142 -0.5829916596412659 5.333522319793701 90 42 58
-0.3869868516921997 -0.2547278106212616 5.3158345222473145 63 28 27
-1.2590391635894775 0.6886987686157227 4.789041996002197 95 49 59
-0.3674827516078949 -0.10895315557718277 5.311404705047607 193 183 159
-0.4876515865325928 0.10494066774845123 5.2326436042785645 151 142 137
-0.4816874563694 0.11973856389522552 5.226670742034912 108 101 102
-1.2678741216659546 0.9021084308624268 4.758685111999512 125 81 99
-1.2678741216659546 0.9021084308624268 4.758685111999512 125 81 99
-0.5011357069015503 0.17210206389427185 5.20718240737915 194 187 175
-0.5011357069015503 0.17210206389427185 5.20718240737915 194 187 175
-0.4819070100784302 0.13787075877189636 5.209798812866211 200 196 189
-0.3121893107891083 0.04368976131081581 5.298861503601074 78 37 40
-0.45617011189460754 0.20191656053066254 5.211228370666504 85 74 83
-0.45617011189460754 0.20191656053066254 5.211228370666504 85 74 83
-0.37152916193008423 -0.40499651432037354 5.29619836807251 123 70 82
-0.36111220717430115 -0.05994635820388794 5.274131774902344 174 157 143
-0.3639843165874481 -0.04303506016731262 5.269472122192383 162 148 143
-0.45952165126800537 0.14083881676197052 5.2042694091796875 218 216 205
-0.46427518129348755 -0.9742924571037292 5.281687259674072 92 43 64
-0.46657994389533997 0.18298731744289398 5.193846702575684 83 62 50
-0.44292622804641724 0.17321817576885223 5.197553634643555 175 166 158
-0.3669387102127075 -0.5388007760047913 5.284830093383789 70 38 46
-0.3669387102127075 -0.5388007760047913 5.284830093383789 70 38 46
-0.514277994632721 0.5930235981941223 5.122865200042725 68 53 63
-0.4377862215042114 0.2059420794248581 5.187943935394287 65 44 42
-0.40251412987709045 -0.19588032364845276 5.229377746582031 66 36 39
-0.44692182540893555 -0.9769112467765808 5.258979797363281 82 32 48
-0.3511379063129425 -0.37613728642463684 5.262441635131836 116 66 77
-0.414726197719574 -0.7924774885177612 5.259377956390381 82 47 65
-0.414726197719574 -0.7924774885177612 5.259377956390381 82 47 65
-0.414726197719574 -0.7924774885177612 5.259377956390381 82 47 65
-0.46392491459846497 0.5047415494918823 5.138421535491943 87 55 68
-0.39317306876182556 0.1732027381658554 5.193727016448975 193 185 176
-0.3452147841453552 -0.38915136456489563 5.252862930297852 58 30 38
-0.44658777117729187 0.4436219036579132 5.1315836906433105 146 104 123
-0.3871294856071472 0.19282332062721252 5.1780219078063965 89 66 69
-0.4384593367576599 -0.9785414338111877 5.237767219543457 64 37 47
-0.3083026707172394 0.13108041882514954 5.210200309753418 91 46 49
-1.2283639907836914 0.8963804244995117 4.69879674911499 128 86 104
-1.2283639907836914 0.8963804244995117 4.69879674911499 128 86 104
-0.3299929201602936 -0.3195323646068573 5.2311201095581055 49 23 26
-0.3832401633262634 0.1991048902273178 5.165943622589111 183 176 167
-0.33849915862083435 0.27440258860588074 5.177888870239258 64 32 40
-0.32977572083473206 -0.3414013981819153 5.226740837097168 48 20 24
-0.3292975425720215 -0.41999518871307373 5.2298150062561035 60 32 42
-0.37595242261886597 0.17158737778663635 5.159827709197998 175 163 158
-0.40649715065956116 -0.637703001499176 5.202243804931641 64 33 34
-0.31173399090766907 0.10834445059299469 5.175034523010254 143 87 99
-0.4289611279964447 0.4262504279613495 5.094666004180908 77 48 63
-1.2142229080200195 0.8939081430435181 4.676697254180908 115 80 97
-1.2142229080200195 0.8939081430435181 4.676697254180908 115 80 97
-0.32141515612602234 -0.30675241351127625 5.196673393249512 133 76 90
-0.3875286877155304 -0.7798216342926025 5.198399543762207 139 86 106
-0.38700172305107117 -0.6697594523429871 5.189667701721191 36 21 26
-0.39512670040130615 -0.6686927080154419 5.183316230773926 35 22 26
-0.3061462342739105 -0.1265135556459427 5.181197166442871 63 25 36
-0.3016727864742279 0.0938040018081665 5.1632981300354 65 34 41
-1.2366241216659546 0.9226884841918945 4.651610374450684 89 45 55
-1.2051035165786743 0.8921188116073608 4.662139892578125 120 80 98
-1.2051035165786743 0.8921188116073608 4.662139892578125 120 80 98
-1.7434813976287842 -0.04500894621014595 4.468089580535889 109 78 97
-0.45279186964035034 0.6147854924201965 5.034069538116455 44 82 133
-0.3055918514728546 -0.16386117041110992 5.159487247467041 121 84 103
-0.38994354009628296 -0.6488990187644958 5.1543354988098145 78 43 58
-0.3623363673686981 -0.48106512427330017 5.153680324554443 55 30 34
-0.287520170211792 0.20191529393196106 5.138772964477539 141 85 96
-0.3690180778503418 -0.5254875421524048 5.152705669403076 122 77 96
-0.3690180778503418 -0.5254875421524048 5.152705669403076 122 77 96
-1.2274965047836304 0.5557489395141602 4.662357330322266 115 64 75
-0.7745909094810486 -0.6947088837623596 4.965737342834473 92 50 69
-0.2834107577800751 0.09397434443235397 5.139936923980713 104 53 67
-0.2974512577056885 -0.1556432843208313 5.148627758026123 61 25 31
-0.38583314418792725 -0.6774525046348572 5.144279479980469 141 88 108
-0.28333786129951477 -0.022177578881382942 5.142933368682861 60 28 36
-0.28333786129951477 -0.022177578881382942 5.142933368682861 60 28 36
-0.2799927294254303 0.1978975534439087 5.127106666564941 59 25 35
-1.1789671182632446 0.8247017860412598 4.655228137969971 78 46 64
-0.3559873104095459 -0.5754930377006531 5.143958568572998 139 88 107
-0.2780853807926178 0.26163291931152344 5.118496894836426 64 32 39
-1.1766443252563477 0.7318465113639832 4.661362648010254 96 47 60
-0.39540979266166687 0.500883936882019 5.043560028076172 95 54 70
-1.1726385354995728 0.7660027146339417 4.652968883514404 101 50 64
-0.3707633912563324 -0.6572603583335876 5.131906986236572 77 35 48
-0.38824164867401123 0.4963832497596741 5.037446022033691 103 70 83
-0.35325029492378235 -0.5938409566879272 5.132976055145264 76 36 43
-0.2894361615180969 -0.15176869928836823 5.124932289123535 116 86 109
-0.2686882019042969 -0.4287694990634918 5.155002593994141 84 48 52
-0.265359103679657 0.2612631618976593 5.105226993560791 143 86 101
-0.26596730947494507 0.25807470083236694 5.104923248291016 143 88 103
-0.2710738778114319 0.1796628087759018 5.1035590171813965 161 108 123
-0.3543958365917206 -0.6050915122032166 5.1222429275512695 147 97 116
-0.33695393800735474 -0.7842952013015747 5.140902996063232 142 90 112
-0.3475490212440491 -0.6284233927726746 5.116250514984131 68 35 41
-1.177579641342163 0.887912392616272 4.620878219604492 118 76 96
-1.2041285037994385 0.9179105758666992 4.603945732116699 84 47 60
-0.2585008442401886 -0.08001882582902908 5.112244129180908 89 50 65
-0.2587985396385193 0.03944609686732292 5.102737903594971 66 33 41
-0.2601737678050995 -0.12757079303264618 5.112065315246582 71 37 44
-0.25384172797203064 0.19462138414382935 5.091372013092041 57 25 38
-1.1562961339950562 0.7237069010734558 4.636539459228516 98 49 66
-1.1562961339950562 0.7237069010734558 4.636539459228516 98 49 66
-1.1591559648513794 0.7814195156097412 4.630997180938721 111 58 75
-0.34693241119384766 -0.6389666795730591 5.100046634674072 127 80 98
-0.3510824739933014 -0.6541100144386292 5.097410678863525 55 28 41
-0.3271511197090149 -0.5370493531227112 5.0975117683410645 137 82 101
-0.2454068660736084 0.19729192554950714 5.079703330993652 143 91 102
-0.2633846402168274 -0.1648012101650238 5.096785068511963 121 88 109
-0.3645673990249634 0.43465015292167664 5.006235599517822 56 38 48
-1.7835367918014526 -0.3685102164745331 4.416640758514404 154 102 120
-1.149186134338379 0.7659171223640442 4.620203495025635 109 57 70
-1.1501855850219727 0.7358481884002686 4.620850563049316 92 41 54
-0.23731490969657898 0.19313204288482666 5.068098068237305 62 27 33
-0.23731490969657898 0.19313204288482666 5.068098068237305 62 27 33
-0.30773869156837463 -0.7900837659835815 5.105959415435791 141 92 113
-0.3584062457084656 0.44367432594299316 4.991722583770752 64 40 51
-1.1873753070831299 0.9152405858039856 4.581502914428711 98 53 62
-0.3260774314403534 -0.5542820692062378 5.075381755828857 165 112 130
-0.22686484456062317 0.27142465114593506 5.056275844573975 86 45 62
-0.1268066167831421 0.11481206119060516 5.071805477142334 79 35 48
-0.298255980014801 -0.6674133539199829 5.048658847808838 148 106 124
-1.1926078796386719 1.0286906957626343 4.531055927276611 237 239 255
-1.1227909326553345 0.7627516388893127 4.577261447906494 90 53 71
-1.1330668926239014 0.8824658989906311 4.561069011688232 114 76 94
-1.1330668926239014 0.8824658989906311 4.561069011688232 114 76 94
-0.12400270253419876 -0.0004568430595099926 5.064694404602051 78 41 53
-0.11971188336610794 0.11001886427402496 5.05544900894165 68 38 50
-0.11309615522623062 0.22272533178329468 5.0497236251831055 67 34 41
-0.2995354235172272 -0.6883996725082397 5.033890724182129 82 40 59
-0.37062570452690125 0.5756521821022034 4.909560680389404 92 63 76
-0.1139029860496521 0.1045256182551384 5.049978733062744 135 82 90
-0.1139029860496521 0.1045256182551384 5.049978733062744 135 82 90
-0.13757535815238953 -0.35968172550201416 5.066359043121338 87 43 59
-1.2599332332611084 1.0054311752319336 4.478388786315918 234 240 255
-1.2599332332611084 1.0054311752319336 4.478388786315918 234 240 255
-0.10081366449594498 0.23680678009986877 5.031682968139648 75 38 50
-0.12909168004989624 -0.5347403287887573 5.071873188018799 103 67 79
-0.30145469307899475 0.479483038187027 4.919800281524658 80 43 57
-0.10062851011753082 -0.45079153776168823 5.07022762298584 64 34 46
-0.3008498549461365 0.48618727922439575 4.914694786071777 89 54 68
-0.3008498549461365 0.48618727922439575 4.914694786071777 89 54 68
-2.096395254135132 0.521432101726532 4.138537406921387 81 45 60
-0.08837658911943436 -0.04521358385682106 5.0263214111328125 92 50 66
-0.0803866907954216 0.22754105925559998 5.006460189819336 78 39 51
-0.23854278028011322 0.3737916350364685 4.928448677062988 128 72 85
-0.16402149200439453 -0.6123231649398804 5.028824806213379 60 29 38
-0.16513173282146454 -0.7338677048683167 5.014841556549072 74 40 54
-0.13270516693592072 -0.6577281355857849 5.0144548416137695 109 83 106
-0.24704578518867493 -0.9231539964675903 4.984814167022705 109 64 72
-0.06544414162635803 -0.12409457564353943 5.001927375793457 69 40 54
-0.0643700435757637 0.18225450813770294 4.979919910430908 138 87 96
-0.09910529851913452 0.0520482063293457 4.9746012687683105 145 97 112
-0.05880212411284447 0.19253942370414734 4.979401111602783 64 30 41
-0.08350329101085663 -0.38099613785743713 5.005732536315918 125 83 97
-1.2773927450180054 0.9795258045196533 4.408472537994385 104 106 154
-0.057288359850645065 -0.07540187984704971 4.979193210601807 85 36 40
-0.06730683147907257 -0.19315287470817566 4.980615615844727 56 28 32
0.06861742585897446 -0.8327364325523376 5.075581073760986 141 124 148
-0.10214458405971527 0.06283146888017654 4.939798831939697 149 104 118
-0.25448930263519287 0.4884149730205536 4.846860408782959 57 36 43
-0.08658407628536224 -0.19720607995986938 4.958305358886719 130 84 94
-0.09793702512979507 0.057431504130363464 4.934810161590576 107 51 67
-0.09693527221679688 0.07608098536729813 4.933716297149658 147 99 110
-0.029483377933502197 0.1873539686203003 4.942145824432373 89 39 49
-0.047353364527225494 0.00959902536123991 4.947585582733154 96 44 57
-0.24506153166294098 0.5070034861564636 4.831650257110596 71 39 46
-1.0969889163970947 0.9023712873458862 4.454110145568848 94 52 59
-0.23609337210655212 0.48358064889907837 4.826289176940918 81 39 55
-0.10098343342542648 -0.5331908464431763 4.943380832672119 66 32 36
1.5213576555252075 0.5966064929962158 5.503384590148926 97 64 80
-1.0460387468338013 0.6792077422142029 4.479081153869629 102 49 65
-0.03426835685968399 0.025698456913232803 4.925663471221924 108 49 66
0.10605224967002869 -1.100438117980957 5.048800945281982 132 117 138
-0.024610470980405807 0.0798996239900589 4.912703037261963 92 40 53
0.11481021344661713 -0.9117802977561951 5.02278470993042 84 64 85
0.11481021344661713 -0.9117802977561951 5.02278470993042 84 64 85
-0.20722147822380066 0.4185360372066498 4.78895902633667 79 59 67
-1.0713142156600952 0.986057698726654 4.413321495056152 69 55 71
0.12135546654462814 -0.8671057224273682 5.003662586212158 163 134 156
-0.20350410044193268 0.415150910615921 4.785830497741699 69 38 48
0.12587608397006989 -0.8517066836357117 5.001357555389404 100 73 97
-0.1357329785823822 -0.647287130355835 4.876711368560791 149 96 112
-0.19638489186763763 0.4275117516517639 4.776035785675049 63 43 52
0.13909286260604858 -0.9213714003562927 4.998379230499268 67 52 74
-0.016766246408224106 -0.2991245985031128 4.8876166343688965 75 35 36
-0.18213839828968048 0.4402643144130707 4.768308162689209 60 39 46
-0.18608605861663818 0.4267332851886749 4.7635345458984375 145 96 115
0.143108069896698 -1.0580766201019287 4.993385314941406 109 78 99
0.15960732102394104 -0.512284517288208 4.951669692993164 71 48 66
0.0373355932533741 0.22808925807476044 4.8527069091796875 63 30 39
0.15060760080814362 -1.0201361179351807 4.983622074127197 94 72 98
0.15060760080814362 -1.0201361179351807 4.983622074127197 94 72 98
-0.1426386684179306 -0.6559956669807434 4.846616268157959 156 107 121
0.15081073343753815 -0.9860817790031433 4.979382038116455 89 72 96
0.1533546894788742 -0.9426413774490356 4.976465702056885 84 64 82
-0.14226101338863373 -0.66706383228302 4.841379642486572 158 105 119
0.03678722307085991 0.16852280497550964 4.842862606048584 68 30 32
0.16880179941654205 -0.5090888738632202 4.935127258300781 74 54 75
0.16506733000278473 -0.8644970655441284 4.957442283630371 110 79 94
0.01552803348749876 0.15344086289405823 4.822798728942871 63 20 23
0.17228806018829346 -0.5033141374588013 4.923094272613525 132 114 135
0.17379318177700043 -1.059234380722046 4.95894718170166 102 84 113
0.18189984560012817 -0.7844715118408203 4.936672687530518 141 123 143
0.1788836419582367 -0.9281783699989319 4.943062782287598 104 71 88
0.18327249586582184 -0.8523924350738525 4.937778472900391 153 133 158
0.04278196766972542 -0.018306856974959373 4.825904369354248 114 67 74
0.03228071704506874 0.1431589126586914 4.809455871582031 150 95 114
0.048065751791000366 -0.006561403162777424 4.819366931915283 119 68 78
0.048065751791000366 -0.006561403162777424 4.819366931915283 119 68 78
0.18739600479602814 -0.8699163794517517 4.931199073791504 88 58 67
0.18202181160449982 -0.9716395139694214 4.936385631561279 106 74 99
-0.9820453524589539 0.7478793263435364 4.389031410217285 76 45 60
0.18897776305675507 -0.7894424200057983 4.924793243408203 78 53 74
0.18897776305675507 -0.7894424200057983 4.924793243408203 78 53 74
-0.9978986978530884 0.8652182221412659 4.374166011810303 124 86 105
-0.9811028838157654 0.7183790802955627 4.389937400817871 88 54 71
-0.9811028838157654 0.7183790802955627 4.389937400817871 88 54 71
-0.14328712224960327 0.382498174905777 4.712428092956543 151 100 121
-0.13419193029403687 0.4749149680137634 4.69594669342041 86 42 57
0.20176707208156586 -0.9352257251739502 4.914831638336182 111 77 96
0.2050366997718811 -1.119349479675293 4.92427921295166 99 78 105
-0.12794306874275208 0.3945128321647644 4.696113109588623 82 42 60
-0.12794306874275208 0.3945128321647644 4.696113109588623 82 42 60
0.009731065481901169 -0.2218824177980423 4.788773059844971 67 33 40
0.21252071857452393 -0.5320752263069153 4.879334449768066 141 128 154
0.21006156504154205 -1.0612996816635132 4.915685176849365 81 59 86
0.20855975151062012 -1.0183628797531128 4.906412601470947 106 79 104
0.2157517671585083 -0.9345552921295166 4.898694038391113 101 69 89
-0.11816178262233734 0.4727087616920471 4.669386386871338 82 41 52
0.2271905392408371 -0.926429271697998 4.889206886291504 84 67 94
-0.9547615647315979 0.7148873209953308 4.354776859283447 102 50 66
-0.9699975848197937 0.8620129227638245 4.3374199867248535 113 80 100
0.22771792113780975 -0.3574887812137604 4.8419694900512695 159 136 157
-0.9489299654960632 0.7939026951789856 4.347349166870117 78 42 54
0.2351931482553482 -0.28734761476516724 4.834515571594238 145 116 134
0.11108756810426712 0.13024784624576569 4.759533405303955 59 27 36
0.2402251958847046 -0.29324090480804443 4.828705310821533 107 69 84
-0.9459322690963745 0.8041899800300598 4.336644649505615 72 43 60
-0.9472203850746155 0.7564976215362549 4.339356899261475 88 38 51
-0.9472203850746155 0.7564976215362549 4.339356899261475 88 38 51
0.24365590512752533 -0.7280526757240295 4.855815887451172 142 123 147
-0.103171706199646 0.3741929531097412 4.657538414001465 112 76 94
0.2467672973871231 -0.28081145882606506 4.823702812194824 117 82 94
-0.10297690331935883 0.4608769714832306 4.648953914642334 69 47 51
0.23997190594673157 -1.0134578943252563 4.871468544006348 113 87 109
0.23997190594673157 -1.0134578943252563 4.871468544006348 113 87 109
-0.9438663721084595 0.7369003891944885 4.336191654205322 101 50 64
-0.942958652973175 0.7473443150520325 4.334868431091309 144 94 111
-0.9865319132804871 0.8880096673965454 4.309574127197266 89 55 61
-0.10102605074644089 0.36837702989578247 4.651076316833496 160 127 151
-0.9387524724006653 0.7389242053031921 4.329876899719238 94 46 56
0.2527344226837158 -0.4971809387207031 4.821528911590576 96 73 97
0.2572769820690155 -1.0579068660736084 4.861572742462158 85 69 96
0.2572769820690155 -1.0579068660736084 4.861572742462158 85 69 96
0.2607771158218384 -0.5049561262130737 4.815919876098633 144 129 152
0.262848824262619 -0.49655681848526 4.815212726593018 88 70 96
0.2638520300388336 -0.47826263308525085 4.811535835266113 101 85 110
0.2638520300388336 -0.47826263308525085 4.811535835266113 101 85 110
0.01944284327328205 0.3531089723110199 4.66815185546875 63 36 38
0.261285662651062 -0.7485374808311462 4.827547550201416 98 71 93
0.2693568468093872 -0.28428220748901367 4.793107032775879 93 59 72
0.2729705274105072 -0.496211975812912 4.804224491119385 149 130 150
0.26806265115737915 -0.8643946051597595 4.823373794555664 104 80 93
-0.9695995450019836 0.8842279314994812 4.284643650054932 101 56 61
0.11533983796834946 0.01835641637444496 4.706362724304199 77 31 34
0.11533983796834946 0.01835641637444496 4.706362724304199 77 31 34
-0.06803379952907562 0.46595948934555054 4.609572410583496 97 46 62
-0.9281833171844482 0.8573200702667236 4.289163589477539 121 77 97
-0.06395144760608673 0.45484110713005066 4.600820541381836 87 48 63
0.09924230724573135 0.18381059169769287 4.668842792510986 148 104 121
-0.9205679893493652 0.8445270657539368 4.284729480743408 187 148 178
-0.9063533544540405 0.6236180067062378 4.304314136505127 148 105 125
0.039328549057245255 0.30602672696113586 4.636868953704834 168 118 133
-0.9413867592811584 0.5630555748939514 4.293884754180908 89 48 54
-0.9510756134986877 0.8845285177230835 4.265884876251221 68 36 47
0.08376964926719666 0.2714327275753021 4.646693229675293 156 111 131
0.08453980088233948 0.2107256054878235 4.649703025817871 146 93 112
0.016610633581876755 0.35319653153419495 4.615555286407471 97 66 68
0.3048342764377594 -0.8719052076339722 4.793787002563477 84 64 79
0.29749614000320435 -0.7596140503883362 4.782428741455078 104 73 89
-0.9312559366226196 0.5765788555145264 4.284244537353516 139 93 112
0.3016539216041565 -0.6126705408096313 4.768587589263916 142 123 145
-0.9433528780937195 0.8850439190864563 4.2569050788879395 82 46 59
-0.9365774393081665 0.8635541200637817 4.259712219238281 177 137 171
0.3061912953853607 -0.6121393442153931 4.762105941772461 98 73 97
0.3118974566459656 -0.8762300610542297 4.775799751281738 84 60 81
0.32249680161476135 -0.2825635075569153 4.73452091217041 144 126 154
0.32400795817375183 -0.5183566212654114 4.7477216720581055 133 129 158
0.32381007075309753 -0.3982671797275543 4.7345733642578125 79 55 68
0.3214133381843567 -0.35577455163002014 4.729058742523193 90 70 90
0.3201600909233093 -1.104167103767395 4.780320167541504 150 131 151
-0.02544141374528408 0.4097462296485901 4.561424732208252 62 35 46
0.325157105922699 -0.5359544157981873 4.739046096801758 107 86 99
-0.7567362785339355 0.6585953235626221 4.310609817504883 118 74 102
0.08124781399965286 0.3046692907810211 4.596113204956055 167 110 125
-0.017200881615281105 0.42135077714920044 4.553995609283447 59 36 42
0.05627302825450897 -0.14402435719966888 4.6128740310668945 158 106 124
0.13364754617214203 0.16973160207271576 4.614743709564209 79 48 63
0.33159124851226807 -0.8789502382278442 4.7478928565979 97 73 93
0.34470316767692566 -0.4030570983886719 4.705221176147461 90 63 81
0.3464302122592926 -0.9263103008270264 4.737410068511963 90 72 94
0.05974985659122467 -0.10185737162828445 4.590275764465332 72 29 35
0.3590265214443207 -0.29101505875587463 4.693142890930176 95 64 86
0.050378717482089996 -0.10955904424190521 4.575656414031982 149 99 115
0.36539724469184875 -0.94270920753479 4.719492435455322 102 76 94
0.36519506573677063 -0.880742073059082 4.711725234985352 97 72 90
0.3826308250427246 -0.5262177586555481 4.6835036277771 128 119 143
0.3782040476799011 -0.29177045822143555 4.664432048797607 93 63 77
0.37724751234054565 -0.6743575930595398 4.6908159255981445 145 117 132
0.3861282467842102 -1.0034030675888062 4.700497150421143 85 63 89
0.39667943120002747 -0.2893809676170349 4.649386405944824 64 46 61
-1.6158782243728638 0.35637167096138 4.001873970031738 90 54 70
0.39070820808410645 -0.699661374092102 4.673672199249268 95 70 91
0.40831461548805237 0.19704677164554596 4.610742092132568 133 118 137
-0.5533916354179382 0.7817121744155884 4.282966613769531 104 59 70
0.39929404854774475 -0.9523000121116638 4.684189796447754 83 60 80
0.4017566740512848 -0.2819708287715912 4.635608673095703 130 115 138
0.4017566740512848 -0.2819708287715912 4.635608673095703 130 115 138
0.4103017747402191 -0.7663102746009827 4.662783622741699 100 72 90
0.404371440410614 -0.8768559098243713 4.6648125648498535 137 124 149
-0.5478450655937195 0.8550522327423096 4.2615461349487305 180 139 169
0.417766273021698 -0.8133838772773743 4.652911186218262 99 71 91
0.4208875894546509 0.04826202243566513 4.59047794342041 142 122 137
0.4216403365135193 -0.4479560852050781 4.624302387237549 137 115 131
0.41621896624565125 -1.050558090209961 4.663282871246338 147 127 155
0.05070861801505089 0.743882417678833 4.429256916046143 129 85 98
0.05070861801505089 0.743882417678833 4.429256916046143 129 85 98
0.42487218976020813 -0.6835407018661499 4.633132457733154 91 68 82
0.04059295728802681 0.8329946398735046 4.41498327255249 137 90 112
0.42336076498031616 -1.0802676677703857 4.657636642456055 151 126 143
0.4318082630634308 0.27899011969566345 4.5657243728637695 88 64 78
0.06593092530965805 0.44235408306121826 4.447938919067383 91 48 60
0.44317033886909485 -0.41979700326919556 4.609216213226318 66 51 70
0.4337339699268341 -0.8181589841842651 4.633906364440918 123 114 131
0.06363140791654587 0.7521822452545166 4.417691230773926 52 35 43
0.4394885003566742 -0.8115081787109375 4.6266069412231445 75 57 82
0.4403264820575714 -0.9512373805046082 4.6336283683776855 96 72 97
0.45331937074661255 0.18237750232219696 4.553301811218262 77 54 70
0.06015319749712944 0.8317089676856995 4.3959760665893555 135 90 114
0.4445682466030121 -0.8957285284996033 4.623425483703613 71 57 70
0.44727954268455505 -0.7718501687049866 4.614307403564453 87 61 78
0.4526156187057495 0.31424468755722046 4.537169933319092 150 129 142
0.45053207874298096 -0.6876522898674011 4.605230331420898 86 61 80
0.452985942363739 -0.22438934445381165 4.570567607879639 98 68 88
0.46816736459732056 -0.1755336970090866 4.571044445037842 62 50 62
0.4592433571815491 -0.5566689372062683 4.594184398651123 87 70 87
0.450399786233902 -0.8497164845466614 4.61040735244751 105 76 101
0.4640159606933594 0.2968655824661255 4.529958248138428 93 75 98
0.4638659656047821 -0.09457024186849594 4.556380271911621 138 116 137
0.4638659656047821 -0.09457024186849594 4.556380271911621 138 116 137
0.46684420108795166 0.35609450936317444 4.524764060974121 88 68 95
0.46321290731430054 0.2900136113166809 4.527817249298096 137 120 139
0.4649829566478729 -0.8960415720939636 4.608029842376709 77 57 77
0.46692830324172974 0.1739349365234375 4.533736705780029 89 63 82
0.46217915415763855 -0.11272472888231277 4.5510735511779785 149 131 147
0.47300824522972107 -0.10324165225028992 4.553092002868652 88 66 86
0.4688771367073059 -0.05619725584983826 4.547041893005371 87 59 83
0.47046536207199097 -0.07109271734952927 4.547610282897949 81 56 80
0.4666108787059784 0.30883774161338806 4.5201568603515625 95 71 91
0.46514126658439636 -1.0802134275436401 4.61435079574585 72 56 82
0.46514126658439636 -1.0802134275436401 4.61435079574585 72 56 82
0.46417704224586487 -0.16138795018196106 4.548058032989502 84 63 88
0.47772595286369324 -0.03685741871595383 4.54180383682251 92 72 100
0.4741997718811035 -0.8116779923439026 4.59106969833374 75 62 77
0.4873661696910858 0.41338422894477844 4.504426002502441 58 43 65
0.49001193046569824 0.39288753271102905 4.5018415451049805 77 53 63
0.4945487082004547 0.2884301245212555 4.5097150802612305 60 45 55
0.4800068140029907 -0.0985562801361084 4.531869888305664 141 121 138
0.4831838011741638 -0.7694321870803833 4.578118801116943 100 75 98
0.48827987909317017 0.08320235460996628 4.516822338104248 89 70 89
0.4941434860229492 0.12957605719566345 4.511797904968262 148 126 147
0.49186354875564575 0.12966133654117584 4.510708808898926 148 126 147
0.49118056893348694 0.3106452524662018 4.49655818939209 142 119 137
0.4889151453971863 -1.0866042375564575 4.591909408569336 93 70 89
0.49065712094306946 0.37411269545555115 4.4896240234375 130 106 121
0.4824660122394562 -1.0026816129684448 4.579766273498535 140 121 142
0.4824660122394562 -1.0026816129684448 4.579766273498535 140 121 142
0.501467764377594 0.1706206351518631 4.502768039703369 128 120 143
0.4990677833557129 0.5146552920341492 4.478252410888672 100 77 96
0.5027201175689697 0.09977025538682938 4.50534725189209 144 136 153
0.4954438805580139 0.22557787597179413 4.492283344268799 106 79 91
0.49709761142730713 -0.3152737319469452 4.529782772064209 73 63 77
0.49387791752815247 0.08622846007347107 4.499753952026367 136 122 140
0.5023369193077087 0.10742037743330002 4.499937534332275 98 79 101
0.5107529163360596 0.7446520924568176 4.458288192749023 55 38 49
0.5073696970939636 0.7772327661514282 4.453299045562744 80 55 71
0.49885979294776917 -0.19701339304447174 4.517785549163818 131 113 133
0.5089666843414307 0.16272033751010895 4.495429515838623 87 71 89
0.5033477544784546 -0.04043314605951309 4.507313251495361 96 78 93
0.5056927800178528 0.18051709234714508 4.492075443267822 139 135 157
0.5022212266921997 -0.8951172828674316 4.563390731811523 96 70 95
0.5051586031913757 -0.34914547204971313 4.523107051849365 85 60 78
0.5049105882644653 0.15104207396507263 4.487105846405029 139 123 136
0.5031251907348633 0.7882530689239502 4.442748069763184 131 110 128
0.5035655498504639 0.786241352558136 4.438720703125 132 114 130
0.49806493520736694 -0.8008741140365601 4.544822692871094 134 111 132
0.5092111825942993 -0.06112157553434372 4.496485233306885 150 132 144
0.5114031434059143 -0.5528406500816345 4.5290632247924805 92 67 85
0.5042555332183838 -1.0351593494415283 4.560118198394775 88 69 97
0.5265840291976929 0.7599813342094421 4.438263893127441 137 110 127
0.5126742720603943 -0.9593554139137268 4.550569534301758 86 76 97
0.5226301550865173 0.73833167552948 4.428174018859863 65 43 59
0.5191100239753723 -0.9549581408500671 4.54260778427124 81 60 86
0.5265543460845947 -0.5522762537002563 4.514127731323242 85 60 76
0.5261364579200745 0.5508182644844055 4.437532901763916 95 67 86
0.5261364579200745 0.5508182644844055 4.437532901763916 95 67 86
0.5256094932556152 0.21836026012897491 4.455848693847656 155 129 144
0.5312473177909851 -0.30303409695625305 4.492140769958496 93 71 89
0.5353396534919739 0.08622411638498306 4.46577262878418 80 62 85
0.5405734777450562 0.48930272459983826 4.434375762939453 118 89 104
0.5450652837753296 -0.04617953300476074 4.472261428833008 85 65 84
0.5389581322669983 -0.6774513721466064 4.512513160705566 146 129 148
0.5403058528900146 0.2802708148956299 4.446727275848389 61 46 63
0.5403058528900146 0.2802708148956299 4.446727275848389 61 46 63
0.5402268171310425 -0.5534300804138184 4.503769397735596 80 59 73
0.5514283776283264 -0.042743127793073654 4.46347188949585 90 65 84
0.5365166068077087 0.5283874869346619 4.41795015335083 155 138 165
0.5533997416496277 -0.42819544672966003 4.4851603507995605 83 59 76
0.5423536896705627 -0.9068590402603149 4.511394023895264 150 126 140
0.5488336682319641 -0.7741879820823669 4.5039238929748535 64 50 76
0.5436877608299255 0.7525283098220825 4.397758960723877 148 125 146
0.5458865761756897 -0.8218238949775696 4.505858421325684 73 56 73
0.5538403391838074 -0.699999988079071 4.49793004989624 135 116 135
0.5487220287322998 0.07705322653055191 4.441124439239502 134 117 135
0.55645751953125 0.7905076146125793 4.39293909072876 116 88 101
0.5561833381652832 0.525648295879364 4.4106669425964355 155 140 167
0.5428266525268555 0.30317121744155884 4.420756816864014 40 80 187
0.5558612942695618 -0.5445437431335449 4.4803080558776855 81 64 83
0.5553863644599915 0.23070187866687775 4.425689697265625 80 56 78
0.5532294511795044 -0.9480704665184021 4.502014636993408 140 122 144
0.5622793436050415 0.7345789670944214 4.387938499450684 61 40 53
0.5618894100189209 0.28200581669807434 4.418216228485107 58 44 63
0.5586771368980408 -0.9593621492385864 4.501132488250732 58 50 68
0.5509350895881653 0.33210262656211853 4.409875392913818 85 129 223
0.5573071241378784 -0.7407978177070618 4.484708309173584 84 72 98
0.5575478076934814 -0.8321783542633057 4.4907941818237305 135 117 136
0.5757172107696533 0.41473686695098877 4.409103870391846 71 49 78
0.5654839277267456 -0.2813790440559387 4.450621604919434 79 59 81
0.562480628490448 -0.8764695525169373 4.490174293518066 99 73 104
0.559640645980835 -0.8894115090370178 4.489289283752441 142 123 148
0.5774174332618713 0.5137882828712463 4.392158508300781 74 54 66
0.5774174332618713 0.5137882828712463 4.392158508300781 74 54 66
0.573371946811676 0.5721080303192139 4.384789943695068 113 89 112
0.5772013664245605 -0.29463034868240356 4.437252521514893 146 133 153
0.5842707753181458 0.4068033695220947 4.390817642211914 86 61 74
0.5770169496536255 -0.17074379324913025 4.427033424377441 144 126 150
0.5796404480934143 -0.961439847946167 4.478121757507324 67 50 75
0.5855909585952759 -0.9055705666542053 4.4734110832214355 87 61 81
0.5770505666732788 0.32069477438926697 4.386275291442871 141 117 131
0.587142288684845 0.561800479888916 4.372145175933838 152 132 153
0.5830475091934204 -0.31716105341911316 4.430441856384277 101 74 83
0.5899813771247864 0.568012535572052 4.370361804962158 114 85 105
0.5966084003448486 0.6097230911254883 4.366309642791748 70 53 71
0.5940809845924377 -0.3083977699279785 4.427872180938721 83 57 72
0.593208909034729 0.1265975534915924 4.3964924812316895 147 123 137
0.5816040635108948 -0.9533073306083679 4.466612815856934 140 124 148
0.5915501117706299 -0.21614882349967957 4.415340900421143 109 81 98
0.5882964134216309 -0.8133038878440857 4.452802658081055 76 65 82
0.5882964134216309 -0.8133038878440857 4.452802658081055 76 65 82
0.5976115465164185 0.6229343414306641 4.356511116027832 152 136 158
0.597345769405365 0.71373450756073 4.349063396453857 140 114 129
0.6001567244529724 0.13496257364749908 4.387671947479248 151 127 143
0.6006364822387695 0.76910001039505 4.34412956237793 132 117 150
0.5988560914993286 -0.2610318660736084 4.413008689880371 91 65 78
0.6027743816375732 -0.42445340752601624 4.422629356384277 92 63 87
0.6083451509475708 -0.3143709599971771 4.413783073425293 95 66 78
0.6114339828491211 -0.04786645993590355 4.39378023147583 68 48 58
0.6095333695411682 0.08899695426225662 4.3838653564453125 135 123 139
0.6105702519416809 0.15106217563152313 4.377087593078613 82 62 78
0.6089859008789062 0.12955549359321594 4.378018856048584 91 65 86
0.614659309387207 -0.03482109308242798 4.385646343231201 126 107 126
0.5988568663597107 -0.987269401550293 4.445463180541992 95 74 96
0.6088296175003052 -0.8284873962402344 4.4363603591918945 74 60 87
0.6191083788871765 0.7487925291061401 4.33117151260376 70 54 80
0.6042502522468567 -0.6977683901786804 4.425395965576172 131 112 127
0.619540810585022 0.6048385500907898 4.339712619781494 94 72 90
0.6209897398948669 0.5102006196975708 4.346445083618164 91 71 90
0.6125645041465759 -0.8253983855247498 4.434035301208496 79 62 88
0.6093324422836304 -0.9736273288726807 4.439923286437988 139 117 138
0.6341928243637085 -0.045967135578393936 4.379160404205322 72 48 59
0.625012993812561 0.0679272934794426 4.367381572723389 129 107 122
0.6358778476715088 0.40696007013320923 4.344619274139404 65 43 57
0.6211801171302795 -0.03358331322669983 4.365727424621582 120 104 124
0.6311253905296326 0.4316592216491699 4.333048343658447 80 59 78
0.6359328627586365 0.7390797734260559 4.309113502502441 45 33 46
0.6321691274642944 -0.03270130604505539 4.360147476196289 130 109 126
0.6346496343612671 0.2751469314098358 4.336855411529541 66 44 52
0.636664867401123 0.10490087419748306 4.345230579376221 148 129 148
0.6287006735801697 -0.6905644536018372 4.396302223205566 88 72 85
0.6287006735801697 -0.6905644536018372 4.396302223205566 88 72 85
0.649472177028656 0.4027927815914154 4.324652671813965 78 52 66
0.6446312665939331 -0.3177311420440674 4.371918201446533 90 61 76
0.6378603577613831 0.25214266777038574 4.330565929412842 151 128 140
0.6344270706176758 -0.6742820739746094 4.391631126403809 147 123 137
0.6521797776222229 0.07839573919773102 4.344296932220459 61 45 58
0.6461923122406006 -0.17231673002243042 4.357819080352783 141 124 142
0.6421686410903931 0.644650399684906 4.29989767074585 148 129 143
0.6421686410903931 0.644650399684906 4.29989767074585 148 129 143
0.6546792984008789 -0.6421025991439819 4.383449554443359 146 128 151
0.6663757562637329 0.5225346684455872 4.306939601898193 142 130 155
0.645029604434967 -0.9688231945037842 4.401928424835205 66 55 80
0.6606588363647461 -0.5685600638389587 4.378209590911865 131 118 138
0.579525351524353 0.8449579477310181 4.262172698974609 82 68 91
0.658065915107727 0.08513723313808441 4.327873706817627 137 119 142
0.6640640497207642 0.3982260227203369 4.30726957321167 82 57 70
0.6566737294197083 -0.6880509853363037 4.377034664154053 64 53 68
0.6744044423103333 0.6007142663002014 4.279531002044678 100 77 100
0.6719454526901245 0.16517862677574158 4.3072614669799805 95 71 96
0.6796751022338867 -0.5754857063293457 4.355830192565918 91 67 90
0.6801735162734985 0.7570598721504211 4.260377883911133 144 127 147
0.674076497554779 -0.69574373960495 4.355684280395508 98 77 98
0.6884437799453735 0.5019212961196899 4.2715044021606445 78 61 75
0.6884437799453735 0.5019212961196899 4.2715044021606445 78 61 75
0.6848392486572266 -0.5942314267158508 4.340323448181152 101 70 93
0.6848392486572266 -0.5942314267158508 4.340323448181152 101 70 93
0.6910626888275146 0.08781254291534424 4.2885050773620605 146 126 146
0.6952046751976013 -0.9719283580780029 4.356566905975342 54 41 69
0.6969472169876099 0.7032544612884521 4.241535663604736 108 87 106
0.7003799676895142 0.7602993249893188 4.237820148468018 95 66 85
0.7088809013366699 0.5204716920852661 4.254217147827148 102 78 93
0.707307755947113 0.2735159993171692 4.268454551696777 72 52 71
0.7043982148170471 0.584510087966919 4.2466864585876465 135 117 132
0.7061362862586975 -0.1956995278596878 4.299322605133057 73 52 65
0.7025502920150757 -0.3237905502319336 4.3054518699646 82 60 73
0.7122528553009033 0.40136051177978516 4.256206035614014 110 79 100
0.7181442379951477 0.7176505923271179 4.218921184539795 154 131 148
0.7200108170509338 -0.5908045768737793 4.306656360626221 94 71 94
0.7200108170509338 -0.5908045768737793 4.306656360626221 94 71 94
0.7304143905639648 0.40187868475914 4.2412638664245605 82 56 80
0.7219277620315552 -0.06185651943087578 4.269752025604248 98 76 88
0.7266941666603088 0.7588434219360352 4.212379455566406 97 69 90
0.7297677993774414 0.2898142337799072 4.240511417388916 129 108 125
0.732757568359375 -0.07448916882276535 4.259382247924805 150 136 155
0.7346805930137634 -0.5617111921310425 4.289163112640381 100 73 96
0.744414210319519 0.27877259254455566 4.2322163581848145 134 117 135
0.7343211770057678 -1.1024731397628784 4.322324275970459 139 122 147
0.7372456192970276 0.7591727375984192 4.194888114929199 142 120 138
0.7592543959617615 0.096233069896698 4.242981910705566 136 122 141
0.7419436573982239 -0.09023680537939072 4.251946926116943 97 70 92
0.7344278693199158 -0.9703208208084106 4.308671951293945 70 63 80
0.7465136051177979 0.5050437450408936 4.210958957672119 145 125 144
0.7350972890853882 -0.7723393440246582 4.2906622886657715 106 81 104
0.7434995770454407 -0.31417685747146606 4.261169910430908 138 120 143
0.7368646264076233 -0.7258550524711609 4.287526607513428 97 74 94
0.7448335289955139 -0.6403964161872864 4.283180236816406 153 131 152
0.741223156452179 -0.9034456610679626 4.299209117889404 90 77 103
0.7531076669692993 0.7136521935462952 4.189572811126709 152 130 148
0.7437297105789185 0.24879029393196106 4.216679573059082 161 137 150
0.7672517895698547 0.5924955606460571 4.195765972137451 78 58 67
0.7662100195884705 -0.8346313238143921 4.284654140472412 66 51 74
0.7635893821716309 0.7105886936187744 4.176360130310059 155 137 157
0.760960042476654 0.48957353830337524 4.188302516937256 79 61 77
0.760960042476654 0.48957353830337524 4.188302516937256 79 61 77
0.7700740098953247 0.14505653083324432 4.213052749633789 76 52 66
0.7659791707992554 0.16708098351955414 4.210104942321777 150 124 142
0.768014132976532 -0.7044506669044495 4.264546871185303 89 79 100
0.7883108854293823 0.7170950174331665 4.168752193450928 144 120 137
0.771096408367157 -0.44182705879211426 4.2411980628967285 99 72 91
0.7701461315155029 -0.44167083501815796 4.24082612991333 99 72 91
0.7748353481292725 0.7587360143661499 4.160089015960693 141 133 162
0.7910370826721191 0.7316662669181824 4.14886999130249 82 60 81
0.7956976294517517 0.7391030192375183 4.148821830749512 112 110 130
0.7814900279045105 -1.112403392791748 4.265203475952148 90 79 108
0.7814900279045105 -1.112403392791748 4.265203475952148 90 79 108
0.8040613532066345 0.7325776219367981 4.142820835113525 77 60 79
0.8103969693183899 0.5102131366729736 4.145581245422363 92 69 89
0.8121774196624756 0.5356992483139038 4.142340183258057 90 66 87
0.12632130086421967 0.9322155714035034 3.9825856685638428 158 169 193
0.8156060576438904 0.558275043964386 4.136711120605469 87 64 84
0.8086029291152954 0.4973157048225403 4.136471748352051 150 124 135
0.8343387842178345 0.7344282865524292 4.100747585296631 137 124 148
0.8435454368591309 0.054490529000759125 4.1391706466674805 107 84 107
0.8422955274581909 0.38989946246147156 4.1137800216674805 79 52 65
0.8523110151290894 -1.024625539779663 4.187506198883057 144 124 142
0.7903035283088684 0.8476622104644775 4.05037260055542 25 24 49
0.7872034311294556 0.9163128137588501 4.044041156768799 15 20 30
0.8621792793273926 0.036455146968364716 4.112672328948975 143 123 142
0.8690734505653381 0.5457941293716431 4.0751447677612305 110 78 87
0.7994058728218079 0.8519160747528076 4.0339202880859375 183 204 255
0.8817580342292786 -0.10401235520839691 4.105930805206299 95 70 96
0.8145184516906738 0.8864884972572327 4.025519847869873 175 193 255
0.8395187854766846 0.8567931056022644 4.0005693435668945 20 27 46
0.8395187854766846 0.8567931056022644 4.0005693435668945 20 27 46
0.8847529888153076 0.8360476493835449 3.95308518409729 18 20 49
0.8850648999214172 0.8751518130302429 3.9413938522338867 115 100 136
0.41589146852493286 -0.2953587770462036 4.600581645965576 87 60 76
0.5259926915168762 -0.8299415111541748 4.520404815673828 134 115 133
0.5532539486885071 -0.9622293710708618 4.500234127044678 58 46 70
0.605405867099762 0.07793542742729187 4.384582996368408 79 57 69
0.7882192134857178 -0.8414451479911804 4.253960609436035 68 51 77
0.7882192134857178 -0.8414451479911804 4.253960609436035 68 51 77
-0.9870714545249939 0.34678834676742554 6.049925327301025 82 40 42
-0.2850976884365082 0.461203932762146 4.591413497924805 102 57 71
-0.04956578463315964 0.39348915219306946 4.594045639038086 148 102 121
0.41705450415611267 -0.8172928094863892 4.632850646972656 111 109 123
0.6422279477119446 -1.2203799486160278 4.41023063659668 89 65 91
-0.8426994681358337 0.3033179044723511 5.479217052459717 97 48 65
-0.5252387523651123 0.5833584070205688 5.121964931488037 58 48 59
-0.11400265246629715 0.44636857509613037 5.059459209442139 56 39 50
-0.5717464089393616 -0.9232456684112549 4.918054103851318 148 106 126
0.423297643661499 -0.7729599475860596 4.61777400970459 98 76 88
0.5167719125747681 0.18038596212863922 4.468560695648193 91 65 84
0.5645372271537781 -0.040913183242082596 4.429260730743408 97 68 86
0.7190647125244141 0.5982236266136169 4.225440979003906 96 68 83
-1.5219206809997559 -0.6066159605979919 4.1480560302734375 186 203 249
0.9792718887329102 0.03033364750444889 6.547841548919678 58 32 42
1.105205774307251 -0.835372805595398 6.6045122146606445 118 75 85
-1.2828915119171143 0.5886793732643127 4.880435466766357 117 63 76
0.27510255575180054 -0.6829334497451782 4.809736728668213 113 78 95
0.39254307746887207 -0.6761379241943359 4.668904781341553 90 79 96
0.45579060912132263 -1.1921619176864624 4.626116752624512 137 126 156
1.2289332151412964 -0.0019589706789702177 4.069849014282227 180 198 240
1.2289332151412964 -0.0019589706789702177 4.069849014282227 180 198 240
0.8559260368347168 0.9043772220611572 3.9571075439453125 181 197 255
-1.4721087217330933 -0.08971014618873596 3.9866321086883545 118 123 159
-1.004810094833374 0.5247687697410583 6.103570461273193 42 30 34
-0.5771161913871765 -0.35092467069625854 5.197170734405518 65 29 31
-0.3741239607334137 0.20138247311115265 5.171025276184082 178 173 165
-0.07789795100688934 0.22991926968097687 5.009217262268066 89 43 57
-0.3572770953178406 0.579869270324707 4.916858673095703 93 65 78
-0.26051604747772217 0.4821092188358307 4.870377063751221 57 32 43
-0.018935414031147957 0.17326346039772034 4.932633399963379 93 48 62
0.19195492565631866 -0.9341202974319458 4.943317413330078 107 75 94
-1.345319151878357 0.3727886974811554 4.424939155578613 95 51 66
0.4498921036720276 -0.7781973481178284 4.604362964630127 130 111 129
0.48609697818756104 0.0948113277554512 4.519254684448242 134 121 143
0.0783432126045227 0.38111624121665955 4.446181297302246 141 100 115
0.4945922791957855 -0.92669278383255 4.565485954284668 94 77 97
0.5038163661956787 -0.6908215284347534 4.547454833984375 91 71 86
0.5949280261993408 0.2593380808830261 4.364694595336914 156 134 153
0.6145200729370117 0.5125954151153564 4.345142364501953 96 76 94
0.7225029468536377 -0.19269806146621704 4.279276371002197 57 37 50
0.746848464012146 0.7535427212715149 4.185017108917236 131 119 141
0.8112484216690063 0.2724587619304657 3.901946783065796 176 198 239
0.8097894787788391 0.2725599408149719 3.901160478591919 176 197 239
0.2669105529785156 0.24956943094730377 3.6103835105895996 176 197 238
-1.0741829872131348 0.8726966977119446 7.065306663513184 72 63 81
-1.0097562074661255 0.5824955701828003 6.908473491668701 107 96 126
-0.9514801502227783 0.36784225702285767 6.789173126220703 59 43 54
-0.9341256022453308 0.4025129973888397 6.739240646362305 138 119 136
-0.9179286360740662 0.7221622467041016 6.686548233032227 101 94 115
-0.9137599468231201 0.26633328199386597 6.722424030303955 56 45 53
-0.9137599468231201 0.26633328199386597 6.722424030303955 56 45 53
-0.881631076335907 0.206724613904953 6.639898300170898 84 62 72
-0.8610252141952515 0.350725382566452 6.606979846954346 67 53 73
-0.7956818342208862 -0.006600130349397659 6.461169719696045 83 63 75
-0.7956818342208862 -0.006600130349397659 6.461169719696045 83 63 75
-1.0104197263717651 0.5390158891677856 6.061161518096924 105 97 115
-0.6714322566986084 0.30874353647232056 5.932766437530518 67 28 38
-0.8545001745223999 0.5927096009254456 5.771720886230469 63 35 40
-0.8323100209236145 0.5031363368034363 5.743134498596191 59 48 51
-0.8152188658714294 0.49674344062805176 5.706935405731201 138 87 98
-0.5516002774238586 0.16063614189624786 5.723733901977539 66 30 42
0.9331216216087341 0.6757907867431641 6.230286598205566 94 49 62
-0.5789246559143066 0.12768028676509857 5.59753942489624 138 80 92
-0.6424902081489563 -0.24990011751651764 5.587846755981445 118 75 92
-0.5498120188713074 0.172433003783226 5.54728889465332 64 36 42
-0.6457718014717102 0.4804435670375824 5.431179046630859 99 54 73
-0.5880722999572754 0.4205901324748993 5.438563823699951 80 42 48
-0.5880722999572754 0.4205901324748993 5.438563823699951 80 42 48
0.11077333986759186 0.579321026802063 5.581168174743652 82 48 65
-0.423038512468338 -0.49429094791412354 5.3786163330078125 77 37 52
-0.5125091075897217 0.19203625619411469 5.236695766448975 147 134 108
-0.3671150207519531 -0.42889660596847534 5.29199743270874 63 32 39
-0.35812127590179443 -0.40024256706237793 5.2829389572143555 64 29 33
-0.36317914724349976 -0.5481911897659302 5.289259433746338 68 37 47
-0.5126765966415405 0.5975131392478943 5.124073505401611 67 54 65
-1.2962911128997803 -0.1650208979845047 4.950680255889893 125 81 101
-0.4079839587211609 0.5078697204589844 5.0699872970581055 82 43 57
-0.4079839587211609 0.5078697204589844 5.0699872970581055 82 43 57
-1.2795536518096924 0.717424213886261 4.824653148651123 87 37 51
-0.3614095151424408 0.5816428661346436 4.915994167327881 93 65 78
-1.1702821254730225 0.7962384819984436 4.66134786605835 86 35 54
-1.1702821254730225 0.7962384819984436 4.66134786605835 86 35 54
0.02144286036491394 0.10256524384021759 4.887941360473633 88 42 55
-0.193599134683609 0.4944884777069092 4.785210609436035 100 61 80
0.1918189525604248 -0.512996256351471 4.905879497528076 99 71 94
-0.16819962859153748 0.425832062959671 4.754881858825684 91 47 64
0.2669876217842102 -0.40700727701187134 4.808217525482178 72 55 71
0.2669876217842102 -0.40700727701187134 4.808217525482178 72 55 71
0.00020133382349740714 -0.2977501153945923 4.764256954193115 146 114 136
-1.0851324796676636 0.8420857191085815 4.544627666473389 95 58 81
0.2999940514564514 -0.5099523663520813 4.7743353843688965 147 132 157
0.3048112690448761 -0.7599459290504456 4.773300647735596 106 78 99
-1.049558162689209 0.6881561279296875 4.50847053527832 96 43 59
-0.03158026933670044 0.40604275465011597 4.598267078399658 54 39 44
-0.01882247067987919 0.4788796901702881 4.569120407104492 99 61 78
0.4697430431842804 -0.886792778968811 4.6015238761901855 145 121 145
0.4868766963481903 -0.035139452666044235 4.524884223937988 94 71 98
0.4866035282611847 -1.0893610715866089 4.591247081756592 92 73 93
0.5032210946083069 0.12828846275806427 4.4970574378967285 93 68 91
0.5309278964996338 -0.18020392954349518 4.4862213134765625 67 46 55
0.5550151467323303 0.07164168357849121 4.439173698425293 92 64 78
0.5656839609146118 -0.29464688897132874 4.459704875946045 147 128 148
0.5565599203109741 -0.9044334888458252 4.49940299987793 86 63 83
0.5939230918884277 -1.1982208490371704 4.469361305236816 78 62 91
0.5996605753898621 -0.9624204039573669 4.4515910148620605 73 48 77
0.602924108505249 -0.5522087216377258 4.419310092926025 107 79 96
0.622967004776001 -0.316659152507782 4.394278049468994 87 62 76
0.6413018107414246 0.5033778548240662 4.319106101989746 85 65 77
0.6622361540794373 0.5588534474372864 4.294126987457275 95 71 93
0.7154015898704529 0.508724570274353 4.235867023468018 96 72 93
0.6959547400474548 -1.1072406768798828 4.349845886230469 97 72 101
0.6993727087974548 -0.6827503442764282 4.314437389373779 148 131 153
0.7553192973136902 0.12153267860412598 4.214808940887451 88 65 85
0.7553192973136902 0.12153267860412598 4.214808940887451 88 65 85
0.7754642367362976 0.3981223702430725 4.178064346313477 95 70 90
0.7754642367362976 0.3981223702430725 4.178064346313477 95 70 90
0.8200915455818176 0.13746632635593414 4.143678665161133 118 89 112
0.8410208821296692 -0.8650871515274048 4.177961349487305 153 131 153
0.8060561418533325 0.8885433077812195 4.022615909576416 177 196 255
0.8060561418533325 0.8885433077812195 4.022615909576416 177 196 255
0.6316226720809937 -0.2808678150177002 3.8707711696624756 115 122 159
0.8688625693321228 -0.5683494806289673 3.8568003177642822 181 202 246
0.8733399510383606 -0.5781997442245483 3.853111982345581 143 141 178
0.2220686674118042 0.17487522959709167 3.703477382659912 115 119 168
0.21801112592220306 -0.30123642086982727 3.73075270652771 154 168 200
0.12439209222793579 -0.49608510732650757 3.6627259254455566 186 187 191
-1.0865029096603394 0.873009204864502 7.075160980224609 127 117 142
-1.0826183557510376 -0.1883639395236969 7.153119087219238 126 112 137
-1.081085443496704 -0.06404612958431244 7.14384651184082 111 106 128
-1.0985147953033447 1.127486228942871 7.033867835998535 131 119 136
-1.0734243392944336 -0.05932947248220444 7.141438961029053 62 56 82
-1.0823230743408203 0.8727357983589172 7.058175563812256 115 113 139
-1.071799397468567 -0.09410440921783447 7.143023490905762 64 61 84
-1.0654202699661255 -0.05356062948703766 7.133610725402832 123 116 142
-1.0679540634155273 0.5109190940856934 7.082351207733154 78 64 81
-1.064464807510376 -0.09517683833837509 7.1306376457214355 29 30 42
-1.113248586654663 1.1757290363311768 6.978301048278809 123 113 122
-1.0639843940734863 -0.07348978519439697 7.115450859069824 54 54 67
-1.0641326904296875 -0.19926145672798157 7.1180419921875 61 49 63
-1.0679270029067993 0.8698564171791077 7.027624130249023 127 114 132
-1.0521751642227173 -0.05825131759047508 7.084059238433838 69 57 79
-1.1065465211868286 1.1809041500091553 6.931604862213135 57 57 58
-1.0568571090698242 0.8741592168807983 6.990664958953857 57 52 59
-1.044251799583435 0.28513631224632263 7.046248435974121 48 41 61
-1.0463889837265015 0.5066530108451843 7.025217056274414 67 57 82
-1.0478579998016357 0.8321481943130493 6.990718841552734 127 123 146
-1.0478579998016357 0.8321481943130493 6.990718841552734 127 123 146
-1.0465176105499268 -0.2096920609474182 7.0719895362854 124 106 125
-1.0437983274459839 0.5054203867912292 7.011991500854492 76 63 86
-1.0437983274459839 0.5054203867912292 7.011991500854492 76 63 86
-1.0394469499588013 -0.191786527633667 7.053097724914551 128 112 135
-1.040254831314087 -0.07510150969028473 7.039259433746338 132 119 144
-1.0306845903396606 0.8840187788009644 6.958737850189209 119 105 124
-1.02205491065979 0.39980265498161316 6.972266674041748 121 116 139
-1.0252591371536255 0.4127427339553833 6.965345859527588 75 66 90
-1.02523672580719 -0.07071073353290558 7.001558303833008 128 114 139
-1.0199499130249023 0.44080764055252075 6.952090263366699 119 113 138
-1.0147387981414795 0.10959787666797638 6.980187892913818 68 55 80
-1.0157049894332886 -0.0176825113594532 6.988975524902344 84 69 82
-1.0157049894332886 -0.0176825113594532 6.988975524902344 84 69 82
-1.0212410688400269 0.5763989686965942 6.935502529144287 104 95 124
-1.0253623723983765 -0.33228248357772827 7.001068592071533 120 102 125
-1.0217559337615967 0.505954921245575 6.931666374206543 68 61 101
-1.0196336507797241 -0.3212912082672119 6.991856098175049 73 58 83
-1.0196336507797241 -0.3212912082672119 6.991856098175049 73 58 83
-1.0198898315429688 -0.3006058633327484 6.989935398101807 69 55 87
-1.0198898315429688 -0.3006058633327484 6.989935398101807 69 55 87
-1.0122686624526978 0.4270956516265869 6.93484354019165 18 22 35
-1.013793706893921 0.4099927842617035 6.931556701660156 117 106 129
-1.005147099494934 0.2758242189884186 6.942040920257568 73 59 82
-1.0059276819229126 0.7092999219894409 6.888913631439209 79 74 99
-1.0151095390319824 1.0937219858169556 6.849220275878906 125 122 133
-1.0075753927230835 1.0871204137802124 6.851470947265625 55 54 71
-1.002140760421753 -0.19684627652168274 6.953703880310059 130 120 145
-1.005162239074707 0.8383124470710754 6.867194175720215 126 116 141
-0.9995414018630981 1.004191517829895 6.857579231262207 118 115 138
-0.9970118403434753 0.6499478816986084 6.877594470977783 59 47 64
-1.0555987358093262 1.167314887046814 6.791273593902588 52 53 53
-0.995471715927124 0.9930673241615295 6.847737789154053 63 54 68
-0.9909737706184387 -0.045223597437143326 6.929378032684326 125 104 125
-0.9959334135055542 0.5377074480056763 6.874051094055176 163 180 250
-0.9959334135055542 0.5377074480056763 6.874051094055176 163 180 250
-0.9943118095397949 -0.19451658427715302 6.933322906494141 115 105 136
-0.9969258308410645 0.44808685779571533 6.879556655883789 173 190 254
-0.9983195066452026 0.7566834092140198 6.850772857666016 124 115 148
-0.9938561916351318 0.6441185474395752 6.852834701538086 77 69 84
-0.9825592637062073 -0.03863076493144035 6.914821147918701 33 32 47
-0.996527373790741 1.0907994508743286 6.813037395477295 128 120 136
-0.9859612584114075 0.10200507938861847 6.892264366149902 57 46 57
-0.9818817973136902 -0.012216662988066673 6.9036946296691895 72 59 74
-0.9890864491462708 1.0781816244125366 6.8047380447387695 65 56 65
-0.9876681566238403 0.7222452163696289 6.832639217376709 127 114 132
-0.9876681566238403 0.7222452163696289 6.832639217376709 127 114 132
-0.981404721736908 0.9824174642562866 6.816139221191406 50 43 53
-0.9837092161178589 0.4051099121570587 6.857349872589111 121 102 116
-0.9812238216400146 0.6414772868156433 6.838472366333008 58 50 67
-1.0453696250915527 1.1593798398971558 6.7471089363098145 52 52 55
-0.986694872379303 0.8486016988754272 6.8094024658203125 81 70 87
-0.982841432094574 -0.21897046267986298 6.894745349884033 126 102 125
-0.9784349799156189 0.6375815272331238 6.823561668395996 48 35 46
-1.036641001701355 1.1960217952728271 6.737513065338135 45 38 49
-0.9817329049110413 0.8397512435913086 6.8017730712890625 119 112 136
-0.9767886996269226 0.5747715830802917 6.814518928527832 113 102 127
-0.9761817455291748 -0.19333598017692566 6.8743510246276855 132 111 135
-0.9712219834327698 0.41083523631095886 6.824164867401123 112 97 112
-0.9717682003974915 0.7240049242973328 6.7882304191589355 72 63 81
-0.9705948233604431 1.0787670612335205 6.758217811584473 54 54 63
-0.9573403596878052 0.6237918734550476 6.797825813293457 46 37 54
-0.9573403596878052 0.6237918734550476 6.797825813293457 46 37 54
-0.9570696353912354 0.5401676893234253 6.800660133361816 51 43 55
-0.9670734405517578 -0.3552928864955902 6.862297058105469 126 108 127
-0.9648548364639282 -0.14904917776584625 6.843647003173828 103 84 106
-0.9648548364639282 -0.14904917776584625 6.843647003173828 103 84 106
-0.9574595093727112 0.35234764218330383 6.805153846740723 108 87 100
-0.9556756019592285 0.6170146465301514 6.783273220062256 116 103 120
-1.0197263956069946 1.1928691864013672 6.690293312072754 29 30 32
-0.9586731791496277 -0.19752630591392517 6.84234619140625 137 116 136
-0.9552378058433533 0.5490831732749939 6.781347274780273 122 107 128
-0.9571889042854309 0.8462427258491516 6.756014823913574 64 56 69
-0.9570202231407166 0.6227567195892334 6.769012928009033 53 43 54
-0.9561964273452759 0.719154953956604 6.752670764923096 105 97 111
-0.9476544857025146 -0.19648952782154083 6.830721855163574 64 56 82
-0.9492233395576477 -0.09417476505041122 6.8185224533081055 57 50 73
-0.9492233395576477 -0.09417476505041122 6.8185224533081055 57 50 73
-0.9472722411155701 -0.15560828149318695 6.824467182159424 72 55 79
-0.9456140398979187 -0.0052038440480828285 6.8125786781311035 68 52 66
-0.9469265937805176 -0.1252126842737198 6.820125579833984 58 47 67
-0.9488496780395508 0.841088056564331 6.74127721786499 44 40 53
-0.9473894834518433 0.09884046018123627 6.800673961639404 65 47 60
-0.9435027241706848 -0.07841754704713821 6.8170084953308105 37 29 44
-0.9469304084777832 -0.1895347237586975 6.817502975463867 129 106 130
-0.9432823061943054 -0.011377362534403801 6.7962799072265625 61 47 60
-0.9411159157752991 0.28137198090553284 6.765506267547607 84 62 70
-0.93340003490448 0.09393887966871262 6.783255577087402 79 66 76
-0.9382107257843018 0.7338358759880066 6.727035999298096 112 106 128
-0.9343087673187256 0.4862910211086273 6.748982906341553 124 115 139
-0.943916916847229 0.7217839360237122 6.72056770324707 59 48 61
-0.9309279918670654 0.24939244985580444 6.756972312927246 131 114 133
-0.9385436177253723 0.40016743540763855 6.736347675323486 138 119 136
-0.922500729560852 0.4794982671737671 6.733089923858643 104 96 115
-0.9150011539459229 0.6219958066940308 6.697172164916992 52 42 52
-0.9251694679260254 -0.36976996064186096 6.767978668212891 70 64 96
-0.9250640273094177 -0.2086101472377777 6.753739833831787 140 121 140
-0.9214692115783691 0.49921727180480957 6.685782432556152 121 106 128
-0.9160109162330627 -0.08362510800361633 6.732897758483887 113 90 103
-0.9722886085510254 1.1400213241577148 6.595800399780273 34 36 41
-0.9094241857528687 0.8469988107681274 6.65941047668457 51 43 53
-0.911892831325531 0.47474756836891174 6.685790061950684 59 42 60
-0.9092140197753906 0.8330622911453247 6.658064365386963 118 101 116
-0.9125103950500488 -0.35551369190216064 6.748996734619141 53 41 56
-0.9122840166091919 0.15755055844783783 6.7085652351379395 114 93 114
-0.9083878397941589 0.5249998569488525 6.681762218475342 63 47 51
-0.9133478403091431 0.991303026676178 6.639340877532959 112 94 109
-0.9045372605323792 0.4583379328250885 6.678544044494629 53 37 53
-0.9069982171058655 -0.05997302755713463 6.70944881439209 121 102 129
-0.9080507159233093 0.7100890874862671 6.646556377410889 53 42 52
-0.9046444296836853 0.20665618777275085 6.686245918273926 80 58 80
-0.9004121422767639 0.37789386510849 6.66959810256958 55 43 56
-0.9007326364517212 0.4231451749801636 6.6656012535095215 28 24 33
-0.8970320224761963 0.4655706584453583 6.657847881317139 54 38 54
-0.8973966836929321 0.4655875861644745 6.657485485076904 54 38 54
-0.8981435894966125 0.45896264910697937 6.655400276184082 107 93 110
-0.9004846811294556 -0.0043771215714514256 6.6895270347595215 132 116 136
-0.89424067735672 0.47526445984840393 6.6528120040893555 113 105 126
-0.8886603116989136 -0.01859920844435692 6.694202423095703 70 57 68
-0.8959289789199829 0.8285983204841614 6.621580123901367 112 98 116
-0.8924313187599182 0.7072629332542419 6.631778717041016 67 54 64
-0.8895441293716431 0.8403298854827881 6.618035793304443 46 40 46
-0.8895441293716431 0.8403298854827881 6.618035793304443 46 40 46
-0.8966413140296936 0.1855083853006363 6.663249492645264 95 71 93
-0.9463682174682617 1.1155798435211182 6.555805206298828 103 93 103
-0.8964669108390808 0.19073574244976044 6.660308837890625 135 111 127
-0.8964669108390808 0.19073574244976044 6.660308837890625 135 111 127
-0.8956159949302673 0.11907807737588882 6.66196870803833 124 110 133
-0.8838917016983032 -0.0804286077618599 6.68508243560791 56 43 53
-0.8889748454093933 0.46623125672340393 6.631104946136475 61 44 62
-0.883461058139801 -0.36046135425567627 6.695494651794434 60 40 44
-0.8902778625488281 -0.38251087069511414 6.690127849578857 130 111 131
-0.8878829479217529 -0.05405018851161003 6.665031433105469 123 101 124
-0.8815155625343323 0.4744800925254822 6.627635955810547 126 116 135
-0.8856149315834045 0.5460862517356873 6.6192240715026855 121 100 118
-0.8869189620018005 0.9685454964637756 6.584235191345215 49 38 49
-0.8833944797515869 -0.2237858921289444 6.672595500946045 65 52 73
-0.8864071369171143 -0.2343112677335739 6.669762134552002 136 112 128
-0.8817756175994873 0.6468672752380371 6.591943740844727 46 33 42
-0.8740382194519043 0.8223687410354614 6.58173942565918 99 92 108
-0.8818536400794983 -0.37004315853118896 6.669222831726074 123 98 121
-0.8747661113739014 0.7439175844192505 6.584458827972412 113 90 104
-0.8733091950416565 0.831106424331665 6.573974132537842 41 33 39
-0.8733091950416565 0.831106424331665 6.573974132537842 41 33 39
-0.8748299479484558 0.6079131960868835 6.589309215545654 46 34 44
-0.8786956667900085 0.5386047959327698 6.591538429260254 114 99 119
-0.8715610504150391 0.5259867906570435 6.5810089111328125 50 37 45
-0.8711475729942322 -0.3590776026248932 6.650136947631836 80 54 67
-0.8595792055130005 -0.08246045559644699 6.633449554443359 64 48 61
-0.86947101354599 0.6035507917404175 6.5667548179626465 58 44 60
-0.8624657988548279 0.8315420150756836 6.546463489532471 109 92 110
-0.8574613928794861 -0.4600842595100403 6.634983062744141 129 114 140
-0.8569158911705017 0.4713842570781708 6.562441349029541 114 98 118
-0.855715274810791 -0.38367336988449097 6.625192642211914 68 54 69
-0.855715274810791 -0.38367336988449097 6.625192642211914 68 54 69
-0.8495886921882629 0.4550626277923584 6.5549821853637695 39 27 33
-0.8517377376556396 0.11632494628429413 6.574578285217285 47 33 48
-0.852920651435852 -0.3855665922164917 6.6105828285217285 131 110 130
-0.8487456440925598 -0.09448390454053879 6.581967353820801 107 93 111
-0.8437892198562622 0.7828475832939148 6.5105695724487305 91 84 102
-0.8472463488578796 0.7450848817825317 6.509510040283203 43 34 48
-0.8374806046485901 0.1476893275976181 6.560361385345459 31 22 28
-0.8441747426986694 -0.37462323904037476 6.595333099365234 127 100 117
-0.8362314701080322 -0.08827389776706696 6.5777907371521 47 36 47
-0.8403794765472412 0.6097497940063477 6.520375728607178 101 91 108
-0.8394224643707275 0.037943605333566666 6.564868450164795 51 42 58
-0.8406634330749512 -0.352676659822464 6.591782569885254 124 110 134
-0.8846275210380554 1.0860865116119385 6.45043420791626 54 49 65
-0.8304329514503479 0.07653434574604034 6.559869766235352 61 45 62
-0.8396170139312744 -0.20828232169151306 6.572849750518799 129 107 130
-0.8413108587265015 -0.4747374355792999 6.592156410217285 59 41 60
-0.835841178894043 0.5274666547775269 6.516542434692383 51 40 48
-0.8386862874031067 -0.1360710710287094 6.564316272735596 135 116 135
-0.8371274471282959 -0.3648448586463928 6.575087547302246 75 50 65
-0.8371274471282959 -0.3648448586463928 6.575087547302246 75 50 65
-0.8352141380310059 -0.19109885394573212 6.556064605712891 76 68 90
-0.8352141380310059 -0.19109885394573212 6.556064605712891 76 68 90
-0.8333705067634583 0.07538369297981262 6.53542423248291 63 46 59
-0.8336049318313599 -0.13366521894931793 6.551509857177734 65 50 72
-0.8362968564033508 -0.09627875685691833 6.546548366546631 60 52 63
-0.8283140063285828 -0.003675879677757621 6.5392889976501465 138 118 137
-0.8280682563781738 0.7008363008499146 6.481765270233154 82 80 91
-0.8291066288948059 -0.11049392074346542 6.532444953918457 132 107 122
-0.8151114583015442 0.6054782271385193 6.484302520751953 100 92 107
-0.8162981271743774 0.5919342637062073 6.481457710266113 36 26 31
-0.8227323889732361 -0.3639791011810303 6.547796249389648 69 48 60
-0.8243585228919983 0.4237324595451355 6.484911918640137 103 88 109
-0.8153504133224487 0.06790242344141006 6.512335777282715 74 56 70
-0.8153504133224487 0.06790242344141006 6.512335777282715 74 56 70
-0.8238916993141174 -0.30059537291526794 6.535585880279541 99 67 78
-0.8238916993141174 -0.30059537291526794 6.535585880279541 99 67 78
-0.8238916993141174 -0.30059537291526794 6.535585880279541 99 67 78
-0.8267214298248291 -0.005270055495202541 6.50923490524292 127 107 127
-0.8705214858055115 1.0935249328613281 6.388154983520508 88 78 85
-0.8400378227233887 1.0570646524429321 6.407224655151367 103 84 96
-0.8135300278663635 -0.22948162257671356 6.518191337585449 65 44 59
-0.8093805313110352 0.40863198041915894 6.4601359367370605 37 28 36
-0.8017833232879639 0.07289238274097443 6.4734296798706055 63 47 60
-0.8033671379089355 -0.22927723824977875 6.4921488761901855 63 46 56
-0.8061200976371765 -0.22021257877349854 6.489253520965576 140 121 136
-0.8043472170829773 -0.014190063811838627 6.472395420074463 128 112 136
-0.7987780570983887 -0.4800770580768585 6.507501125335693 125 107 128
-0.8011391758918762 0.22601725161075592 6.4416303634643555 129 107 127
-0.7994701862335205 0.564725399017334 6.414497375488281 59 37 46
-0.7925906181335449 0.9563787579536438 6.386585712432861 28 24 26
-0.7925906181335449 0.9563787579536438 6.386585712432861 28 24 26
-0.7941898703575134 0.23788398504257202 6.439143657684326 65 48 55
-0.7983587384223938 -0.017591971904039383 6.455801486968994 69 48 61
-0.7844891548156738 -0.48654407262802124 6.486301422119141 64 50 61
-0.7848008275032043 -0.2310212254524231 6.456824779510498 79 56 67
-0.7809460759162903 0.4477187395095825 6.399816989898682 58 42 53
-0.7880808115005493 -0.22111910581588745 6.445784568786621 141 120 135
-0.778249979019165 -0.003345333505421877 6.431159019470215 75 53 73
-0.7781573534011841 -0.08928214013576508 6.435607433319092 80 59 74
-0.7785273790359497 0.005689624231308699 6.424470901489258 130 108 132
-0.7775492668151855 -0.09564275294542313 6.428629398345947 139 122 134
-0.7775492668151855 -0.09564275294542313 6.428629398345947 139 122 134
-0.7785033583641052 -0.49554312229156494 6.4552202224731445 62 54 68
-0.7683860063552856 -0.016639558598399162 6.4212117195129395 60 43 49
-0.7741415500640869 -0.5702580809593201 6.454269886016846 69 59 71
-0.7726450562477112 0.0033869200851768255 6.4067535400390625 137 118 136
-0.7771918177604675 -0.4919709265232086 6.440321922302246 121 104 120
-0.7686744332313538 -0.33332356810569763 6.424964427947998 77 58 73
-0.7554906010627747 -0.4860824644565582 6.406540870666504 57 46 65
-1.0866966247558594 1.0378621816635132 6.084039688110352 145 99 120
-0.7462056279182434 -0.5442317724227905 6.387730121612549 123 104 122
-0.7433562278747559 -0.5286849737167358 6.382636070251465 73 61 71
-0.7406541109085083 -0.5528658032417297 6.385054588317871 74 56 75
-0.7415124177932739 -0.23048748075962067 6.359155178070068 90 68 81
-0.7414790391921997 -0.5757523775100708 6.383251667022705 83 61 77
-0.7393797636032104 -0.582436740398407 6.381616115570068 133 112 127
-0.7393797636032104 -0.582436740398407 6.381616115570068 133 112 127
-0.7384494543075562 -0.5903159379959106 6.381748676300049 76 57 75
-0.7384494543075562 -0.5903159379959106 6.381748676300049 76 57 75
-1.064892053604126 1.010548710823059 6.068836688995361 143 101 121
-1.0469648838043213 0.6666336059570312 6.102682113647461 138 96 111
-0.7298473119735718 -0.6346899271011353 6.362226963043213 130 102 120
-0.7234460115432739 -0.4782867431640625 6.3459882736206055 77 59 80
-1.0360441207885742 0.8297649621963501 6.077050685882568 109 63 74
-1.0778309106826782 1.0982069969177246 6.019286632537842 95 65 73
-0.7135222554206848 -0.6162530183792114 6.341754913330078 121 111 135
-1.0265837907791138 0.5161603093147278 6.088435649871826 121 78 88
-1.070149302482605 1.0553107261657715 6.015526294708252 98 76 85
-0.7180423140525818 -0.5603281855583191 6.323376178741455 97 63 80
-0.7067903876304626 -0.46657392382621765 6.317076683044434 61 47 72
-1.0233803987503052 0.5714051723480225 6.071440696716309 119 77 85
-0.9106443524360657 0.3969050645828247 6.1429924964904785 155 101 118
-0.7053273320198059 -0.4507733881473541 6.310891151428223 68 53 77
-0.70717453956604 -0.4683555066585541 6.3081865310668945 119 96 116
-1.029618740081787 0.8526769280433655 6.037499904632568 40 27 31
-1.029618740081787 0.8526769280433655 6.037499904632568 40 27 31
-0.7002790570259094 -0.4352303743362427 6.305776119232178 128 118 142
-0.7071319222450256 -0.4770392179489136 6.30488920211792 74 52 66
-0.6966083645820618 -0.2274634689092636 6.289726734161377 77 59 79
-0.700274646282196 -0.4508075416088104 6.300004959106445 119 102 121
-0.7023084163665771 -0.45035526156425476 6.298280715942383 119 102 121
-0.7023084163665771 -0.45035526156425476 6.298280715942383 119 102 121
-1.0156519412994385 0.5393809080123901 6.058478355407715 105 97 115
-1.0352452993392944 0.9245020747184753 6.017826557159424 52 37 45
-1.0153197050094604 0.5966792702674866 6.052924156188965 42 28 28
-1.0439984798431396 0.7290903329849243 6.021143436431885 55 40 36
-1.0117254257202148 0.6487932801246643 6.0411224365234375 68 52 56
-0.9462124705314636 0.46714797616004944 6.0867018699646 85 61 57
-1.0257302522659302 1.0027717351913452 5.99905252456665 125 89 102
-0.8574004173278809 0.18080668151378632 6.145247459411621 114 72 92
-0.68746417760849 -0.22967632114887238 6.2613420486450195 65 46 61
-0.8789106607437134 0.11106591671705246 6.134809494018555 49 26 34
-0.6915396451950073 -0.45822083950042725 6.273418426513672 145 120 134
-0.9981318712234497 0.591217041015625 6.027958869934082 71 37 49
-0.6851500868797302 -0.6050377488136292 6.272052764892578 90 63 74
-0.8570510745048523 0.12258776277303696 6.124172687530518 53 24 26
-0.9925662875175476 0.5780709385871887 6.017427444458008 66 43 53
-0.8522322177886963 0.26526162028312683 6.110591888427734 134 77 92
-0.8677181601524353 0.3325742185115814 6.0939741134643555 122 85 98
-0.6797372102737427 -0.6018324494361877 6.258632183074951 92 62 71
-0.6766096353530884 -0.2609208822250366 6.229666709899902 146 119 136
-0.995890200138092 0.9963882565498352 5.948544025421143 125 85 100
-0.8190911412239075 0.28500279784202576 6.08489990234375 136 94 112
-0.8464694619178772 0.29996755719184875 6.061214923858643 98 58 80
-0.9759289026260376 0.5036073327064514 5.981706142425537 131 89 101
-0.9684092998504639 0.5157924294471741 5.973363399505615 48 26 31
-0.6463186740875244 -0.4767416715621948 6.202000141143799 60 43 60
-1.0055744647979736 1.0729938745498657 5.892371654510498 39 36 31
-0.9514011144638062 0.5509130954742432 5.950893402099609 43 41 44
-0.6383556127548218 -0.7778317928314209 6.191000461578369 139 115 131
-0.6296278834342957 -0.4762358069419861 6.16940975189209 75 55 74
-0.8913080096244812 0.4586085379123688 5.965470314025879 85 57 59
-0.9944847822189331 1.0099949836730957 5.873796463012695 125 84 101
-0.7381148338317871 0.21258024871349335 6.0533223152160645 52 24 32
-0.9674804210662842 0.9989710450172424 5.875254154205322 59 43 50
-0.6260039806365967 -0.7746689319610596 6.170982360839844 78 58 72
-0.9500756859779358 0.8416746258735657 5.890447616577148 49 24 30
-0.6186401844024658 -0.46566206216812134 6.1439642906188965 119 101 120
-0.6211947798728943 -0.6952833533287048 6.1536078453063965 136 119 138
-0.6273018717765808 -0.7092693448066711 6.1475982666015625 89 61 73
-0.6185460686683655 -0.7453387379646301 6.1476616859436035 110 76 90
-0.6185460686683655 -0.7453387379646301 6.1476616859436035 110 76 90
-0.612645149230957 -0.6043187379837036 6.137966156005859 83 62 79
-0.6152454614639282 -0.7903343439102173 6.141905307769775 104 72 91
-0.6084426045417786 -0.3632794916629791 6.1113762855529785 52 38 44
-0.9317784309387207 0.8868228793144226 5.852966785430908 26 21 21
-0.7298123836517334 0.10241271555423737 6.005163192749023 76 30 32
-0.9245456457138062 0.4963394105434418 5.884889125823975 140 93 111
-0.6019033193588257 -0.6938976645469666 6.114364147186279 86 70 88
-0.6019033193588257 -0.6938976645469666 6.114364147186279 86 70 88
-0.6016881465911865 -0.7177069783210754 6.109967231750488 139 119 139
-0.5963939428329468 -0.7109833359718323 6.107881546020508 88 72 99
-0.5963939428329468 -0.7109833359718323 6.107881546020508 88 72 99
-1.0689970254898071 0.614594042301178 5.791802883148193 134 83 89
-0.9097148776054382 0.5465019941329956 5.868181228637695 136 86 101
-0.7205347418785095 0.07824096828699112 5.987290859222412 77 31 34
-0.7020816206932068 0.31068184971809387 5.976405620574951 50 24 30
-0.9054633378982544 0.6071004867553711 5.860989570617676 87 50 63
-1.0021461248397827 1.1158663034439087 5.772890090942383 45 47 67
-0.6893894076347351 0.25507500767707825 5.973940372467041 46 25 32
-0.7586838006973267 -0.17380672693252563 5.9747514724731445 72 37 49
-0.7586838006973267 -0.17380672693252563 5.9747514724731445 72 37 49
-0.7148895859718323 0.03111160919070244 5.971465110778809 80 42 55
-0.5816289186477661 -0.7687762975692749 6.087179660797119 67 45 65
-0.7197347283363342 -0.15021419525146484 5.970700263977051 83 35 47
-0.7451238036155701 -0.24221181869506836 5.954522609710693 57 24 29
-0.7013627290725708 -0.054890599101781845 5.957305908203125 82 38 51
-0.7013627290725708 -0.054890599101781845 5.957305908203125 82 38 51
-0.6955550909042358 -0.09856690466403961 5.957479000091553 85 39 49
-0.6955550909042358 -0.09856690466403961 5.957479000091553 85 39 49
-0.7107398509979248 -0.21014021337032318 5.955617427825928 72 28 37
-0.8843266367912292 0.4810924828052521 5.8267011642456055 137 90 106
-0.6946858167648315 -0.1511111557483673 5.957850933074951 125 74 86
-0.673500657081604 0.3065480887889862 5.931942939758301 67 28 38
-0.697482705116272 -0.17747406661510468 5.955028533935547 61 28 38
-0.6703802347183228 0.1532244235277176 5.931890964508057 51 26 31
-0.6913071274757385 -0.18664182722568512 5.94773530960083 125 73 86
-0.6913071274757385 -0.18664182722568512 5.94773530960083 125 73 86
-0.8773849606513977 0.5639544129371643 5.805196762084961 59 35 41
-0.8723917007446289 0.5636903047561646 5.7941155433654785 141 89 101
-0.8723917007446289 0.5636903047561646 5.7941155433654785 141 89 101
-0.6599864363670349 0.16829070448875427 5.914716720581055 56 30 35
-0.6599864363670349 0.16829070448875427 5.914716720581055 56 30 35
-0.8682841062545776 0.4676543176174164 5.801194667816162 142 96 116
-0.8614891767501831 0.5397995114326477 5.779377460479736 143 92 104
-0.6711735129356384 -0.2442948818206787 5.911750316619873 112 61 68
-0.6711735129356384 -0.2442948818206787 5.911750316619873 112 61 68
-0.5368996858596802 -0.881797730922699 6.011030197143555 49 36 61
-0.5378162860870361 -0.8910046815872192 6.010346412658691 60 43 70
-0.5358760356903076 -0.8853726387023926 6.0036115646362305 115 98 120
-0.8498159646987915 0.5696713328361511 5.761198997497559 93 46 63
-0.6645775437355042 -0.2553316354751587 5.900270938873291 111 63 67
-0.8460704684257507 0.5563284158706665 5.7534260749816895 92 49 60
-0.6419863700866699 0.09942600131034851 5.870077610015869 58 32 42
-0.628272294998169 -0.10478551685810089 5.875333786010742 60 31 40
-0.6205025315284729 -0.01607784442603588 5.852636814117432 58 32 41
-0.6162104606628418 0.2520548105239868 5.832974433898926 54 26 30
-0.6188476085662842 -0.08572989702224731 5.855021953582764 54 28 35
-0.6041701436042786 0.16978196799755096 5.8330583572387695 66 24 22
-0.6538440585136414 0.13989630341529846 5.810120582580566 131 76 84
-0.8217657804489136 0.5757975578308105 5.708642959594727 107 61 78
-0.6519060730934143 0.14866921305656433 5.807152271270752 65 23 30
-0.7001739144325256 -0.5289865732192993 5.836421012878418 63 34 47
-0.6097562313079834 -0.035649623721838 5.835087299346924 83 39 41
-0.6390991806983948 -0.15650738775730133 5.827082633972168 55 24 30
-0.8165935277938843 0.4971039593219757 5.706390380859375 138 87 98
-0.8165935277938843 0.4971039593219757 5.706390380859375 138 87 98
-0.6071739196777344 -0.06355020403862 5.831668853759766 84 43 53
-0.649009108543396 0.1471620798110962 5.7973527908325195 120 70 76
-0.6124757528305054 -0.049863092601299286 5.826352596282959 134 85 97
-0.6193017363548279 0.06324531137943268 5.81238317489624 150 93 109
-0.6193017363548279 0.06324531137943268 5.81238317489624 150 93 109
-1.0660481452941895 0.6148680448532104 5.588794231414795 157 117 136
-0.620189905166626 -0.28034332394599915 5.825201034545898 116 66 75
-0.8095516562461853 0.5065913796424866 5.688021183013916 143 94 115
-0.5936018824577332 -0.08798086643218994 5.811432838439941 63 33 41
-0.6080094575881958 -0.273048996925354 5.818554878234863 60 27 30
-0.6149551272392273 -0.35808995366096497 5.817205429077148 69 34 47
-0.6161525845527649 -0.3761184811592102 5.8169684410095215 77 39 52
-0.6161525845527649 -0.3761184811592102 5.8169684410095215 77 39 52
-0.5918188095092773 -0.25653690099716187 5.812027931213379 68 31 39
-0.7957130670547485 0.5018671154975891 5.674222946166992 92 49 63
-0.5849668979644775 0.1575355976819992 5.771115779876709 50 21 25
-0.5706686973571777 0.28782057762145996 5.7546868324279785 57 29 35
-0.5744657516479492 -0.005914510227739811 5.774409770965576 57 30 39
-0.5833207964897156 0.09445453435182571 5.760149955749512 92 41 49
-0.5711007118225098 -0.2746575176715851 5.767323017120361 48 25 35
-0.6489359140396118 -0.7041161060333252 5.749879837036133 115 71 91
-0.7571287155151367 0.556077778339386 5.610977649688721 94 49 62
-0.6338244676589966 -0.6658669114112854 5.746091842651367 128 77 95
-0.5350573062896729 0.1561858206987381 5.698622226715088 54 25 30
-0.6283838152885437 0.43315908312797546 5.627248287200928 49 32 34
-0.660129725933075 0.44807183742523193 5.5788421630859375 158 110 130
-0.6247141361236572 0.38256964087486267 5.583909034729004 163 107 121
-1.367179274559021 1.06596040725708 5.258836269378662 71 46 46
-0.7133901119232178 0.5702706575393677 5.521852493286133 92 47 61
-0.6473047137260437 -0.2713173031806946 5.6067280769348145 56 25 27
3.3813893795013428 -0.40301305055618286 7.00439453125 127 75 84
-0.6993212699890137 0.5461636781692505 5.516254425048828 109 57 75
-0.5713521242141724 -0.1179218739271164 5.603261470794678 50 21 31
-0.5693178772926331 0.11406749486923218 5.584425926208496 53 27 36
3.3745479583740234 -0.2657225430011749 6.941902160644531 86 50 64
3.3745479583740234 -0.2657225430011749 6.941902160644531 86 50 64
-0.6593281030654907 -0.6877564787864685 5.594260215759277 54 25 30
3.357572078704834 -0.42680174112319946 6.926427841186523 120 67 77
-0.5582829713821411 -0.0037635937333106995 5.575598239898682 126 73 84
3.33573317527771 -0.5061125159263611 6.920949459075928 111 79 101
-0.6173219084739685 -0.5655355453491211 5.59445858001709 64 28 30
-0.5496647357940674 -0.06353767216205597 5.568508148193359 58 33 42
-0.5471256375312805 0.22583135962486267 5.546045780181885 62 27 38
-0.5503321290016174 -0.007208043709397316 5.562335968017578 55 26 35
-0.5465596318244934 0.29262617230415344 5.53817892074585 61 31 39
-0.567467451095581 -0.2961108684539795 5.568812847137451 134 86 104
-0.5464547872543335 -0.122465118765831 5.557302474975586 54 29 33
-0.6704111695289612 0.47439295053482056 5.471041202545166 77 41 53
-0.5413346290588379 -0.01649565063416958 5.544327259063721 77 33 40
-0.6203381419181824 -0.608141303062439 5.5616044998168945 71 33 39
-0.5373407602310181 0.2653358578681946 5.520473480224609 128 76 89
-0.5373407602310181 0.2653358578681946 5.520473480224609 128 76 89
-0.6510563492774963 -0.6764563918113708 5.551368236541748 78 46 62
-0.6510563492774963 -0.6764563918113708 5.551368236541748 78 46 62
-0.6636333465576172 0.4854952394962311 5.458555221557617 80 43 55
-1.3779305219650269 0.9584757685661316 5.188394546508789 62 46 56
-0.5244525074958801 0.11258934438228607 5.517863750457764 64 34 44
-0.526452362537384 0.05984731763601303 5.5197601318359375 57 30 37
3.3756701946258545 0.1625167727470398 6.7606000900268555 90 49 66
-0.6273564696311951 -0.546186089515686 5.518840312957764 155 101 118
-0.5178745985031128 -0.007414471823722124 5.5110602378845215 128 73 84
-0.6238192319869995 -0.6721295714378357 5.525303363800049 72 38 48
-0.6433090567588806 0.4810704290866852 5.431946754455566 99 54 73
-0.6433090567588806 0.4810704290866852 5.431946754455566 99 54 73
-0.6199575662612915 -0.6914216876029968 5.526853084564209 139 84 105
-0.5389513969421387 -0.2979179322719574 5.520880222320557 135 90 103
-0.5877119302749634 -0.2632741630077362 5.500437259674072 118 76 94
-0.6019814014434814 -0.651565432548523 5.519536972045898 64 31 44
-0.5119131207466125 -0.010448603890836239 5.497220993041992 55 28 33
-0.5071018934249878 0.22408868372440338 5.479249954223633 59 31 39
-0.5059266090393066 -0.11886445432901382 5.4987874031066895 54 25 33
-0.501680314540863 0.07305902242660522 5.485630989074707 78 41 52
-0.5789353251457214 -0.5937480330467224 5.502170562744141 133 82 103
-0.5543769001960754 0.3830256462097168 5.434463024139404 111 57 70
-0.4983440041542053 -0.3148975372314453 5.498321056365967 140 80 90
-0.549813449382782 0.36972910165786743 5.424323558807373 156 102 118
-0.5053370594978333 0.32756277918815613 5.440948486328125 90 42 48
-1.3781119585037231 0.8441106677055359 5.123464584350586 56 31 35
-0.4807126522064209 0.20824384689331055 5.440966606140137 118 103 121
-0.5004808306694031 0.280811607837677 5.426990032196045 122 70 77
13.827142715454102 1.3483481407165527 9.674765586853027 104 61 81
-0.4647214412689209 -0.32405513525009155 5.479923725128174 37 16 16
4.111761569976807 0.8623611330986023 6.7626776695251465 82 48 65
-0.6077610850334167 0.48422977328300476 5.371345043182373 146 103 117
-0.5747398734092712 -0.6780855059623718 5.4651265144348145 138 92 108
-0.5831432938575745 -0.6905443072319031 5.46230936050415 56 27 37
-0.6544641852378845 0.5947715640068054 5.342743873596191 157 124 145
-1.4331984519958496 0.5847099423408508 5.107801914215088 163 126 150
-0.5775629281997681 -0.700576663017273 5.45808744430542 124 81 100
-0.5826159715652466 -0.7052889466285706 5.455692768096924 131 87 107
-1.3828552961349487 0.8558861017227173 5.098592758178711 119 74 86
-0.5664947032928467 -0.6892691254615784 5.450226306915283 48 26 29
-0.5664947032928467 -0.6892691254615784 5.450226306915283 48 26 29
-0.46797436475753784 -0.39791107177734375 5.455507278442383 59 27 36
-1.4103305339813232 0.6707164645195007 5.096994400024414 63 33 34
-0.4007721245288849 0.03894100710749626 5.4387993812561035 29 13 13
-1.4328991174697876 0.9814739227294922 5.064862251281738 62 33 32
-0.46718502044677734 -0.07898293435573578 5.421046733856201 173 156 133
-1.4318324327468872 0.597874104976654 5.088352680206299 87 41 46
-0.46418389678001404 -0.4016696810722351 5.445666313171387 124 74 83
-0.4577067196369171 -0.145576611161232 5.4221696853637695 183 170 150
-0.496482789516449 0.2207130789756775 5.37588357925415 121 96 73
-0.5586172938346863 -0.6624302268028259 5.421459197998047 68 32 32
-0.4574788808822632 -0.5578977465629578 5.439873218536377 63 33 41
-0.47559547424316406 -0.10422791540622711 5.39946985244751 174 151 121
-0.499445378780365 0.21309100091457367 5.365769863128662 51 33 31
-0.4446461498737335 -0.4349416494369507 5.423203945159912 61 29 40
-0.45300430059432983 -0.053957510739564896 5.391229152679443 139 121 97
-0.4273856580257416 -0.09650013595819473 5.399580478668213 159 144 111
-0.44472262263298035 -0.10589594393968582 5.390582084655762 180 165 138
-0.43031051754951477 -0.1804729849100113 5.399456024169922 183 169 151
-0.08813785016536713 -0.916704535484314 5.549055576324463 81 43 59
-1.4407343864440918 0.9796830415725708 5.022550582885742 60 33 32
-0.435184121131897 -0.1295691281557083 5.384901523590088 187 176 150
-0.4540458023548126 -0.10138039290904999 5.375794410705566 116 86 66
-0.4310871958732605 -0.260675847530365 5.388137340545654 155 141 118
-0.5188738107681274 0.17937171459197998 5.3142547607421875 146 138 126
-0.05656440928578377 -0.9066197872161865 5.521024703979492 141 89 107
-0.5449863076210022 0.5263551473617554 5.279726028442383 101 52 67
-0.4663061499595642 -0.11602811515331268 5.348504066467285 163 146 131
-0.4881225824356079 0.2191346138715744 5.31736946105957 109 97 85
-0.4734095335006714 -0.09479537606239319 5.343685150146484 157 139 121
-0.4734095335006714 -0.09479537606239319 5.343685150146484 157 139 121
-0.36865824460983276 -0.3253650367259979 5.38818359375 121 72 84
-0.4187694191932678 -0.45442670583724976 5.382297515869141 61 30 36
-0.4616803824901581 -0.11693335324525833 5.340535640716553 222 214 189
-0.4193359613418579 -0.2546829879283905 5.359139442443848 107 81 65
-0.4193359613418579 -0.2546829879283905 5.359139442443848 107 81 65
-0.4125394821166992 -0.2789381146430969 5.361448764801025 26 15 18
-1.4513752460479736 0.9748741388320923 4.982744216918945 75 36 39
-0.41542181372642517 -0.09822972118854523 5.34316873550415 203 191 172
-0.41542181372642517 -0.09822972118854523 5.34316873550415 203 191 172
-0.4694252610206604 -0.0435403473675251 5.324359893798828 178 163 137
-0.4770168960094452 0.2172188013792038 5.301937580108643 121 103 79
-0.4697868525981903 -0.07087220996618271 5.324951171875 174 158 140
-0.4705774486064911 -0.05641363933682442 5.322065830230713 200 188 171
-0.46742117404937744 -0.033773571252822876 5.3208417892456055 121 94 72
-0.46742117404937744 -0.033773571252822876 5.3208417892456055 121 94 72
-0.3835838735103607 0.046314217150211334 5.33237886428833 91 59 45
-1.4512051343917847 1.071787714958191 4.968641757965088 54 39 46
-1.4512051343917847 1.071787714958191 4.968641757965088 54 39 46
-1.4141474962234497 0.9343128800392151 4.98586893081665 165 120 144
-1.4141474962234497 0.9343128800392151 4.98586893081665 165 120 144
-1.4315515756607056 0.648986279964447 5.000369548797607 109 64 71
-1.4495010375976562 0.9821361899375916 4.968822002410889 120 80 92
-0.49816471338272095 0.1034279316663742 5.287111282348633 92 76 74
-0.4661620557308197 0.2114514708518982 5.2853922843933105 91 78 62
-1.447746992111206 0.953311026096344 4.967262268066406 168 123 147
-0.4315711259841919 -0.5926186442375183 5.345348358154297 144 96 118
-0.368548721075058 -0.10218755900859833 5.323032855987549 142 121 100
-0.4049241244792938 -0.287109911441803 5.325098037719727 131 113 98
-0.46191930770874023 -0.8015604019165039 5.3454976081848145 118 87 110
-0.512920081615448 0.45482751727104187 5.237954139709473 73 47 61
-1.4418662786483765 1.068461298942566 4.948032855987549 62 39 53
-1.4418662786483765 1.068461298942566 4.948032855987549 62 39 53
-0.3916877210140228 -0.4556943476200104 5.33593225479126 62 29 36
-0.3897897005081177 -0.5056167244911194 5.339353561401367 90 46 59
-0.417917400598526 0.24024121463298798 5.276546478271484 72 32 35
-0.417917400598526 0.24024121463298798 5.276546478271484 72 32 35
-0.46595147252082825 -0.8163438439369202 5.341387748718262 74 38 51
-1.4328229427337646 0.9357782602310181 4.9584503173828125 140 93 110
-0.38267484307289124 -0.23146386444568634 5.318881988525391 52 25 26
-0.43419185280799866 -0.030439481139183044 5.289430618286133 196 183 164
-0.40159302949905396 -0.3020676374435425 5.314218044281006 155 133 125
-0.5127310752868652 0.4366796910762787 5.2289628982543945 138 153 201
-0.42379966378211975 -0.02091001719236374 5.285556316375732 168 151 133
-0.5104936361312866 0.4568116068840027 5.225033760070801 140 95 106
-0.5169336199760437 0.16575971245765686 5.244469165802002 159 153 146
-1.4403655529022217 0.4169776439666748 4.986861705780029 73 45 60
-0.367402046918869 -0.06355366855859756 5.297959327697754 213 201 176
-0.5035149455070496 0.11854764819145203 5.2486443519592285 147 140 150
-0.5064799189567566 0.4259766936302185 5.222911834716797 69 64 113
-0.3871128559112549 -0.30356565117836 5.304443836212158 128 106 102
-0.357713907957077 -0.07360509037971497 5.292635440826416 213 200 176
-0.5095580816268921 0.151529461145401 5.235293865203857 20 16 12
-0.5132797360420227 0.10537377744913101 5.234877109527588 154 142 144
-0.48070910573005676 0.1083127111196518 5.238977432250977 133 122 125
-0.3744674324989319 -0.47181007266044617 5.30894660949707 136 83 95
-0.4415633976459503 -0.8069021105766296 5.313555717468262 137 85 102
-0.3704725205898285 -0.05067292973399162 5.273426055908203 138 118 113
-0.3655010163784027 -0.5450239181518555 5.304663181304932 74 37 53
-0.4603087902069092 -0.02429180219769478 5.241357326507568 169 155 154
-0.48949694633483887 0.4301961064338684 5.199179649353027 141 158 209
-1.3694705963134766 0.7809641361236572 4.951678276062012 83 38 45
-1.3681741952896118 0.8128277659416199 4.948294162750244 99 51 63
-0.4939771890640259 0.14137907326221466 5.210540771484375 162 157 148
-0.48017069697380066 0.4491134285926819 5.186209678649902 85 46 58
-0.33539867401123047 -0.3746423125267029 5.2578582763671875 65 29 31
-1.3624247312545776 0.9358594417572021 4.903314113616943 115 83 100
-0.32907724380493164 -0.35335615277290344 5.245810031890869 120 74 85
-0.3872317969799042 -0.2973906099796295 5.216761112213135 117 77 86
-0.4460250735282898 0.4557812511920929 5.145981311798096 79 47 63
-1.33804190158844 0.8101259469985962 4.907512664794922 82 47 61
-0.32258903980255127 -0.3555792272090912 5.230915069580078 56 26 34
-0.34706252813339233 0.21884450316429138 5.17430305480957 64 42 49
-0.3203877806663513 -0.4385351538658142 5.226243019104004 68 40 52
-0.38799941539764404 -0.8084589242935181 5.236258506774902 141 91 112
-0.37032610177993774 0.18142898380756378 5.166954040527344 188 181 169
-1.3481227159500122 0.9328724145889282 4.878627777099609 114 81 98
-0.3550982177257538 0.20175457000732422 5.160066604614258 72 42 45
-0.38076052069664 -0.6638960242271423 5.216335296630859 56 27 31
-0.3174445629119873 0.23695990443229675 5.162735462188721 79 34 39
-0.43033069372177124 0.5133362412452698 5.113036632537842 93 50 69
-0.06752637028694153 -1.038159728050232 5.302547931671143 51 27 34
-1.3673733472824097 0.5813007950782776 4.886229038238525 117 65 77
-0.2870387136936188 -0.05447208136320114 5.172787666320801 94 52 72
-0.2906830608844757 -0.167039692401886 5.179731369018555 68 28 32
-0.2906830608844757 -0.167039692401886 5.179731369018555 68 28 32
-1.3155325651168823 0.8805427551269531 4.8688459396362305 82 49 65
-0.4187215268611908 0.5582443475723267 5.091198921203613 99 70 79
-0.32620081305503845 0.3254879117012024 5.128274917602539 168 119 136
-0.28181666135787964 -0.024732502177357674 5.159847736358643 133 83 92
-0.34936097264289856 -0.5312994122505188 5.180245876312256 116 75 88
-0.30005139112472534 -0.182064488530159 5.165263652801514 109 79 101
-0.30005139112472534 -0.182064488530159 5.165263652801514 109 79 101
-1.3122023344039917 0.7060396671295166 4.873448848724365 131 85 97
-0.29727602005004883 -0.17379462718963623 5.163859844207764 119 86 105
-1.3518283367156982 0.5803501605987549 4.86713171005249 117 63 77
-0.37921997904777527 -0.6816517114639282 5.171909809112549 113 66 76
-0.26783859729766846 0.20230549573898315 5.128852844238281 60 29 36
-0.26783859729766846 0.20230549573898315 5.128852844238281 60 29 36
-0.26783859729766846 0.20230549573898315 5.128852844238281 60 29 36
-0.26180803775787354 -0.0721309557557106 5.148713111877441 68 35 45
-0.26849350333213806 -0.14131109416484833 5.144176483154297 72 39 44
-1.7596431970596313 -0.024907778948545456 4.811245441436768 72 39 44
-0.288839727640152 -0.3126404583454132 5.148667812347412 139 91 105
-0.2647716999053955 -0.10298599302768707 5.135170936584473 129 82 98
-0.36387670040130615 -0.6555843949317932 5.148638725280762 119 84 102
-1.2929359674453735 0.7852619290351868 4.8427605628967285 139 92 112
-1.2929359674453735 0.7852619290351868 4.8427605628967285 139 92 112
-1.3386980295181274 0.5745113492012024 4.848320484161377 117 65 82
-0.3659437894821167 -0.6874845623970032 5.147832870483398 98 48 70
-0.35681048035621643 -0.57096266746521 5.140346050262451 148 100 114
-0.3826521635055542 0.5329341888427734 5.053032875061035 81 44 54
-0.3826521635055542 0.5329341888427734 5.053032875061035 81 44 54
-1.3050737380981445 0.7833544611930847 4.836295127868652 138 91 108
-1.3050737380981445 0.7833544611930847 4.836295127868652 138 91 108
-0.35378366708755493 -0.6536177396774292 5.1428070068359375 64 33 42
-0.3412891626358032 -0.6155287027359009 5.139702796936035 76 36 42
-1.286428451538086 0.8649026155471802 4.82917594909668 101 51 68
-1.2837835550308228 0.7057303786277771 4.840958595275879 68 26 35
-0.24360515177249908 0.08877421170473099 5.105463981628418 65 35 45
-0.24360515177249908 0.08877421170473099 5.105463981628418 65 35 45
-0.24205665290355682 0.25966158509254456 5.092707633972168 65 29 41
-0.24205665290355682 0.25966158509254456 5.092707633972168 65 29 41
-0.24648532271385193 -0.03077825717628002 5.112355709075928 65 28 37
-1.2829192876815796 0.7580844163894653 4.835109233856201 60 31 41
-0.24078954756259918 0.16522888839244843 5.098161220550537 93 52 70
-0.37933236360549927 0.4949055016040802 5.041642189025879 98 58 76
-0.37484011054039 0.44576752185821533 5.0421528816223145 64 54 64
-1.2801809310913086 0.713326096534729 4.832557201385498 140 93 106
-0.3539412319660187 -0.6831740140914917 5.129244804382324 72 38 46
-0.3539412319660187 -0.6831740140914917 5.129244804382324 72 38 46
-0.2579531967639923 -0.1653205305337906 5.109188556671143 64 29 35
-1.2789021730422974 0.7695538401603699 4.82619047164917 63 33 42
-1.2789021730422974 0.7695538401603699 4.82619047164917 63 33 42
-0.4156348705291748 -0.9363782405853271 5.1318359375 51 25 30
-0.23923420906066895 -0.13944192230701447 5.104785919189453 140 88 101
-0.22599992156028748 0.196379154920578 5.069482803344727 61 30 35
-0.22761622071266174 -0.027656251564621925 5.085352897644043 63 34 44
-0.22018077969551086 0.04905802384018898 5.0765910148620605 83 44 57
-0.35867226123809814 0.5655019283294678 5.010254383087158 153 120 137
-0.3741852343082428 0.5471820831298828 5.00806188583374 154 102 124
-0.31292346119880676 -0.6167008876800537 5.101048469543457 76 35 42
-0.31292346119880676 -0.6167008876800537 5.101048469543457 76 35 42
-0.3283139765262604 -0.6915963888168335 5.102097034454346 150 100 119
-1.2623858451843262 0.8731631636619568 4.795004844665527 112 61 76
-0.33013075590133667 -0.6818572282791138 5.095936298370361 126 87 101
-1.8019286394119263 -0.3562306761741638 4.772782325744629 144 99 118
-0.3203775882720947 -0.6919546127319336 5.090980052947998 84 41 53
-1.2579365968704224 0.8661925792694092 4.788043022155762 147 106 125
-0.3456655740737915 0.43840911984443665 4.999367713928223 135 96 110
-1.2487497329711914 0.8009970784187317 4.789061069488525 79 53 71
-0.31783974170684814 -0.6860478520393372 5.081874847412109 68 37 47
-1.2537920475006104 0.8603034615516663 4.781595706939697 79 38 50
-1.2537920475006104 0.8603034615516663 4.781595706939697 79 38 50
-0.10587430745363235 0.050033435225486755 5.06548547744751 80 39 55
-0.29603105783462524 -0.7694608569145203 5.081110000610352 124 75 96
-0.21909570693969727 -0.6862390637397766 5.0466508865356445 42 21 26
-0.07238661497831345 0.08394741266965866 5.01414155960083 47 22 31
-0.07285130769014359 -0.06519206613302231 5.018493175506592 71 33 44
-0.056728195399045944 0.178522527217865 4.997125148773193 63 33 38
-0.058260317891836166 -0.04125313460826874 5.008076190948486 83 41 62
-0.05352906510233879 0.2584531605243683 4.986689567565918 88 43 60
-2.4859209060668945 0.13034400343894958 4.5557355880737305 68 37 49
-0.055332791060209274 -0.06399717181921005 5.003772258758545 60 31 43
-0.052524544298648834 0.1819208711385727 4.984812259674072 131 83 92
-0.0533866360783577 -0.12950310111045837 5.007126331329346 71 43 57
-0.04702267795801163 0.2430199384689331 4.978002548217773 88 47 61
-0.2871679961681366 0.4366971552371979 4.920135974884033 74 41 57
-0.07156136631965637 -0.3263043761253357 5.0142388343811035 74 43 57
-0.0734337642788887 -0.41445210576057434 5.0201005935668945 69 37 50
-0.06783386319875717 -0.31043723225593567 5.011677265167236 74 38 49
-0.06500492990016937 0.01407573465257883 4.988349437713623 144 92 108
-0.0894218385219574 0.07507186383008957 4.978758335113525 130 78 87
-0.07378765940666199 -0.424600750207901 5.0151777267456055 124 85 103
-0.07378765940666199 -0.424600750207901 5.0151777267456055 124 85 103
-0.07291582971811295 -0.3344741761684418 5.0079121589660645 130 89 106
-0.07291582971811295 -0.3344741761684418 5.0079121589660645 130 89 106
-0.0721152275800705 -0.3562576174736023 5.008652210235596 126 86 104
-0.06850668787956238 -0.3193027079105377 5.005972862243652 120 75 88
-0.07219984382390976 -0.4082564413547516 5.011832237243652 119 79 90
-0.051646146923303604 0.004567030351608992 4.979137420654297 100 54 64
-0.030886657536029816 -0.09746511280536652 4.984851837158203 141 95 113
-0.24516010284423828 -0.9468445777893066 5.006241321563721 110 66 75
-1.1965137720108032 0.7601978778839111 4.713596343994141 90 51 69
-1.1965137720108032 0.7601978778839111 4.713596343994141 90 51 69
-0.04623197391629219 0.012713090516626835 4.964746952056885 156 103 121
-0.2640039920806885 0.4618012309074402 4.893303871154785 142 94 116
-0.26573672890663147 0.49450573325157166 4.8895263671875 85 42 57
-0.06028595194220543 -0.7057046294212341 5.009899616241455 150 126 148
-0.028010357171297073 -0.13409323990345 4.969126224517822 80 41 57
-0.031778883188962936 -0.06743790209293365 4.958934783935547 69 36 50
-0.03429040685296059 0.0066712950356304646 4.952939510345459 102 47 61
-0.07479643076658249 0.04247674718499184 4.93712043762207 165 112 128
-1.2307817935943604 0.9465728998184204 4.675899028778076 72 46 58
-0.2501538395881653 0.4844510555267334 4.872000694274902 57 32 43
-0.012625725008547306 0.17060397565364838 4.933777332305908 93 48 62
-0.07658402621746063 0.07226687669754028 4.926227569580078 151 102 117
-0.05014617368578911 0.022502172738313675 4.930550575256348 152 95 114
-0.06814549118280411 0.05897495150566101 4.921565532684326 155 108 124
-0.24264058470726013 0.4812650680541992 4.858307361602783 142 96 111
-0.23455920815467834 0.4171845018863678 4.860551834106445 63 47 56
0.12684714794158936 -0.9394353628158569 5.015993595123291 94 73 99
-1.1702373027801514 0.7868121862411499 4.6762800216674805 95 46 66
-1.1704750061035156 0.759824812412262 4.6773223876953125 109 60 76
-0.10350386053323746 -0.7920154333114624 4.95997428894043 142 120 144
0.13725264370441437 -0.9286601543426514 5.002352237701416 113 99 116
-1.1651843786239624 0.8480111956596375 4.662292957305908 93 64 84
0.007275677286088467 -0.06578609347343445 4.91330099105835 129 82 92
-0.2029433697462082 -0.9505766034126282 4.944577217102051 70 53 58
-0.2029433697462082 -0.9505766034126282 4.944577217102051 70 53 58
-1.161736249923706 0.701729416847229 4.671585559844971 84 48 60
-1.161736249923706 0.701729416847229 4.671585559844971 84 48 60
-1.16118323802948 0.7454653382301331 4.668175220489502 102 50 66
-0.087178535759449 -0.5553992390632629 4.929576873779297 60 32 46
0.017344260588288307 -0.05489872395992279 4.907426834106445 62 33 41
-0.21568800508975983 0.47716814279556274 4.824356555938721 91 50 66
-1.1611391305923462 0.43378132581710815 4.680807113647461 107 72 88
-1.1504149436950684 0.8536516427993774 4.643580913543701 95 63 81
-1.1504149436950684 0.8536516427993774 4.643580913543701 95 63 81
-0.057755693793296814 -0.6281157732009888 4.918416500091553 108 66 75
0.04179852828383446 0.20967373251914978 4.8712029457092285 67 33 41
0.16033019125461578 -0.9903491139411926 4.974294662475586 83 59 82
0.04121232032775879 0.24953164160251617 4.865056037902832 86 44 58
0.03425109386444092 0.08479789644479752 4.874622821807861 70 34 44
-1.165963053703308 0.9051457643508911 4.625761032104492 112 79 99
-0.22303205728530884 0.5756881833076477 4.790202617645264 109 71 84
-0.17672042548656464 -0.959178626537323 4.908984184265137 139 123 147
0.18065141141414642 -0.52032071352005 4.926975250244141 123 101 121
0.026848100125789642 -0.22506214678287506 4.882377624511719 64 30 40
0.05219675227999687 0.033794790506362915 4.864556312561035 69 33 42
0.05219675227999687 0.033794790506362915 4.864556312561035 69 33 42
0.178313747048378 -0.9492241740226746 4.953539848327637 104 74 92
0.03446926549077034 -0.12293544411659241 4.8671183586120605 74 33 46
0.02771826460957527 -0.22020336985588074 4.871452331542969 111 66 73
0.17625845968723297 -1.0266735553741455 4.950526714324951 105 77 104
0.17625845968723297 -1.0266735553741455 4.950526714324951 105 77 104
-1.1280919313430786 0.3839147686958313 4.649530410766602 145 101 118
0.04409939795732498 -0.060848668217659 4.847408771514893 129 78 89
-0.11993961036205292 -0.6629776954650879 4.863541603088379 70 30 34
0.20333194732666016 -1.1319109201431274 4.934042930603027 154 132 152
0.21264567971229553 -0.5224999189376831 4.889804363250732 82 58 73
0.08109191060066223 0.2243940383195877 4.8148932456970215 89 42 54
0.20596818625926971 -0.8830604553222656 4.912914752960205 104 79 90
0.21101240813732147 -0.5534521341323853 4.884803771972656 107 83 108
0.059135645627975464 -0.00903092697262764 4.823482513427734 118 67 76
0.059135645627975464 -0.00903092697262764 4.823482513427734 118 67 76
0.21201252937316895 -0.8031609058380127 4.899384021759033 95 70 92
0.2137797623872757 -1.0774331092834473 4.9177985191345215 82 59 87
-1.1120396852493286 0.7892137169837952 4.597339630126953 94 55 78
0.112418994307518 -0.480560302734375 4.855961322784424 133 106 128
0.21155129373073578 -1.0881153345108032 4.912932872772217 141 121 133
0.2191576510667801 -0.8901055455207825 4.895997047424316 93 66 80
0.2191576510667801 -0.8901055455207825 4.895997047424316 93 66 80
-1.1599783897399902 0.932915449142456 4.574121952056885 93 52 62
0.2162741869688034 -0.9852632284164429 4.90066385269165 102 72 95
-0.15766184031963348 0.4161958694458008 4.742191314697266 78 46 58
0.23116882145404816 -0.8816143870353699 4.883150577545166 103 77 96
0.23674815893173218 -0.39497068524360657 4.838589191436768 102 71 90
0.22966185212135315 -0.8671443462371826 4.870718955993652 152 129 150
0.2361236959695816 -1.0872095823287964 4.886366844177246 114 83 99
-0.12071656435728073 0.46825718879699707 4.710305690765381 86 43 58
0.12194093316793442 0.1309281885623932 4.763265132904053 56 26 34
-0.1189165860414505 0.4352089762687683 4.7095160484313965 109 68 89
0.2566029131412506 -0.5041805505752563 4.823134422302246 96 75 94
-0.11249427497386932 0.42101794481277466 4.7089948654174805 74 42 52
0.2574840188026428 -0.8049202561378479 4.842397689819336 110 81 100
0.26509037613868713 -0.9543054699897766 4.847573280334473 86 61 87
0.26843032240867615 -0.8663716316223145 4.841299533843994 148 128 148
-1.0741997957229614 0.6725773215293884 4.561843395233154 77 45 60
0.25918152928352356 -0.7468670606613159 4.829312801361084 141 124 144
-2.124523162841797 0.6830809712409973 4.4282145500183105 95 58 81
0.2608581483364105 -0.5890669822692871 4.813625812530518 108 82 103
0.26089993119239807 -1.061375617980957 4.84552526473999 105 76 96
-0.10154405236244202 0.44510528445243835 4.687611103057861 148 95 114
-0.10154405236244202 0.44510528445243835 4.687611103057861 148 95 114
0.28090474009513855 -0.5197576284408569 4.80181884765625 76 62 80
0.2728191912174225 -0.55255126953125 4.802713871002197 112 78 100
0.27060455083847046 -0.8750651478767395 4.824692726135254 101 77 90
0.278744101524353 -0.8471249938011169 4.821356773376465 94 72 98
0.27821803092956543 -0.6336562037467957 4.8050737380981445 107 77 101
0.27862295508384705 -0.6926663517951965 4.808932781219482 113 78 95
0.27875620126724243 -0.7636644840240479 4.812351226806641 109 91 106
0.28156837821006775 -0.8157796859741211 4.814681529998779 92 74 94
-2.8465919494628906 0.3005801737308502 4.356368541717529 151 103 122
0.28492558002471924 -0.8813266158103943 4.810505390167236 96 69 89
0.29168152809143066 -0.28840938210487366 4.7668023109436035 90 60 75
0.2951704263687134 -0.5238322615623474 4.774155616760254 84 66 89
0.11585532873868942 0.2510260343551636 4.696197032928467 90 39 44
0.2992522120475769 -0.7684123516082764 4.783361911773682 107 75 90
-1.0457316637039185 0.6761546730995178 4.52337121963501 94 45 57
-1.0457316637039185 0.6761546730995178 4.52337121963501 94 45 57
-0.08206813037395477 0.3872683346271515 4.652763843536377 143 101 118
0.3136971890926361 -0.2937091290950775 4.746181964874268 104 73 92
0.31362608075141907 -0.5372315645217896 4.763332366943359 141 127 152
-1.0622690916061401 0.8938375115394592 4.501496315002441 115 82 103
-0.07202289998531342 0.4666409194469452 4.641605854034424 137 94 103
0.32986101508140564 -0.39113500714302063 4.7466278076171875 148 120 142
0.09793218225240707 0.26677602529525757 4.66622257232666 86 33 39
0.3164006173610687 -0.8075481653213501 4.7665534019470215 102 76 101
0.3164006173610687 -0.8075481653213501 4.7665534019470215 102 76 101
0.06318552047014236 0.2987562119960785 4.652589797973633 92 33 38
0.06318552047014236 0.2987562119960785 4.652589797973633 92 33 38
-0.05748209357261658 0.44632095098495483 4.627938270568848 138 88 102
0.10246935486793518 0.1978568434715271 4.6603827476501465 156 113 131
0.09767820686101913 0.251743882894516 4.654767990112305 154 107 122
0.10813063383102417 0.18823154270648956 4.658531665802002 91 64 82
0.3305635452270508 -0.2837771475315094 4.715724468231201 165 144 168
0.054933950304985046 0.30885419249534607 4.641872882843018 167 119 137
0.33988189697265625 -0.5377591848373413 4.73335075378418 86 64 81
0.1098015308380127 0.20355576276779175 4.64887809753418 76 44 61
0.1098015308380127 0.20355576276779175 4.64887809753418 76 44 61
-0.04716522991657257 0.40092432498931885 4.61730432510376 147 100 116
0.10674499720335007 0.22248707711696625 4.645761013031006 69 30 46
-1.0376365184783936 0.8920882344245911 4.4742584228515625 116 79 100
-1.0376365184783936 0.8920882344245911 4.4742584228515625 116 79 100
0.335872620344162 -0.9509413838386536 4.750068664550781 90 67 80
0.34871894121170044 -0.5239697098731995 4.7187113761901855 95 80 109
0.03595619648694992 0.3572707176208496 4.621692180633545 98 68 70
0.348624050617218 -0.5296138525009155 4.716777324676514 124 110 131
-1.0171711444854736 0.8168261647224426 4.478049278259277 91 41 57
-0.03228829801082611 0.4127281904220581 4.604405403137207 67 54 60
-1.0238834619522095 0.7665462493896484 4.4766526222229 95 53 72
0.3569367229938507 -0.5354511737823486 4.709930896759033 79 65 86
0.36075952649116516 -0.28332147002220154 4.685041904449463 148 126 147
-1.008913278579712 0.8335127830505371 4.4643964767456055 103 51 69
0.1385629028081894 0.03637530654668808 4.634172439575195 75 30 33
0.38510164618492126 -0.5295014381408691 4.686037063598633 130 121 147
0.15108530223369598 0.18081873655319214 4.6117730140686035 83 54 64
-0.011723820120096207 0.4037799835205078 4.5795674324035645 50 35 40
-0.011723820120096207 0.4037799835205078 4.5795674324035645 50 35 40
0.1424904614686966 0.2063865065574646 4.608377456665039 146 103 120
0.14222536981105804 0.017961107194423676 4.6171064376831055 61 29 42
0.38144242763519287 -0.41134652495384216 4.669646739959717 107 78 98
-1.2450921535491943 1.0264335870742798 4.410842418670654 52 35 81
0.3781683146953583 -0.8930513262748718 4.696174621582031 88 65 78
0.38907748460769653 -0.9624901413917542 4.695695400238037 139 121 140
0.3947463929653168 -0.7699288725852966 4.677206039428711 97 67 82
0.0038276580162346363 0.4155762791633606 4.554924488067627 144 101 121
0.40115073323249817 -0.533931314945221 4.65868616104126 68 52 64
0.3884870409965515 -1.0730760097503662 4.690773010253906 135 125 146
0.40037405490875244 -0.6952341794967651 4.6620354652404785 90 70 84
0.3972827196121216 -0.7076253890991211 4.660957336425781 146 122 143
0.41182446479797363 -0.5271899104118347 4.64712381362915 129 120 141
0.07412435859441757 -0.12426124513149261 4.585339069366455 152 105 121
0.015328521840274334 0.411141037940979 4.541290283203125 95 51 66
0.015328521840274334 0.411141037940979 4.541290283203125 95 51 66
0.4146853983402252 -0.5274963974952698 4.637020111083984 79 62 88
0.4146853983402252 -0.5274963974952698 4.637020111083984 79 62 88
0.422507107257843 0.1864233762025833 4.584455490112305 90 67 84
0.4080874025821686 -0.8951354026794434 4.661415100097656 87 64 85
0.42070651054382324 -0.429438978433609 4.628078937530518 63 49 59
0.42014241218566895 -1.076749324798584 4.662890911102295 86 65 82
0.4267675578594208 -0.8952080011367798 4.645238876342773 79 62 79
0.4468553364276886 0.19784288108348846 4.5624775886535645 134 123 146
0.43606463074684143 -0.6899495124816895 4.616032600402832 83 58 76
0.45060423016548157 -0.42156973481178284 4.5929694175720215 67 49 68
0.13126584887504578 0.356268972158432 4.5109663009643555 110 70 82
0.4420306384563446 -1.080640196800232 4.637131214141846 100 77 106
0.44273149967193604 -0.9012606143951416 4.623111724853516 75 57 71
0.45213162899017334 -0.5771884918212891 4.5973944664001465 82 62 80
0.45123401284217834 -0.6917981505393982 4.605583667755127 82 55 73
0.45407092571258545 -0.3022945821285248 4.577136993408203 78 58 75
0.4491529166698456 -0.8871674537658691 4.617741584777832 139 121 142
0.4574449956417084 -0.5595057606697083 4.593766689300537 87 70 88
0.45584172010421753 -0.8183212876319885 4.607745170593262 77 57 75
0.4575977623462677 -0.6780609488487244 4.596958637237549 99 86 105
0.4575977623462677 -0.6780609488487244 4.596958637237549 99 86 105
0.4649238884449005 -0.2857157289981842 4.566940784454346 135 121 147
0.4675820469856262 -0.8092265725135803 4.6049041748046875 138 123 149
0.47104334831237793 0.28688377141952515 4.525625228881836 93 67 78
0.457317054271698 -0.5709049701690674 4.585953235626221 150 125 138
0.457317054271698 -0.5709049701690674 4.585953235626221 150 125 138
0.4585984945297241 0.27591392397880554 4.524776935577393 133 113 132
0.46873605251312256 -0.77024245262146 4.598356246948242 150 132 157
0.44964662194252014 -0.794369101524353 4.598608493804932 99 72 90
0.44721588492393494 -0.7937957048416138 4.597891330718994 99 72 90
0.46725407242774963 -0.6932810544967651 4.584817409515381 100 73 92
0.47207605838775635 -0.5452179312705994 4.570387363433838 131 110 127
0.47037625312805176 0.23487739264965057 4.5136399269104 108 78 88
0.46698570251464844 -0.5301039814949036 4.568426609039307 140 125 151
0.4778667986392975 0.2626539468765259 4.510763645172119 85 60 80
0.4853029251098633 -0.3047740161418915 4.552194595336914 92 70 95
0.47428908944129944 -0.8297132849693298 4.588247299194336 138 121 140
0.0793122798204422 0.4605156481266022 4.463289260864258 101 49 62
0.47583431005477905 -0.958290696144104 4.5931291580200195 99 76 95
0.4780716896057129 -0.1705736219882965 4.535719394683838 126 109 131
0.4772733449935913 -0.9965685606002808 4.58604621887207 100 72 97
0.4877653121948242 -0.5398984551429749 4.551800727844238 75 51 76
0.5029287934303284 0.09527081251144409 4.505678653717041 83 64 84
0.4989655613899231 0.15323178470134735 4.497409820556641 72 54 73
0.4989655613899231 0.15323178470134735 4.497409820556641 72 54 73
0.5004808902740479 0.11078950017690659 4.49931001663208 97 77 100
0.502005934715271 -0.1812652051448822 4.5173516273498535 86 63 75
0.5036129951477051 0.0967521145939827 4.495758056640625 82 63 82
0.49368178844451904 -0.5520117282867432 4.541719436645508 98 71 87
-0.9114280343055725 0.665088415145874 4.3597412109375 77 44 63
0.49056991934776306 -0.818983256816864 4.56015682220459 76 57 75
-0.9111122488975525 0.7131217122077942 4.355655193328857 101 49 65
-0.9111122488975525 0.7131217122077942 4.355655193328857 101 49 65
0.10003013908863068 0.3917272090911865 4.446058750152588 72 43 57
0.4961729943752289 -0.7778013944625854 4.555948257446289 82 60 82
0.5089294910430908 0.28764891624450684 4.478676795959473 47 36 46
0.4910694658756256 0.3174837529659271 4.473814964294434 50 56 144
0.501977264881134 -0.3495672047138214 4.522260665893555 87 65 85
0.502785861492157 -0.6771935224533081 4.545313358306885 152 133 154
-0.9084852933883667 0.7695974111557007 4.34454345703125 145 102 119
0.5050775408744812 -0.5395150780677795 4.528870582580566 86 65 93
0.5151693224906921 -0.04786338657140732 4.491755485534668 101 83 101
0.4970700442790985 -0.8492255806922913 4.5481343269348145 144 129 157
0.4894801080226898 -0.8023055195808411 4.542541027069092 135 111 133
0.506653904914856 -0.8244752287864685 4.544494152069092 82 63 78
0.506653904914856 -0.8244752287864685 4.544494152069092 82 63 78
0.11838559061288834 0.5100340843200684 4.423083305358887 119 76 88
0.506386935710907 -0.7646792531013489 4.535809516906738 140 123 150
0.5235303640365601 0.08903038501739502 4.47527551651001 82 58 83
0.5157184600830078 -1.2060242891311646 4.561896800994873 102 84 117
0.5157184600830078 -1.2060242891311646 4.561896800994873 102 84 117
0.5201390385627747 -0.7787386178970337 4.530951976776123 94 72 86
0.5103092789649963 -1.0183366537094116 4.547178268432617 91 73 101
0.534980833530426 -0.0433637835085392 4.469526767730713 90 69 88
0.553043007850647 0.2617795765399933 4.443123817443848 145 127 149
0.5436998009681702 0.18001963198184967 4.442211151123047 103 73 84
0.5445845723152161 0.08779694885015488 4.445338249206543 100 77 99
0.5463593006134033 0.22899717092514038 4.434758186340332 143 124 141
0.545227587223053 0.22902849316596985 4.434469699859619 143 124 141
0.5387009382247925 -0.7630700469017029 4.504767417907715 145 128 154
0.5543051958084106 -0.17940060794353485 4.461318492889404 72 49 59
0.5418596267700195 -0.8237072825431824 4.504880905151367 75 56 74
0.5538514256477356 0.19800874590873718 4.42987060546875 99 76 94
0.5520368218421936 0.21536040306091309 4.42624568939209 94 68 87
0.5437551140785217 -0.7470916509628296 4.492948055267334 146 131 156
0.5454646944999695 -0.7983965873718262 4.495450496673584 83 73 98
0.5590446591377258 -0.3058667480945587 4.458898544311523 73 52 68
0.5576592087745667 -0.16613875329494476 4.448639869689941 138 123 146
0.554456353187561 -0.7743542790412903 4.491974353790283 66 51 70
0.5462363958358765 -0.7875979542732239 4.490697860717773 129 113 133
0.5630277991294861 0.17681562900543213 4.421350955963135 95 67 81
0.5474100708961487 0.3264120817184448 4.408242225646973 80 123 216
0.5509560704231262 -0.550407886505127 4.469801902770996 132 115 132
0.5554676055908203 -0.6992855072021484 4.4796061515808105 77 63 87
0.555494487285614 -0.5035552978515625 4.465483665466309 88 72 98
0.5593624711036682 -0.279864102602005 4.4490065574646 85 66 86
0.5453526973724365 -0.7951456308364868 4.4832940101623535 87 71 95
0.5615779161453247 -0.48347559571266174 4.461187839508057 85 68 92
0.5692879557609558 -0.03989267721772194 4.429567813873291 97 68 86
0.5697999000549316 0.07632048428058624 4.421134948730469 91 68 86
0.5521778464317322 -0.8075792789459229 4.483695983886719 139 127 150
0.5575631856918335 0.2704877555370331 4.40636682510376 144 120 134
0.5664065480232239 -0.19083654880523682 4.4313201904296875 130 113 130
0.5978327393531799 0.11879343539476395 4.410375118255615 151 126 140
0.5704723000526428 0.09111288189888 4.408529758453369 148 130 148
0.5566012263298035 -0.6963778138160706 4.462530136108398 134 117 133
0.5852459669113159 0.3043244183063507 4.39039421081543 146 124 141
0.584312915802002 0.2866491973400116 4.38923454284668 59 40 49
0.584312915802002 0.2866491973400116 4.38923454284668 59 40 49
0.568070113658905 -0.9617272615432739 4.475222110748291 75 62 87
0.5954492688179016 -0.051598336547613144 4.406563758850098 147 123 137
0.5980705618858337 0.41394129395484924 4.373234272003174 141 126 146
0.6016448736190796 0.11974717676639557 4.390474796295166 157 133 148
0.5887144804000854 -1.2021236419677734 4.484683513641357 130 118 148
0.5767695307731628 -1.149265170097351 4.480282306671143 94 78 104
0.5939388871192932 0.15218713879585266 4.383998394012451 142 120 136
0.5919690728187561 0.24127259850502014 4.376956462860107 102 74 89
0.598121702671051 -0.03303622454404831 4.396897792816162 136 113 132
0.5924332141876221 -1.0816730260849 4.469357013702393 132 117 142
0.6047762036323547 0.0787675604224205 4.384568214416504 79 57 69
0.6061630845069885 -0.044558893889188766 4.392384052276611 70 47 61
0.5958540439605713 -0.2679387927055359 4.4055256843566895 132 118 129
0.5901799201965332 -0.9981892704963684 4.454848289489746 143 125 146
0.609367847442627 -0.07111342996358871 4.388289451599121 106 74 89
0.5945480465888977 -0.9625225067138672 4.451233386993408 73 48 77
0.5923910737037659 -1.2208123207092285 4.469048023223877 135 119 139
0.6111123561859131 0.433703750371933 4.350161075592041 144 122 140
0.5881790518760681 -1.060404658317566 4.454819202423096 95 72 96
0.6003451347351074 -1.0989420413970947 4.456012725830078 61 49 73
0.6003451347351074 -1.0989420413970947 4.456012725830078 61 49 73
0.6003451347351074 -1.0989420413970947 4.456012725830078 61 49 73
0.6102405190467834 -0.22119668126106262 4.390899658203125 89 65 87
0.6102405190467834 -0.22119668126106262 4.390899658203125 89 65 87
0.5986112356185913 -1.110863447189331 4.452333450317383 133 117 135
0.6009348630905151 -0.9427800178527832 4.440336227416992 77 61 93
0.6143149733543396 -0.2916499674320221 4.393555641174316 82 65 90
0.6130173206329346 -0.19637024402618408 4.386535167694092 70 53 67
0.6195477247238159 0.06656428426504135 4.366887092590332 133 109 128
0.6252533197402954 0.756289541721344 4.316590309143066 113 108 131
0.6249167919158936 0.09447596222162247 4.363248825073242 90 66 94
0.6142975091934204 -0.42431968450546265 4.39947509765625 82 57 78
0.6027436256408691 -0.6865730881690979 4.417802810668945 60 47 66
0.6245924234390259 0.40293800830841064 4.339670181274414 130 110 122
0.5982820391654968 -1.1217186450958252 4.447324752807617 95 68 97
0.5917272567749023 -1.0795401334762573 4.442591667175293 143 125 149
0.6237394213676453 0.2929249703884125 4.345096588134766 132 119 137
0.6238987445831299 -0.9638879299163818 4.430826187133789 48 40 56
0.6238987445831299 -0.9638879299163818 4.430826187133789 48 40 56
0.6368662118911743 0.5163928866386414 4.324898719787598 82 68 97
0.6248669624328613 0.46259212493896484 4.328064918518066 69 43 60
0.6273865103721619 0.05577883496880531 4.35390043258667 79 56 77
0.6332185864448547 -0.17961300909519196 4.367112159729004 143 125 148
0.6114816069602966 -1.0989735126495361 4.431906223297119 90 65 94
0.6269347667694092 0.45101410150527954 4.319238185882568 131 118 132
0.6108145713806152 -0.9731032252311707 4.416579246520996 137 119 138
0.6278344988822937 -0.4164712131023407 4.375057697296143 137 111 131
0.6430824995040894 0.29118531942367554 4.322002410888672 139 122 140
0.6426735520362854 -0.5545029044151306 4.376954555511475 87 63 80
0.6415804624557495 0.4849798083305359 4.301792144775391 139 118 135
0.6621579527854919 0.7503524422645569 4.283265590667725 78 61 80
0.6417480111122131 0.07212035357952118 4.3307366371154785 132 107 125
0.6602441072463989 0.7687978744506836 4.281466484069824 153 136 161
0.6525857448577881 0.5082375407218933 4.296938419342041 73 59 72
0.6429702043533325 0.17815186083316803 4.3189377784729 160 137 154
0.6608766913414001 0.588537335395813 4.289912700653076 86 61 83
0.6608766913414001 0.588537335395813 4.289912700653076 86 61 83
0.6367040872573853 -1.1015766859054565 4.41015625 69 55 74
0.6482230424880981 0.32393333315849304 4.307722568511963 103 73 85
0.6474784016609192 0.17035162448883057 4.318380832672119 95 70 94
0.6496172547340393 -0.0409182645380497 4.332988262176514 77 54 67
0.650323212146759 -0.6609991192817688 4.37317419052124 100 72 88
0.6462990641593933 -0.6861593127250671 4.374569892883301 74 61 77
0.6650475263595581 0.28775423765182495 4.304356098175049 139 124 143
0.6578553915023804 -0.6458747982978821 4.363840579986572 96 66 84
0.6578553915023804 -0.6458747982978821 4.363840579986572 96 66 84
0.6564016342163086 -0.6201863884925842 4.361875057220459 99 69 86
0.6564016342163086 -0.6201863884925842 4.361875057220459 99 69 86
0.6578674912452698 -0.5538396239280701 4.356988430023193 88 64 86
0.6643838286399841 -0.5633804798126221 4.356966018676758 141 125 143
0.6643838286399841 -0.5633804798126221 4.356966018676758 141 125 143
0.6661537885665894 0.7259058952331543 4.2614264488220215 129 108 130
0.6698394417762756 -0.5729612708091736 4.3535003662109375 93 68 87
0.6668255925178528 0.33173060417175293 4.2882184982299805 106 75 90
0.6601524353027344 -0.6792107820510864 4.357542037963867 134 116 141
0.6584175229072571 -1.2178659439086914 4.395318031311035 85 66 95
0.6740532517433167 0.7100772857666016 4.256748199462891 95 76 100
0.6644873023033142 -0.957409679889679 4.373379230499268 140 128 153
0.6631172895431519 -0.6932147145271301 4.353118419647217 96 81 103
0.6709697246551514 -0.5839958190917969 4.3451690673828125 136 115 131
0.676212728023529 -0.04769565537571907 4.306880474090576 100 76 90
0.6804566979408264 -0.41177645325660706 4.332942008972168 137 117 137
0.6897182464599609 0.7634565234184265 4.249066352844238 140 122 140
0.6900307536125183 0.2677200138568878 4.274606704711914 137 115 131
0.6807562112808228 -0.4246244430541992 4.3234477043151855 68 48 60
0.7005821466445923 0.5037937164306641 4.252439975738525 75 57 75
0.6810449957847595 -0.5787255167961121 4.324529647827148 96 70 92
0.6810449957847595 -0.5787255167961121 4.324529647827148 96 70 92
0.7006070017814636 0.5150058269500732 4.245903491973877 141 128 147
0.6940152645111084 0.7576411366462708 4.2271575927734375 135 121 138
0.6882210373878479 -0.3054531514644623 4.301260948181152 131 117 142
0.6838210821151733 -1.2197794914245605 4.36384391784668 78 64 93
0.6769871711730957 -1.208743929862976 4.362226963043213 141 121 146
0.6886407136917114 -0.4163814187049866 4.305492877960205 135 119 138
0.7019532918930054 0.0875442624092102 4.266114234924316 155 134 151
0.7193478941917419 0.4068812429904938 4.2387871742248535 82 56 81
0.70993572473526 0.25937607884407043 4.238648891448975 150 124 139
0.7227758169174194 -0.16312536597251892 4.266612529754639 140 118 135
0.7128875255584717 -0.4162602126598358 4.283840656280518 137 120 138
0.7201829552650452 -0.07005777955055237 4.256600379943848 154 137 155
0.723418116569519 -0.13778156042099 4.2578630447387695 150 133 152
0.7232790589332581 -0.17680500447750092 4.258981704711914 83 60 78
0.712160050868988 -1.1085799932479858 4.3239359855651855 71 52 76
0.727810263633728 -0.4286595284938812 4.2752909660339355 74 57 75
0.7339369058609009 0.35863015055656433 4.217220783233643 102 74 94
0.7349192500114441 0.33278119564056396 4.217854022979736 105 73 91
0.7104337215423584 -0.9804301857948303 4.309486389160156 142 123 142
0.7331020832061768 0.3085978329181671 4.217692852020264 94 66 81
0.7275502681732178 -0.3261123299598694 4.261937141418457 79 51 73
0.7333819270133972 -0.15310049057006836 4.249517917633057 93 68 91
0.7450034022331238 0.11134853214025497 4.228536128997803 154 137 156
0.737144947052002 -0.10614106804132462 4.2414960861206055 90 67 88
0.7371588945388794 0.2786295711994171 4.213059425354004 148 134 149
0.7236252427101135 -0.6960349678993225 4.280854225158691 80 67 89
0.7423288822174072 -0.04614480584859848 4.232723236083984 143 124 146
0.7500296831130981 -0.05577079951763153 4.231421947479248 82 63 83
0.7452360391616821 0.7149388194084167 4.1726155281066895 157 139 158
0.7504208087921143 0.10484731197357178 4.215997219085693 84 59 82
0.7504208087921143 0.10484731197357178 4.215997219085693 84 59 82
0.7393447756767273 -0.840240478515625 4.276123523712158 135 117 136
0.7614918351173401 0.5941041707992554 4.173364162445068 102 80 93
0.7604838609695435 0.7764768004417419 4.15814208984375 96 72 88
0.7457277178764343 -0.971919596195221 4.282700061798096 92 74 94
0.7457277178764343 -0.971919596195221 4.282700061798096 92 74 94
0.7605766654014587 0.16262094676494598 4.200847148895264 68 47 74
0.7720645070075989 0.7456449866294861 4.1591477394104 71 58 69
0.7552828788757324 0.08270136266946793 4.205706596374512 147 132 151
0.7425121665000916 -1.2163196802139282 4.296825408935547 131 116 137
0.7425121665000916 -1.2163196802139282 4.296825408935547 131 116 137
0.7469222545623779 -1.1586978435516357 4.290481090545654 100 76 105
0.7615991830825806 -0.055271171033382416 4.211024284362793 77 59 77
0.7533400654792786 -1.1092867851257324 4.282800197601318 87 72 101
0.7797462344169617 0.7436769604682922 4.1456427574157715 113 111 130
0.787753164768219 0.5053093433380127 4.1542463302612305 138 123 137
0.7605860829353333 -1.2232398986816406 4.271015644073486 104 78 107
0.8009485006332397 0.4951268136501312 4.145366191864014 80 61 77
0.8098489046096802 0.5883413553237915 4.130189895629883 76 57 70
0.8098489046096802 0.5883413553237915 4.130189895629883 76 57 70
0.8197460770606995 0.7290201187133789 4.109904766082764 83 63 78
0.7955079674720764 -0.1809370070695877 4.173899173736572 140 126 144
0.7385333180427551 0.935992419719696 4.082749366760254 74 83 73
0.801531970500946 -1.1100585460662842 4.2261552810668945 100 79 109
0.801531970500946 -1.1100585460662842 4.2261552810668945 100 79 109
0.8145293593406677 0.07620543241500854 4.141051292419434 148 129 149
0.8267908692359924 0.4055802822113037 4.117201328277588 144 128 146
0.8244407176971436 0.717043936252594 4.094479560852051 96 69 91
0.822120189666748 0.3948523700237274 4.109991073608398 70 51 63
0.8482626080513 0.588203489780426 4.077093124389648 148 121 133
0.7692840695381165 0.8472898006439209 4.058145046234131 123 107 120
0.8522927165031433 0.7296055555343628 4.065976619720459 74 50 64
0.8643001317977905 -0.3293997645378113 4.118253707885742 96 80 113
0.8764393329620361 0.4961920380592346 4.052702903747559 140 121 136
0.8954903483390808 0.5297194123268127 4.020919322967529 180 158 170
0.8732579350471497 0.7952368855476379 3.9801089763641357 156 144 162
2.0326642990112305 0.540500283241272 3.971318244934082 172 186 227
0.8544622659683228 0.844932496547699 3.9638001918792725 179 204 255
0.8694816827774048 0.8211223483085632 3.9610776901245117 151 139 156
2.0454795360565186 0.5526315569877625 3.9458975791931152 106 111 144
0.880635678768158 0.9247324466705322 3.9269680976867676 92 94 100
0.799254298210144 0.46742576360702515 3.8196921348571777 169 185 224
-0.03633502125740051 0.4168051481246948 3.7170538902282715 164 181 218
-0.024807263165712357 0.4258764386177063 3.7000956535339355 108 116 149
-0.11328580975532532 0.39936408400535583 4.675450801849365 62 42 49
0.8545441627502441 -0.40189874172210693 3.200658082962036 160 183 223
0.29188165068626404 0.4852084815502167 4.655610084533691 82 43 57
-0.3700465261936188 -0.4840452969074249 3.7137277126312256 113 108 152
0.876091718673706 0.2764279544353485 6.391857147216797 96 61 78
-0.9355959296226501 0.49260562658309937 5.843394756317139 54 39 39
-0.8827406764030457 0.49640950560569763 5.765358924865723 132 83 102
-0.9872440099716187 0.43168380856513977 5.105231285095215 136 94 114
0.7272596955299377 -0.7281355857849121 4.281105995178223 99 72 94
10.237580299377441 -2.4194579124450684 10.498380661010742 117 93 115
1.082518219947815 -0.7277320027351379 6.0535101890563965 89 42 48
0.3777856230735779 -0.8871304988861084 4.698421955108643 84 64 80
0.4011048674583435 -0.2807908356189728 4.636411666870117 123 108 132
-1.0062376260757446 0.38331782817840576 6.917804718017578 57 41 58
-1.1889355182647705 -0.3906724750995636 6.805047988891602 114 97 122
-0.9168555736541748 0.3965041935443878 6.69187593460083 101 94 113
-0.9984543323516846 0.5275490880012512 5.997125625610352 35 35 35
-0.977281928062439 0.4816710948944092 5.983181476593018 126 104 123
-0.8959090709686279 0.49811574816703796 5.847342491149902 54 39 39
-0.7656236290931702 0.5530464053153992 5.616603374481201 90 54 65
-1.131043553352356 0.4658662974834442 5.578896999359131 71 41 55
-0.7056634426116943 0.5755824446678162 5.522519588470459 84 41 54
-0.4237173795700073 -0.25225988030433655 5.375961780548096 98 79 63
0.33353424072265625 -0.3921259641647339 4.724252700805664 130 114 137
0.5613652467727661 -0.683333158493042 4.469357490539551 78 66 83
0.6006215810775757 -0.9511505365371704 4.447749614715576 132 114 137
0.6382026076316833 -0.6751003265380859 4.391515731811523 147 125 141
0.7001250982284546 -0.9803123474121094 4.330309867858887 136 118 137
0.7751922011375427 0.26761069893836975 4.176462173461914 100 75 96
1.0477920770645142 -0.41623634099960327 3.863583564758301 142 155 197
1.0441538095474243 -0.3669492304325104 3.8488552570343018 189 207 250
0.06540423631668091 -0.14544746279716492 3.5726795196533203 106 117 157
0.08383457362651825 0.2193382829427719 3.5359387397766113 94 106 144
-1.0483882427215576 0.6687561273574829 7.003263473510742 77 69 92
-1.0113240480422974 0.6685306429862976 6.893739700317383 117 112 138
-0.9657004475593567 0.6121367812156677 6.78825569152832 51 37 46
-0.9347084760665894 0.21015110611915588 6.7435455322265625 67 56 68
-0.9110755324363708 0.4692208170890808 6.687848091125488 95 87 105
-0.876065731048584 0.6903480291366577 6.58204984664917 37 32 47
-0.8631895780563354 0.45550537109375 6.569874286651611 46 35 45
-0.8631895780563354 0.45550537109375 6.569874286651611 46 35 45
-0.8522498607635498 -0.008464761078357697 6.572537422180176 108 100 117
-0.8448982238769531 0.4366864264011383 6.519716739654541 97 77 89
-0.8348535895347595 0.4434332847595215 6.504949569702148 42 37 37
-0.8271144032478333 0.3988766074180603 6.4891581535339355 41 35 48
-0.8113054037094116 0.5266767740249634 6.453696250915527 97 88 110
-0.8072413206100464 0.5184109807014465 6.441155433654785 48 37 46
-0.8058854341506958 0.2352904975414276 6.457495212554932 63 48 55
-0.783241868019104 -0.020159192383289337 6.426872730255127 103 88 108
-0.778387188911438 0.010091767646372318 6.417623519897461 34 27 40
-0.7765199542045593 -0.004334629978984594 6.404400825500488 130 111 130
-1.0333609580993652 0.5145054459571838 6.064376354217529 35 25 27
-0.8698859810829163 0.3012617826461792 6.099307060241699 96 61 78
-0.9889653921127319 0.7678979635238647 5.949480056762695 90 54 61
-0.9889653921127319 0.7678979635238647 5.949480056762695 90 54 61
-0.9718473553657532 0.5313684940338135 5.955099105834961 37 19 22
-0.9168670773506165 0.5719476938247681 5.853986740112305 135 88 106
-0.6147468090057373 0.2519221901893616 5.83402681350708 46 21 27
-0.6454091668128967 0.10021539777517319 5.787128448486328 80 35 39
3.490262031555176 0.37759292125701904 5.771507740020752 92 38 48
3.4736855030059814 0.3918531537055969 5.7582783699035645 156 104 121
3.4736855030059814 0.3918531537055969 5.7582783699035645 156 104 121
-0.6635081768035889 0.4507298469543457 5.5764994621276855 156 110 131
-0.6606406569480896 -0.2901490032672882 5.5959014892578125 120 73 84
-0.64561927318573 -0.2656654417514801 5.586968898773193 107 72 90
-0.7096700668334961 0.6369357705116272 5.42813777923584 75 54 61
-0.43816760182380676 -0.4264443814754486 5.418738842010498 116 70 82
8.226946830749512 -1.0341899394989014 5.3837504386901855 181 174 146
-0.4169076085090637 -0.2494889199733734 5.38914155960083 123 106 80
-0.6373069286346436 0.6228906512260437 5.3181681632995605 79 58 64
-0.48369061946868896 0.21953566372394562 5.319763660430908 101 89 82
-0.36879077553749084 -0.7025842070579529 5.15748405456543 140 96 116
0.22567525506019592 0.45457929372787476 5.020711421966553 136 94 114
-0.32931897044181824 -0.6835664510726929 5.109610080718994 52 28 42
-0.34081482887268066 -0.941169261932373 5.085175514221191 50 23 28
-0.25790292024612427 0.4186752438545227 4.910319805145264 61 40 51
-0.29936137795448303 -0.9849586486816406 4.989424228668213 62 30 33
0.05015800520777702 0.20948323607444763 4.874382972717285 61 27 34
0.05066043511033058 0.2501516044139862 4.868584156036377 78 39 53
-0.2127508521080017 0.42545440793037415 4.846822738647461 137 94 113
0.39004015922546387 -0.28348827362060547 4.660703659057617 137 120 139
0.061792075634002686 0.3205028474330902 4.656895637512207 98 42 52
0.4245976209640503 -0.774064302444458 4.641290664672852 91 65 84
0.43175172805786133 -0.6993434429168701 4.624622344970703 144 122 143
0.45682185888290405 -0.6759088039398193 4.604277610778809 93 75 95
0.45140355825424194 -0.6849651336669922 4.600392818450928 134 117 138
0.5504390001296997 -0.8071306347846985 4.483254909515381 134 122 148
0.6191436052322388 0.06696293503046036 4.366733074188232 127 106 121
0.6569742560386658 -0.19289450347423553 4.3316755294799805 79 51 62
0.6806187033653259 -0.42378395795822144 4.323318958282471 65 48 62
0.7317978739738464 0.3339596092700958 4.217131614685059 99 71 86
-0.8805039525032043 0.843614935874939 4.365569114685059 88 52 75
0.695734977722168 -0.06984405219554901 3.864243268966675 182 194 240
0.33749184012413025 -0.3348572850227356 3.9695754051208496 130 142 189
0.33749184012413025 -0.3348572850227356 3.9695754051208496 130 142 189
0.4446452260017395 0.19039838016033173 3.8546202182769775 80 77 133
0.4488886594772339 0.22115595638751984 3.8487353324890137 83 73 138
0.4202864468097687 -0.19204570353031158 3.8785431385040283 68 78 111
0.3943273425102234 -0.38546720147132874 3.8905770778656006 135 145 194
0.40474674105644226 0.4306030571460724 3.835298538208008 71 66 93
0.4662703275680542 0.2199847549200058 3.8271484375 42 42 113
0.47720134258270264 0.1703258603811264 3.8259308338165283 80 100 147
0.4736248850822449 0.18835721909999847 3.8248846530914307 73 82 139
0.17916733026504517 -0.18848827481269836 3.926314353942871 123 129 157
0.46519219875335693 -0.05776903033256531 3.833224058151245 202 216 254
0.46519219875335693 -0.05776903033256531 3.833224058151245 202 216 254
0.4796912372112274 0.2505969703197479 3.8101768493652344 190 210 250
0.5017728805541992 0.2301321178674698 3.7885773181915283 64 73 106
0.4336254596710205 -0.2766442894935608 3.83371639251709 185 202 246
0.49941471219062805 -0.2284284085035324 3.784790277481079 73 49 62
0.5050270557403564 -0.049669042229652405 3.766524314880371 129 116 138
0.3678925037384033 0.32805559039115906 3.7758615016937256 174 189 233
0.5024480223655701 -0.2641924321651459 3.751939535140991 111 94 119
0.5317783951759338 0.2108662873506546 3.691265106201172 180 190 228
-0.6259018778800964 -0.10740020126104355 3.7267236709594727 69 79 121
-0.7676126956939697 0.23552203178405762 3.744035243988037 165 184 223
-1.0597245693206787 -0.17233526706695557 7.055424213409424 84 69 94
-1.0415219068527222 0.2784900367259979 7.015748500823975 69 68 77
-1.045652985572815 0.3196154832839966 7.000443458557129 53 50 70
-1.045652985572815 0.3196154832839966 7.000443458557129 53 50 70
-1.036401391029358 0.29779428243637085 6.9986186027526855 62 54 78
-1.026240348815918 0.09313757717609406 6.972883701324463 63 50 70
-1.02955162525177 -0.12449649721384048 6.971475601196289 78 62 83
-1.0283963680267334 0.4955744445323944 6.928892135620117 48 42 77
-1.023991346359253 0.48073697090148926 6.931218147277832 71 66 106
-1.0228742361068726 0.6585857272148132 6.919519901275635 53 46 58
-1.021874189376831 0.404279500246048 6.934418201446533 102 87 110
-1.0155950784683228 -0.02440555766224861 6.957016468048096 53 44 59
-1.0186008214950562 0.5306654572486877 6.910935401916504 18 28 57
-1.0233774185180664 0.5735114812850952 6.906077861785889 14 18 25
-1.0127617120742798 0.03104243054986 6.939316272735596 104 90 116
-1.0087671279907227 -0.026254652068018913 6.938330173492432 55 41 51
-1.0176950693130493 0.49843499064445496 6.899394512176514 21 28 46
-1.0176950693130493 0.49843499064445496 6.899394512176514 21 28 46
-1.0142985582351685 0.7227799892425537 6.881960868835449 70 66 89
-1.0069180727005005 0.6873689889907837 6.884316921234131 120 106 132
-1.002102017402649 -0.07818387448787689 6.921316623687744 110 92 115
-1.0007606744766235 -0.05550409480929375 6.917678356170654 119 97 120
-1.001173734664917 0.6559395790100098 6.863951206207275 103 96 111
-1.002683401107788 -0.23957394063472748 6.922852993011475 46 40 53
-1.0027159452438354 0.37283650040626526 6.879589080810547 63 57 71
-0.9980952739715576 -0.08594401180744171 6.906822204589844 38 31 39
-0.9971221685409546 0.877091646194458 6.833547592163086 38 32 40
-0.9971820712089539 0.4166165292263031 6.86083459854126 90 76 99
-0.9906970858573914 0.8667306900024414 6.827597141265869 107 97 123
-0.9877986907958984 0.3879365921020508 6.855663299560547 108 94 118
-0.9883342385292053 0.46815693378448486 6.838296890258789 22 33 56
-0.9874804615974426 -0.09177528321743011 6.869704246520996 65 50 70
-0.9874804615974426 -0.09177528321743011 6.869704246520996 65 50 70
-0.9755892753601074 0.3898560106754303 6.825560569763184 104 91 110
-0.9755892753601074 0.3898560106754303 6.825560569763184 104 91 110
-0.9810808897018433 0.5312678813934326 6.813994407653809 61 58 94
-0.9838488698005676 0.5126506686210632 6.813329219818115 46 46 79
-0.9735732078552246 1.00630784034729 6.7831645011901855 49 41 49
-0.9751346111297607 -0.09241930395364761 6.851930618286133 63 50 69
-0.9707797765731812 0.8684608340263367 6.784673690795898 48 44 59
-0.9681283235549927 0.2555975615978241 6.821794033050537 109 94 112
-0.9696035981178284 0.6206958889961243 6.7942118644714355 71 61 70
-0.9639646410942078 -0.1422920674085617 6.823131561279297 115 103 123
-0.954923152923584 0.25900140404701233 6.799373149871826 63 49 65
-0.9550126194953918 0.48111677169799805 6.7844085693359375 108 100 120
-0.9666275382041931 -0.2398988902568817 6.82369327545166 62 48 62
-0.957201361656189 0.7392124533653259 6.7606611251831055 52 45 61
-0.9503104090690613 1.0073920488357544 6.74038553237915 45 37 45
-0.9511269927024841 1.022718906402588 6.735182762145996 108 90 104
-0.9567648768424988 0.799129068851471 6.741049766540527 112 99 122
-0.9495176076889038 0.3631410002708435 6.767176628112793 53 41 47
-0.9517041444778442 1.1019259691238403 6.7059454917907715 34 40 46
-0.9447809457778931 -0.0316774807870388 6.775871753692627 48 35 46
-0.9443861842155457 0.11894077062606812 6.765939235687256 66 55 71
-0.9414911866188049 0.1395641565322876 6.760127544403076 110 98 122
-0.9408358335494995 0.36205488443374634 6.742559909820557 51 40 46
-0.9340237379074097 0.26602253317832947 6.750103950500488 127 113 130
-0.9420700669288635 -0.02002156339585781 6.763272285461426 123 109 135
-0.934319019317627 0.25576990842819214 6.747298240661621 72 63 87
-0.934319019317627 0.25576990842819214 6.747298240661621 72 63 87
-0.9410358667373657 0.07827528566122055 6.75470495223999 49 38 48
-0.9410358667373657 0.07827528566122055 6.75470495223999 49 38 48
-0.9333529472351074 -0.030114704743027687 6.763852596282959 53 41 52
-0.9410531520843506 0.7282880544662476 6.7106032371521 104 89 107
-0.9500489234924316 -0.2557185888290405 6.767996311187744 122 104 130
-0.934516191482544 0.7367863655090332 6.707791328430176 58 52 65
-0.934516191482544 0.7367863655090332 6.707791328430176 58 52 65
-0.9360873103141785 0.1323998123407364 6.744161605834961 43 38 52
-0.9279523491859436 0.4857219457626343 6.722290515899658 109 103 123
-0.9308968186378479 0.15010809898376465 6.740866184234619 41 32 36
-0.919079065322876 0.46871528029441833 6.7055511474609375 98 89 104
-0.9216771721839905 0.4778580069541931 6.703461170196533 58 44 62
-0.9271790385246277 0.3871397078037262 6.703036785125732 54 55 74
-0.9199661016464233 0.36945146322250366 6.697259902954102 102 93 116
-0.9279913902282715 -0.07807762175798416 6.722968578338623 121 102 122
-0.9232469797134399 0.393378883600235 6.690074443817139 101 94 113
-0.9111484885215759 0.5296701788902283 6.679625511169434 54 40 43
-0.916385293006897 0.2536604702472687 6.695951461791992 56 43 47
-0.9106336236000061 0.35783979296684265 6.686936378479004 48 38 46
-0.9112035036087036 0.7279540300369263 6.659252166748047 47 37 47
-0.9069520235061646 0.460342139005661 6.676811695098877 45 34 47
-0.9031477570533752 0.8989337086677551 6.6435227394104 47 37 55
-0.9136030077934265 0.24816185235977173 6.681500434875488 105 93 100
-0.9132384657859802 0.35496655106544495 6.673886775970459 49 36 50
-0.9053207635879517 0.477678507566452 6.665871620178223 105 97 121
-0.9140575528144836 -0.33461371064186096 6.711314678192139 85 63 82
-0.9068279266357422 0.4224209487438202 6.66165828704834 28 19 25
-0.8997969031333923 0.8450374007225037 6.635068893432617 45 33 42
-0.9015114903450012 0.2545163929462433 6.672425270080566 49 43 50
-0.9069039821624756 0.07796136289834976 6.68057107925415 62 49 66
-0.9099668860435486 -0.09641655534505844 6.690999507904053 42 32 40
-0.9099668860435486 -0.09641655534505844 6.690999507904053 42 32 40
-0.8961824774742126 0.36529505252838135 6.654446125030518 94 83 103
-0.8985809683799744 0.6299124956130981 6.632113933563232 82 73 88
-0.8970704078674316 0.46028387546539307 6.640914440155029 113 98 118
-0.896941065788269 0.058642495423555374 6.648861408233643 122 108 126
-0.8941156268119812 -0.251743346452713 6.668192386627197 57 46 63
-0.8895120620727539 -0.10468605905771255 6.658518314361572 41 31 39
-0.8818057179450989 0.712318480014801 6.604048252105713 45 36 45
-0.8923076391220093 0.19188427925109863 6.633869647979736 74 53 60
-0.8845521211624146 0.6989129185676575 6.593926429748535 91 77 99
-0.8784254789352417 0.3083200752735138 6.609426975250244 41 36 52
-0.8765353560447693 0.6957018375396729 6.581467628479004 37 32 47
-0.8761774897575378 -0.25199586153030396 6.639616012573242 60 43 58
-0.8943215012550354 0.19205735623836517 6.593340873718262 107 88 106
-0.8943215012550354 0.19205735623836517 6.593340873718262 107 88 106
-0.8652815222740173 -0.25127074122428894 6.616337299346924 51 37 47
-0.8611223697662354 -0.03817103058099747 6.5975751876831055 64 48 59
-0.8611223697662354 -0.03817103058099747 6.5975751876831055 64 48 59
-0.847294270992279 0.8297908306121826 6.542799472808838 34 29 36
-0.8598880171775818 0.1402379423379898 6.583622455596924 51 35 46
-0.8580195307731628 0.14936450123786926 6.579949378967285 104 95 119
-0.8592853546142578 0.6129282712936401 6.545995712280273 49 38 51
-0.8575077652931213 0.9974639415740967 6.521712779998779 90 87 109
-0.861832320690155 0.7073092460632324 6.538186550140381 38 27 31
-0.8578516244888306 0.08378708362579346 6.577234268188477 46 39 50
-0.853437066078186 0.29759085178375244 6.55503511428833 51 37 46
-0.8372179865837097 0.7124947309494019 6.532695770263672 33 28 31
-0.8546111583709717 0.9053524136543274 6.504282474517822 52 36 40
-0.8546111583709717 0.9053524136543274 6.504282474517822 52 36 40
-0.8550234436988831 -0.02537170797586441 6.562438488006592 108 97 114
-0.8451685309410095 0.4601595997810364 6.533461570739746 48 34 38
-0.8542211651802063 0.25067490339279175 6.543186187744141 71 54 70
-0.8497604727745056 0.011692563071846962 6.558366298675537 59 46 56
-0.8515309691429138 0.2644905149936676 6.539469242095947 113 95 113
-0.8480889797210693 0.6081704497337341 6.515744209289551 55 41 57
-0.8471640348434448 -0.38769328594207764 6.577097415924072 64 52 74
-0.8463380336761475 -0.13508321344852448 6.557395935058594 115 100 120
-0.8409925699234009 0.5328224897384644 6.513067245483398 48 37 46
-0.8454280495643616 0.8191390633583069 6.4886322021484375 37 27 34
-0.843748927116394 -0.24500465393066406 6.5575151443481445 59 45 50
-0.8438909649848938 -0.388570100069046 6.565356254577637 77 53 74
-0.8399836421012878 0.5308988094329834 6.504155158996582 36 29 34
-0.8370434045791626 -0.24757133424282074 6.553965091705322 85 73 79
-0.8460438251495361 -0.011756091378629208 6.536111354827881 110 83 98
-0.8394919037818909 -0.3913321793079376 6.556432247161865 133 111 124
-0.8378945589065552 0.4315950870513916 6.5007853507995605 36 32 39
-0.8378945589065552 0.4315950870513916 6.5007853507995605 36 32 39
-0.8236616253852844 0.603185772895813 6.490711212158203 28 24 30
-0.836877703666687 -0.03286280110478401 6.528021812438965 56 42 49
-0.8342406749725342 -0.250635027885437 6.542766094207764 48 35 44
-0.8276963829994202 0.5318533778190613 6.4895758628845215 41 33 36
-0.8307217955589294 0.21486616134643555 6.501279830932617 58 51 57
-0.8283628821372986 0.409807026386261 6.487299919128418 37 27 39
-0.8261223435401917 -0.11391530930995941 6.505546569824219 94 78 93
-0.8228022456169128 0.2054077684879303 6.485546588897705 31 27 35
-0.8144702911376953 -0.39382684230804443 6.5112714767456055 40 28 39
-0.8176397085189819 0.5055736899375916 6.451900959014893 54 50 58
-0.8176397085189819 0.5055736899375916 6.451900959014893 54 50 58
-0.8173738121986389 0.21628980338573456 6.468992710113525 120 85 98
-0.808072030544281 0.714390218257904 6.435883045196533 80 72 94
-0.8257519602775574 1.0749989748001099 6.4016923904418945 42 37 52
-0.8157435655593872 -0.3974127471446991 6.497802257537842 116 93 108
-0.8084200024604797 -0.036497779190540314 6.464787483215332 67 50 62
-0.806632936000824 -0.12299375981092453 6.46465539932251 124 101 115
-0.8086652159690857 -0.12125445902347565 6.463277339935303 127 107 120
-0.7849209904670715 -0.01928248442709446 6.42861795425415 64 50 64
-0.7912273406982422 -0.3811313211917877 6.448695659637451 74 54 73
-0.779133141040802 0.04962824285030365 6.420108318328857 106 94 107
-0.7865110635757446 -0.2542831599712372 6.430013656616211 84 60 77
-0.7828305959701538 -0.3885139524936676 6.424420356750488 70 48 54
-0.7800254225730896 -0.5197414755821228 6.4286699295043945 49 38 49
-0.7708113789558411 -0.3752416968345642 6.416324138641357 127 108 127
-0.7767807841300964 -0.5118707418441772 6.421996116638184 111 97 121
-0.7707390189170837 -0.1256123036146164 6.389700889587402 136 107 125
-0.7569341659545898 0.3287225365638733 6.358672142028809 34 24 34
-0.7670751214027405 -0.38649219274520874 6.400151252746582 80 52 68
-0.7593595385551453 -0.10803189128637314 6.378112316131592 61 45 52
-0.7681809663772583 -0.5190617442131042 6.40256404876709 49 43 56
-0.7587257623672485 -0.07853975147008896 6.366123199462891 34 26 36
-0.7549170851707458 -0.2532547116279602 6.377211570739746 62 48 64
-0.7540083527565002 -0.11654793471097946 6.359719753265381 88 64 79
-0.7531291842460632 -0.1006709411740303 6.358720779418945 124 115 133
-0.7529193758964539 -0.13256454467773438 6.357326507568359 98 69 88
-0.7529193758964539 -0.13256454467773438 6.357326507568359 98 69 88
-0.7500922679901123 -0.11457159370183945 6.349615573883057 78 62 80
-0.7343580722808838 -0.16836854815483093 6.330443382263184 66 53 77
-0.7262780070304871 -0.24724794924259186 6.310977935791016 58 43 60
-0.7203679084777832 -0.3896843492984772 6.319924831390381 53 38 52
-0.7191022038459778 -0.25473320484161377 6.30264139175415 119 96 117
-0.7261192798614502 -0.5950167775154114 6.322303771972656 88 58 73
-0.7146392464637756 -0.2476860135793686 6.300532341003418 59 45 68
-0.7923948764801025 0.07215261459350586 6.2540364265441895 46 22 22
-0.7068001627922058 -0.4714507758617401 6.299860954284668 68 53 72
-0.7038085460662842 -0.48592591285705566 6.289157390594482 57 45 67
-1.1191681623458862 1.0603656768798828 6.0655999183654785 138 93 115
-1.1191681623458862 1.0603656768798828 6.0655999183654785 138 93 115
-0.680860698223114 -0.28344953060150146 6.2293782234191895 138 115 130
-0.9646028280258179 0.44709327816963196 6.1272873878479 157 104 122
-0.6829498410224915 -0.3771868348121643 6.227377891540527 58 38 46
-0.6829498410224915 -0.3771868348121643 6.227377891540527 58 38 46
-0.6743787527084351 -0.32917529344558716 6.223708152770996 94 69 88
-0.6731234192848206 -0.30010995268821716 6.221198081970215 69 49 70
-0.6704984903335571 -0.2637875974178314 6.213454246520996 75 61 77
-0.6672776937484741 -0.26881715655326843 6.2001752853393555 140 111 128
-1.0885244607925415 1.0483828783035278 6.043915748596191 102 80 94
-1.0885244607925415 1.0483828783035278 6.043915748596191 102 80 94
-1.0499401092529297 0.5318089723587036 6.079516410827637 40 25 31
-0.6617729067802429 -0.5182212591171265 6.209201812744141 116 95 111
-1.0432713031768799 0.5951681137084961 6.0679192543029785 36 30 30
-0.6502894163131714 -0.5066992044448853 6.20266056060791 48 32 46
-0.9502710700035095 0.4313987195491791 6.088563919067383 133 77 91
-0.9769861698150635 0.4282092750072479 6.075109958648682 132 81 98
-1.0559911727905273 0.5274686217308044 6.053775787353516 63 51 56
-0.6451477408409119 -0.504032552242279 6.18501615524292 70 52 73
-0.9325648546218872 -0.00708409259095788 6.105276584625244 36 18 16
-0.8790079951286316 0.33207499980926514 6.088339805603027 113 79 95
-1.0459002256393433 0.944226086139679 6.0213117599487305 42 24 29
-0.9574557542800903 -0.034735966473817825 6.080918788909912 48 21 24
-1.0243498086929321 0.6100524663925171 6.026304244995117 118 73 82
-0.6302489042282104 -0.5048680901527405 6.1590752601623535 52 36 51
-0.6302489042282104 -0.5048680901527405 6.1590752601623535 52 36 51
-0.6323124170303345 -0.2527908682823181 6.141176700592041 121 110 135
-0.6323124170303345 -0.2527908682823181 6.141176700592041 121 110 135
-0.6346842050552368 -0.7481984496116638 6.17192268371582 74 56 69
-0.8224940896034241 0.13394582271575928 6.085020542144775 71 32 34
-1.0220719575881958 0.5686810612678528 6.020634651184082 119 73 86
-1.0220719575881958 0.5686810612678528 6.020634651184082 119 73 86
-1.0151991844177246 0.5999125242233276 6.01882266998291 73 36 48
-0.8588180541992188 0.3204496204853058 6.052959442138672 63 34 40
-0.6294162273406982 -0.7451866865158081 6.149806976318359 76 55 67
-0.8467749357223511 0.35150498151779175 6.04658842086792 148 103 121
-0.6232229471206665 -0.7628939747810364 6.141940116882324 134 110 130
-1.028133511543274 1.0335382223129272 5.962111949920654 47 39 44
-0.6020275354385376 -0.5076817274093628 6.105356216430664 51 39 47
-0.6020275354385376 -0.5076817274093628 6.105356216430664 51 39 47
-0.5994675755500793 -0.7372826933860779 6.102053642272949 126 114 138
-0.982085108757019 0.6093366146087646 5.959661483764648 59 35 41
-0.982085108757019 0.6093366146087646 5.959661483764648 59 35 41
-0.9783233404159546 0.5347115397453308 5.954277038574219 35 22 24
-0.9792547821998596 0.53431636095047 5.953851699829102 37 19 22
-0.9802101254463196 0.9711962938308716 5.918363571166992 22 21 21
-0.7092650532722473 0.2974199652671814 5.993009567260742 48 25 30
-0.9640650749206543 0.6492899060249329 5.928816318511963 83 60 66
-0.705105185508728 0.31004613637924194 5.975074768066406 42 19 25
-0.9598814845085144 0.5312257409095764 5.923124313354492 49 30 41
-0.9598814845085144 0.5312257409095764 5.923124313354492 49 30 41
-0.9583743810653687 0.5207598805427551 5.922683238983154 126 82 97
-0.9831897020339966 1.0247094631195068 5.886698246002197 54 39 44
-1.016458511352539 0.6738898754119873 5.902210712432861 64 41 49
-0.9627086520195007 0.966407835483551 5.884417533874512 25 21 25
-0.88967365026474 0.45700424909591675 5.923648834228516 79 59 71
-0.9516245126724243 0.5177420973777771 5.911867141723633 55 34 42
-0.712785005569458 0.19009926915168762 5.947536468505859 132 78 93
-0.7190415859222412 0.22644151747226715 5.939548492431641 60 21 22
-0.7111992239952087 -0.06709189713001251 5.953865051269531 77 38 52
-0.7098020911216736 -0.08295466750860214 5.954582691192627 75 39 53
65.3871841430664 0.18326491117477417 13.954985618591309 70 35 48
-0.6693353056907654 0.09495615214109421 5.931364059448242 70 34 48
-0.6909211277961731 -0.21869094669818878 5.9416704177856445 59 23 27
-0.9246806502342224 0.5391966104507446 5.866908550262451 67 41 51
-0.6673529744148254 0.15143480896949768 5.918478965759277 115 63 71
-0.924370527267456 0.5541759729385376 5.861098766326904 130 80 97
-0.90913987159729 1.1633110046386719 5.824942588806152 115 127 166
-0.662532389163971 0.16410261392593384 5.913893222808838 49 22 29
-0.9158941507339478 0.6172143816947937 5.855700969696045 80 45 63
-0.9239091873168945 0.5343037247657776 5.859770774841309 129 88 105
16.315635681152344 1.2635473012924194 7.773399353027344 129 85 103
-0.6587846875190735 -0.011011405847966671 5.915494441986084 57 29 36
-0.5166937112808228 -0.9647083282470703 5.97902774810791 29 21 19
-0.6522800326347351 -0.02618664875626564 5.895110607147217 53 28 36
-0.6537617444992065 -0.025993704795837402 5.894470691680908 53 28 36
-0.9048103094100952 0.5858710408210754 5.8290696144104 58 32 39
-0.9048103094100952 0.5858710408210754 5.8290696144104 58 32 39
-0.9040891528129578 0.47539380192756653 5.835395336151123 136 95 116
-1.00405752658844 1.1382675170898438 5.7836432456970215 121 134 174
-0.6697700619697571 -0.27320924401283264 5.899458885192871 100 60 68
-1.1681666374206543 1.1067547798156738 5.758239269256592 121 136 170
-0.6684941053390503 -0.2817250192165375 5.895671367645264 50 20 28
-0.8899224996566772 0.5055590271949768 5.823321342468262 75 55 60
-0.8896258473396301 0.4954248070716858 5.81219482421875 52 36 42
-0.6332436800003052 0.06317725777626038 5.8542304039001465 61 30 41
-0.7300596237182617 -0.5682691931724548 5.877737045288086 97 59 72
-0.7322952747344971 -0.36880308389663696 5.863942623138428 130 78 93
-0.6645293235778809 -0.3172234892845154 5.86636209487915 69 36 37
-0.6186152696609497 -0.09671860188245773 5.85588264465332 53 28 35
-0.6147035360336304 0.2958155870437622 5.829222202301025 68 31 40
-0.7115687727928162 -0.3942163586616516 5.861897945404053 89 42 48
-0.7115687727928162 -0.3942163586616516 5.861897945404053 89 42 48
-0.8760836720466614 0.5822339057922363 5.783677577972412 52 30 36
-0.7205063104629517 -0.6436785459518433 5.857238292694092 101 57 67
-0.8625839352607727 0.49104607105255127 5.773728370666504 64 35 44
-0.8625839352607727 0.49104607105255127 5.773728370666504 64 35 44
-0.9380201697349548 0.6598005890846252 5.7561187744140625 36 26 26
-0.8565964698791504 0.5782167315483093 5.757851600646973 88 50 64
-0.5968999862670898 -0.030507666990160942 5.805537700653076 53 28 38
-0.6104327440261841 0.0447687953710556 5.799328327178955 83 39 44
-0.6514866948127747 0.11579488217830658 5.790029048919678 74 33 39
-0.646702229976654 0.12419892102479935 5.787921905517578 133 82 91
-0.646702229976654 0.12419892102479935 5.787921905517578 133 82 91
-0.6484105587005615 0.1062193438410759 5.787502288818359 124 75 85
-0.6484105587005615 0.1062193438410759 5.787502288818359 124 75 85
-0.6069800853729248 0.061437368392944336 5.789936542510986 138 87 102
-0.6436414122581482 0.10578540712594986 5.778872489929199 80 33 42
-0.5795647501945496 -0.030928272753953934 5.7891082763671875 44 23 30
-0.8244225978851318 0.5022982358932495 5.714735984802246 47 31 35
-0.8199617862701416 0.512966513633728 5.701075553894043 61 32 41
-0.5436478853225708 0.1375226378440857 5.711860179901123 46 17 23
-0.5436478853225708 0.1375226378440857 5.711860179901123 46 17 23
-0.5400503873825073 0.26781564950942993 5.703660011291504 48 25 33
-0.5473542213439941 -0.2793845236301422 5.731770992279053 39 20 20
-0.6641004681587219 -0.7544679045677185 5.752389430999756 110 72 95
-0.5411050319671631 -0.09607350826263428 5.717806339263916 46 23 29
-0.6564738750457764 -0.7322152256965637 5.749368667602539 108 69 88
-0.5335087776184082 0.04642542079091072 5.707912445068359 48 23 31
-0.6453890800476074 -0.6927698254585266 5.744112014770508 120 71 90
-0.7938568592071533 0.4955260157585144 5.660585403442383 71 38 51
-0.6317060589790344 -0.7157812118530273 5.724118232727051 33 18 21
-0.7646692395210266 0.5523374080657959 5.620066165924072 76 40 53
-0.5837948322296143 -0.7024386525154114 5.704782962799072 19 14 17
0.40332257747650146 0.6187176704406738 5.676669120788574 90 54 65
-0.5608247518539429 -0.24029292166233063 5.672530651092529 38 16 18
-0.5532315373420715 0.33631131052970886 5.634288311004639 76 31 34
-0.6487626433372498 -0.2709336578845978 5.6313066482543945 93 55 66
-0.6592415571212769 0.4209548830986023 5.585988521575928 153 104 122
-0.5974239706993103 0.35577309131622314 5.591197490692139 92 38 48
-0.6667149662971497 0.4531470835208893 5.576201915740967 156 110 131
-0.5742725729942322 0.09110772609710693 5.598289489746094 132 75 87
1.9618149995803833 -0.25415709614753723 5.720872402191162 116 70 84
1.9861516952514648 -0.042736124247312546 5.700074672698975 79 38 52
1.9861516952514648 -0.042736124247312546 5.700074672698975 79 38 52
-0.5664972066879272 0.11045856773853302 5.5856194496154785 44 20 28
1.9904004335403442 -0.05882123112678528 5.694689750671387 67 39 54
-0.9826807379722595 0.5250713229179382 5.539740562438965 140 93 109
-0.714022696018219 0.5595883727073669 5.5393900871276855 75 35 49
-0.714022696018219 0.5595883727073669 5.5393900871276855 75 35 49
-0.5508546829223633 0.2299749255180359 5.560098648071289 128 78 86
-0.7058330178260803 0.5800994634628296 5.523878574371338 81 41 51
1.9723924398422241 -0.3112376928329468 5.660919189453125 75 38 54
-0.5366208553314209 0.2575003206729889 5.544582843780518 82 40 51
-0.5366208553314209 0.2575003206729889 5.544582843780518 82 40 51
-0.5596678256988525 -0.15410147607326508 5.568817615509033 46 20 26
1.9915393590927124 0.035676006227731705 5.639409065246582 88 39 53
1.9884403944015503 -0.0719546303153038 5.644322395324707 46 24 30
-0.5865213871002197 0.39394819736480713 5.532146453857422 139 85 99
-0.6594667434692383 -0.6866894960403442 5.590512275695801 62 31 36
-0.6356080770492554 -0.5547751784324646 5.582566738128662 108 66 78
-0.6514106392860413 -0.7883942127227783 5.591597080230713 118 72 91
-0.5343642830848694 0.2147856205701828 5.530585765838623 89 40 43
-0.6309583187103271 -0.6115464568138123 5.573453903198242 128 80 99
-0.5350565910339355 0.2657337188720703 5.521183967590332 128 76 89
-0.6087337732315063 -0.8339784741401672 5.5810017585754395 124 73 92
-0.5154879093170166 -0.12161212414503098 5.532971382141113 49 25 29
-0.5204957723617554 0.05542618781328201 5.521962642669678 50 28 32
-0.5154919028282166 0.29232290387153625 5.505939960479736 59 26 35
-0.5319095253944397 -0.15577754378318787 5.521668910980225 48 20 29
-0.5139811038970947 -0.13043145835399628 5.518039226531982 123 71 83
-0.6164360046386719 -0.8506419062614441 5.557039737701416 105 66 84
-0.5055505037307739 -0.014140179380774498 5.497903347015381 48 23 29
-0.49529537558555603 -0.05632811784744263 5.495719909667969 70 38 50
-0.6200324892997742 -0.6820215582847595 5.527517318725586 104 68 85
-0.6020729541778564 -0.7124208211898804 5.511928558349609 71 35 48
-0.5766818523406982 0.4245157837867737 5.441892623901367 67 33 38
-0.4426253139972687 0.26370567083358765 5.444634437561035 59 22 21
-0.5707802772521973 -0.8443264961242676 5.508159160614014 74 39 54
-0.5118498802185059 0.24329303205013275 5.438223838806152 136 89 101
-0.5897640585899353 -0.6685692667961121 5.4913411140441895 48 23 26
-0.6362730860710144 0.47537603974342346 5.4200968742370605 74 46 60
-1.3810350894927979 0.6343146562576294 5.404313087463379 81 39 45
-0.47166430950164795 -0.35916614532470703 5.463381767272949 115 74 83
-0.476280152797699 0.21157336235046387 5.418248653411865 70 41 32
-0.4845983684062958 0.2184801697731018 5.401830196380615 118 96 79
-0.4440145194530487 -0.17011591792106628 5.419547080993652 175 164 146
-1.3530707359313965 0.9959512948989868 5.350017070770264 72 41 48
-0.40867164731025696 -0.1992504745721817 5.4097747802734375 60 28 33
-0.44569024443626404 -0.5716871023178101 5.429169178009033 122 74 88
-0.44569024443626404 -0.5716871023178101 5.429169178009033 122 74 88
-0.6568362712860107 0.6160231232643127 5.358301639556885 75 54 63
-0.4422541856765747 -0.5579254627227783 5.4279961585998535 60 32 38
-0.4422541856765747 -0.5579254627227783 5.4279961585998535 60 32 38
-0.43403682112693787 -0.5786560773849487 5.4188947677612305 124 73 88
-0.45413556694984436 0.11108995229005814 5.371387481689453 86 55 42
-0.40988218784332275 -0.2667171359062195 5.393757343292236 108 90 67
-0.4861564636230469 0.22046223282814026 5.364726543426514 96 77 60
-0.5811585783958435 0.5401700139045715 5.345717430114746 88 50 65
-0.5160332322120667 -0.8259905576705933 5.426055908203125 113 81 107
-0.4221235513687134 -0.4458116888999939 5.400914192199707 50 21 23
-0.4451958239078522 -0.11252538114786148 5.379056453704834 101 69 48
-0.46008551120758057 0.15640172362327576 5.362287521362305 157 147 129
-0.38736042380332947 0.06605378538370132 5.355052471160889 148 133 108
-0.5648285150527954 0.4544154107570648 5.331669330596924 73 44 58
-0.41592341661453247 -0.27106550335884094 5.370476245880127 172 161 139
-0.38515838980674744 0.05737791955471039 5.350006580352783 104 75 57
-0.3859984874725342 0.057668156921863556 5.349752902984619 104 75 57
-0.633967936038971 0.6275948286056519 5.317755699157715 79 58 64
-0.38366347551345825 0.0447426401078701 5.345817565917969 135 116 85
-0.4206888973712921 -0.41100743412971497 5.36936616897583 58 29 28
-0.46137839555740356 -0.1167350560426712 5.3494038581848145 208 201 179
-0.4115520417690277 -0.27014288306236267 5.356837749481201 146 132 114
-0.4652349352836609 -0.10243917256593704 5.346436023712158 142 123 110
-1.3628672361373901 0.9926508069038391 5.294136047363281 59 43 52
-0.4616345167160034 -0.11253167688846588 5.343636512756348 161 149 132
-0.4616345167160034 -0.11253167688846588 5.343636512756348 161 149 132
-0.5510662794113159 -0.42790037393569946 5.3637375831604 54 24 24
-0.4793753921985626 0.12020023912191391 5.328924179077148 146 135 124
-0.3957391381263733 -0.17625786364078522 5.342904567718506 191 180 163
-0.3690943419933319 0.020616907626390457 5.330578804016113 55 35 26
-0.5009540915489197 0.16530846059322357 5.322574138641357 71 62 65
-0.4793999493122101 0.19899936020374298 5.318650245666504 22 19 20
-0.4640061557292938 -0.07055111229419708 5.331970691680908 184 168 147
-0.4640061557292938 -0.07055111229419708 5.331970691680908 184 168 147
-0.4919663071632385 0.13984516263008118 5.316730499267578 170 162 142
-0.4867774248123169 -0.8289188742637634 5.372159004211426 135 84 103
-0.4639056921005249 0.2173454463481903 5.305469512939453 108 94 72
-0.38178253173828125 -0.4545159637928009 5.341639041900635 116 71 82
-0.5406700372695923 0.560623824596405 5.283710479736328 78 41 54
-0.5039879679679871 0.17723409831523895 5.299028396606445 146 138 112
-0.4859747290611267 0.10919743776321411 5.301022529602051 184 180 165
-0.3986111879348755 -0.318655401468277 5.3223443031311035 72 39 48
-0.45375165343284607 0.2112719565629959 5.288698196411133 87 75 59
-0.6709437370300293 -0.4034264385700226 5.328338623046875 52 23 25
-1.3847510814666748 1.0894858837127686 5.25183629989624 58 33 36
-0.3558886647224426 -0.4371388256549835 5.3037824630737305 114 66 80
-0.48333486914634705 0.09242886304855347 5.275699138641357 123 112 116
-0.5012361407279968 0.1264493763446808 5.274142265319824 145 141 138
-0.3461079001426697 -0.07548779994249344 5.280586242675781 177 161 143
-0.5038003921508789 0.4325792193412781 5.243069648742676 109 70 93
-0.5038003921508789 0.4325792193412781 5.243069648742676 109 70 93
-0.48124605417251587 0.10504858195781708 5.258638858795166 127 119 116
-0.347746342420578 -0.5759987831115723 5.294133186340332 64 33 44
-0.4957108199596405 0.5429246425628662 5.230618953704834 97 56 76
-0.49520373344421387 0.1886836737394333 5.241272926330566 137 125 99
-0.32925429940223694 -0.4186471104621887 5.2600579261779785 59 31 38
-0.3700425922870636 -0.22467626631259918 5.2497148513793945 54 30 34
-1.3655123710632324 0.8227909803390503 5.224345684051514 62 27 28
-0.5420898199081421 0.6171939373016357 5.2007036209106445 69 54 58
-1.3672103881835938 0.8697820901870728 5.205397605895996 68 30 38
-0.30798980593681335 -0.45283839106559753 5.23011589050293 59 33 46
-0.2857935428619385 -0.07982278615236282 5.190988540649414 131 86 102
-0.3444819450378418 -0.6870980262756348 5.226290702819824 44 24 31
-0.3444819450378418 -0.6870980262756348 5.226290702819824 44 24 31
-0.28457292914390564 -0.13686122000217438 5.186950206756592 58 27 35
-1.5927082300186157 0.14499874413013458 5.232687473297119 59 25 32
-0.27276915311813354 0.0462908074259758 5.172774314880371 84 45 59
-0.27276915311813354 0.0462908074259758 5.172774314880371 84 45 59
-0.43019968271255493 0.5166987180709839 5.150156497955322 80 52 66
-0.4326323866844177 0.4772867262363434 5.149803161621094 93 51 67
-0.4326323866844177 0.4772867262363434 5.149803161621094 93 51 67
-1.3705703020095825 0.9257088899612427 5.168489456176758 50 33 37
-0.4213772714138031 0.45142248272895813 5.141369819641113 141 98 118
-0.4880131781101227 0.6097130179405212 5.1292219161987305 62 50 61
-0.2574647068977356 -0.11849012970924377 5.15565299987793 91 48 63
-0.33804890513420105 -0.5460547208786011 5.183758735656738 105 72 83
-0.25524258613586426 0.036959823220968246 5.1433892250061035 53 26 33
-0.25524258613586426 0.036959823220968246 5.1433892250061035 53 26 33
-0.24944937229156494 0.2648946940898895 5.127564430236816 55 20 27
-0.4125666320323944 0.5208533406257629 5.116645336151123 94 50 72
-0.2620715796947479 -0.16803257167339325 5.135657787322998 114 89 112
-0.34290432929992676 -0.5594285130500793 5.163522243499756 109 72 85
-0.24453149735927582 -0.04722435772418976 5.118676662445068 136 89 107
-0.23198023438453674 -0.14111210405826569 5.122550010681152 62 34 39
-0.23035798966884613 0.033156320452690125 5.111966133117676 57 29 34
-0.2279318869113922 0.06609546393156052 5.107380390167236 135 85 99
-0.33216017484664917 -0.6491192579269409 5.155590534210205 117 70 87
-0.3328949511051178 -0.6119493246078491 5.153364181518555 134 88 108
-0.35432830452919006 -0.68895024061203 5.152256488800049 135 91 112
-0.22128520905971527 0.06418655067682266 5.0978474617004395 128 75 88
-0.21808215975761414 0.19704864919185638 5.08804178237915 137 88 101
-0.2151893526315689 0.2533442974090576 5.08289909362793 138 86 98
-1.3814724683761597 0.8638679385185242 5.121486186981201 49 24 33
-0.3115598261356354 -0.8313990235328674 5.151901721954346 135 92 113
-0.32473820447921753 -0.6441279053688049 5.133613586425781 129 89 105
-0.19849415123462677 0.2721083462238312 5.064866542816162 75 34 45
-1.4409596920013428 0.6146785020828247 5.123182773590088 80 40 41
-1.4451557397842407 0.6132822036743164 5.121981620788574 81 40 45
-0.3220016360282898 -0.6939725279808044 5.109117031097412 52 28 42
-0.3130360543727875 -0.7094951272010803 5.106378555297852 142 94 112
-0.2772766649723053 -0.6096329689025879 5.075839042663574 126 80 93
-0.055539604276418686 0.048126593232154846 5.016770839691162 47 20 29
-0.32121556997299194 0.4544570744037628 5.00268030166626 56 33 46
-0.050420328974723816 0.018064772710204124 5.002632141113281 55 29 37
-0.03829316422343254 -0.12184340506792068 5.006857872009277 71 33 50
-0.03829316422343254 -0.12184340506792068 5.006857872009277 71 33 50
-0.05858956649899483 -0.39352312684059143 5.0208940505981445 66 35 48
-0.05810550972819328 -0.40172502398490906 5.014204978942871 112 74 87
-0.03498861566185951 0.0015853919321671128 4.982254505157471 91 48 58
-0.07153311371803284 0.047281209379434586 4.982420921325684 139 90 105
-0.06484802067279816 0.02981482818722725 4.976044654846191 147 97 114
-0.03200933337211609 -0.22870343923568726 4.964582443237305 138 90 110
-0.07303191721439362 0.0586608424782753 4.948009490966797 134 87 103
-1.4439711570739746 1.0534950494766235 5.0138068199157715 72 39 42
-0.06916487962007523 0.0720781460404396 4.941778659820557 124 79 92
-0.06430160254240036 0.06607656180858612 4.93776273727417 91 45 56
-0.05944159999489784 0.05147503316402435 4.935366630554199 98 47 62
0.022000377997756004 -0.07285533100366592 4.928746700286865 54 29 38
0.02256137691438198 -0.12388411909341812 4.928073406219482 80 44 63
-0.25368455052375793 0.4330626428127289 4.91726541519165 138 95 116
-0.1274677962064743 -0.6622413992881775 4.968252182006836 67 33 39
0.03463355824351311 -0.05724224075675011 4.9102935791015625 56 27 36
-1.4467804431915283 0.6098230481147766 5.016911506652832 82 39 45
-0.20168949663639069 -0.9878227114677429 4.961730480194092 35 30 33
0.05530066043138504 0.21706615388393402 4.8579020500183105 129 79 88
-1.4436455965042114 1.0078980922698975 4.96915340423584 107 76 86
0.0006600815686397254 -0.3135729730129242 4.888908863067627 80 43 46
0.0664384737610817 0.16749058663845062 4.850616931915283 55 19 20
-1.3716821670532227 0.7861275672912598 4.966529846191406 81 33 45
-1.4384135007858276 0.9986024498939514 4.9601335525512695 69 37 44
0.23638439178466797 -0.9518080353736877 4.892434597015381 82 68 94
0.09165672957897186 0.11541104316711426 4.84111213684082 135 86 104
0.07235424220561981 -0.43239495158195496 4.872658729553223 138 113 135
-0.19839857518672943 0.5206378102302551 4.843062877655029 63 33 39
0.9065768718719482 0.5177324414253235 4.70143985748291 94 59 73
0.07590990513563156 -0.010537482798099518 4.825916767120361 106 63 70
-1.4181798696517944 0.9946045875549316 4.936985015869141 69 38 43
-0.19010084867477417 0.43273475766181946 4.827434062957764 65 46 57
-0.08346811681985855 -0.7022791504859924 4.874448299407959 101 44 59
0.2742476463317871 -0.5185638666152954 4.818788051605225 136 123 141
0.2742476463317871 -0.5185638666152954 4.818788051605225 136 123 141
0.273670494556427 -0.5091702342033386 4.817923069000244 93 73 98
0.273670494556427 -0.5091702342033386 4.817923069000244 93 73 98
0.2741137444972992 -0.49082228541374207 4.813985824584961 101 80 106
0.2798718214035034 -0.5097740888595581 4.805588722229004 145 127 151
0.2791514992713928 -0.8851370811462402 4.826355934143066 94 70 86
0.2829170227050781 -0.5597141981124878 4.8044023513793945 111 80 102
-1.287089467048645 1.010549545288086 4.899607181549072 70 39 46
-0.15667091310024261 0.42543825507164 4.796959400177002 65 36 46
-1.3469146490097046 0.9611788392066956 4.905738830566406 109 79 95
-0.14891578257083893 0.4911135137081146 4.781592845916748 96 62 79
0.30867043137550354 -0.8903683423995972 4.79413366317749 82 57 76
0.3143037259578705 -0.6255607008934021 4.764317512512207 98 75 101
0.3200515806674957 -0.8951238989830017 4.7781572341918945 86 64 85
0.3329983353614807 -0.529897153377533 4.749950408935547 128 124 147
0.329512357711792 -1.1276390552520752 4.7831268310546875 145 127 148
0.3312942087650299 -0.40598195791244507 4.736088275909424 77 55 68
0.32943445444107056 -0.7896195650100708 4.755664348602295 99 78 100
0.34130725264549255 -0.8969075083732605 4.750585556030273 99 74 96
0.15315771102905273 0.006569297984242439 4.713502883911133 66 24 25
0.3511599898338318 -0.9409785270690918 4.738315105438232 99 78 101
0.3581177294254303 -0.2891487777233124 4.699522495269775 147 126 147
0.3596171438694 -0.8161692023277283 4.726807117462158 97 70 98
0.3596171438694 -0.8161692023277283 4.726807117462158 97 70 98
0.3652857542037964 -0.29602253437042236 4.693538188934326 101 69 88
0.11768309026956558 0.3621378242969513 4.685790061950684 52 28 31
0.1077018454670906 -0.20200972259044647 4.716516971588135 137 101 123
0.37870654463768005 -0.5449032783508301 4.684840202331543 70 57 71
0.38370996713638306 -0.6857378482818604 4.691998481750488 139 114 130
-1.2608039379119873 0.8367217183113098 4.832248687744141 72 38 55
-1.2608039379119873 0.8367217183113098 4.832248687744141 72 38 55
-1.2556473016738892 0.8239070773124695 4.827147006988525 51 26 38
0.38597002625465393 -0.6766641736030579 4.682684421539307 74 59 77
0.3894859552383423 -1.0203415155410767 4.701358795166016 86 66 92
-0.21387358009815216 0.5879919528961182 4.692500114440918 41 39 56
-1.2536948919296265 0.71550053358078 4.829085350036621 67 29 37
0.061205584555864334 0.3090396821498871 4.666464805603027 97 45 57
-1.2517058849334717 0.9005668759346008 4.817399501800537 108 56 79
0.4029967486858368 -0.29291170835494995 4.6502604484558105 68 48 64
0.3866097927093506 -0.9435017704963684 4.688771724700928 140 126 152
0.11754593998193741 0.2546522319316864 4.656727313995361 143 99 115
0.4018609821796417 -0.9665449857711792 4.685024261474609 80 59 76
0.3909452557563782 -0.6986587643623352 4.670351982116699 85 68 81
0.1183198019862175 0.21627546846866608 4.65596342086792 137 91 111
-1.24370276927948 0.8959898352622986 4.808960437774658 140 103 125
-0.05474993959069252 0.3832569420337677 4.667022705078125 109 70 93
-1.3075858354568481 0.9824048280715942 4.810877799987793 78 44 53
0.407246470451355 -0.28497058153152466 4.636287689208984 123 105 127
-0.05332739278674126 0.4732626676559448 4.658725261688232 61 35 40
0.4039255678653717 -0.2843894362449646 4.635944843292236 123 108 132
0.42062869668006897 -0.824153482913971 4.653573989868164 94 70 90
0.42593708634376526 -0.43113115429878235 4.628637313842773 60 48 62
-1.2332026958465576 0.8816002011299133 4.795897960662842 109 62 79
0.04719545319676399 0.33571410179138184 4.638809680938721 170 117 137
0.04719545319676399 0.33571410179138184 4.638809680938721 170 117 137
-0.03255098685622215 0.48446446657180786 4.640769004821777 49 32 36
0.4175301790237427 -1.067811131477356 4.664130687713623 142 127 153
-0.041357338428497314 0.40390920639038086 4.64381742477417 71 49 61
0.43002134561538696 -0.6922245621681213 4.634349346160889 88 69 89
0.16873624920845032 0.17107731103897095 4.622066974639893 63 37 47
0.058255601674318314 0.3625056743621826 4.6236796379089355 91 65 68
0.4382985532283783 -0.8771103024482727 4.637256145477295 85 66 93
-1.303783893585205 1.0817899703979492 4.78278112411499 122 132 154
-0.018621742725372314 0.5036311745643616 4.623024940490723 64 35 44
0.16429856419563293 0.23917651176452637 4.60868501663208 76 41 47
0.4410330653190613 -0.9746487736701965 4.633805751800537 130 115 136
0.44651418924331665 -0.9062097072601318 4.623681545257568 68 54 68
0.4511820375919342 -0.7809137105941772 4.614165306091309 86 60 77
0.4498511254787445 -1.108359932899475 4.62825345993042 95 71 93
0.4498511254787445 -1.108359932899475 4.62825345993042 95 71 93
0.460011750459671 -0.5622892379760742 4.5941362380981445 84 67 85
0.09847021847963333 -0.15345269441604614 4.617329120635986 151 104 123
0.08970057964324951 -0.1533769965171814 4.616507053375244 154 106 127
0.4681401550769806 -0.6959809064865112 4.585029125213623 94 68 88
0.4679746627807617 -1.20000422000885 4.61065673828125 96 80 109
0.47274699807167053 -0.5410849452018738 4.571292877197266 85 60 85
0.10729057341814041 -0.1443377435207367 4.593120574951172 89 37 39
0.4878762364387512 0.08792943507432938 4.516056060791016 86 67 87
0.4994901716709137 -0.33131974935531616 4.535782814025879 134 115 135
-0.774537205696106 0.4527032673358917 4.694385528564453 106 65 87
0.4963366389274597 -1.2174162864685059 4.585644245147705 83 67 94
0.5030567049980164 -0.31469759345054626 4.53019380569458 72 58 75
0.5030567049980164 -0.31469759345054626 4.53019380569458 72 58 75
0.5006584525108337 -0.9036802649497986 4.563661098480225 92 71 92
0.49093857407569885 -0.8220941424369812 4.560340881347656 75 56 75
0.5037752389907837 0.11367800831794739 4.499373435974121 92 71 92
0.5033040642738342 -0.35022494196891785 4.522388458251953 92 67 90
0.5028362274169922 -0.9483652710914612 4.5541791915893555 136 117 139
0.5026268362998962 -0.8070957064628601 4.543685436248779 129 111 133
0.509282648563385 -0.9662907719612122 4.549626350402832 84 70 93
0.5175584554672241 -1.2214508056640625 4.560374736785889 126 117 141
0.5111159086227417 0.17104150354862213 4.479070663452148 140 120 135
0.5163118243217468 -0.9619065523147583 4.541825771331787 79 59 84
0.5234524011611938 -0.8254584670066833 4.528533458709717 79 59 80
0.5208642482757568 -1.2286934852600098 4.54801082611084 74 61 85
0.5318766832351685 -0.9079606533050537 4.524664402008057 89 61 81
0.5368603467941284 -0.041358597576618195 4.469536781311035 87 65 85
0.5418527722358704 0.07895699888467789 4.4563188552856445 91 68 92
0.5418527722358704 0.07895699888467789 4.4563188552856445 91 68 92
0.5501950979232788 -0.7021642327308655 4.496928691864014 128 114 132
0.5501950979232788 -0.7021642327308655 4.496928691864014 128 114 132
0.5371970534324646 -0.9113925099372864 4.511099338531494 141 120 137
0.543310821056366 -0.8254992365837097 4.505046367645264 71 56 72
0.5443721413612366 0.19378583133220673 4.44497013092041 148 131 148
0.5497227311134338 -0.9061172604560852 4.498927593231201 85 63 83
0.5512927770614624 0.08235315978527069 4.4414544105529785 126 111 127
0.5507857799530029 -0.9630455374717712 4.49993371963501 64 53 75
0.5530698895454407 -0.7428745627403259 4.483407020568848 80 63 89
0.5560088157653809 -0.7255646586418152 4.479543209075928 82 68 91
0.5574844479560852 -0.455571711063385 4.463263034820557 79 64 85
0.5528221130371094 -0.8922425508499146 4.488343238830566 136 120 146
0.5829662680625916 -0.9093186259269714 4.472952842712402 92 65 84
0.5689701437950134 -0.9632176160812378 4.475315570831299 76 51 78
-1.1221131086349487 0.8639073967933655 4.667374134063721 66 39 54
0.5754421353340149 -0.16715110838413239 4.426528453826904 139 123 148
-1.1189603805541992 0.8004684448242188 4.6645002365112305 85 41 57
0.5869634747505188 -0.305288165807724 4.425518989562988 84 60 76
0.5912676453590393 -0.8943901658058167 4.45697546005249 133 121 145
0.5887089371681213 0.1310027688741684 4.395637512207031 146 122 137
0.5890451073646545 0.09938198328018188 4.396856307983398 140 120 140
0.5887443423271179 -1.2003638744354248 4.4689764976501465 75 58 90
0.5797882080078125 0.27692824602127075 4.384369850158691 134 113 127
0.5989968776702881 0.1393822580575943 4.387289524078369 143 124 143
0.5954670310020447 -1.2026550769805908 4.456510543823242 135 122 148
0.603634238243103 0.11214190721511841 4.379446506500244 66 41 63
0.6007364988327026 -0.6976704597473145 4.424887657165527 129 111 129
0.6025614738464355 -0.9749891757965088 4.437942028045654 137 118 138
-1.102229118347168 0.7551022171974182 4.647665500640869 88 43 57
-1.102229118347168 0.7551022171974182 4.647665500640869 88 43 57
-1.1020305156707764 0.8174460530281067 4.642836093902588 105 57 78
0.6030023097991943 -1.2166078090667725 4.448642730712891 76 62 87
0.6139296293258667 0.05922737345099449 4.373040676116943 133 109 131
0.6139785051345825 -0.31363195180892944 4.393777370452881 80 57 76
0.6045234799385071 -0.9441206455230713 4.426610469818115 129 116 140
-1.0895617008209229 0.7700842022895813 4.633282661437988 83 37 50
0.613947868347168 -0.027366826310753822 4.364238262176514 112 99 117
0.6321340203285217 -0.6740729212760925 4.392595291137695 147 125 141
0.6413244605064392 0.08280304074287415 4.343315124511719 60 39 53
0.6425668597221375 -0.637819766998291 4.380705833435059 141 125 145
0.6370617747306824 -0.5523473620414734 4.376619815826416 81 59 77
0.6355000734329224 0.12242352962493896 4.3306989669799805 153 136 155
0.6437644958496094 -0.6848790049552917 4.374395847320557 70 55 72
0.6443935036659241 0.09201003611087799 4.325393199920654 134 118 138
0.6506429314613342 0.3046058118343353 4.310595989227295 138 121 138
0.6407195329666138 0.14678092300891876 4.3194146156311035 155 137 155
0.6609722971916199 -1.2139989137649536 4.379757881164551 90 70 97
0.6609722971916199 -1.2139989137649536 4.379757881164551 90 70 97
0.6728425621986389 -0.5631311535835266 4.3333282470703125 135 117 140
0.6728425621986389 -0.5631311535835266 4.3333282470703125 135 117 140
0.6794692277908325 -0.9674665927886963 4.353824615478516 64 44 72
0.6722546219825745 0.5095862746238708 4.270981788635254 79 62 78
0.6794437766075134 -0.5872248411178589 4.324234962463379 136 121 146
0.691027820110321 0.10162542760372162 4.2711687088012695 102 77 96
0.711118757724762 -0.9584671854972839 4.323981761932373 130 117 143
0.7029365301132202 0.2779494524002075 4.251107692718506 74 56 67
0.7132074236869812 0.4096558690071106 4.238516330718994 88 58 82
0.7122167348861694 0.16778185963630676 4.247045516967773 111 87 112
0.7198063135147095 0.29704946279525757 4.237895488739014 133 111 128
0.7142457365989685 -0.5531847476959229 4.286032199859619 100 78 102
0.7018144726753235 -0.9592777490615845 4.304836750030518 71 61 84
0.7223633527755737 -0.8672087788581848 4.293919563293457 91 75 102
0.7206540703773499 -0.8949813842773438 4.295634746551514 90 74 100
0.7234164476394653 -0.6324323415756226 4.279939651489258 146 127 146
0.7234164476394653 -0.6324323415756226 4.279939651489258 146 127 146
0.7160384654998779 -0.7179394364356995 4.284236431121826 99 72 94
0.720337450504303 -0.6928220391273499 4.280605316162109 74 60 83
-0.7236642241477966 1.159593939781189 4.465765953063965 211 227 255
0.7268924117088318 -0.05788816884160042 4.240302085876465 75 60 79
0.7268924117088318 -0.05788816884160042 4.240302085876465 75 60 79
0.7366650700569153 -0.8250717520713806 4.279737949371338 67 55 78
0.7300224304199219 0.4983116388320923 4.203688621520996 77 55 69
0.7413961291313171 0.08072400838136673 4.222846508026123 62 41 56
0.724707305431366 0.2568964958190918 4.213620185852051 151 132 148
0.7358368635177612 0.48584067821502686 4.195095062255859 142 124 140
0.7307040691375732 -0.6920070052146912 4.262646675109863 89 77 100
0.7432325482368469 -1.217995524406433 4.287148952484131 99 79 108
0.7427846193313599 0.17533186078071594 4.20570182800293 144 122 138
0.7501810789108276 -0.43251341581344604 4.23750114440918 98 72 94
0.7577590942382812 -1.101623773574829 4.262068748474121 96 76 109
0.7599790096282959 -0.696736216545105 4.237369060516357 98 77 103
-0.9870645403862 0.8050262928009033 4.514743804931641 91 56 79
-0.9870645403862 0.8050262928009033 4.514743804931641 91 56 79
-0.980366587638855 0.7925675511360168 4.509428977966309 73 35 54
0.7730485796928406 0.3997850716114044 4.159595012664795 90 65 87
0.7864103317260742 0.5171693563461304 4.1419878005981445 98 70 87
0.7851306200027466 0.5033648610115051 4.132951259613037 145 125 138
0.8046066164970398 -0.8292719125747681 4.193698883056641 91 70 102
-0.9509406685829163 0.8570209741592407 4.468724727630615 98 51 71
0.816659688949585 0.047381624579429626 4.129104137420654 140 122 141
0.8139886260032654 0.3974904417991638 4.1098809242248535 73 52 63
0.8519837856292725 0.003665328025817871 4.109234809875488 118 95 118
0.8600148558616638 0.05735994130373001 4.093350410461426 116 94 116
0.8602556586265564 -0.058151423931121826 4.09899377822876 114 91 114
0.8541721105575562 0.057812947779893875 4.093369960784912 117 96 121
0.8569492101669312 0.1584709882736206 4.081115245819092 89 64 85
0.8569492101669312 0.1584709882736206 4.081115245819092 89 64 85
0.8523274064064026 -0.3856351673603058 4.104718208312988 137 148 186
0.8592684268951416 -0.09068664908409119 4.080897808074951 183 201 242
0.8697138428688049 0.18076588213443756 4.0589213371276855 183 200 236
0.878045916557312 -0.33309033513069153 4.0842061042785645 154 165 202
0.8677783012390137 -0.2504929304122925 4.074062347412109 153 165 203
-0.8851167559623718 0.7517560720443726 4.4047417640686035 73 44 62
4.1041340827941895 -0.5846186876296997 3.316847324371338 184 199 244
4.109652042388916 -0.30760887265205383 3.2949419021606445 185 202 245
4.122058391571045 -0.032040052115917206 3.274688959121704 182 201 244
4.112894058227539 -0.2081597000360489 3.2828056812286377 175 190 232
4.152216911315918 0.2597889006137848 3.2238571643829346 113 116 163
4.121612071990967 -0.19235730171203613 3.256276845932007 114 120 156
4.081092357635498 -1.3237923383712769 3.327533006668091 129 134 174
4.146134376525879 0.3551830053329468 3.21073579788208 104 110 146
4.122396945953369 -0.49233582615852356 3.2620158195495605 159 172 210
-0.8550291061401367 0.6763888597488403 4.370760917663574 73 42 58
-0.8488499522209167 0.6970614790916443 4.367708683013916 82 47 65
-1.1911649703979492 1.0556126832962036 4.4273834228515625 235 239 255
4.108923435211182 -1.0892173051834106 3.288217306137085 134 114 110
4.108923435211182 -1.0892173051834106 3.288217306137085 134 114 110
-0.8412619233131409 0.8429370522499084 4.351494312286377 64 32 48
-0.8318706750869751 0.7743510603904724 4.344985485076904 85 42 57
-0.8318706750869751 0.7743510603904724 4.344985485076904 85 42 57
-0.792068600654602 0.6302242279052734 4.335188865661621 72 42 47
2.5735208988189697 0.36340972781181335 3.505652904510498 175 192 235
1.340564489364624 -0.4202854037284851 3.84440541267395 110 118 154
-0.05181996896862984 0.9716014862060547 3.792478322982788 122 135 152
0.09136026352643967 -0.2834833860397339 3.756073474884033 118 127 164
-1.2015122175216675 -0.09818347543478012 4.084802627563477 164 179 218
-0.7903732657432556 0.23155103623867035 3.9188098907470703 163 178 214
-0.29473140835762024 0.30385851860046387 3.7292988300323486 174 192 234
-0.2984738051891327 0.30391091108322144 3.7296218872070312 174 192 234
-0.7345640063285828 0.6028347611427307 5.350980758666992 69 55 62
-0.5950525999069214 0.23842692375183105 5.585847854614258 58 24 31
-0.4852098524570465 0.21751268208026886 5.300783157348633 80 71 56
0.8579080104827881 0.14659027755260468 4.050648212432861 95 68 92
0.9884629249572754 -0.2685627341270447 3.8568336963653564 189 206 247
0.7160604596138 -0.972312331199646 4.320505619049072 83 60 92
0.7160604596138 -0.972312331199646 4.320505619049072 83 60 92
0.947893500328064 0.4895203411579132 4.072388172149658 92 61 84
0.7944355010986328 0.08292404562234879 3.9217915534973145 127 134 180
0.5639382600784302 -0.9638873338699341 3.955306053161621 188 197 240
-0.9478561282157898 0.4760117828845978 6.72709321975708 52 36 42
-0.9212913513183594 0.4698209762573242 6.674628734588623 53 39 50
-0.8152351975440979 0.1457434892654419 6.486696720123291 49 34 40
-0.7016751170158386 0.3157176375389099 5.976202011108398 44 16 21
-0.40729469060897827 -0.16199268400669098 5.390904903411865 80 42 46
-0.916429877281189 0.16387906670570374 6.681028842926025 53 36 47
-0.8541258573532104 0.272695928812027 6.534622669219971 119 98 117
-0.8018360733985901 0.003814457915723324 6.459748268127441 137 117 135
-0.7838929891586304 0.46558794379234314 6.383114337921143 97 89 111
1.3432608842849731 -0.00703456299379468 5.6118597984313965 36 20 25
-0.5155951976776123 0.5971945524215698 5.159491062164307 75 57 69
0.4644465446472168 -0.5434163808822632 4.584756374359131 95 83 108
0.5755130648612976 0.10473692417144775 4.3561272621154785 142 124 144
0.9438214898109436 -1.0382583141326904 4.123536586761475 121 112 150
0.8093745708465576 -0.608884871006012 4.142500877380371 119 97 126
0.8452858328819275 -0.47139400243759155 4.084562301635742 180 192 237
1.2148563861846924 -0.28294089436531067 3.872885227203369 77 51 64
1.2423723936080933 -0.3086591958999634 3.79793119430542 196 209 252
1.2450212240219116 -0.1398335099220276 3.774836778640747 120 126 173
0.32264775037765503 -0.18378044664859772 3.7874088287353516 51 47 70
-1.097686767578125 0.4067780673503876 7.045199871063232 56 47 59
-1.0829185247421265 0.11386404186487198 7.042379856109619 127 118 149
-1.0829970836639404 0.11358226835727692 7.04233980178833 127 118 149
-1.0719940662384033 0.10068786889314651 7.021965980529785 66 54 63
-1.068406581878662 0.487996369600296 6.952730655670166 126 115 140
-1.0091062784194946 -0.0820939689874649 6.898309230804443 41 31 40
-1.0197463035583496 0.42568454146385193 6.811564922332764 24 28 42
-0.9931948781013489 0.10918712615966797 6.8311448097229 131 116 136
-0.9920601844787598 0.5160322785377502 6.7725019454956055 120 102 120
-0.978384256362915 0.13684943318367004 6.80155086517334 130 107 121
-0.9293218851089478 0.2590633034706116 6.686989784240723 57 41 48
-0.880893886089325 -0.05098387598991394 6.633790969848633 125 104 123
-0.8812676072120667 0.2478710263967514 6.599799633026123 41 30 37
-0.8768284916877747 0.2510789632797241 6.571505069732666 113 97 111
-0.8427712917327881 -0.05804881453514099 6.542409420013428 72 52 63
-0.8427712917327881 -0.05804881453514099 6.542409420013428 72 52 63
-0.8431011438369751 -0.05795452371239662 6.542201042175293 72 52 63
-0.8431011438369751 -0.05795452371239662 6.542201042175293 72 52 63
-0.8486951589584351 0.5171471238136292 6.477850437164307 102 90 108
-0.8227689266204834 -0.2521947920322418 6.533447742462158 54 36 49
-0.8218587040901184 0.41565707325935364 6.4525580406188965 31 26 31
-0.7746243476867676 -0.11836883425712585 6.423764228820801 82 54 66
-0.7558825016021729 0.21772345900535583 6.34487771987915 81 65 78
-0.7060689330101013 -0.2332741916179657 6.3085174560546875 71 55 73
-0.6547078490257263 -0.6295362114906311 6.2683868408203125 134 114 135
-0.5691744089126587 -0.760923445224762 6.128622531890869 134 122 140
-1.0427385568618774 0.5092421174049377 6.05376672744751 122 82 93
-0.5037416815757751 -0.9668577909469604 6.042726993560791 131 105 128
-1.021286129951477 0.7169119119644165 5.9096574783325195 33 22 21
2.366118907928467 0.18713952600955963 5.416616916656494 48 22 28
2.352670431137085 0.1676735281944275 5.4165449142456055 114 61 66
-0.5464199185371399 -0.29281115531921387 5.777940273284912 44 19 28
0.5538459420204163 0.49505531787872314 5.265685558319092 82 45 62
-0.49669349193573 0.11518629640340805 5.505519390106201 135 84 98
-0.31491324305534363 -0.1153741255402565 5.3189167976379395 173 160 146
-0.353035032749176 -0.28391197323799133 5.32757043838501 61 31 32
-0.29058536887168884 -0.5176995396614075 5.286723613739014 62 36 46
-0.3015529215335846 -0.4113472104072571 5.279397010803223 112 70 81
-0.46608099341392517 0.1082792729139328 5.2520246505737305 192 191 187
-1.3848568201065063 0.9887296557426453 5.352453231811523 75 42 47
-0.02566376142203808 -0.08685823529958725 4.987606048583984 79 36 41
-0.004565348848700523 0.01879097893834114 4.93833589553833 142 88 106
-1.369205117225647 0.9897387623786926 5.292638778686523 60 43 54
0.818952739238739 0.46606919169425964 4.642248153686523 62 38 51
0.050648078322410583 -0.23249156773090363 4.797482490539551 58 31 40
0.4628509283065796 -0.9776523113250732 4.635714530944824 132 118 141
0.49359819293022156 -1.0973422527313232 4.617178440093994 80 64 93
0.5066897869110107 0.21445278823375702 4.423811435699463 82 56 78
0.5444337129592896 -0.28938543796539307 4.434202194213867 142 129 150
0.621687114238739 -0.672652006149292 4.39211893081665 149 128 147
0.5869193077087402 0.08221597224473953 4.341311454772949 60 42 54
0.7220501899719238 -0.8216147422790527 4.279275417327881 76 61 87
-0.10795106738805771 0.5283161401748657 4.498403072357178 130 78 95
-1.4155540466308594 0.9633530378341675 4.993105411529541 90 53 64
-1.4155540466308594 0.9633530378341675 4.993105411529541 90 53 64
0.6826249361038208 0.08675158023834229 4.201018333435059 147 131 150
-0.14777037501335144 0.5253016352653503 4.495315074920654 121 74 90
-1.2937016487121582 0.9686239957809448 4.779277801513672 92 52 67
1.3978346586227417 -0.05977512151002884 3.551844358444214 115 122 164
1.0483189821243286 -0.04351270571351051 3.5845725536346436 116 122 167
-0.9753924608230591 1.0974383354187012 4.4454026222229 203 222 255
-2.2374022006988525 -0.17802345752716064 4.916977882385254 194 218 255
-1.1288166046142578 0.5181432366371155 6.988594055175781 57 49 72
-1.1325767040252686 0.6847079992294312 6.968844413757324 80 68 89
-1.0916266441345215 -0.3910929262638092 7.056772232055664 123 108 133
-1.0786762237548828 -0.5701162815093994 7.070100784301758 111 96 120
-1.1228467226028442 0.5170742869377136 6.977173328399658 65 56 74
-1.1228467226028442 0.5170742869377136 6.977173328399658 65 56 74
-1.086883306503296 -0.42805492877960205 7.0547943115234375 72 57 79
-1.086883306503296 -0.42805492877960205 7.0547943115234375 72 57 79
-1.0770697593688965 -0.6203210949897766 7.07059383392334 124 112 130
-1.0749603509902954 -0.5997500419616699 7.066323280334473 126 113 134
-1.086267352104187 -0.23640258610248566 7.033350467681885 122 109 135
-1.072668433189392 -0.5546629428863525 7.059462547302246 34 32 45
-1.0865025520324707 -0.3366059362888336 7.039151668548584 87 65 91
-1.0871424674987793 -0.20998574793338776 7.028547763824463 85 71 99
-1.074035882949829 -0.5706168413162231 7.057638645172119 44 36 57
-1.0868803262710571 -0.188421830534935 7.023603439331055 83 64 81
-1.0937894582748413 -0.17790409922599792 7.0216240882873535 130 118 140
-1.0710203647613525 -0.59120774269104 7.056899547576904 43 35 57
-1.0710203647613525 -0.59120774269104 7.056899547576904 43 35 57
-1.0779780149459839 -0.5354195833206177 7.050078392028809 109 93 117
-1.0798978805541992 -0.3441258370876312 7.024664402008057 82 60 78
-1.0925129652023315 0.09172382950782776 6.988933563232422 60 49 65
-1.093721628189087 0.38659465312957764 6.965090751647949 68 56 71
-1.1318612098693848 0.9227067232131958 6.917248249053955 117 102 121
-1.075034499168396 -0.22838473320007324 7.010549068450928 85 69 98
-1.0721102952957153 -0.4230247735977173 7.025531768798828 84 69 95
-1.1147007942199707 0.7153868675231934 6.9170684814453125 64 60 77
-1.092560052871704 0.4048471748828888 6.943587779998779 112 102 132
-1.0646708011627197 -0.4358493983745575 7.010897159576416 72 64 82
-1.0709476470947266 -0.10475696623325348 6.982854843139648 124 108 135
-1.0944297313690186 0.47744372487068176 6.929081916809082 68 61 82
-1.0925164222717285 0.49689626693725586 6.926595211029053 53 51 65
-1.070629596710205 -0.047148190438747406 6.965099334716797 72 59 74
-1.070629596710205 -0.047148190438747406 6.965099334716797 72 59 74
-1.0911222696304321 0.44756877422332764 6.922815322875977 119 110 138
-1.058099627494812 -0.38808178901672363 6.989892959594727 115 97 119
-1.1002428531646729 0.5935645699501038 6.9024338722229 100 96 122
-1.0487048625946045 -0.25557661056518555 6.9691643714904785 78 68 89
-1.0884647369384766 0.47664013504981995 6.906635284423828 75 76 123
-1.0923393964767456 0.5178022980690002 6.902723789215088 37 31 66
-1.102283000946045 0.7342052459716797 6.883734226226807 70 56 76
-1.095508098602295 0.5546447038650513 6.8935227394104 123 126 171
-1.0809240341186523 0.4147185683250427 6.903238296508789 112 101 126
-1.0688637495040894 0.27052637934684753 6.9156012535095215 64 52 70
-1.0505563020706177 -0.3896399438381195 6.96898078918457 118 95 122
-1.0528193712234497 -0.010838417336344719 6.9368391036987305 56 47 73
-1.049033522605896 -0.09614794701337814 6.942914962768555 54 42 58
-1.0368553400039673 -0.5356435775756836 6.975286483764648 108 98 125
-1.019327998161316 -0.7064836621284485 6.987783908843994 37 34 42
-1.019327998161316 -0.7064836621284485 6.987783908843994 37 34 42
-1.0914286375045776 0.48176318407058716 6.886427402496338 21 27 46
-1.0413320064544678 -0.4287724196910858 6.96298360824585 78 64 89
-1.0413320064544678 -0.4287724196910858 6.96298360824585 78 64 89
-1.050781011581421 -0.01009436510503292 6.929263591766357 109 94 120
-1.089457392692566 0.6012037992477417 6.874663829803467 105 100 126
-1.038683533668518 -0.24076665937900543 6.939070224761963 124 112 137
-1.0887259244918823 0.7351766228675842 6.854160785675049 70 65 87
-1.0442686080932617 0.08859969675540924 6.905172824859619 68 57 72
-1.034842848777771 -0.2382037490606308 6.93142032623291 85 80 114
-1.0926172733306885 1.0490297079086304 6.821960926055908 112 109 131
-1.0232009887695312 -0.5512021780014038 6.953553199768066 93 87 110
-1.0185378789901733 -0.6535822749137878 6.958927154541016 76 60 92
-1.029500961303711 -0.233878031373024 6.924657344818115 122 112 140
-1.0356605052947998 -0.07668876647949219 6.910852909088135 121 98 118
-1.072802186012268 0.6719668507575989 6.84747838973999 48 40 56
-1.0277302265167236 -0.23681721091270447 6.920735836029053 128 123 149
-1.0862491130828857 1.0376261472702026 6.813408851623535 53 42 55
-1.079767107963562 0.6554120182991028 6.843203067779541 127 115 139
-1.010082721710205 -0.7148361802101135 6.956196308135986 111 94 109
-1.024966835975647 -0.3911304771900177 6.927425861358643 121 97 124
-1.0731254816055298 0.6670915484428406 6.837576866149902 98 93 114
-1.0260746479034424 -0.06789068132638931 6.898087501525879 34 32 46
-1.0006141662597656 -0.7032005190849304 6.9463958740234375 47 36 46
-1.0778950452804565 0.786209762096405 6.819336891174316 121 113 144
-1.0297138690948486 0.08357765525579453 6.8757243156433105 48 39 51
-1.0232350826263428 -0.21272434294223785 6.8973002433776855 86 68 92
-1.0232350826263428 -0.21272434294223785 6.8973002433776855 86 68 92
-1.002079725265503 -0.4258730411529541 6.914588451385498 106 93 123
-1.002079725265503 -0.4258730411529541 6.914588451385498 106 93 123
-1.0355236530303955 0.26140472292900085 6.8549675941467285 120 101 120
-1.0052474737167358 -0.5510799288749695 6.9155354499816895 109 101 132
-1.0143685340881348 -0.2392425239086151 6.89036226272583 89 68 96
-1.0069611072540283 -0.5348283052444458 6.913161277770996 118 110 134
-0.9926167726516724 -0.7015871405601501 6.925539970397949 56 47 61
-1.0703116655349731 1.0259634256362915 6.78323221206665 43 37 48
-1.044059157371521 0.410579115152359 6.832539081573486 117 99 116
-1.054590106010437 0.5026290416717529 6.823350429534912 24 33 54
-1.054590106010437 0.5026290416717529 6.823350429534912 24 33 54
-1.0051157474517822 -0.44170182943344116 6.9006452560424805 48 40 58
-1.0051157474517822 -0.44170182943344116 6.9006452560424805 48 40 58
-1.0031938552856445 -0.5233432650566101 6.905488967895508 62 50 74
-1.0136154890060425 -0.26391905546188354 6.883265972137451 121 97 124
-1.0121673345565796 -0.029537750408053398 6.859660625457764 62 49 67
-1.0455652475357056 0.47207576036453247 6.816222190856934 24 33 64
-0.9973740577697754 -0.5311701893806458 6.896772384643555 120 107 133
-1.0668351650238037 0.8839485049247742 6.779613971710205 75 63 80
-1.047335147857666 0.6592756509780884 6.7978901863098145 47 37 47
-0.9813662767410278 -0.7036611437797546 6.9035444259643555 66 52 67
-0.9813662767410278 -0.7036611437797546 6.9035444259643555 66 52 67
-1.001098871231079 -0.3912884593009949 6.876811981201172 122 99 129
-1.0070348978042603 -0.2359800934791565 6.863277912139893 126 105 132
-1.0639288425445557 0.8743388652801514 6.7706379890441895 117 106 130
-0.9848930835723877 -0.6898154616355896 6.897265434265137 118 100 126
-1.0414962768554688 0.46916645765304565 6.799139976501465 69 62 96
-1.0449103116989136 0.5911931395530701 6.7878336906433105 107 98 122
-1.0294054746627808 0.41669631004333496 6.801690578460693 107 96 113
-1.0111161470413208 0.08522380143404007 6.828575134277344 110 95 114
-0.9807330369949341 -0.5302368998527527 6.878208637237549 125 108 132
-0.9671001434326172 -0.7019767761230469 6.886631965637207 61 50 73
-1.0138942003250122 0.337690144777298 6.799757957458496 45 37 50
-0.9754970669746399 -0.6386271715164185 6.87757682800293 72 59 82
-1.023099422454834 0.6438180804252625 6.773937225341797 31 33 44
-1.023099422454834 0.6438180804252625 6.773937225341797 31 33 44
-0.9774090647697449 -0.5430498123168945 6.8692851066589355 44 40 53
-1.0415289402008057 0.7520410418510437 6.762636184692383 66 62 77
-0.9844557046890259 -0.38729527592658997 6.855073928833008 124 104 133
-0.9846717715263367 -0.4118444621562958 6.855804920196533 122 104 123
-0.9994589686393738 0.3708665668964386 6.793088912963867 52 42 50
-0.969031572341919 -0.5636869072914124 6.867440700531006 105 94 124
-1.0228800773620605 0.5541954040527344 6.7754387855529785 41 34 44
-0.9929198622703552 -0.1874370574951172 6.832590579986572 93 71 94
-1.0523591041564941 0.8792092204093933 6.744701385498047 58 48 58
-1.000754475593567 0.2613820731639862 6.792364597320557 69 55 70
-1.0141351222991943 0.3540298044681549 6.783867835998535 100 84 96
-0.9639472961425781 -0.534051239490509 6.855500221252441 121 103 129
-0.961670458316803 -0.5436956286430359 6.85191535949707 43 36 58
-0.9837741255760193 -0.13363677263259888 6.813330173492432 106 99 122
-1.0087295770645142 0.48294779658317566 6.762971878051758 51 39 56
-0.9629421830177307 -0.5513409972190857 6.845883846282959 102 90 116
-0.9746767282485962 -0.2396785169839859 6.82073450088501 55 44 66
-0.9766417741775513 -0.19277183711528778 6.813893795013428 61 50 70
-1.0241174697875977 0.6431637406349182 6.743935585021973 47 39 48
-0.9792826175689697 -0.16165794432163239 6.808485984802246 47 39 59
-0.9848679304122925 0.08113709092140198 6.786477565765381 60 46 56
-0.9848679304122925 0.08113709092140198 6.786477565765381 60 46 56
-0.9722010493278503 -0.23071178793907166 6.808745861053467 123 101 126
-1.0261965990066528 0.8763339519500732 6.713558197021484 40 38 52
-0.9511227011680603 -0.5402539372444153 6.826169490814209 52 42 55
-0.9781014919281006 -0.12291314452886581 6.791764259338379 109 92 112
-1.0037634372711182 0.49272817373275757 6.741645812988281 120 111 138
-0.944878339767456 -0.7145293951034546 6.838449954986572 120 105 125
-0.944878339767456 -0.7145293951034546 6.838449954986572 120 105 125
-0.9396117329597473 -0.7241808772087097 6.833446979522705 68 52 65
-0.9350556135177612 -0.7006480097770691 6.831280708312988 73 59 80
-0.9860542416572571 0.2780088782310486 6.749229907989502 80 57 64
-1.0162757635116577 0.8475416302680969 6.694773197174072 121 96 108
-1.0093228816986084 0.7613474130630493 6.701481342315674 111 101 122
-1.0060425996780396 0.7489444613456726 6.701356410980225 52 43 58
-0.9734930396080017 0.24422575533390045 6.740870475769043 125 109 132
-0.9580701589584351 -0.11189141124486923 6.768327713012695 39 32 40
-0.9580701589584351 -0.11189141124486923 6.768327713012695 39 32 40
-0.9677395224571228 0.11964208632707596 6.742163181304932 107 96 114
-0.9874030351638794 0.4062276780605316 6.718579292297363 133 116 131
-1.0191487073898315 0.9703254699707031 6.671650409698486 50 44 60
-0.9254454374313354 -0.7371442914009094 6.807722091674805 123 103 126
-0.9629073739051819 0.088340163230896 6.740664482116699 56 45 63
-0.9629073739051819 0.088340163230896 6.740664482116699 56 45 63
-0.9333828687667847 -0.5231747627258301 6.788809776306152 118 106 130
-0.9665209650993347 0.22322054207324982 6.727740287780762 52 46 52
-0.9665209650993347 0.22322054207324982 6.727740287780762 52 46 52
-0.9367648959159851 -0.42072829604148865 6.777623653411865 120 97 120
-0.9612361788749695 0.07951803505420685 6.735374450683594 116 97 120
-0.9500615000724792 -0.12174837291240692 6.750443458557129 120 97 115
-0.9962106943130493 0.6410179734230042 6.684906005859375 56 44 55
-0.9659629464149475 0.20594368875026703 6.718497276306152 139 119 137
-0.9155926704406738 -0.697365403175354 6.79092264175415 71 55 70
-0.9162601828575134 -0.7161411643028259 6.792314052581787 123 96 111
-0.9926341772079468 0.7462688088417053 6.675158500671387 44 39 52
-0.9926341772079468 0.7462688088417053 6.675158500671387 44 39 52
-0.9218176603317261 -0.52781081199646 6.776665687561035 37 34 52
-0.9281638860702515 -0.46990272402763367 6.769650936126709 63 52 74
-0.9124019742012024 -0.7234432697296143 6.787804126739502 72 52 69
-0.9284875392913818 -0.5372378826141357 6.772093772888184 102 86 112
-0.9258446097373962 -0.5041871666908264 6.769268989562988 62 52 69
-0.9423552751541138 -0.25017261505126953 6.74791145324707 134 116 139
-0.9678422212600708 0.4763055741786957 6.690034866333008 100 91 108
-0.9303795099258423 -0.3960336148738861 6.756133079528809 130 109 134
-0.9270417094230652 -0.4370247721672058 6.757575035095215 125 108 133
-0.9156113266944885 -0.533966600894928 6.765275001525879 72 59 87
-0.9696663618087769 0.39297881722450256 6.689605712890625 64 62 79
-0.9760027527809143 0.6380410194396973 6.6661272048950195 51 38 55
-0.9760027527809143 0.6380410194396973 6.6661272048950195 51 38 55
-0.9229667782783508 -0.40967532992362976 6.7457122802734375 48 39 53
-0.9229667782783508 -0.40967532992362976 6.7457122802734375 48 39 53
-0.9153355956077576 -0.526697039604187 6.75469970703125 119 105 131
-0.9202836751937866 -0.481746107339859 6.75048828125 84 60 85
-0.9613062739372253 0.470235139131546 6.671922206878662 53 39 50
-0.9738633632659912 0.5142602920532227 6.667184352874756 114 99 118
-0.9606874585151672 0.46301090717315674 6.670962333679199 95 84 103
-0.9606874585151672 0.46301090717315674 6.670962333679199 95 84 103
-0.980216383934021 0.8819144368171692 6.636594772338867 50 40 53
-0.9634807705879211 0.538148045539856 6.663252830505371 54 41 45
-0.9197637438774109 -0.42001983523368835 6.7379045486450195 120 104 130
-0.9323511123657227 -0.1058742105960846 6.712256908416748 53 41 49
-0.9800923466682434 0.8667249083518982 6.634548187255859 112 95 113
-0.9243884682655334 -0.09123053401708603 6.70387077331543 117 100 126
-0.9036527276039124 -0.5501840114593506 6.738507270812988 52 44 60
-0.9407066106796265 0.19824129343032837 6.673866271972656 69 49 69
-0.894340991973877 -0.69197678565979 6.741227626800537 66 55 79
-0.894340991973877 -0.69197678565979 6.741227626800537 66 55 79
-0.8970133066177368 -0.6505939364433289 6.7359209060668945 53 46 66
-0.9442123770713806 0.38217678666114807 6.6545729637146 43 34 44
-0.9442123770713806 0.38217678666114807 6.6545729637146 43 34 44
-0.8959310054779053 -0.635399341583252 6.734011173248291 56 44 61
-0.9477617144584656 0.4281950891017914 6.649174690246582 27 21 27
-0.9117339253425598 -0.0452396385371685 6.68520975112915 56 49 57
-0.8983331918716431 -0.5897087454795837 6.727031707763672 63 51 73
-0.8983331918716431 -0.5897087454795837 6.727031707763672 63 51 73
-0.9222952723503113 -0.02858755551278591 6.681951999664307 134 116 132
-0.943726658821106 0.47578588128089905 6.641671180725098 49 36 46
-0.8908168077468872 -0.5467483401298523 6.721521854400635 106 88 108
-0.9397726058959961 0.4687674045562744 6.640933990478516 101 88 106
-0.8957486152648926 -0.6233325004577637 6.724100589752197 122 96 117
-0.9120048880577087 -0.09554244577884674 6.682638645172119 110 97 122
-0.9294440150260925 0.36986181139945984 6.64443826675415 98 86 109
-0.9446067810058594 0.4857899248600006 6.634746074676514 113 108 131
-0.9000693559646606 -0.26559656858444214 6.692672252655029 57 44 60
-0.9613877534866333 0.8622686266899109 6.601742267608643 105 92 112
-0.9050571322441101 -0.11036921292543411 6.676337718963623 52 40 53
-0.9507075548171997 0.875414252281189 6.598532199859619 41 37 43
-0.9323875308036804 0.18833500146865845 6.649944305419922 86 62 75
-0.893730640411377 -0.35053205490112305 6.6915507316589355 62 48 60
-1.0627708435058594 1.1899161338806152 6.565728664398193 31 35 40
-1.0627708435058594 1.1899161338806152 6.565728664398193 31 35 40
-0.8910368084907532 -0.6629425287246704 6.715084552764893 77 57 67
-0.929370105266571 0.18110336363315582 6.647808074951172 128 110 124
-0.9333807826042175 0.37168392539024353 6.6322021484375 75 60 82
-0.8872090578079224 -0.41415929794311523 6.693950176239014 51 34 39
-0.9240503311157227 0.10446655005216599 6.651815891265869 120 108 127
-0.9484664797782898 0.6857153177261353 6.603828430175781 105 96 110
-0.9626233577728271 0.961666464805603 6.581379413604736 48 33 43
-0.9626233577728271 0.961666464805603 6.581379413604736 48 33 43
-0.8898601531982422 -0.43882817029953003 6.690207481384277 125 106 128
-0.9325547218322754 0.4765195846557617 6.617529392242432 62 45 61
-0.8837500810623169 -0.5880697965621948 6.700291633605957 88 64 82
-0.9539279341697693 0.8507029414176941 6.587161064147949 54 40 46
-0.8874673843383789 -0.39809882640838623 6.685240268707275 122 105 131
-0.9297914505004883 0.4848056435585022 6.611278533935547 113 103 127
-0.8792598843574524 -0.5338775515556335 6.690423488616943 73 60 90
-0.8954388499259949 -0.276337593793869 6.667522430419922 131 108 124
-0.9388102889060974 0.5612004399299622 6.601346015930176 115 96 115
-0.9164795875549316 0.1928146928548813 6.626955509185791 77 55 64
-0.9568321108818054 1.0103763341903687 6.56247615814209 44 36 47
-0.877670168876648 -0.4037339985370636 6.6709794998168945 124 108 127
-0.8931387662887573 -0.12172822654247284 6.64778470993042 106 90 105
-0.8814641833305359 -0.423923134803772 6.669410705566406 116 94 117
-0.8689889907836914 -0.41388067603111267 6.666667938232422 56 40 50
-0.9145985841751099 0.31297123432159424 6.608545780181885 106 91 109
-0.9254888892173767 0.5418673753738403 6.587856769561768 54 39 46
-0.9262226223945618 0.7733438014984131 6.566206455230713 109 86 99
-0.9262226223945618 0.7733438014984131 6.566206455230713 109 86 99
-0.8851903676986694 -0.044676654040813446 6.6299896240234375 70 54 65
-0.8851903676986694 -0.044676654040813446 6.6299896240234375 70 54 65
-0.930056631565094 0.8662310242652893 6.5577073097229 36 32 38
-0.8591800332069397 -0.5385490655899048 6.666816711425781 56 40 56
-0.9080615043640137 0.21178582310676575 6.605909824371338 125 100 121
-0.9292415380477905 0.6267338991165161 6.571569442749023 46 35 46
-0.8682664036750793 -0.41207119822502136 6.650768280029297 70 48 58
-0.8768343329429626 -0.11321831494569778 6.626247882843018 59 45 57
-0.9066059589385986 0.35021960735321045 6.589583396911621 62 46 64
-0.8952716588973999 0.13403373956680298 6.605715751647949 72 55 73
-0.8679598569869995 -0.40341463685035706 6.64687442779541 135 114 135
-0.9129530191421509 0.540695071220398 6.5681471824646 45 33 41
-0.8546363115310669 -0.43535172939300537 6.638341903686523 130 109 125
-0.8754546046257019 -0.10048513114452362 6.607763290405273 127 104 127
-0.8689979910850525 0.05789777636528015 6.592311859130859 43 28 33
-0.848003625869751 -0.43895775079727173 6.628066539764404 57 42 55
-0.860802173614502 -0.3561968207359314 6.619834899902344 93 66 83
-0.860802173614502 -0.3561968207359314 6.619834899902344 93 66 83
-0.84360271692276 -0.6089351773262024 6.634356498718262 96 66 85
-0.9215748906135559 0.7634201049804688 6.527220249176025 57 39 53
-0.8400887250900269 -0.6172862648963928 6.631688117980957 138 120 139
-0.8409553170204163 -0.4411606192588806 6.614372730255127 126 101 122
-0.8934327960014343 0.46345987915992737 6.540554046630859 37 26 30
-0.8725674748420715 0.10277774930000305 6.567868709564209 40 29 45
-0.8332016468048096 -0.4169629216194153 6.606831073760986 47 33 47
-0.9195294380187988 0.8323043584823608 6.50648832321167 36 28 36
-0.900620698928833 0.620486319065094 6.520298480987549 51 38 52
-0.8556404709815979 -0.10423018783330917 6.576174736022949 122 101 120
-0.8638810515403748 0.07256561517715454 6.5618672370910645 97 81 101
-0.8396064639091492 -0.11806637048721313 6.576634883880615 39 34 41
-0.8347434401512146 -0.4281321167945862 6.5983452796936035 122 97 115
-0.8524251580238342 0.13581582903862 6.555099964141846 31 20 24
-0.8669114708900452 0.15031588077545166 6.551868438720703 104 92 112
-0.8953768014907837 0.5408504009246826 6.5210394859313965 58 42 51
-0.8531109094619751 0.01783665083348751 6.560636043548584 42 33 45
-0.9382977485656738 1.103326678276062 6.4757585525512695 103 92 107
-0.8463935256004333 0.05904475599527359 6.555175304412842 52 38 49
-0.8436492085456848 -0.1314096301794052 6.563295364379883 106 93 111
-0.8436492085456848 -0.1314096301794052 6.563295364379883 106 93 111
-0.8237544894218445 -0.4132566452026367 6.583016872406006 100 83 97
-0.8151512742042542 -0.7013499140739441 6.604062080383301 76 55 70
-0.8417860865592957 -0.16983120143413544 6.562876224517822 133 114 132
-0.837241530418396 -0.19369995594024658 6.56326150894165 138 117 133
-0.8528464436531067 0.029571475461125374 6.546003341674805 103 88 115
-0.8229873776435852 -0.4178870618343353 6.579399585723877 65 43 58
-0.9372556209564209 1.1018986701965332 6.460101127624512 106 92 105
-0.8307511806488037 -0.26043128967285156 6.561911106109619 70 54 61
-0.8220917582511902 -0.4088543951511383 6.572288990020752 80 55 74
-0.848607063293457 0.058941833674907684 6.530662536621094 58 43 57
-0.8408236503601074 -0.02624727599322796 6.534066200256348 134 115 133
-0.8053393959999084 -0.5358353853225708 6.571052551269531 129 119 140
-0.8762434720993042 0.7259462475776672 6.468612194061279 80 75 88
-0.7952898740768433 -0.7066165208816528 6.5766496658325195 79 54 63
-0.7981071472167969 -0.7922143340110779 6.582438945770264 126 107 133
-0.8318678736686707 -0.1420551836490631 6.530139923095703 125 101 118
-0.8611279726028442 0.6245447397232056 6.470973014831543 88 84 105
-0.9582884311676025 1.1321147680282593 6.429169178009033 53 47 63
-0.7821996808052063 -0.80829256772995 6.5691375732421875 59 46 53
-0.800366997718811 -0.41789254546165466 6.537878513336182 66 44 57
-0.854874849319458 0.4931528568267822 6.468269348144531 109 91 108
-0.8199136853218079 -0.0978771224617958 6.510310649871826 124 104 126
-0.7822138667106628 -0.7046178579330444 6.554102897644043 80 56 76
-0.8570458889007568 0.6068367958068848 6.454096794128418 29 23 27
-0.809922993183136 -0.26913735270500183 6.518280982971191 62 43 54
-0.7816556692123413 -0.7381221055984497 6.549474716186523 96 65 84
-0.7816556692123413 -0.7381221055984497 6.549474716186523 96 65 84
-0.8097231388092041 -0.19636759161949158 6.499814510345459 91 63 75
-0.8097231388092041 -0.19636759161949158 6.499814510345459 91 63 75
-0.8350945115089417 0.4168337285518646 6.452235221862793 31 26 31
-0.7733694911003113 -0.7406366467475891 6.537721157073975 95 68 91
-0.7733694911003113 -0.7406366467475891 6.537721157073975 95 68 91
-0.7588748931884766 -0.8048742413520813 6.538956642150879 41 34 49
-0.7896826267242432 -0.27005258202552795 6.4952239990234375 59 41 53
-0.8114025592803955 0.05641143396496773 6.469998836517334 59 43 53
-0.7915629744529724 -0.2601531744003296 6.4925737380981445 134 111 132
-0.7734702229499817 -0.5507498383522034 6.512810707092285 75 55 68
-0.7799460887908936 -0.4127495288848877 6.501051902770996 63 49 63
-0.7598603367805481 -0.70555180311203 6.521607875823975 52 45 57
-0.7595053911209106 -0.7239329814910889 6.520523548126221 71 57 74
-0.759632408618927 -0.771394670009613 6.52308464050293 62 50 67
-0.8349155783653259 0.6107665300369263 6.416675567626953 36 27 34
-0.8616062998771667 1.0195454359054565 6.384325981140137 20 18 23
-0.7990452647209167 -0.03918217122554779 6.45939302444458 62 44 56
-0.7537787556648254 -0.7921684384346008 6.51266622543335 127 102 126
-0.8161274790763855 0.22091364860534668 6.43660306930542 125 101 124
-0.8127089738845825 0.23359374701976776 6.434145927429199 63 46 52
-0.7593200206756592 -0.5475883483886719 6.492185115814209 54 40 55
-0.7797831892967224 -0.8293555378913879 6.5040106773376465 126 105 128
-0.7734861969947815 -0.2705588638782501 6.459512233734131 72 49 59
-0.7923333048820496 0.12489321827888489 6.429162979125977 48 34 40
-0.745323121547699 -0.6061073541641235 6.474128246307373 125 104 123
-0.7782210111618042 -0.025634467601776123 6.430697441101074 69 52 68
-0.7361259460449219 -0.676694393157959 6.477665901184082 133 120 143
-0.7447194457054138 -0.7853370308876038 6.484907627105713 134 114 140
-0.7788716554641724 -0.034425199031829834 6.428661346435547 102 92 112
-0.7498860359191895 -0.7831974029541016 6.4835591316223145 135 115 142
-0.7349912524223328 -0.8051445484161377 6.484060764312744 67 50 56
-0.7760426998138428 -0.01619385927915573 6.425295829772949 123 106 128
-0.7444906234741211 -0.5721389651298523 6.464224338531494 60 48 62
-0.7700982689857483 -0.12399710714817047 6.429864883422852 137 120 133
-0.7700982689857483 -0.12399710714817047 6.429864883422852 137 120 133
-0.7411682605743408 -0.6371530890464783 6.463127613067627 71 58 71
-0.7448477745056152 -0.5466559529304504 6.454904079437256 56 44 59
-0.7522578835487366 -0.3716568648815155 6.4391984939575195 128 109 128
-0.7196088433265686 -0.8475974798202515 6.474056720733643 122 104 130
-0.7455953359603882 -0.5525968670845032 6.449400424957275 117 101 119
-0.7126027345657349 -0.8653895258903503 6.4720234870910645 46 40 43
-0.7126027345657349 -0.8653895258903503 6.4720234870910645 46 40 43
-0.7319983243942261 -0.6770676374435425 6.455010890960693 132 116 135
-0.7727184891700745 -0.01752755604684353 6.405998229980469 134 114 133
-0.7234609127044678 -0.8143137097358704 6.464773178100586 128 108 121
-0.7487679123878479 -0.2912449538707733 6.425372123718262 73 51 64
-0.7451889514923096 -0.381167471408844 6.431766510009766 52 35 53
-0.7478055953979492 -0.33677759766578674 6.424709320068359 69 51 68
-0.7147395014762878 -0.8186893463134766 6.459246635437012 63 52 68
-0.7600762248039246 -0.04409140348434448 6.3942413330078125 45 31 38
-0.7078295350074768 -0.6933508515357971 6.426210880279541 128 105 118
-0.6908582448959351 -0.8627243638038635 6.438097953796387 66 44 64
-0.716623067855835 -0.6529569625854492 6.419997692108154 73 51 65
-0.716623067855835 -0.6529569625854492 6.419997692108154 73 51 65
-0.710404098033905 -0.6840528845787048 6.421341419219971 43 28 48
-0.6988117098808289 -0.8029263615608215 6.429686546325684 58 44 55
-0.7003775835037231 -0.7833055257797241 6.428229808807373 136 118 143
-0.7127431631088257 -0.5513906478881836 6.403184413909912 110 96 113
-0.684213399887085 -0.8917444944381714 6.421940326690674 71 55 72
-0.7066105008125305 -0.6060588955879211 6.397266864776611 113 100 118
-0.6961160898208618 -0.6443406343460083 6.39546537399292 73 55 72
-0.7002160549163818 -0.5536408424377441 6.387783050537109 115 101 117
-0.6949063539505005 -0.6592223644256592 6.39337158203125 71 51 69
-0.7184162139892578 -0.2689768075942993 6.364354133605957 83 64 76
-0.7146960496902466 -0.40832608938217163 6.373445987701416 81 54 68
-0.6927396059036255 -0.6700196862220764 6.385788440704346 125 98 117
-0.7268275618553162 -0.11418940126895905 6.345408916473389 72 63 84
-0.6735280752182007 -0.8515596389770508 6.390066623687744 128 110 131
-0.6774781346321106 -0.7083847522735596 6.376445293426514 127 104 122
-0.6704477071762085 -0.7795844674110413 6.379688739776611 132 111 139
-0.6741234064102173 -0.87093186378479 6.386310577392578 120 99 110
-0.6700250506401062 -0.6991227269172668 6.368979454040527 132 108 127
-0.6849658489227295 -0.536135196685791 6.355863094329834 69 51 74
-0.696766197681427 -0.25977379083633423 6.3351545333862305 64 48 63
-0.696766197681427 -0.25977379083633423 6.3351545333862305 64 48 63
-0.7095896005630493 -0.17137569189071655 6.3261027336120605 92 71 91
-0.6682178974151611 -0.7303373217582703 6.3658318519592285 79 59 80
-0.7031291723251343 -0.2213924527168274 6.326131343841553 87 73 91
-0.6611610651016235 -0.7379818558692932 6.360767364501953 114 93 110
-0.6631078720092773 -0.6863469481468201 6.3542160987854 116 108 130
-0.6639460921287537 -0.7002862095832825 6.354221343994141 45 37 53
-0.6579703092575073 -0.7369205951690674 6.352362632751465 55 42 60
-0.6608759760856628 -0.7872245907783508 6.353878498077393 68 54 67
-0.669736385345459 -0.6254612803459167 6.335163116455078 90 60 79
-0.6793920397758484 -0.2626723647117615 6.308459758758545 60 45 71
-0.6690134406089783 -0.5226192474365234 6.3258748054504395 62 49 73
-0.7016510963439941 -0.17811603844165802 6.300171852111816 137 110 127
-0.7016510963439941 -0.17811603844165802 6.300171852111816 137 110 127
-0.6594493389129639 -0.6866661310195923 6.3357367515563965 129 109 128
-0.6565865278244019 -0.7305384874343872 6.338708877563477 129 111 131
-0.6896790266036987 -0.15624497830867767 6.2965168952941895 56 34 43
-0.6481326222419739 -0.7793053388595581 6.333920001983643 130 111 130
-0.6749104857444763 -0.2637906074523926 6.293569564819336 75 57 73
-0.6464176177978516 -0.8398627042770386 6.334372520446777 131 103 126
-0.6598117351531982 -0.5049915909767151 6.3084397315979 115 97 117
-0.62297123670578 -0.8531519174575806 6.3130364418029785 53 36 44
-0.62297123670578 -0.8531519174575806 6.3130364418029785 53 36 44
-0.6513242721557617 -0.514900267124176 6.285945415496826 138 116 133
-0.6525306701660156 -0.5121656656265259 6.282802104949951 140 116 132
-0.6201809048652649 -0.8418256044387817 6.302247047424316 132 106 127
-0.6562409996986389 -0.26935234665870667 6.25999641418457 66 49 65
-0.6221638917922974 -0.7843893766403198 6.294229507446289 82 56 78
-0.6207944750785828 -0.8588295578956604 6.296056270599365 134 106 120
-0.6200085878372192 -0.6701028943061829 6.272774696350098 86 58 65
-0.6301729083061218 -0.39487674832344055 6.25033712387085 123 101 116
-0.65037602186203 -0.2597413957118988 6.23956823348999 68 53 74
-0.6241500973701477 -0.5317018032073975 6.2554168701171875 65 48 64
-0.6263587474822998 -0.5311936736106873 6.254986763000488 65 48 64
-0.6143995523452759 -0.6674450635910034 6.258482456207275 62 42 57
-0.6143995523452759 -0.6674450635910034 6.258482456207275 62 42 57
-0.6249346137046814 -0.3891068398952484 6.226037502288818 115 98 115
-0.5908179879188538 -0.9257136583328247 6.263208866119385 142 122 141
-0.5907595157623291 -0.8610031604766846 6.256962299346924 128 112 133
-0.6114359498023987 -0.535187304019928 6.232539653778076 60 46 57
-0.5848463177680969 -0.9229760766029358 6.256004333496094 64 50 76
-0.5865844488143921 -0.8589451313018799 6.247978687286377 60 46 71
-0.6084473133087158 -0.5192256569862366 6.219520568847656 123 109 134
-0.5863102674484253 -0.8488898873329163 6.229097366333008 85 60 86
-0.57462477684021 -0.7927469611167908 6.215567588806152 80 56 70
-0.9041145443916321 0.37969207763671875 6.146690845489502 74 35 36
-0.9764707088470459 0.44120562076568604 6.144858360290527 90 46 53
-0.5618605613708496 -0.8735828995704651 6.2092413902282715 87 56 77
-0.5618605613708496 -0.8735828995704651 6.2092413902282715 87 56 77
-0.5619701147079468 -0.8585149049758911 6.207447528839111 135 112 129
-0.9656476378440857 0.4272669851779938 6.13327693939209 152 99 113
-0.5482763051986694 -0.8550630211830139 6.187010288238525 69 50 67
-0.5462938547134399 -0.7834927439689636 6.164616584777832 79 57 68
-1.1557215452194214 0.6966824531555176 6.104685306549072 63 29 28
-0.798424243927002 0.19947923719882965 6.110968589782715 78 37 50
-1.1768792867660522 1.0921659469604492 6.076599597930908 49 27 24
-0.8817644715309143 0.3467778265476227 6.105458736419678 77 38 44
-0.5470981597900391 -0.6685287952423096 6.150668621063232 79 56 72
-0.5386110544204712 -0.8396756649017334 6.16117525100708 134 115 137
-1.1377265453338623 1.0617419481277466 6.0674848556518555 65 34 40
-0.5358847379684448 -0.8713324666023254 6.1578369140625 97 67 88
-0.8606635928153992 0.27977022528648376 6.0999836921691895 140 98 118
-1.0802199840545654 0.49835851788520813 6.102092266082764 144 113 129
-1.0802199840545654 0.49835851788520813 6.102092266082764 144 113 129
-0.9458713531494141 -0.09037629514932632 6.131993293762207 138 91 105
-0.5612339377403259 -0.40575823187828064 6.120298862457275 49 36 47
-1.178403615951538 1.1475825309753418 6.048834800720215 93 64 71
-1.078277587890625 0.5079619884490967 6.084988117218018 123 80 96
-1.0636873245239258 0.5385587215423584 6.076770782470703 49 31 41
-1.1223855018615723 0.6871579885482788 6.071065902709961 134 91 105
-0.5199389457702637 -0.7839548587799072 6.122562885284424 80 61 87
-0.9420059323310852 -0.06528934836387634 6.0992255210876465 132 82 97
-0.7336347699165344 0.2113952487707138 6.052584171295166 44 20 25
-0.5001124739646912 -0.8461356163024902 6.1025309562683105 67 44 64
-1.1174885034561157 1.055761694908142 6.017927646636963 65 51 57
-1.0455646514892578 0.5539504289627075 6.046457767486572 99 92 106
-0.49212372303009033 -0.981234073638916 6.103143215179443 94 62 85
-1.047702670097351 0.6153350472450256 6.0401930809021 39 26 27
-0.9282192587852478 -0.05444077029824257 6.07242488861084 139 86 102
-1.0353991985321045 0.4974864721298218 6.035610675811768 138 99 118
-1.0353991985321045 0.4974864721298218 6.035610675811768 138 99 118
-1.0809046030044556 0.9602498412132263 6.004256725311279 54 42 43
-1.0289839506149292 0.5196366906166077 6.0291008949279785 44 29 36
-0.4817567765712738 -0.8094030618667603 6.0591301918029785 50 30 47
-0.4817567765712738 -0.8094030618667603 6.0591301918029785 50 30 47
-1.0853471755981445 0.7509457468986511 6.006762504577637 49 37 35
-0.8726396560668945 0.39587870240211487 6.008056163787842 158 109 130
-0.716550350189209 0.09054899960756302 6.005552291870117 65 26 28
-0.7049549221992493 0.3295362889766693 5.986544132232666 62 25 34
-0.7049549221992493 0.3295362889766693 5.986544132232666 62 25 34
-0.6822182536125183 0.24248269200325012 5.973202228546143 52 18 17
-0.4469119906425476 -1.0040704011917114 6.037199020385742 131 105 128
-0.7043501734733582 0.06499950587749481 5.988317012786865 71 29 34
-0.4433257281780243 -0.9652402400970459 6.026192665100098 72 55 78
-0.4434445798397064 -0.9763966202735901 6.0262298583984375 86 63 91
-0.9976558089256287 0.516417384147644 5.973125457763672 124 87 99
-0.8955333232879639 0.46887117624282837 5.963683128356934 77 56 63
-0.42886003851890564 -1.0065199136734009 6.014927387237549 116 103 129
-0.9909515380859375 0.5293357968330383 5.964323043823242 39 25 30
-1.2829772233963013 0.7277032732963562 5.97652530670166 66 38 35
-0.6510823965072632 0.1464765965938568 5.934632301330566 44 19 27
-0.6510823965072632 0.1464765965938568 5.934632301330566 44 19 27
-1.0172114372253418 0.9837201833724976 5.91250467300415 24 22 24
-1.0487470626831055 1.0412890911102295 5.912003040313721 57 45 54
-0.9804660081863403 0.6583772301673889 5.926084995269775 84 62 67
-0.6417702436447144 0.16434946656227112 5.916378021240234 55 26 31
-0.6928671598434448 -0.3550434410572052 5.934312343597412 137 89 106
-0.6928671598434448 -0.3550434410572052 5.934312343597412 137 89 106
-0.6235381960868835 0.12432297319173813 5.8755621910095215 36 20 23
-0.6159908771514893 0.08781236410140991 5.87335205078125 36 20 25
-0.6098390817642212 -0.2883334159851074 5.898139953613281 57 17 26
-0.6243180632591248 0.1074206531047821 5.869258880615234 110 58 64
-0.5901640057563782 -0.1281384527683258 5.880129814147949 50 21 29
-0.620324432849884 0.08128181099891663 5.864473342895508 118 67 74
-0.9268601536750793 0.5872576832771301 5.866842269897461 65 46 50
-0.5896613597869873 -0.006588290445506573 5.861905097961426 68 31 41
-0.9185107350349426 0.5288485288619995 5.868244171142578 53 38 45
-0.5868438482284546 -0.12054645270109177 5.864717483520508 113 64 70
-0.5837914347648621 -0.03273800387978554 5.857357501983643 51 24 33
12.676644325256348 -0.0625777319073677 3.9630253314971924 48 22 28
-0.5796552896499634 -0.16200758516788483 5.863104820251465 41 18 22
-0.9253639578819275 0.5945193767547607 5.857348918914795 58 31 40
-0.5999924540519714 0.25228971242904663 5.835522651672363 48 22 28
-0.5779725313186646 -0.09135759621858597 5.857139587402344 60 28 36
-0.607893168926239 -0.3340023159980774 5.872849941253662 75 34 39
-0.5786468386650085 -0.054074641317129135 5.838226318359375 78 34 37
-0.590425968170166 0.039354003965854645 5.832465171813965 97 52 59
-0.590425968170166 0.039354003965854645 5.832465171813965 97 52 59
-0.9599272608757019 0.6523916721343994 5.83601713180542 123 82 92
-1.0167391300201416 1.0397119522094727 5.815404415130615 104 67 83
-0.583800733089447 0.04282275587320328 5.818764686584473 137 81 92
-0.5594415068626404 -0.06569258123636246 5.820676326751709 72 31 39
-0.6280518770217896 0.1416453719139099 5.8094892501831055 54 19 23
-0.6284605264663696 0.14187271893024445 5.809446334838867 54 19 23
-0.6361174583435059 0.1329176127910614 5.811069488525391 119 69 74
-0.5535805821418762 -0.11040861159563065 5.815640449523926 65 33 46
-0.6108924150466919 -0.18669964373111725 5.8270111083984375 60 26 30
-0.5558581948280334 -0.3069697916507721 5.8238983154296875 61 27 34
-0.5372740626335144 -0.2896689474582672 5.818109035491943 58 28 33
-0.8887808322906494 0.5793696045875549 5.800983428955078 50 32 39
-0.528572678565979 -0.24927283823490143 5.804565906524658 120 68 84
-1.1498775482177734 1.1329843997955322 5.798473834991455 124 137 181
-0.5372194647789001 -0.0931553915143013 5.790844917297363 67 34 46
-0.537326455116272 -0.020179705694317818 5.778567314147949 53 26 33
-0.8857008218765259 0.5792498588562012 5.789373397827148 134 87 96
-0.8851326704025269 0.47474250197410583 5.795903205871582 148 108 129
-0.8764709234237671 0.5536599159240723 5.774406433105469 138 90 106
-0.8706541061401367 0.610889732837677 5.765950679779053 58 30 36
-0.5135545134544373 -0.30504006147384644 5.773046970367432 44 19 28
-0.8621717095375061 0.5090265870094299 5.766343116760254 138 91 109
-0.4933016896247864 -0.3612547218799591 5.75763463973999 64 34 36
-0.49996769428253174 0.04232586920261383 5.710389137268066 53 29 36
-0.9742762446403503 0.719549834728241 5.7378644943237305 37 23 22
-0.8224114179611206 0.5086269378662109 5.703444480895996 136 89 105
-0.8224114179611206 0.5086269378662109 5.703444480895996 136 89 105
-0.8116723299026489 0.5197782516479492 5.686838150024414 141 93 114
-0.5445965528488159 0.3822489082813263 5.637962341308594 56 25 28
-0.5307623147964478 -0.769230306148529 5.714730262756348 107 67 80
-1.0224316120147705 0.6612932085990906 5.687250137329102 62 33 32
-0.8823978304862976 0.6262368559837341 5.659195899963379 146 97 119
-0.5374706387519836 -0.7000095248222351 5.6761627197265625 69 30 35
-0.7611061334609985 0.521302342414856 5.617086410522461 93 49 64
-0.6219165921211243 0.40140044689178467 5.595726013183594 101 44 53
-0.6036925911903381 0.3775845468044281 5.593649387359619 78 28 29
2.2216758728027344 -0.43463778495788574 5.096436023712158 114 67 77
-0.5509008765220642 0.22583845257759094 5.59144926071167 133 79 90
-0.5436540246009827 0.1706765741109848 5.5898027420043945 122 76 92
-0.5211153030395508 -0.13857680559158325 5.606909275054932 55 22 33
2.198899745941162 -0.39596498012542725 5.081590175628662 50 20 28
-0.6153574585914612 0.38805028796195984 5.583969593048096 158 106 124
-0.5364384055137634 0.10819757729768753 5.5869669914245605 48 17 25
2.1956658363342285 -0.2746299207210541 5.065921306610107 72 33 46
2.1927666664123535 -0.4110773503780365 5.061200141906738 118 66 78
-0.5122962594032288 0.08618948608636856 5.5669450759887695 128 75 93
-1.4375395774841309 1.1747009754180908 5.67509126663208 73 86 101
-1.4375395774841309 1.1747009754180908 5.67509126663208 73 86 101
-0.5213022232055664 -0.17877234518527985 5.583883285522461 112 80 99
-0.5217029452323914 -0.17834436893463135 5.5838518142700195 114 81 98
-0.5219613909721375 0.13921232521533966 5.558544635772705 140 89 104
2.1870064735412598 -0.2680439054965973 5.030695915222168 75 34 48
2.1870064735412598 -0.2680439054965973 5.030695915222168 75 34 48
-0.49671825766563416 -0.06776078045368195 5.564194202423096 55 27 35
-0.5216557383537292 0.22442932426929474 5.548373222351074 60 19 30
2.1419808864593506 -0.001415657578036189 5.015609264373779 90 39 57
-0.5431634783744812 -0.5694789290428162 5.607904434204102 108 67 76
2.1450822353363037 -0.009700208902359009 5.012726306915283 93 52 71
-0.5259246230125427 0.2973172068595886 5.540289878845215 51 21 29
-0.5155980587005615 -0.5181763768196106 5.593611717224121 27 15 19
-0.49688956141471863 -0.031377747654914856 5.547175407409668 75 30 37
-0.5582742094993591 -0.7375891804695129 5.608383655548096 106 60 67
-0.8008773922920227 0.6443367600440979 5.557633876800537 94 63 77
-0.49971190094947815 0.02206493355333805 5.537388324737549 131 79 92
-0.5590380430221558 -0.7511189579963684 5.600919246673584 49 24 30
-0.46963196992874146 -0.13066428899765015 5.534623622894287 48 25 33
2.147064685821533 -0.028429124504327774 4.969915390014648 54 26 31
-0.4858357608318329 0.05222301930189133 5.52302360534668 54 26 30
-0.5304164290428162 -0.6828898787498474 5.577731609344482 118 73 95
-0.7076727151870728 0.5855729579925537 5.5234174728393555 83 40 55
-0.5286092758178711 -0.6642074584960938 5.566845417022705 63 28 39
2.1558854579925537 -0.2641410827636719 4.94802188873291 71 33 46
-0.4806366264820099 0.22395576536655426 5.482402801513672 52 21 29
-0.466519296169281 0.10209279507398605 5.486846923828125 55 22 30
-0.5001517534255981 -0.8957853317260742 5.561758518218994 119 77 95
-0.515045702457428 -0.7058551907539368 5.5489821434021 67 30 37
-0.4686891734600067 0.23521210253238678 5.463887691497803 124 69 77
-0.5315226912498474 -0.46024176478385925 5.520425319671631 68 38 40
-0.5007185339927673 -0.665488600730896 5.525241374969482 70 33 38
-0.4635014832019806 0.2109881490468979 5.453831195831299 57 25 34
-0.4635014832019806 0.2109881490468979 5.453831195831299 57 25 34
-0.5201548337936401 -0.7472190856933594 5.530791282653809 138 92 112
-0.5201548337936401 -0.7472190856933594 5.530791282653809 138 92 112
-0.4823160171508789 0.3298757076263428 5.444576740264893 78 33 37
-0.4823160171508789 0.3298757076263428 5.444576740264893 78 33 37
-0.41288915276527405 -0.3678470849990845 5.478074073791504 54 19 25
-0.43154945969581604 -0.41667160391807556 5.483783721923828 131 84 100
-0.43154945969581604 -0.41667160391807556 5.483783721923828 131 84 100
-0.4557075500488281 0.20769062638282776 5.4413628578186035 110 96 109
-0.4798959195613861 -0.6459396481513977 5.5062336921691895 132 88 113
-0.5018558502197266 -0.6755874156951904 5.512398719787598 132 96 115
-0.5363903641700745 -0.6005628108978271 5.510828495025635 128 75 93
-0.5346351861953735 0.3883836269378662 5.437026500701904 92 43 50
-0.5677908658981323 0.42680633068084717 5.441823482513428 65 29 30
-0.3962527811527252 -0.40372464060783386 5.458768367767334 53 22 26
-0.4853510558605194 -0.7389129400253296 5.501250267028809 47 27 37
-0.5201588273048401 0.352274090051651 5.425816059112549 153 104 120
-0.5488280057907104 -0.8225968480110168 5.513874530792236 112 62 79
-0.39435330033302307 0.16317281126976013 5.403756141662598 144 125 102
-0.4287499785423279 -0.8758978247642517 5.483057022094727 130 85 106
-0.4164324104785919 -0.0946224182844162 5.424228668212891 154 136 115
-0.4133337140083313 -0.0674208551645279 5.417738914489746 130 105 88
-0.377265065908432 -0.44131743907928467 5.435484409332275 49 19 21
-0.47894975543022156 -0.7304491400718689 5.477910995483398 106 63 82
-0.4838116765022278 -0.7031484842300415 5.475400447845459 108 78 93
-0.3644976317882538 -0.4713822305202484 5.426815032958984 61 31 46
-0.36129647493362427 -0.20151731371879578 5.403741359710693 169 155 147
-0.46071657538414 0.17969731986522675 5.400104522705078 174 168 159
-0.41479602456092834 0.17118124663829803 5.389263153076172 91 69 69
-0.39594972133636475 -0.10046456754207611 5.39561653137207 164 148 123
-0.4011668562889099 -0.06858137995004654 5.393742084503174 133 114 89
-0.388751745223999 -0.12256771326065063 5.3934245109558105 176 166 139
-0.46728894114494324 -0.7485289573669434 5.456536293029785 52 31 38
-0.41546177864074707 -0.9026768803596497 5.453320503234863 73 37 55
-0.34808653593063354 -0.4669205844402313 5.401435852050781 52 22 24
-0.4673521816730499 0.21992464363574982 5.3782734870910645 119 99 80
-0.3543272316455841 -0.1846647709608078 5.378489971160889 80 42 46
-0.460123747587204 -0.7380824685096741 5.442343711853027 51 30 37
-0.6105173230171204 0.5321835279464722 5.385008335113525 74 38 53
-0.33572354912757874 -0.49207955598831177 5.385462760925293 65 36 48
-0.468414843082428 0.21145035326480865 5.3680901527404785 57 39 36
-0.599969744682312 0.4996412694454193 5.379640102386475 94 52 70
0.5488377809524536 0.5071654319763184 5.097366809844971 74 44 59
-0.333629846572876 -0.4701426923274994 5.382195949554443 119 79 91
-0.333629846572876 -0.4701426923274994 5.382195949554443 119 79 91
-0.4493076801300049 -0.717113733291626 5.426257610321045 59 29 34
-0.4493076801300049 -0.717113733291626 5.426257610321045 59 29 34
-0.3365741968154907 -0.13427087664604187 5.356066703796387 121 100 79
-0.5989017486572266 0.5460414290428162 5.3714189529418945 77 42 55
-0.5948037505149841 0.47145888209342957 5.372649192810059 140 95 115
-0.5948037505149841 0.47145888209342957 5.372649192810059 140 95 115
-0.35241979360580444 -0.27910852432250977 5.362063407897949 98 80 64
-0.4120252728462219 0.30591881275177 5.334222316741943 57 28 37
-0.4120252728462219 0.30591881275177 5.334222316741943 57 28 37
0.5293751358985901 0.47800010442733765 5.087957382202148 87 51 67
0.5293751358985901 0.47800010442733765 5.087957382202148 87 51 67
-0.4584881365299225 0.17765647172927856 5.351646423339844 60 41 39
-0.4850256145000458 -0.4455697238445282 5.40128755569458 55 25 30
-0.37150922417640686 -0.87382972240448 5.395291328430176 135 92 112
-0.4748097360134125 0.18831153213977814 5.344881534576416 109 102 100
-0.46198132634162903 0.17053453624248505 5.341803073883057 133 125 114
-0.6615992784500122 0.6199215650558472 5.3579511642456055 86 58 71
-0.3298393785953522 -0.27192869782447815 5.337282657623291 150 135 119
-0.4179818630218506 -0.11084461212158203 5.346161842346191 152 135 120
-0.42036813497543335 -0.10446566343307495 5.345919132232666 192 180 159
-0.4723026156425476 0.2046404629945755 5.331049919128418 95 77 70
-0.6492608785629272 0.6079462170600891 5.343667030334473 154 122 144
-0.31585240364074707 -0.6464717984199524 5.347513675689697 134 94 118
-0.31585240364074707 -0.6464717984199524 5.347513675689697 134 94 118
-0.4166190028190613 -0.0567597821354866 5.3261919021606445 164 152 128
-0.2933971881866455 -0.46993768215179443 5.322956085205078 54 24 29
-0.20339879393577576 -0.5561042428016663 5.305485248565674 117 83 108
-0.415589302778244 -0.04651150852441788 5.323182106018066 116 89 76
-0.415589302778244 -0.04651150852441788 5.323182106018066 116 89 76
-0.31761327385902405 -0.3149736523628235 5.309077739715576 54 31 37
-0.642609715461731 0.6216526031494141 5.325096130371094 69 55 62
-0.4938664138317108 0.17346498370170593 5.315742492675781 152 143 127
-0.6368213295936584 0.6314865350723267 5.317399978637695 76 60 70
-0.28429651260375977 -0.45569995045661926 5.302739143371582 121 76 90
-0.4798056483268738 0.18164052069187164 5.307837009429932 85 62 49
-0.34346699714660645 -0.8799790143966675 5.344706058502197 71 34 52
-0.3526615798473358 -0.025954613462090492 5.283939838409424 124 105 91
-0.40948569774627686 0.05395651236176491 5.2889556884765625 164 155 150
-0.48216402530670166 0.17607836425304413 5.2985687255859375 156 146 121
-0.27308541536331177 -0.4425790011882782 5.28674840927124 58 29 32
-0.2621520757675171 -0.6448255777359009 5.296770095825195 72 34 48
-0.2621520757675171 -0.6448255777359009 5.296770095825195 72 34 48
-0.5382763743400574 0.5640678405761719 5.283321380615234 77 38 52
-0.3404761552810669 -0.03768152743577957 5.266204357147217 89 50 47
-0.47293534874916077 0.13060635328292847 5.28879976272583 166 160 147
-0.26437076926231384 -0.4226630926132202 5.270068168640137 112 70 81
-0.26437076926231384 -0.4226630926132202 5.270068168640137 112 70 81
-0.458311527967453 0.11048189550638199 5.283152103424072 77 67 65
-0.4743547737598419 0.13265559077262878 5.279490947723389 96 86 86
-0.2501542866230011 -0.550370991230011 5.264833927154541 112 81 102
-0.4597528278827667 0.19625146687030792 5.26218318939209 61 39 32
-0.45771586894989014 0.10168750584125519 5.267919063568115 110 100 99
-0.25490429997444153 -0.3811652362346649 5.247511863708496 112 74 88
-0.25490429997444153 -0.3811652362346649 5.247511863708496 112 74 88
-0.23899121582508087 -0.5794066190719604 5.255213737487793 58 32 46
-0.48986580967903137 0.13886016607284546 5.271395683288574 144 139 124
-0.24795804917812347 -0.3818259835243225 5.232447624206543 61 29 37
-0.4979463219642639 0.4643339216709137 5.240553855895996 72 48 65
-0.23245270550251007 -0.4712536036968231 5.227800369262695 59 33 45
-0.2849395275115967 -0.8663395047187805 5.2682108879089355 118 85 107
-0.03944600746035576 -1.0844089984893799 5.2153401374816895 51 24 32
-0.47844845056533813 0.16256855428218842 5.2465620040893555 157 151 144
-0.5004361867904663 0.44417789578437805 5.231212615966797 140 154 200
-0.6161045432090759 -0.8018286824226379 5.347177505493164 79 41 61
-0.307664155960083 0.2744586765766144 5.186774253845215 56 26 34
-0.49046581983566284 0.43272531032562256 5.225490093231201 71 72 123
-0.46901777386665344 0.14728491008281708 5.2370805740356445 32 19 18
-0.456015020608902 0.12520398199558258 5.23406982421875 199 197 202
-0.2538295388221741 -0.16431066393852234 5.19602632522583 128 76 89
-0.2558544874191284 -0.712326169013977 5.223372936248779 47 26 33
-0.47160348296165466 0.43871015310287476 5.202429294586182 136 153 205
-0.2394924908876419 -0.18599247932434082 5.180418491363525 61 28 31
-0.230525404214859 -0.15308798849582672 5.170784950256348 131 82 100
-0.23824383318424225 -0.03278561308979988 5.1619038581848145 130 82 93
-0.23976290225982666 -0.18890023231506348 5.165314674377441 113 85 99
-0.22488078474998474 -0.004815502092242241 5.14705753326416 79 42 57
-0.22488078474998474 -0.004815502092242241 5.14705753326416 79 42 57
-0.22318430244922638 -0.06471051275730133 5.150416851043701 88 44 64
-0.22318430244922638 -0.06471051275730133 5.150416851043701 88 44 64
-0.2501995265483856 -0.20084013044834137 5.166852951049805 105 80 102
-0.23781773447990417 0.10323774814605713 5.140051364898682 99 46 59
-0.23781773447990417 0.10323774814605713 5.140051364898682 99 46 59
-0.2559047043323517 -0.8654535412788391 5.204643726348877 136 90 111
-0.22141318023204803 0.026798181235790253 5.127506732940674 132 81 95
-0.21973827481269836 -0.112830251455307 5.134965419769287 126 79 97
-1.3891206979751587 1.0199058055877686 5.389348030090332 123 81 102
-0.26573994755744934 -0.767331063747406 5.187661647796631 130 90 108
-0.4311566948890686 0.46252620220184326 5.148807525634766 70 37 51
-0.19918151199817657 -0.06943289190530777 5.11547327041626 84 40 55
-0.21150784194469452 0.08507158607244492 5.108014106750488 57 25 36
-0.22005845606327057 0.2019137442111969 5.099488258361816 60 22 33
-0.2249397486448288 0.2622714638710022 5.096157550811768 61 22 30
-0.22159399092197418 0.19214163720607758 5.0998148918151855 76 29 40
-0.26859721541404724 -0.7291519045829773 5.171933174133301 109 68 80
-0.5198789834976196 0.5875000953674316 5.150227069854736 144 114 135
-0.20981760323047638 0.15645919740200043 5.08950662612915 141 93 109
-0.2651803493499756 -0.7434248328208923 5.166194438934326 54 30 44
-0.20383372902870178 0.19654470682144165 5.073420524597168 55 18 29
-0.5050192475318909 0.5991399884223938 5.129737377166748 60 49 58
-1.3645820617675781 1.0061944723129272 5.348819732666016 71 42 47
-0.24064777791500092 -0.7273462414741516 5.129494667053223 51 27 40
-0.23185281455516815 -0.6960092782974243 5.124085903167725 62 32 40
-0.23185281455516815 -0.6960092782974243 5.124085903167725 62 32 40
-0.6886316537857056 0.28043925762176514 5.180222034454346 78 31 47
-0.023100407794117928 -0.08493120223283768 5.0038533210754395 138 93 110
-0.00815349631011486 -0.4365038275718689 5.0197954177856445 65 37 52
-0.22783079743385315 -0.7042798399925232 5.104211807250977 124 88 105
-0.004293643403798342 -0.3676576316356659 5.013425350189209 83 45 62
-0.061038777232170105 0.04292723163962364 4.9960551261901855 72 27 34
-0.26922011375427246 -1.0055562257766724 5.131416320800781 55 27 32
-0.04042203724384308 0.008950090035796165 4.990938186645508 136 82 98
-0.3807494640350342 0.5413371324539185 5.0563273429870605 72 38 50
-0.3807494640350342 0.5413371324539185 5.0563273429870605 72 38 50
-0.2710758149623871 -0.5715622305870056 5.094450950622559 125 74 92
-0.003334515495225787 -0.2579159438610077 4.988083362579346 135 90 110
-0.003762403968721628 -0.07446086406707764 4.961442470550537 68 36 48
-0.02402968890964985 0.11670588701963425 4.951040744781494 65 22 23
-0.3461741805076599 0.43332523107528687 5.026010513305664 145 106 127
-0.4409389793872833 0.6040393710136414 5.030933380126953 62 50 60
-1.3744279146194458 1.0018194913864136 5.293142795562744 60 43 54
0.036396659910678864 -0.12751664221286774 4.92692756652832 80 43 61
0.007439355831593275 0.11787637323141098 4.917367458343506 138 85 102
0.3039279282093048 -0.9821516275405884 4.89583158493042 105 76 102
-0.06618344783782959 0.0638616606593132 4.938024520874023 99 46 62
0.04225830361247063 -0.0594814196228981 4.90964412689209 60 31 40
0.04225830361247063 -0.0594814196228981 4.90964412689209 60 31 40
-0.11028599739074707 -0.9927952289581299 5.014725208282471 57 34 42
0.030879946425557137 0.2509213089942932 4.870521545410156 78 37 51
0.04082212597131729 0.2304605096578598 4.862306594848633 62 25 35
0.3412652909755707 -0.8977817893028259 4.836920738220215 144 127 153
-0.11093223839998245 -1.0028605461120605 4.989701747894287 105 69 82
0.3481041491031647 -0.976195216178894 4.827436923980713 95 75 102
-0.0029270879458636045 -0.6639307737350464 4.919696807861328 72 32 39
0.34366926550865173 -0.9015024304389954 4.819549560546875 99 75 93
0.3452621400356293 -0.8715183734893799 4.816192150115967 94 72 95
-0.28268319368362427 0.4573327898979187 4.928061008453369 102 58 78
-0.020896269008517265 -0.9810692071914673 4.941500663757324 140 119 139
-0.2825236916542053 0.5000908970832825 4.923836708068848 80 40 56
0.020013341680169106 -0.5521309971809387 4.891437530517578 139 116 136
0.06008799746632576 0.12575224041938782 4.82835054397583 138 89 102
0.3611876964569092 -0.8942989110946655 4.79985237121582 135 121 145
-0.17120273411273956 -1.0380687713623047 4.978461265563965 67 33 39
-0.35488632321357727 0.5797739028930664 4.926113605499268 83 62 74
-0.3562486469745636 0.5791268348693848 4.926262855529785 83 62 74
0.3280022144317627 -0.5341643691062927 4.772293567657471 86 70 96
0.32771968841552734 -0.5341272950172424 4.7723259925842285 86 70 96
-0.26704663038253784 0.5005038976669312 4.895761489868164 98 55 75
0.3414439857006073 -0.547989010810852 4.7621169090271 137 124 144
0.10269595682621002 0.24354562163352966 4.768150806427002 77 35 47
0.41115301847457886 -0.9769550561904907 4.744729518890381 91 65 84
0.44357603788375854 -1.2413603067398071 4.739880084991455 99 71 94
0.38285261392593384 -0.5454130172729492 4.708334922790527 82 65 91
0.46020156145095825 -1.2550883293151855 4.722777366638184 156 132 154
0.4413658082485199 -1.035654067993164 4.706931114196777 137 124 150
0.47687917947769165 -1.3535925149917603 4.712223529815674 86 67 95
0.46820685267448425 -1.2631210088729858 4.708261489868164 100 77 106
0.4740515649318695 -1.250118613243103 4.701534748077393 88 65 90
0.43569236993789673 -0.9120052456855774 4.690024375915527 90 68 87
0.45061591267585754 -0.9832497239112854 4.689661026000977 133 115 137
0.47988831996917725 -1.251169204711914 4.695944786071777 86 63 87
-1.3907415866851807 0.9899774193763733 5.185235023498535 56 41 53
0.05836712196469307 0.3380448818206787 4.730052471160889 147 95 114
-0.18763814866542816 0.4283987581729889 4.803472518920898 73 56 64
-0.18763814866542816 0.4283987581729889 4.803472518920898 73 56 64
0.4903212785720825 -1.3125636577606201 4.688627243041992 91 67 99
0.41305750608444214 -0.5399788022041321 4.658223628997803 77 58 81
0.5042700171470642 -1.3540117740631104 4.682194232940674 93 72 100
0.5042700171470642 -1.3540117740631104 4.682194232940674 93 72 100
-0.19390517473220825 0.5016977190971375 4.794630527496338 96 58 76
0.44354337453842163 -0.6932569742202759 4.652470588684082 72 57 76
-0.18270128965377808 0.4367218017578125 4.790464878082275 58 35 48
0.4624551832675934 -0.8994454145431519 4.6573028564453125 133 121 147
0.09420021623373032 0.24807897210121155 4.704087734222412 82 35 41
0.4223187267780304 -0.5321226119995117 4.636715412139893 87 70 95
0.41522151231765747 -0.429760217666626 4.630129337310791 63 51 64
0.5037000775337219 -1.2394895553588867 4.654004096984863 102 82 109
0.4531243145465851 -0.7827754020690918 4.637374401092529 97 71 94
0.41762593388557434 -0.2989833354949951 4.605936050415039 91 64 79
0.47219178080558777 -0.788366436958313 4.616220951080322 97 75 93
0.49263906478881836 -0.9159973859786987 4.617218017578125 74 60 74
0.09085850417613983 0.18465086817741394 4.680169582366943 133 94 112
0.5313512682914734 -1.235770344734192 4.6207194328308105 90 73 100
0.09829096496105194 -0.14001375436782837 4.6987690925598145 93 39 46
0.486844003200531 -0.8988399505615234 4.612718105316162 141 123 149
0.47551295161247253 -0.6816807985305786 4.601632118225098 98 76 100
0.443211168050766 -0.4231629967689514 4.595317840576172 70 51 73
0.470449835062027 -0.6988754868507385 4.60380220413208 90 66 88
-0.16254669427871704 0.41978952288627625 4.7505621910095215 76 47 62
0.46005332469940186 -0.5798908472061157 4.597583770751953 96 72 94
0.49005621671676636 -0.8293834328651428 4.603575229644775 78 55 80
0.4884234666824341 -0.8173239231109619 4.602212429046631 131 122 148
0.06820671260356903 0.2672707438468933 4.675988674163818 82 31 36
0.46151015162467957 -0.5741584897041321 4.5862579345703125 148 125 141
0.48401591181755066 -0.6991011500358582 4.582719802856445 98 73 95
0.09869205951690674 -0.048776570707559586 4.672895431518555 52 21 24
0.05698920786380768 0.28378379344940186 4.662062644958496 104 51 70
0.4660000801086426 -0.5321521759033203 4.569461345672607 139 124 149
0.5275807976722717 -1.0119221210479736 4.579591751098633 103 78 102
0.0798380970954895 0.2047404795885086 4.656605243682861 79 47 63
0.0798380970954895 0.2047404795885086 4.656605243682861 79 47 63
0.041454918682575226 0.299843430519104 4.661828517913818 87 32 35
0.5109384655952454 -0.8223870992660522 4.5692620277404785 115 98 117
0.07953556627035141 0.2238030731678009 4.65289306640625 77 37 54
0.00025280489353463054 0.35900798439979553 4.670971393585205 61 26 30
0.08323439210653305 0.2684503495693207 4.645261764526367 147 98 118
0.08847251534461975 -0.07287329435348511 4.660564422607422 76 30 33
0.03822455182671547 0.2907699644565582 4.652717590332031 167 120 140
0.5147923827171326 -0.7835426330566406 4.5535430908203125 85 62 87
-0.12333144247531891 0.4693717360496521 4.696418285369873 152 105 125
0.5103490948677063 -0.6805245280265808 4.545226097106934 150 130 153
0.03109445795416832 0.31062090396881104 4.650559902191162 161 120 139
0.5906122922897339 -1.347902774810791 4.556938171386719 99 74 103
-1.3780544996261597 0.8703921437263489 5.12027645111084 50 29 37
0.4861319661140442 -0.419447124004364 4.5310139656066895 79 57 69
0.4861319661140442 -0.419447124004364 4.5310139656066895 79 57 69
0.5336149334907532 -0.8315580487251282 4.5417799949646 86 64 86
0.5850831270217896 -1.3147077560424805 4.553800106048584 89 81 113
0.5456662774085999 -0.9735904335975647 4.544076919555664 91 77 100
0.5296395421028137 -0.8693649172782898 4.542447090148926 99 74 106
0.5173138380050659 -0.8093653917312622 4.541409969329834 134 116 138
0.49390286207199097 -0.5391583442687988 4.531242370605469 89 74 100
0.5511612892150879 -1.0165196657180786 4.540472030639648 108 86 112
0.5359192490577698 -0.7826261520385742 4.527542591094971 92 69 90
0.6053413152694702 -1.3628695011138916 4.53596830368042 98 82 108
0.5494445562362671 -0.9768299460411072 4.528778076171875 143 125 145
-0.08451257646083832 0.40479445457458496 4.6628947257995605 82 63 69
0.5983408093452454 -1.2289435863494873 4.517970085144043 87 68 90
0.551924467086792 -0.76423579454422 4.503305912017822 145 126 155
0.08446798473596573 -0.08698606491088867 4.628738880157471 59 25 27
0.5569774508476257 -0.8273757696151733 4.502847671508789 77 59 79
0.5608289837837219 -0.9158435463905334 4.507348537445068 145 125 141
0.6240018010139465 -1.3874750137329102 4.513437271118164 95 77 103
0.6318132281303406 -1.349998116493225 4.5065765380859375 97 80 105
0.5710118412971497 -0.9092628955841064 4.495482921600342 89 66 88
0.5551046133041382 -0.8004441857337952 4.493937015533447 84 71 100
0.556404709815979 -0.9335533976554871 4.499549388885498 146 122 144
0.5295019745826721 -0.541627824306488 4.482211589813232 82 64 85
0.5295019745826721 -0.541627824306488 4.482211589813232 82 64 85
-0.07865771651268005 0.4669404625892639 4.637812614440918 144 99 120
0.5558875203132629 -0.7538909912109375 4.483208179473877 94 75 102
0.5542691946029663 -0.7000328898429871 4.479819297790527 79 67 92
0.5154552459716797 -0.30106356739997864 4.466814041137695 76 51 69
0.46039462089538574 0.09138847887516022 4.460361480712891 98 78 100
0.5250551700592041 -0.42433246970176697 4.4689226150512695 67 54 72
0.5250551700592041 -0.42433246970176697 4.4689226150512695 67 54 72
0.5738624334335327 -0.8230976462364197 4.475086688995361 87 67 92
0.4523719251155853 0.19985166192054749 4.447464466094971 94 70 91
-0.06830111891031265 0.4035390317440033 4.627793312072754 141 100 118
0.508833646774292 -0.27486538887023926 4.457793712615967 97 79 101
0.5893810987472534 -0.976138174533844 4.475139141082764 143 126 145
0.4524989426136017 0.2156800925731659 4.44405460357666 82 56 78
0.591077983379364 -0.9661869406700134 4.471640110015869 86 65 92
0.6229865550994873 -1.091409683227539 4.466101169586182 141 127 153
0.07895737141370773 -0.10959894210100174 4.598764896392822 74 31 36
0.6557369232177734 -1.3468024730682373 4.464766502380371 92 67 93
0.6383588314056396 -1.230881929397583 4.460864067077637 133 115 138
0.5833259224891663 -0.8135554194450378 4.45115327835083 81 65 91
0.6095314025878906 -0.9649174213409424 4.4482855796813965 84 65 94
0.6095314025878906 -0.9649174213409424 4.4482855796813965 84 65 94
0.6514698266983032 -1.3251173496246338 4.455893516540527 83 63 96
0.6010887026786804 -0.8723806142807007 4.443803787231445 82 66 94
0.6322801113128662 -1.117680311203003 4.446513652801514 128 114 135
0.6062720417976379 -0.8587931990623474 4.4380035400390625 86 67 95
0.613204300403595 -0.942968487739563 4.437559127807617 93 75 101
0.5119307637214661 -0.02677035704255104 4.41286563873291 128 110 129
-0.035940129309892654 0.4068235456943512 4.59057092666626 53 31 41
0.49761998653411865 0.12368603050708771 4.407470226287842 156 134 152
0.6749555468559265 -1.4155205488204956 4.440564155578613 141 128 157
-0.0421314500272274 0.4831211268901825 4.583242416381836 98 64 83
0.5056449174880981 0.08363138884305954 4.402601718902588 86 63 72
0.6244218349456787 -0.9620115756988525 4.428493499755859 50 39 63
0.5868192911148071 -0.6820703148841858 4.4205427169799805 67 52 74
-0.03108263574540615 0.4170660078525543 4.580321788787842 62 33 44
0.5527027249336243 -0.2847866714000702 4.404257774353027 78 60 83
0.5656570196151733 -0.41763243079185486 4.407569408416748 83 58 81
0.5024479627609253 0.17390769720077515 4.389463901519775 83 68 87
-0.02555624395608902 0.4269368648529053 4.573065757751465 60 33 46
0.6313033103942871 -0.9751898646354675 4.412728309631348 140 125 145
0.5161207914352417 0.07260559499263763 4.385167598724365 127 104 123
-0.0275098979473114 0.4185066223144531 4.56735372543335 144 103 121
0.49708497524261475 0.16452771425247192 4.38223123550415 141 123 140
0.6594072580337524 -1.1039239168167114 4.4053192138671875 76 52 81
0.6741013526916504 -1.2199554443359375 4.404085159301758 89 66 95
0.6486526131629944 -0.9667024612426758 4.395674228668213 76 60 89
0.6486526131629944 -0.9667024612426758 4.395674228668213 76 60 89
0.5221274495124817 0.06176990643143654 4.372889995574951 75 54 75
0.7155098915100098 -1.4200180768966675 4.392512798309326 92 74 105
0.6189766526222229 -0.6797270774841309 4.378775119781494 79 64 86
0.7178813815116882 -1.359039306640625 4.385834693908691 80 64 88
0.4996770918369293 0.2812056541442871 4.358490467071533 72 50 60
0.7208346128463745 -1.4534929990768433 4.390503883361816 89 75 102
0.6247187852859497 -0.6383693814277649 4.368359088897705 93 65 83
0.6214645504951477 -0.6121165156364441 4.367590427398682 100 71 89
0.6214645504951477 -0.6121165156364441 4.367590427398682 100 71 89
0.6682753562927246 -0.9556387066841125 4.371444225311279 140 129 155
0.5559360980987549 -0.03474754840135574 4.351487636566162 82 59 74
0.6118034720420837 -0.5447386503219604 4.364326000213623 94 72 97
0.6261735558509827 -0.5637597441673279 4.3598504066467285 92 69 93
0.5328407287597656 0.07722382992506027 4.350738048553467 124 103 122
0.6301676034927368 -0.671724796295166 4.362283706665039 132 118 141
0.6838574409484863 -1.1013776063919067 4.370368480682373 93 71 100
0.6838574409484863 -1.1013776063919067 4.370368480682373 93 71 100
0.5202236771583557 0.1850561797618866 4.345274448394775 153 132 149
0.6179375648498535 -0.4035799503326416 4.344511032104492 134 117 135
0.7400567531585693 -1.4520407915115356 4.3664069175720215 97 74 106
0.538577675819397 0.08629272878170013 4.337728977203369 82 59 81
0.538577675819397 0.08629272878170013 4.337728977203369 82 59 81
0.7116216421127319 -1.221339464187622 4.356862545013428 89 68 100
0.6350355744361877 -0.568682849407196 4.3323516845703125 101 76 99
0.6350355744361877 -0.568682849407196 4.3323516845703125 101 76 99
0.6122528910636902 -0.30815497040748596 4.315760612487793 88 61 82
0.6106653809547424 -0.17121544480323792 4.307018280029297 139 124 144
0.7607737183570862 -1.4509176015853882 4.3330230712890625 90 72 104
0.7607737183570862 -1.4509176015853882 4.3330230712890625 90 72 104
0.6196163892745972 -0.40545275807380676 4.317514419555664 133 117 136
0.6322873830795288 -0.4194963872432709 4.311342239379883 88 67 85
0.7143511772155762 -1.1020516157150269 4.321299076080322 77 58 85
0.6177647113800049 -0.1811455488204956 4.29620885848999 67 48 65
0.6460615396499634 -0.40550118684768677 4.294915199279785 137 118 136
0.04511423781514168 0.38683822751045227 4.478331565856934 53 38 49
0.7008545994758606 -0.9718944430351257 4.3094916343688965 140 127 147
0.693383514881134 -0.9701487421989441 4.310886859893799 140 126 148
0.7080846428871155 -0.9344561696052551 4.301713466644287 97 76 103
0.7666013836860657 -1.3536421060562134 4.304924488067627 123 114 137
0.6496922969818115 -0.4151603877544403 4.286365032196045 80 60 81
0.7804771661758423 -1.4470535516738892 4.304139137268066 91 70 98
0.7804771661758423 -1.4470535516738892 4.304139137268066 91 70 98
0.611268162727356 -0.0636550709605217 4.277346134185791 145 125 145
0.6108424067497253 -0.09929238259792328 4.27825403213501 146 128 145
0.7776175737380981 -1.4194178581237793 4.300907611846924 92 74 110
0.6074768304824829 0.09540202468633652 4.265418529510498 150 133 151
0.6794091463088989 -0.6838561296463013 4.288385391235352 78 63 85
0.7726348638534546 -1.34579336643219 4.294398784637451 56 42 68
0.7726348638534546 -1.34579336643219 4.294398784637451 56 42 68
0.6363210678100586 -0.31237080693244934 4.277675628662109 82 57 78
0.5603906512260437 0.26204583048820496 4.267561435699463 149 126 141
0.7449726462364197 -1.1128276586532593 4.286396026611328 86 72 101
0.757718026638031 -1.1896542310714722 4.285449028015137 99 85 115
0.5753465294837952 0.2773003578186035 4.257962703704834 67 46 66
0.7880592942237854 -1.4372055530548096 4.288820743560791 145 129 161
0.7478693723678589 -1.1007791757583618 4.2816948890686035 86 70 103
0.6073881387710571 0.11511372774839401 4.253633975982666 153 136 154
0.5700533986091614 0.30804193019866943 4.249527931213379 100 72 91
0.7244685888290405 -0.8145188093185425 4.259522914886475 72 50 77
0.7244685888290405 -0.8145188093185425 4.259522914886475 72 50 77
0.6060352325439453 0.11073707044124603 4.243476390838623 84 56 79
0.6060352325439453 0.11073707044124603 4.243476390838623 84 56 79
0.6031599640846252 0.13066895306110382 4.242769718170166 85 62 84
0.6031599640846252 0.13066895306110382 4.242769718170166 85 62 84
0.5735660195350647 0.2802515923976898 4.243016719818115 143 126 145
0.604780375957489 0.15670447051525116 4.238546848297119 75 52 68
0.7443017363548279 -0.9626191258430481 4.255344390869141 102 80 111
0.63214510679245 -0.045654259622097015 4.235738277435303 81 63 84
0.7095954418182373 -0.6859056353569031 4.2472615242004395 109 86 114
-1.4130239486694336 0.9623435139656067 4.985459327697754 158 116 140
0.6056817770004272 0.14938831329345703 4.215346336364746 149 132 151
0.5725570321083069 0.4865162968635559 4.20462703704834 88 64 83
-1.4294826984405518 1.0125690698623657 4.980865955352783 54 34 39
-1.4410032033920288 1.0086182355880737 4.982183933258057 57 28 30
0.6009660363197327 0.48790985345840454 4.185667991638184 84 66 84
-1.3636945486068726 0.7900197505950928 4.9648756980896 87 39 56
0.6401239633560181 0.0863317921757698 4.192106246948242 149 134 155
0.645431399345398 0.15521550178527832 4.178183078765869 154 135 155
-1.4347469806671143 0.9843425750732422 4.964946269989014 160 120 148
-1.3976140022277832 0.6045684218406677 4.96509313583374 114 66 83
3.6351261138916016 -2.097947835922241 3.052290201187134 123 130 180
3.643935203552246 -2.1810832023620605 3.0500404834747314 178 196 239
3.6331300735473633 -2.0737578868865967 3.04544997215271 128 135 185
3.6710832118988037 -2.3420045375823975 3.0442006587982178 156 165 216
3.642012596130371 -2.1199238300323486 3.0400683879852295 171 185 223
3.66841721534729 -1.8793907165527344 3.011209487915039 53 55 98
3.647441864013672 -2.136057138442993 3.03165864944458 138 134 169
3.6619677543640137 -2.21122670173645 3.029040813446045 126 135 187
3.6476151943206787 -2.2196524143218994 3.0267333984375 182 204 247
3.6784043312072754 -2.340269088745117 3.0210916996002197 147 156 209
3.6452841758728027 -2.101956605911255 3.0183093547821045 119 117 157
3.638167142868042 -1.9947320222854614 3.013204574584961 197 208 250
3.645719289779663 -1.7831698656082153 2.991945505142212 188 202 245
3.6447341442108154 -2.071610927581787 3.0110023021698 129 123 164
3.4341583251953125 -0.5884740352630615 2.9956860542297363 154 167 216
3.4341583251953125 -0.5884740352630615 2.9956860542297363 154 167 216
3.6484878063201904 -2.039752244949341 3.000682830810547 122 127 176
3.6240968704223633 -1.6455029249191284 2.984126091003418 193 200 243
3.497236728668213 -1.006556510925293 2.992990016937256 187 202 243
3.497236728668213 -1.006556510925293 2.992990016937256 187 202 243
3.641796827316284 -2.016585350036621 2.9954817295074463 136 131 174
3.641042947769165 -1.9882241487503052 2.9936676025390625 188 191 227
3.6528818607330322 -2.0389788150787354 2.9829235076904297 190 205 241
3.4486172199249268 -0.6505306959152222 2.9718821048736572 159 169 218
3.4486172199249268 -0.6505306959152222 2.9718821048736572 159 169 218
3.5048117637634277 -1.006848931312561 2.9715492725372314 181 195 239
3.4527573585510254 -0.6677386164665222 2.967951774597168 133 146 191
-1.297430157661438 0.9067926406860352 4.871358394622803 70 39 56
-1.297430157661438 0.9067926406860352 4.871358394622803 70 39 56
3.5113766193389893 -1.0193688869476318 2.9564435482025146 134 147 193
3.6522107124328613 -1.9295212030410767 2.9543559551239014 115 104 136
-1.2874276638031006 0.89095139503479 4.860323905944824 86 48 67
3.4674179553985596 -0.7313750982284546 2.9454288482666016 183 203 246
3.4674179553985596 -0.7313750982284546 2.9454288482666016 183 203 246
3.706906795501709 -2.321408271789551 2.9467787742614746 153 162 214
3.6701717376708984 -2.0552549362182617 2.9375977516174316 157 167 219
3.3714723587036133 0.1675211489200592 2.912487268447876 136 115 142
3.3588855266571045 0.22683368623256683 2.9115102291107178 149 119 138
3.7288150787353516 -2.3245513439178467 2.9179718494415283 154 165 216
3.686215400695801 -2.033125638961792 2.9044206142425537 170 179 228
3.685901403427124 -2.0882346630096436 2.9080803394317627 154 165 215
2.020693778991699 0.3326495587825775 3.461676836013794 178 195 239
3.5220513343811035 -1.0006424188613892 2.9043960571289062 138 148 196
3.6730597019195557 -2.006974220275879 2.9062376022338867 202 216 254
3.684619188308716 -2.0504603385925293 2.9025590419769287 158 172 218
-1.257067084312439 0.7237094640731812 4.841896057128906 84 41 57
3.680493116378784 -2.0257761478424072 2.9017369747161865 152 162 211
3.735952854156494 -2.382068634033203 2.9005513191223145 151 164 215
3.3130102157592773 0.47467702627182007 2.8889148235321045 176 189 227
3.5602269172668457 -1.1297425031661987 2.879915475845337 97 84 112
3.337704658508301 0.33052706718444824 2.8780429363250732 123 133 177
3.4919185638427734 -0.715599000453949 2.8738315105438232 110 115 160
3.484086513519287 -0.6457887887954712 2.872098684310913 192 204 248
3.3260715007781982 0.3188802897930145 2.869793176651001 176 193 234
2.0247457027435303 0.32827919721603394 3.4335100650787354 176 193 234
3.5487895011901855 -1.0635207891464233 2.864792823791504 154 166 211
3.654024839401245 -1.74945867061615 2.858978271484375 164 175 227
3.3101446628570557 0.48737823963165283 2.8586812019348145 122 126 162
3.368210554122925 0.26531606912612915 2.8476064205169678 101 67 88
3.4922902584075928 -0.6165151000022888 2.8445746898651123 197 210 254
3.4397571086883545 -0.2827776074409485 2.8418338298797607 189 206 246
3.4664225578308105 -0.4402006268501282 2.8392090797424316 189 205 248
3.489999294281006 -0.6484593749046326 2.842038869857788 121 130 168
3.478484630584717 -0.49007558822631836 2.835972547531128 193 208 250
3.4752635955810547 -0.4924350082874298 2.837002754211426 192 210 250
3.4462943077087402 -0.3222869634628296 2.8377280235290527 185 200 243
3.420396327972412 -0.15987557172775269 2.8370718955993652 192 207 250
3.4600307941436768 -0.4010593593120575 2.8354880809783936 194 211 253
3.363077163696289 0.2869704067707062 2.8310816287994385 170 179 220
3.3879635334014893 0.07688634842634201 2.832005023956299 184 200 242
3.500124454498291 -0.7058455944061279 2.832933187484741 182 199 240
-1.2345890998840332 0.8905085325241089 4.7922539710998535 133 94 113
3.4407436847686768 -0.3007236421108246 2.8244407176971436 120 126 173
3.4141945838928223 -0.17959119379520416 2.824540615081787 117 122 169
3.479227066040039 -0.542897641658783 2.819580554962158 119 123 171
3.5210750102996826 -0.7241828441619873 2.812370777130127 196 212 254
3.39326548576355 0.05918855220079422 2.8140180110931396 114 118 161
3.460279703140259 -0.421499639749527 2.8159561157226562 121 125 170
3.460279703140259 -0.421499639749527 2.8159561157226562 121 125 170
3.368025302886963 0.17735609412193298 2.8128459453582764 111 115 160
3.399667501449585 0.2940264642238617 2.776376724243164 110 113 153
3.4833338260650635 -0.43868565559387207 2.7855172157287598 180 193 235
3.533064365386963 -0.7472244501113892 2.7762413024902344 114 123 171
3.383899211883545 0.28020063042640686 2.7662954330444336 165 179 216
3.565070390701294 -0.8830963969230652 2.7567598819732666 184 203 244
3.5569543838500977 -0.8812223672866821 2.7592079639434814 184 203 244
3.3988819122314453 0.20143193006515503 2.7539327144622803 118 126 172
3.5727286338806152 -0.9500420689582825 2.7468338012695312 112 117 156
3.4295055866241455 -0.04760076478123665 2.7477896213531494 186 203 246
3.3889105319976807 0.28923529386520386 2.741713762283325 110 118 157
3.5505149364471436 -0.734576404094696 2.7339606285095215 186 199 243
3.576854705810547 -0.9384068250656128 2.727781295776367 192 193 202
3.5886991024017334 -0.998979926109314 2.726457357406616 183 197 241
3.5800302028656006 -0.8840151429176331 2.7144663333892822 189 201 245
3.5998969078063965 -0.963212251663208 2.706082582473755 138 118 114
3.5973095893859863 -0.9160643815994263 2.6986398696899414 207 207 215
3.5888562202453613 -0.8941553831100464 2.6966826915740967 122 113 149
3.5888562202453613 -0.8941553831100464 2.6966826915740967 122 113 149
3.5553994178771973 -0.5523982048034668 2.686772584915161 120 127 171
3.6019742488861084 -0.941862165927887 2.687708854675293 201 196 199
3.565199375152588 -0.745144784450531 2.6902647018432617 131 137 189
-1.1607639789581299 0.7802722454071045 4.7174882888793945 77 39 61
3.6092896461486816 -0.9806355237960815 2.6823554039001465 194 192 193
3.528017282485962 -0.41137224435806274 2.677196502685547 189 203 247
3.5811917781829834 -0.8933293223381042 2.683522939682007 186 202 244
3.5543761253356934 -0.6351326704025269 2.67631196975708 181 193 234
3.541132926940918 -0.5670368671417236 2.6770005226135254 182 196 236
3.5913405418395996 -0.9243258237838745 2.672945976257324 207 208 217
3.6070284843444824 -0.9603176116943359 2.66749906539917 112 75 82
3.6070284843444824 -0.9603176116943359 2.66749906539917 112 75 82
3.4546494483947754 0.06505677849054337 2.665828227996826 188 204 245
3.432549238204956 0.30334964394569397 2.659331798553467 185 202 246
3.474618673324585 -0.08333983272314072 2.663790225982666 180 194 233
3.5647990703582764 -0.6552367806434631 2.6579513549804688 123 131 171
3.44191312789917 0.1524229198694229 2.658864974975586 172 184 224
0.3825558125972748 -0.12640808522701263 4.065824031829834 128 137 181
3.6141788959503174 -0.9882006645202637 2.6556766033172607 199 198 203
-1.2547624111175537 0.9746794700622559 4.734739303588867 80 47 63
3.6046946048736572 -0.946977972984314 2.6512813568115234 197 195 199
3.595432996749878 -0.9353061318397522 2.6457455158233643 186 180 177
3.4248759746551514 0.31099027395248413 2.640594482421875 125 135 179
3.5773568153381348 -0.635593593120575 2.6337411403656006 167 178 216
3.4825174808502197 -0.17441566288471222 2.642814874649048 187 205 247
3.392296075820923 0.4640219211578369 2.6327638626098633 116 120 155
3.5634231567382812 -0.43447789549827576 2.580308437347412 119 126 170
3.569629669189453 -0.4478582739830017 2.5616257190704346 179 192 234
3.569629669189453 -0.4478582739830017 2.5616257190704346 179 192 234
3.5859549045562744 -0.5281904339790344 2.549633741378784 134 141 186
3.5805602073669434 -0.5397682189941406 2.541177988052368 193 210 250
3.50993013381958 -0.06193631514906883 2.528959035873413 188 206 245
3.515238046646118 0.020054612308740616 2.5143930912017822 159 173 207
3.7937796115875244 -1.7507331371307373 2.4897966384887695 188 197 240
3.691340446472168 -1.0204414129257202 2.476594924926758 184 197 242
3.660296678543091 -0.6420166492462158 2.452632188796997 176 190 230
3.8655202388763428 -2.127128839492798 2.453409433364868 137 140 183
3.6392481327056885 -0.6415974497795105 2.459764003753662 176 190 230
2.381770133972168 -0.502396821975708 3.0448215007781982 176 190 230
3.633843421936035 -0.5788429975509644 2.457167625427246 181 191 234
3.8506970405578613 -1.99448823928833 2.4476535320281982 143 149 191
3.6876258850097656 -0.9413534998893738 2.4548943042755127 196 196 206
3.7840261459350586 -1.5734838247299194 2.443263292312622 147 145 184
3.800719738006592 -1.6891010999679565 2.442868232727051 151 145 185
3.8045201301574707 -1.7403197288513184 2.4442641735076904 150 144 180
3.6425509452819824 -0.6503331065177917 2.4445364475250244 118 122 168
3.5074496269226074 0.2845330834388733 2.446213960647583 182 198 241
3.7341761589050293 -1.2308259010314941 2.436753511428833 148 145 182
3.70407772064209 -1.0369818210601807 2.437580108642578 133 140 182
3.4824295043945312 0.4326827824115753 2.4368295669555664 159 172 207
3.687586545944214 -0.9067856669425964 2.422565221786499 148 134 159
3.687586545944214 -0.9067856669425964 2.422565221786499 148 134 159
3.608285427093506 -0.4241630434989929 2.4254448413848877 186 200 243
3.6314308643341064 -0.6374000906944275 2.4236676692962646 167 179 220
-1.0395421981811523 0.8674423694610596 4.553763389587402 90 56 81
-1.0395421981811523 0.8674423694610596 4.553763389587402 90 56 81
3.72810697555542 -0.9751188158988953 2.3964359760284424 157 135 131
-0.9963372349739075 0.7430441379547119 4.523681640625 70 39 56
3.6043498516082764 -0.20848417282104492 2.360790252685547 116 122 167
3.6749305725097656 -0.5498735904693604 2.349047899246216 191 205 246
3.6502201557159424 -0.4612601697444916 2.3469882011413574 176 189 229
3.5966432094573975 -0.07344613969326019 2.343763589859009 178 195 238
3.615544319152832 -0.223662331700325 2.3422718048095703 174 186 225
3.6687257289886475 -0.5377147793769836 2.332190752029419 129 136 180
3.639045000076294 -0.7372225522994995 2.35849928855896 197 212 253
3.6366517543792725 -0.29726552963256836 2.3256239891052246 129 136 183
3.7326059341430664 -0.7421695590019226 2.3020520210266113 179 194 238
3.666449546813965 -0.5506255030632019 2.3212387561798096 186 200 242
3.978501081466675 -2.427457571029663 2.287292718887329 179 183 226
3.6282596588134766 -0.31100139021873474 2.3171699047088623 178 193 236
3.7398674488067627 -0.6900157332420349 2.285982608795166 144 156 195
3.543219566345215 0.35301893949508667 2.310300588607788 103 116 155
3.543219566345215 0.35301893949508667 2.310300588607788 103 116 155
3.6846776008605957 -0.5688391327857971 2.301037073135376 117 126 170
3.762300968170166 -1.6690256595611572 2.3328495025634766 193 207 252
-0.9857590794563293 0.8332241773605347 4.487015724182129 95 54 73
3.93872332572937 -2.100759506225586 2.270421028137207 181 192 238
3.782191038131714 -1.128485083580017 2.2802951335906982 181 191 235
3.7174153327941895 -0.69468092918396 2.282679796218872 144 157 196
3.6594362258911133 -0.33195042610168457 2.286428213119507 110 117 158
3.777277708053589 -1.0973546504974365 2.276237726211548 186 199 244
3.9317193031311035 -2.08156156539917 2.260823965072632 111 119 171
3.615755558013916 -0.09447971731424332 2.2828738689422607 110 119 158
3.731001377105713 -0.7137143015861511 2.267058849334717 110 117 161
3.6023263931274414 0.02039060741662979 2.279860734939575 103 114 156
-0.21295210719108582 -0.07159058004617691 4.157934188842773 183 200 244
3.960395097732544 -2.3178062438964844 2.2554914951324463 190 209 252
3.6958935260772705 -0.6361688375473022 2.2744953632354736 188 205 249
3.9094386100769043 -1.9602164030075073 2.2544822692871094 144 133 165
3.9094386100769043 -1.9602164030075073 2.2544822692871094 144 133 165
3.6636130809783936 -0.362510085105896 2.2666900157928467 179 195 238
3.66475248336792 -0.16192057728767395 2.2521815299987793 166 179 222
3.961751699447632 -2.30116868019104 2.245225429534912 146 162 211
3.771345376968384 -1.0328891277313232 2.2538514137268066 190 205 248
3.624422788619995 -0.0552813746035099 2.259134531021118 170 184 226
3.6410584449768066 -0.1930374652147293 2.2585043907165527 176 189 230
-0.20481881499290466 -0.24298012256622314 4.154505729675293 172 189 228
3.625445604324341 -0.12405984848737717 2.2589058876037598 176 184 225
3.9265871047973633 -2.0032496452331543 2.2327237129211426 187 200 245
3.9406163692474365 -1.7719967365264893 2.210117816925049 200 209 250
3.914454221725464 -1.8792498111724854 2.22945237159729 54 32 71
3.5995872020721436 0.05517081916332245 2.2572386264801025 173 182 220
3.919201612472534 -1.911798119544983 2.227264642715454 113 93 120
3.8904826641082764 -1.6093430519104004 2.2210097312927246 99 95 140
3.6086585521698 0.09792277216911316 2.2467141151428223 175 188 226
3.707105875015259 -0.7106121778488159 2.2508504390716553 156 170 209
3.707105875015259 -0.7106121778488159 2.2508504390716553 156 170 209
3.5741374492645264 0.23901623487472534 2.2535767555236816 163 177 216
3.9559876918792725 -1.8469980955123901 2.2006969451904297 47 43 76
3.57405948638916 0.4317224621772766 2.2392337322235107 112 118 152
3.8572885990142822 -1.3949767351150513 2.2189037799835205 113 114 157
3.7068698406219482 -0.5785221457481384 2.2375235557556152 114 95 122
3.839724540710449 -1.2862536907196045 2.2183876037597656 131 128 166
3.9513351917266846 -2.085503339767456 2.213193893432617 188 202 247
3.5899980068206787 0.21443593502044678 2.237318277359009 93 65 90
3.5932302474975586 0.2662842571735382 2.2299342155456543 173 187 231
3.9104959964752197 -1.6511849164962769 2.196087121963501 196 209 249
3.9769599437713623 -1.7988463640213013 2.1724789142608643 75 85 138
3.9388267993927 -1.8702059984207153 2.195772886276245 86 81 104
3.8424243927001953 -1.1821800470352173 2.1957759857177734 206 216 253
3.584698438644409 0.19698157906532288 2.2321524620056152 192 164 181
3.7145004272460938 -0.5377135276794434 2.212401866912842 124 105 128
3.9854044914245605 -2.300149917602539 2.1910245418548584 154 160 214
3.977689743041992 -1.763285517692566 2.1591923236846924 89 104 161
3.9646995067596436 -2.119086980819702 2.1883323192596436 190 202 246
4.070564270019531 -2.514098644256592 2.1588187217712402 155 175 233
3.9895927906036377 -2.2053403854370117 2.1785898208618164 181 193 238
3.6495566368103027 0.05633879825472832 2.199277400970459 94 83 117
3.9570131301879883 -2.0365331172943115 2.182070732116699 148 149 189
3.6404871940612793 0.13532602787017822 2.196143627166748 106 105 142
3.945683479309082 -1.6942121982574463 2.162282705307007 144 163 218
3.957656145095825 -2.0601794719696045 2.1797542572021484 138 133 175
3.957656145095825 -2.0601794719696045 2.1797542572021484 138 133 175
3.974775791168213 -1.7783668041229248 2.151207685470581 169 187 227
3.974775791168213 -1.7783668041229248 2.151207685470581 169 187 227
3.7535643577575684 -0.7416568398475647 2.1923491954803467 110 119 165
3.699669599533081 -0.28981655836105347 2.1877827644348145 182 196 240
3.798003673553467 -1.0277785062789917 2.1862921714782715 172 185 230
3.8935093879699707 -1.3890576362609863 2.162320613861084 104 114 162
3.9966909885406494 -1.8908469676971436 2.1433470249176025 32 34 57
3.9831385612487793 -2.2208213806152344 2.1698312759399414 128 145 193
4.005855083465576 -2.3743066787719727 2.164093494415283 176 193 237
3.763739585876465 -0.7609853744506836 2.1791133880615234 183 199 242
3.9765050411224365 -1.8555494546890259 2.140930414199829 72 80 117
3.671705961227417 -0.11717963963747025 2.178619623184204 57 61 98
3.9905762672424316 -2.1641552448272705 2.1516611576080322 173 180 227
3.782059907913208 -0.49803799390792847 2.145890712738037 54 67 101
3.7604098320007324 -0.4367331266403198 2.151008129119873 61 76 116
3.8036248683929443 -1.0275037288665771 2.1674606800079346 175 190 233
3.8036248683929443 -1.0275037288665771 2.1674606800079346 175 190 233
4.00867223739624 -2.186056137084961 2.1401214599609375 146 159 201
3.990494728088379 -2.21589732170105 2.150291919708252 178 195 239
3.9933152198791504 -2.179626226425171 2.142043113708496 124 135 183
3.9933152198791504 -2.179626226425171 2.142043113708496 124 135 183
3.6867642402648926 0.017886942252516747 2.151334047317505 55 66 105
3.7035865783691406 -0.04111923277378082 2.146770715713501 53 63 102
3.672520160675049 0.12377217411994934 2.150101661682129 57 73 112
3.672520160675049 0.12377217411994934 2.150101661682129 57 73 112
3.545891284942627 0.16792939603328705 2.2081987857818604 196 208 252
3.8906140327453613 -1.1965413093566895 2.1188271045684814 187 204 245
3.7709124088287354 -0.6839471459388733 2.1438076496124268 130 141 189
3.9521188735961914 -1.6610090732574463 2.1115939617156982 213 224 255
4.000471115112305 -2.174673318862915 2.1192498207092285 176 189 230
-0.10821748524904251 -0.4038124084472656 4.067012310028076 192 206 248
-0.10821748524904251 -0.4038124084472656 4.067012310028076 192 206 248
4.034119129180908 -2.4066965579986572 2.1151058673858643 132 131 175
3.525015115737915 0.5879807472229004 2.1739368438720703 28 22 32
3.625413179397583 0.23685204982757568 2.1455862522125244 161 169 205
3.7751498222351074 -0.7268431782722473 2.1331727504730225 129 136 185
3.9886980056762695 -1.8849200010299683 2.0971834659576416 43 31 79
3.7565221786499023 -0.2984603941440582 2.1094908714294434 183 200 244
3.730023145675659 -0.1794356405735016 2.11385178565979 180 200 243
3.9829609394073486 -1.9935145378112793 2.104678153991699 117 129 176
4.019537448883057 -2.2110486030578613 2.0998995304107666 123 132 184
3.691983222961426 0.15617048740386963 2.108548641204834 184 196 241
3.96209454536438 -1.7506744861602783 2.097075939178467 132 140 195
-0.8917911648750305 0.7920700907707214 4.379356861114502 133 99 116
3.7253549098968506 -0.13709494471549988 2.109456777572632 180 197 243
3.6999928951263428 -0.13701146841049194 2.118929386138916 180 197 243
3.5480709075927734 0.5618088841438293 2.1480872631073 118 98 120
3.954594135284424 -1.5490548610687256 2.079843282699585 102 112 161
4.109129428863525 -2.576847553253174 2.0675160884857178 148 164 223
3.9451828002929688 -1.4172073602676392 2.0729806423187256 182 188 233
3.9451828002929688 -1.4172073602676392 2.0729806423187256 182 188 233
3.7841598987579346 -0.7582940459251404 2.110078811645508 123 134 180
3.994471311569214 -2.057605028152466 2.0880115032196045 173 190 234
4.0162248611450195 -2.183858633041382 2.0782840251922607 196 215 254
3.7766687870025635 -0.6184000372886658 2.0956597328186035 113 122 165
4.117102146148682 -2.4859187602996826 2.044034719467163 202 216 254
4.000919818878174 -2.0459113121032715 2.0736067295074463 122 134 186
3.991236448287964 -2.0163121223449707 2.076136350631714 198 217 255
3.7853152751922607 -0.4410651624202728 2.0766379833221436 72 67 100
3.741461992263794 -0.15941154956817627 2.0804479122161865 76 68 120
3.9956157207489014 -1.678366780281067 2.0480661392211914 181 195 246
4.013912200927734 -2.123572826385498 2.067080497741699 134 144 193
3.7646055221557617 -0.2581412196159363 2.071183204650879 78 75 104
3.7447733879089355 -0.1961776316165924 2.0762715339660645 76 74 107
-0.10822184383869171 -0.3889540731906891 4.043211936950684 134 136 174
4.018340587615967 -1.796328067779541 2.0409600734710693 66 71 118
3.8018109798431396 -0.753786027431488 2.0828135013580322 175 191 233
3.833665132522583 -0.9759069085121155 2.079064130783081 162 157 177
3.833665132522583 -0.9759069085121155 2.079064130783081 162 157 177
3.617260694503784 0.3969852924346924 2.0981926918029785 140 150 185
3.7242770195007324 -0.04786029830574989 2.072615146636963 76 76 108
-1.122855544090271 1.0435243844985962 4.4646711349487305 117 127 152
3.792799949645996 -0.6978026628494263 2.0792884826660156 170 186 226
3.714338779449463 0.009900056757032871 2.0725765228271484 80 73 108
4.052559852600098 -2.375894069671631 2.056323766708374 190 207 251
3.7367141246795654 -0.1385451853275299 2.069115161895752 189 207 255
4.015700340270996 -1.7511066198349 2.032282829284668 77 88 133
4.0065531730651855 -1.992618441581726 2.0522987842559814 121 133 177
4.0065531730651855 -1.992618441581726 2.0522987842559814 121 133 177
3.9611430168151855 -1.583899974822998 2.048539161682129 155 169 208
3.7007405757904053 0.1165662631392479 2.069539785385132 76 78 112
4.024652004241943 -2.205916404724121 2.0560619831085205 131 142 196
-0.10320322215557098 -0.22382806241512299 4.024515151977539 184 201 245
3.5594489574432373 0.5412082076072693 2.109933376312256 33 25 38
3.790721893310547 -0.6876289248466492 2.0721845626831055 114 125 173
4.007389068603516 -2.0561940670013428 2.0509941577911377 187 206 251
3.745887279510498 -0.11512758582830429 2.054694890975952 61 73 140
3.745887279510498 -0.11512758582830429 2.054694890975952 61 73 140
3.8581457138061523 -1.0994428396224976 2.061938762664795 178 190 238
4.0224738121032715 -2.1339216232299805 2.045264482498169 172 185 226
3.8099324703216553 -0.788949191570282 2.0648369789123535 169 181 226
4.022368907928467 -2.154400110244751 2.045555830001831 123 119 164
4.003658771514893 -1.6915284395217896 2.022505283355713 94 105 152
4.212691783905029 -2.6457788944244385 1.9819310903549194 92 94 150
3.8578858375549316 -0.48984235525131226 2.01727557182312 127 140 167
3.819939613342285 -0.3620734214782715 2.0282087326049805 118 138 171
4.010593891143799 -2.0296201705932617 2.0394105911254883 142 154 205
4.139149188995361 -2.505963087081909 2.0037736892700195 89 101 154
3.7898783683776855 -0.3000391721725464 2.037614583969116 176 190 234
4.006006240844727 -1.8629560470581055 2.029466152191162 45 44 63
4.006006240844727 -1.8629560470581055 2.029466152191162 45 44 63
4.006006240844727 -1.8629560470581055 2.029466152191162 45 44 63
4.025479793548584 -1.776602864265442 2.011514663696289 161 181 219
4.024991989135742 -2.1215672492980957 2.0316712856292725 175 186 228
3.760185956954956 -0.17659957706928253 2.039846897125244 178 196 233
3.593287467956543 0.5100486278533936 2.0788259506225586 123 105 124
4.026824474334717 -2.291302442550659 2.0400824546813965 193 207 251
3.9911715984344482 -1.6118704080581665 2.013174295425415 77 80 125
3.7963931560516357 -0.6207364797592163 2.0467960834503174 111 117 161
3.8027570247650146 -0.6944941282272339 2.048387050628662 168 185 227
3.6233952045440674 0.3930841386318207 2.0682554244995117 67 71 102
3.6233952045440674 0.3930841386318207 2.0682554244995117 67 71 102
4.029943943023682 -1.7600408792495728 2.0008022785186768 153 177 216
4.029943943023682 -1.7600408792495728 2.0008022785186768 153 177 216
3.72866153717041 0.03089505061507225 2.036959648132324 179 195 233
3.72866153717041 0.03089505061507225 2.036959648132324 179 195 233
4.025662422180176 -2.0639095306396484 2.021104097366333 146 154 203
4.025662422180176 -2.0639095306396484 2.021104097366333 146 154 203
3.712909698486328 0.1336079239845276 2.035724639892578 180 199 236
3.81536865234375 -0.7757058143615723 2.0417792797088623 169 183 224
4.036076068878174 -2.1327064037323 2.0135889053344727 136 134 174
4.032001495361328 -2.0887250900268555 2.0124244689941406 178 192 234
4.032001495361328 -2.0887250900268555 2.0124244689941406 178 192 234
3.8208022117614746 -0.5046683549880981 2.0161960124969482 51 47 70
3.8102569580078125 -0.4423522651195526 2.016688108444214 64 65 99
4.13831901550293 -2.4856576919555664 1.9811433553695679 195 209 249
3.7839293479919434 -0.262277215719223 2.0130085945129395 62 66 97
3.7740354537963867 -0.19925324618816376 2.012911558151245 66 74 112
3.768916606903076 -0.15312641859054565 2.0113980770111084 67 72 105
3.7589898109436035 -0.1000838354229927 2.012293815612793 66 71 106
4.023296356201172 -2.0081591606140137 2.0001261234283447 184 202 246
4.034966468811035 -2.0983009338378906 1.9989923238754272 142 142 182
-0.845755398273468 0.8939860463142395 4.310904026031494 116 86 113
3.7543678283691406 -0.05188915506005287 2.0079760551452637 67 73 107
3.6312994956970215 0.44898751378059387 2.0373377799987793 156 139 156
3.8707380294799805 -1.0425162315368652 2.011632204055786 140 146 194
4.070781230926514 -2.308830976486206 1.9910558462142944 173 188 236
-0.9248181581497192 0.9312936663627625 4.3478803634643555 82 60 79
3.728039503097534 0.1140417605638504 2.008074998855591 74 74 112
3.849311113357544 -0.3077632188796997 1.9730957746505737 174 184 229
-0.0661054328083992 -0.2713431715965271 3.9832065105438232 168 180 220
4.031470775604248 -2.0655388832092285 1.9929118156433105 136 140 181
3.8022208213806152 -0.6127272248268127 2.0109992027282715 171 189 231
4.032501697540283 -2.0305233001708984 1.983853816986084 136 140 185
4.032501697540283 -2.0305233001708984 1.983853816986084 136 140 185
3.8702337741851807 -1.0315521955490112 2.001457691192627 178 190 233
-0.8284305930137634 0.5869214534759521 4.316792964935303 84 48 58
3.643327474594116 0.38377124071121216 2.0244362354278564 140 152 189
4.024287223815918 -1.973734736442566 1.9782756567001343 182 183 216
3.8374531269073486 -0.7911951541900635 1.9975011348724365 107 109 156
4.037807464599609 -1.9064408540725708 1.9613704681396484 81 66 86
3.7847442626953125 -0.1845816820859909 1.9790732860565186 182 200 243
3.767658233642578 -0.080354705452919 1.9780445098876953 170 191 235
4.034755229949951 -2.027116298675537 1.9667887687683105 184 197 236
4.03775691986084 -2.095269203186035 1.969192624092102 187 200 244
3.7515828609466553 0.024470355361700058 1.976610541343689 187 203 245
3.641857624053955 0.4538494646549225 2.004610300064087 153 130 146
3.995573043823242 -1.6386003494262695 1.9582163095474243 148 138 164
3.668715476989746 0.2591095268726349 2.0023372173309326 124 128 173
3.9037342071533203 -1.0969524383544922 1.968656063079834 183 194 240
3.833700180053711 -0.5402231812477112 1.965053915977478 69 45 60
3.892697334289551 -1.0451655387878418 1.96644127368927 137 148 193
-0.41336721181869507 0.3081261217594147 4.106475830078125 171 185 223
4.043854236602783 -1.9837514162063599 1.9443377256393433 142 142 175
3.6295530796051025 0.44293487071990967 1.994532823562622 52 28 49
4.038336277008057 -1.8955694437026978 1.925279974937439 178 175 203
4.118838310241699 -2.457418441772461 1.917267918586731 182 181 205
3.81925630569458 -0.7764804363250732 1.9618741273880005 143 152 195
3.81925630569458 -0.7764804363250732 1.9618741273880005 143 152 195
3.8493690490722656 -0.6547084450721741 1.9350574016571045 170 182 227
4.044125080108643 -1.9560797214508057 1.9133671522140503 141 129 164
4.126195907592773 -2.402371644973755 1.899146556854248 125 122 171
-0.8875256776809692 0.9173636436462402 4.295467376708984 93 58 72
4.075438022613525 -2.083768844604492 1.8937119245529175 153 161 212
4.138138294219971 -2.4359967708587646 1.8831971883773804 111 92 129
3.9017231464385986 -1.0838623046875 1.9166808128356934 164 173 217
3.8635826110839844 -0.8144435882568359 1.9183567762374878 155 164 203
4.124581336975098 -2.3583641052246094 1.880810260772705 152 162 213
3.6953539848327637 0.34682250022888184 1.926511287689209 137 139 171
3.7302725315093994 0.1893153339624405 1.893621563911438 93 63 79
4.072592735290527 -1.8761578798294067 1.8473007678985596 191 208 252
3.9424662590026855 -1.1440147161483765 1.8676449060440063 165 169 204
3.864065170288086 -0.6873629689216614 1.8709588050842285 86 87 123
3.8650403022766113 -0.725570023059845 1.8665508031845093 84 84 120
3.727769136428833 0.2084653526544571 1.8782495260238647 150 154 189
3.782374143600464 -0.18852809071540833 1.8740801811218262 153 160 196
3.9027841091156006 -0.8898553252220154 1.8548130989074707 97 65 78
3.9027841091156006 -0.8898553252220154 1.8548130989074707 97 65 78
3.8941144943237305 -0.8650625348091125 1.8546594381332397 103 76 95
3.952080488204956 -1.1702836751937866 1.8437118530273438 113 83 109
3.9607553482055664 -1.23347806930542 1.8411195278167725 187 196 237
3.806845188140869 -0.24269193410873413 1.8547632694244385 97 93 137
3.8807785511016846 -0.7611995339393616 1.846614956855774 133 138 172
3.850510358810425 -0.5878027081489563 1.8502784967422485 92 90 130
3.6970434188842773 0.35232725739479065 1.8695870637893677 45 29 43
3.7284440994262695 0.21745777130126953 1.8571635484695435 97 99 137
3.7154181003570557 0.31736496090888977 1.8567777872085571 133 112 130
3.893331289291382 -0.8368397355079651 1.8364135026931763 77 53 70
3.9277427196502686 -1.152376651763916 1.831154465675354 109 73 77
3.872117280960083 -0.45989498496055603 1.8047665357589722 136 144 181
3.8952033519744873 -0.8179447054862976 1.8143665790557861 84 60 66
3.9009876251220703 -0.7897125482559204 1.8004952669143677 36 33 43
3.732361316680908 0.2857213020324707 1.8202104568481445 78 73 103
4.092676639556885 -1.820346713066101 1.7609142065048218 125 126 160
4.121062755584717 -1.864233136177063 1.7510875463485718 118 115 147
4.12187385559082 -1.976475715637207 1.7543364763259888 117 116 147
3.7249720096588135 0.31700292229652405 1.8170008659362793 79 54 69
4.060702323913574 -1.6581895351409912 1.7651313543319702 122 118 151
4.0668559074401855 -1.681921124458313 1.762933611869812 122 122 159
4.070905685424805 -1.7093632221221924 1.752712368965149 84 77 108
4.092889785766602 -1.8153319358825684 1.7465286254882812 190 192 187
4.09916877746582 -1.8938168287277222 1.7480134963989258 170 171 162
3.8497226238250732 -0.36288321018218994 1.7816567420959473 63 60 91
3.8931241035461426 -0.8090354800224304 1.7825722694396973 136 127 106
4.083387851715088 -1.7151167392730713 1.7373571395874023 75 68 91
4.120882034301758 -1.95560884475708 1.7325310707092285 66 51 65
4.068967819213867 -1.6468603610992432 1.739431381225586 96 88 115
3.819138765335083 -0.13334307074546814 1.7736307382583618 62 57 87
3.77292799949646 0.09496161341667175 1.7835752964019775 67 66 97
3.8280651569366455 -0.23119457066059113 1.7749868631362915 113 117 149
4.102817058563232 -1.9009076356887817 1.7351349592208862 160 151 137
4.102817058563232 -1.9009076356887817 1.7351349592208862 160 151 137
4.084521770477295 -1.7540720701217651 1.733222484588623 201 193 184
4.102941513061523 -1.8273470401763916 1.7251156568527222 173 164 155
3.8801751136779785 -0.7520628571510315 1.7751344442367554 93 84 71
3.7751965522766113 -0.0017539196414873004 1.7817939519882202 110 115 148
4.036009788513184 -1.3633047342300415 1.7208935022354126 148 148 186
3.8760182857513428 -0.7611455321311951 1.7674471139907837 58 46 39
3.852463483810425 -0.47645190358161926 1.7594541311264038 55 52 71
3.824195623397827 -0.24752244353294373 1.7554885149002075 60 56 79
4.179741859436035 -2.211136817932129 1.689944863319397 105 91 125
3.7854154109954834 0.09287555515766144 1.7481127977371216 64 64 88
4.1830949783325195 -2.2276430130004883 1.682007074356079 175 171 168
4.118901252746582 -1.8095630407333374 1.6828161478042603 90 81 104
3.1520352363586426 0.6281929016113281 2.044325828552246 112 123 133
3.864842653274536 -0.7743533253669739 1.747897982597351 125 111 88
4.128326892852783 -1.9817804098129272 1.680759310722351 82 75 90
4.194268703460693 -2.195917844772339 1.6490741968154907 141 124 165
4.163829803466797 -2.0260157585144043 1.6527996063232422 166 162 155
4.163829803466797 -2.0260157585144043 1.6527996063232422 166 162 155
3.867760419845581 -0.7696933746337891 1.7276403903961182 76 59 48
4.119983673095703 -1.7881076335906982 1.6548523902893066 165 157 144
4.182267189025879 -2.1524479389190674 1.643877625465393 85 76 120
4.191486835479736 -2.1869826316833496 1.6402641534805298 75 60 100
4.1169819831848145 -1.7357338666915894 1.6501797437667847 178 172 188
4.2248616218566895 -2.387932300567627 1.63230562210083 82 65 110
4.2248616218566895 -2.387932300567627 1.63230562210083 82 65 110
4.202814102172852 -2.2936854362487793 1.6345280408859253 156 141 183
4.194976806640625 -2.2560524940490723 1.6331578493118286 164 141 183
4.1945271492004395 -2.209652900695801 1.6220499277114868 102 91 114
4.188211441040039 -2.1657307147979736 1.6223634481430054 171 160 195
4.1361403465271 -1.816417932510376 1.6233292818069458 75 50 54
4.150017261505127 -1.8923535346984863 1.6140321493148804 70 53 71
4.150017261505127 -1.8923535346984863 1.6140321493148804 70 53 71
4.132317066192627 -1.7633908987045288 1.611708641052246 115 92 98
3.8493223190307617 -0.7833865880966187 1.6979851722717285 138 131 112
3.8643441200256348 -0.8266664743423462 1.6771365404129028 153 133 113
3.868709087371826 -0.7783434391021729 1.658115029335022 69 56 47
-3.17100191116333 0.17142730951309204 5.364731788635254 105 88 124
-0.0277792289853096 0.8942233920097351 3.265246629714966 158 173 198
-1.7751630544662476 -0.006298060063272715 4.397762298583984 119 123 171
-1.4447981119155884 0.04913368821144104 4.0277180671691895 115 121 176
-1.4292563199996948 0.03931553289294243 4.010558605194092 132 149 188
-0.36403459310531616 0.05241699144244194 5.4910664558410645 52 21 24
-0.10084592550992966 -0.6962494254112244 5.402698993682861 99 66 79
-2.5738489627838135 -0.10421542823314667 6.295585632324219 112 88 116
-0.232245072722435 -0.8729354739189148 4.8057708740234375 178 189 234
0.8689682483673096 -0.269122451543808 2.9560225009918213 124 130 177
-0.6132581233978271 0.07702875137329102 3.364081382751465 147 156 194
-1.5617085695266724 0.21881835162639618 5.058887481689453 156 170 209
3.5140933990478516 -1.810019850730896 6.582550525665283 74 63 80
-1.1179040670394897 -0.7901092767715454 5.325277328491211 213 222 252
-1.129023790359497 0.11628878861665726 7.139012813568115 70 58 70
-1.0265666246414185 0.11515015363693237 6.900810718536377 123 108 127
-1.1067607402801514 -0.10669192671775818 7.108097076416016 112 108 137
-1.0334289073944092 0.37993335723876953 6.855627059936523 51 37 43
-0.7568626999855042 -0.0787348821759224 6.393343925476074 132 110 127
1.4721742868423462 1.7508827447891235 4.592938423156738 128 141 186
-0.3865014910697937 0.025062529370188713 3.8335657119750977 49 51 88
-0.6919972896575928 -0.06781008839607239 4.092800617218018 118 126 170
-1.0723479986190796 -0.42646414041519165 7.025921821594238 77 66 91
-1.0639570951461792 -0.20239943265914917 6.978377819061279 81 64 86
-1.060470700263977 -0.03303046524524689 6.949759483337402 61 50 64
-1.0520644187927246 -0.008663334883749485 6.928467750549316 109 96 120
-1.002624750137329 -0.4674060642719269 6.90157413482666 64 50 69
-1.0026981830596924 -0.4097653925418854 6.895805358886719 53 49 64
-0.9535354971885681 -0.27761828899383545 6.78134822845459 124 103 131
-0.9312930107116699 -0.5475344657897949 6.790977954864502 48 42 51
-0.9356180429458618 -0.2631033957004547 6.739840507507324 60 45 56
-0.8960782289505005 -0.29643937945365906 6.680795669555664 72 55 76
-0.8783215284347534 -0.5365135669708252 6.691041469573975 73 59 93
-0.9092570543289185 -0.07953342795372009 6.6555681228637695 123 101 122
-0.8671919107437134 0.08259374648332596 6.574719429016113 38 32 42
-0.9077887535095215 0.4880921542644501 6.546691417694092 115 97 116
-0.8255069851875305 -0.5392501354217529 6.615417957305908 29 23 32
-0.857221782207489 0.008626238442957401 6.556495189666748 61 47 57
-0.8367932438850403 -0.16688765585422516 6.549830913543701 60 46 62
-0.8373795747756958 -0.12434925138950348 6.545517921447754 53 41 50
-0.7973824143409729 -0.5458934903144836 6.552947521209717 77 53 67
-0.8123642206192017 -0.3487779200077057 6.5393266677856445 88 62 75
-0.8187689781188965 0.6283779740333557 6.383823871612549 95 91 114
-0.7934916019439697 0.23324917256832123 6.4089765548706055 42 32 40
-0.7305824756622314 -0.6877771019935608 6.453725337982178 54 36 58
-0.7059339284896851 -0.6870031356811523 6.422638893127441 48 31 49
-0.6685835123062134 -0.6268866062164307 6.33554220199585 90 63 84
-0.6577321887016296 -0.5060116052627563 6.30889368057251 109 95 118
-0.5720154047012329 -0.7943258285522461 6.21615743637085 79 57 70
-0.5227512121200562 -0.7920821905136108 6.125988960266113 136 120 140
-0.8747504353523254 0.32796385884284973 6.085888385772705 56 30 37
-0.6186193823814392 0.12065105140209198 5.8782525062561035 35 14 18
-0.5523017048835754 -0.3077409863471985 5.824273109436035 58 26 31
-0.6597965359687805 -0.6797910332679749 5.846127033233643 107 64 84
-0.6375177502632141 -0.7316274642944336 5.791382789611816 68 37 55
-0.9444406628608704 0.6529570817947388 5.775087833404541 143 100 119
0.46981173753738403 -0.12138263881206512 5.097996234893799 72 30 36
-0.17251166701316833 -0.1419808268547058 5.310732364654541 200 189 163
-0.3602997064590454 -0.2872922718524933 5.391587734222412 141 127 113
-0.43499675393104553 0.1398501694202423 5.357156276702881 85 61 57
-0.4692695736885071 0.20105287432670593 5.345937252044678 52 36 34
-0.3641810119152069 -0.46772557497024536 5.338158130645752 66 32 45
-0.38039299845695496 -0.1035463809967041 5.312438011169434 177 164 154
-0.4722834527492523 0.1307370960712433 5.27960729598999 97 87 85
-0.26077431440353394 -0.8725793957710266 5.236517906188965 133 97 120
-0.3251723051071167 -1.0763055086135864 5.236469745635986 135 93 112
0.07046488672494888 -0.13302072882652283 4.8682169914245605 66 31 40
-0.3737807273864746 0.43124932050704956 5.074828147888184 79 48 63
0.4912737011909485 -1.0976576805114746 4.657780647277832 88 70 92
0.11067232489585876 0.2418174147605896 4.702392578125 83 34 39
0.5656605362892151 -0.7767177224159241 4.4893999099731445 71 56 79
0.560886025428772 -0.6956437826156616 4.462586879730225 135 120 142
0.7383255958557129 -0.5129805207252502 4.137639999389648 174 186 228
1.2970850467681885 -0.26523563265800476 3.7301671504974365 128 132 159
3.935081958770752 -2.076329469680786 2.1517906188964844 182 195 240
3.9591574668884277 -1.7760825157165527 2.099449634552002 105 116 162
3.768515110015869 -0.704098641872406 2.1395952701568604 181 195 240
3.9570977687835693 -2.1644043922424316 2.1169745922088623 140 151 198
3.8836331367492676 -1.217093825340271 2.0870285034179688 118 126 174
3.8026750087738037 -0.7773048281669617 2.0706586837768555 118 130 176
3.84566330909729 -0.9934793710708618 2.0455844402313232 196 208 246
3.973029851913452 -2.0195119380950928 2.030118703842163 202 217 255
3.973029851913452 -2.0195119380950928 2.030118703842163 202 217 255
3.7711660861968994 -0.0665210485458374 2.0025429725646973 71 76 109
3.9757723808288574 -1.978806495666504 1.9914565086364746 137 142 178
1.4799864292144775 -0.11376339197158813 3.501941442489624 178 187 227
3.627628803253174 0.4772704541683197 2.0308902263641357 30 25 35
4.031314849853516 -2.2725443840026855 1.9476584196090698 159 168 217
3.6581239700317383 0.4306977689266205 1.973103642463684 41 31 44
3.6916143894195557 0.3844680190086365 1.9271801710128784 36 27 41
3.7541258335113525 0.17383567988872528 1.8848485946655273 108 71 87
3.8062331676483154 -0.23608055710792542 1.869146466255188 166 174 214
4.051146030426025 -1.838362693786621 1.7564650774002075 151 147 167
4.05475378036499 -1.784201741218567 1.748463749885559 86 77 97
4.046372890472412 -1.782466173171997 1.7518256902694702 76 68 85
4.051374435424805 -1.8602713346481323 1.751949429512024 75 63 74
4.051374435424805 -1.8602713346481323 1.751949429512024 75 63 74
3.763819932937622 0.21243685483932495 1.7749582529067993 118 124 151
3.739107131958008 0.3057588040828705 1.7819328308105469 127 98 108
3.850121021270752 -0.7786076068878174 1.7542376518249512 127 116 94
4.075740337371826 -1.821722149848938 1.6672306060791016 166 164 170
-1.4428799152374268 1.006201148033142 5.062928676605225 53 28 31
-1.3908244371414185 -0.2711317241191864 4.437403678894043 135 130 168
-1.131773591041565 -0.24438193440437317 7.123286724090576 46 38 50
-1.1250966787338257 -0.22650137543678284 7.1185102462768555 69 58 76
-1.134271502494812 -0.13746938109397888 7.110142707824707 112 108 130
-1.1421726942062378 0.10279793292284012 7.086153030395508 70 59 69
-1.1588448286056519 0.5413302183151245 7.042160511016846 68 54 67
-1.1159007549285889 -0.2464001327753067 7.096391677856445 56 45 52
-1.1159007549285889 -0.2464001327753067 7.096391677856445 56 45 52
-1.1584841012954712 0.5052657127380371 7.032018184661865 97 79 101
-1.1117171049118042 -0.2259172648191452 7.074289798736572 89 75 100
-1.108581781387329 -0.08957400172948837 7.060702800750732 56 47 63
-1.1121163368225098 -0.09726578742265701 7.058909893035889 117 102 123
-1.1023329496383667 -0.23604698479175568 7.066955089569092 126 115 144
-1.1138360500335693 0.10169687122106552 7.0337371826171875 60 49 61
-1.1178444623947144 0.29151850938796997 7.014551162719727 40 39 57
-1.0918349027633667 -0.48796889185905457 7.079219818115234 68 58 82
-1.0926945209503174 -0.2570446729660034 7.052527904510498 120 103 126
-1.0980530977249146 -0.1811717301607132 7.040846347808838 86 72 99
-1.1415406465530396 0.7065023183822632 6.966978549957275 78 72 88
-1.0776722431182861 -0.5482363104820251 7.068697452545166 102 94 120
-1.1056896448135376 0.293771892786026 6.990728378295898 70 68 81
-1.0876418352127075 -0.33149003982543945 7.043496608734131 133 117 143
-1.108500599861145 0.28246140480041504 6.988831520080566 120 111 133
-1.0917401313781738 -0.10709526389837265 7.017829418182373 125 112 138
-1.0768307447433472 -0.4042235016822815 7.034554481506348 57 44 53
-1.0768307447433472 -0.4042235016822815 7.034554481506348 57 44 53
-1.102173924446106 0.14768873155117035 6.988720417022705 90 72 98
-1.0819215774536133 -0.33948197960853577 7.028736114501953 118 102 125
-1.1091153621673584 0.3144303560256958 6.970861434936523 68 58 81
-1.068994164466858 -0.5306679010391235 7.033318996429443 74 63 80
-1.081193447113037 -0.13921093940734863 6.998680591583252 85 70 94
-1.0678752660751343 -0.47775885462760925 7.023560047149658 71 61 86
-1.0678752660751343 -0.47775885462760925 7.023560047149658 71 61 86
-1.079516887664795 -0.0763908177614212 6.988362789154053 122 106 127
-1.0711616277694702 -0.2885783910751343 6.996669769287109 79 61 78
-1.0711616277694702 -0.2885783910751343 6.996669769287109 79 61 78
-1.074918270111084 0.09859629720449448 6.954774856567383 60 52 70
-1.0740143060684204 -0.05414249747991562 6.967194557189941 122 107 133
-1.0646723508834839 -0.20038186013698578 6.978321552276611 81 64 86
-1.1109340190887451 0.5830473899841309 6.91187047958374 94 85 108
-1.0956182479858398 0.5070341229438782 6.915459156036377 105 95 124
-1.0956182479858398 0.5070341229438782 6.915459156036377 105 95 124
-1.0962839126586914 0.4853450357913971 6.907121181488037 85 78 118
-1.093056082725525 0.43158337473869324 6.91134786605835 112 105 129
-1.095425009727478 0.5215038061141968 6.903615951538086 31 29 51
-1.1050058603286743 0.6903007626533508 6.889591217041016 55 46 60
-1.101335883140564 0.5432038903236389 6.898656845092773 85 70 111
-1.0590684413909912 -0.02508898265659809 6.942541122436523 53 45 56
-1.088400959968567 0.44917672872543335 6.90433931350708 18 24 36
-1.0524377822875977 -0.18554984033107758 6.951746463775635 84 72 95
-1.0419710874557495 -0.5609683394432068 6.982718467712402 115 97 120
-1.0498435497283936 -0.32008883357048035 6.961765289306641 127 108 137
-1.0857253074645996 0.6003480553627014 6.882256984710693 14 19 26
-1.0397197008132935 -0.027643969282507896 6.925755023956299 57 44 54
-1.0762678384780884 0.39771437644958496 6.893284797668457 56 44 57
-1.0522996187210083 -0.009955082088708878 6.925439357757568 61 49 73
-1.0953090190887451 0.5559754371643066 6.881439685821533 23 34 53
-1.095203161239624 0.7052919268608093 6.86367130279541 118 113 143
-1.0979188680648804 0.7562997341156006 6.852616786956787 70 66 90
-1.095389485359192 0.7188838720321655 6.85230016708374 128 114 139
-1.0561803579330444 0.289419561624527 6.881358623504639 125 111 130
-1.0362803936004639 -0.05563372001051903 6.905379295349121 124 104 131
-1.1024335622787476 0.8973032832145691 6.830970764160156 118 108 136
-1.0271005630493164 -0.537077784538269 6.944782257080078 110 100 130
-1.0358151197433472 -0.09693483263254166 6.907065391540527 98 83 100
-1.031106948852539 -0.21906234323978424 6.914377689361572 88 76 102
-1.031106948852539 -0.21906234323978424 6.914377689361572 88 76 102
-1.0762393474578857 0.6920078992843628 6.838439464569092 59 48 64
-1.0892666578292847 0.7765355706214905 6.830350399017334 128 118 142
-1.0892666578292847 0.7765355706214905 6.830350399017334 128 118 142
-1.0283727645874023 -0.0895463302731514 6.896369457244873 40 32 38
-1.0275137424468994 -0.20965979993343353 6.904962062835693 129 115 138
-1.031581997871399 -0.0357329361140728 6.886402606964111 68 51 62
-1.017012357711792 -0.559532105922699 6.929534912109375 63 50 81
-1.044731616973877 0.2782355546951294 6.85904598236084 71 58 75
-1.0203922986984253 -0.23280002176761627 6.899258136749268 137 122 147
-1.0145072937011719 -0.4443005323410034 6.916565418243408 76 66 93
-1.087181806564331 0.915364146232605 6.8029327392578125 38 30 40
-1.05846107006073 0.4377325177192688 6.839362144470215 95 79 106
-1.0059394836425781 -0.5396688580513 6.914000511169434 116 105 131
-1.0751713514328003 0.7704274654388428 6.800861835479736 123 110 133
-1.0751713514328003 0.7704274654388428 6.800861835479736 123 110 133
-1.0330473184585571 0.3860604166984558 6.826429843902588 56 44 54
-0.9997532963752747 -0.5459780097007751 6.902073383331299 40 38 51
-1.012333869934082 -0.1886563003063202 6.871394634246826 88 70 88
-1.012333869934082 -0.1886563003063202 6.871394634246826 88 70 88
-1.0522266626358032 0.491481214761734 6.816401481628418 22 32 58
-1.0770858526229858 0.9076048135757446 6.77829647064209 70 64 79
-0.9982462525367737 -0.42289257049560547 6.87498664855957 113 95 121
-0.9982462525367737 -0.42289257049560547 6.87498664855957 113 95 121
-1.0114165544509888 0.02667246013879776 6.836234092712402 88 73 89
-1.0742801427841187 0.8975611925125122 6.769326210021973 116 107 132
-1.0483934879302979 0.5570310354232788 6.791149139404297 63 64 112
-1.0748494863510132 1.0472899675369263 6.751732349395752 51 44 52
-1.0136936902999878 0.26878535747528076 6.806576251983643 114 98 117
-0.9889252781867981 -0.2562255859375 6.844540596008301 56 43 54
-1.0610241889953613 0.906006395816803 6.755220890045166 51 47 62
-1.0017974376678467 0.09991829097270966 6.812369346618652 60 47 61
-0.9947699308395386 -0.1854190081357956 6.832408428192139 90 69 90
-0.9831072688102722 -0.24058391153812408 6.834987163543701 131 114 139
-0.9950267672538757 -0.16426557302474976 6.827867031097412 84 64 85
-0.9982011318206787 0.2720078229904175 6.785394668579102 61 46 63
-0.9882441759109497 -0.16222380101680756 6.819100379943848 122 106 127
-0.9869496822357178 -0.1492740362882614 6.816498756408691 120 104 127
-0.9781479239463806 -0.25322189927101135 6.821929454803467 55 42 52
-0.977592945098877 -0.21303924918174744 6.816926956176758 51 40 60
-0.980035126209259 -0.026218341663479805 6.799383640289307 54 41 59
-0.9761867523193359 -0.10687654465436935 6.8054986000061035 32 25 33
-0.982393205165863 -0.12397781759500504 6.806841850280762 57 49 64
-1.0340919494628906 0.7716423273086548 6.73535680770874 49 42 59
-1.0468449592590332 1.0472867488861084 6.710597038269043 58 46 49
-1.0468217134475708 1.0642194747924805 6.705676078796387 107 90 108
-0.9771267175674438 0.09412293136119843 6.773437023162842 112 99 125
-0.9903028607368469 0.15945416688919067 6.766432762145996 92 75 93
-1.023917555809021 0.8167011141777039 6.704952716827393 68 55 69
-1.0279107093811035 1.0490611791610718 6.681720733642578 50 43 51
-0.9724574089050293 0.146268829703331 6.749833106994629 121 109 132
-0.9770950675010681 0.27910542488098145 6.735584735870361 124 112 127
-0.9930136799812317 0.6628686785697937 6.705016613006592 49 40 49
-0.9886301755905151 0.3794187009334564 6.726873397827148 52 40 50
-0.9601965546607971 -0.03135044127702713 6.756345272064209 52 39 50
-0.9665799140930176 0.08271753787994385 6.746883869171143 51 40 48
-0.9354887008666992 -0.40999075770378113 6.781964302062988 59 47 60
-0.9354887008666992 -0.40999075770378113 6.781964302062988 59 47 60
-0.9362647533416748 -0.5848150849342346 6.796213150024414 76 58 84
-0.9681899547576904 0.18648897111415863 6.733611583709717 55 44 68
-0.974790096282959 0.21528570353984833 6.731435298919678 68 57 67
-0.974790096282959 0.21528570353984833 6.731435298919678 68 57 67
-0.9804965257644653 0.5081727504730225 6.705799579620361 111 104 126
-1.014236330986023 0.7595294713973999 6.688279628753662 107 92 109
-1.0076544284820557 0.768169105052948 6.685386657714844 61 52 68
-0.966301441192627 0.1582404524087906 6.729889392852783 44 32 40
-0.9324223399162292 -0.4306424856185913 6.767251491546631 47 39 65
-0.970421552658081 0.49021100997924805 6.689326286315918 102 91 109
-0.9718160629272461 0.49979105591773987 6.687625885009766 56 43 60
-0.9976246356964111 0.7626828551292419 6.664146423339844 40 36 47
-0.913870096206665 -0.5514192581176758 6.75927734375 47 37 46
-0.9281351566314697 -0.4338226914405823 6.750504493713379 115 98 126
-0.9384772777557373 -0.08208396285772324 6.717071533203125 120 102 125
-0.9690482020378113 0.4114774465560913 6.676420211791992 106 101 119
-0.953377902507782 0.26545199751853943 6.685115337371826 53 41 45
-0.9673138856887817 0.5527543425559998 6.662503719329834 55 41 45
-0.9824957847595215 0.7575409412384033 6.639830112457275 47 39 47
-0.9018401503562927 -0.6341572403907776 6.742930889129639 123 105 126
-0.9026459455490112 -0.5765811204910278 6.733941078186035 117 103 128
-0.9523547291755676 0.49903061985969543 6.651519775390625 111 102 126
-0.9348287582397461 0.07422749698162079 6.682656764984131 111 95 114
-0.9111965894699097 -0.3521510064601898 6.712871074676514 85 66 86
-0.9408117532730103 0.26627644896507263 6.662034511566162 55 46 57
-0.9013798236846924 -0.3332415223121643 6.704244613647461 126 108 135
-0.9723760485649109 0.8798156380653381 6.614228248596191 55 43 53
-0.9391955137252808 0.3689465820789337 6.642009735107422 55 40 53
-0.9493049383163452 0.42418012022972107 6.639202117919922 109 91 101
-0.8914477825164795 -0.6323111057281494 6.715393543243408 87 64 83
-0.9583529233932495 0.6636543869972229 6.617321491241455 43 37 46
-0.9334137439727783 0.18369446694850922 6.650889873504639 85 63 84
-0.9281408786773682 0.11116538196802139 6.651282787322998 122 108 132
-0.8977559208869934 -0.279166579246521 6.67824125289917 76 60 81
-0.8977559208869934 -0.279166579246521 6.67824125289917 76 60 81
-0.9465030431747437 0.5586888194084167 6.615231037139893 52 43 52
-0.8935025334358215 -0.11025098711252213 6.657537937164307 43 35 42
-0.8906688094139099 -0.26512059569358826 6.67013692855835 55 47 63
-0.9088336229324341 0.08008324354887009 6.642453193664551 61 50 62
-0.8783693909645081 -0.41393476724624634 6.676113605499268 45 35 44
-0.8818742632865906 -0.44437742233276367 6.674044132232666 85 65 80
-0.9185097813606262 0.20097757875919342 6.626465320587158 79 56 62
-0.9463517069816589 0.741366982460022 6.585578441619873 53 37 52
-0.9179255366325378 0.2560209631919861 6.616906642913818 35 28 31
-0.9433196783065796 0.7280468940734863 6.5773844718933105 93 78 103
-0.8712976574897766 -0.2652702033519745 6.641839981079102 53 42 56
-0.9406356811523438 0.6858053803443909 6.572634696960449 46 35 45
-0.9330072999000549 0.7246044874191284 6.5650248527526855 34 29 45
-0.8882239460945129 -0.08530856668949127 6.622000694274902 84 64 85
-0.8607298135757446 -0.4301060438156128 6.641252517700195 119 91 113
-0.9127708673477173 0.2004963904619217 6.5903143882751465 108 89 106
-0.9127708673477173 0.2004963904619217 6.5903143882751465 108 89 106
-0.8624576330184937 -0.2643694281578064 6.618376731872559 50 35 40
-0.8938063979148865 0.23586410284042358 6.576788425445557 117 101 119
-0.8750941753387451 0.1566464900970459 6.57517671585083 107 99 124
-0.9183646440505981 0.8625181913375854 6.524406909942627 39 35 42
-0.8888465762138367 0.24666865170001984 6.569781303405762 55 44 50
-0.8888465762138367 0.24666865170001984 6.569781303405762 55 44 50
-0.8708646893501282 -0.0049615539610385895 6.58668851852417 74 61 72
-0.9179967045783997 0.8359761238098145 6.520335674285889 106 82 95
-0.932319700717926 1.0346589088439941 6.501687049865723 91 87 109
-0.8864234685897827 0.3095884919166565 6.548152446746826 53 38 48
-0.8571467399597168 0.02319568581879139 6.560274124145508 45 36 50
-0.8347188830375671 -0.26344236731529236 6.578495502471924 42 32 40
-0.8225840926170349 -0.5393204092979431 6.598697185516357 55 38 53
-0.883179247379303 0.3567149043083191 6.536618709564209 71 55 65
-0.8602880835533142 -0.02606174722313881 6.562051773071289 106 92 108
-0.8584320545196533 0.011848432943224907 6.556710243225098 61 47 57
-0.8239997625350952 -0.4137733280658722 6.583188533782959 97 85 96
-0.8294479250907898 -0.40785378217697144 6.5837788581848145 51 38 62
-0.8453904390335083 0.06577931344509125 6.545851230621338 50 36 47
-0.9225626587867737 0.9396310448646545 6.486287593841553 50 36 40
-0.9071906208992004 0.8294918537139893 6.491308212280273 88 84 101
-0.8734918832778931 0.4589204490184784 6.514817714691162 96 76 93
-0.8219598531723022 -0.6086807250976562 6.592509746551514 92 64 86
-0.9512473344802856 1.125366449356079 6.475429534912109 103 93 101
-0.9349084496498108 1.1162817478179932 6.470277309417725 39 38 48
-0.8221433758735657 -0.4091133177280426 6.572441101074219 80 57 72
-0.8382274508476257 -0.2589256167411804 6.561762809753418 69 54 61
-0.8784589767456055 0.45159387588500977 6.507897853851318 99 79 96
-0.7985043525695801 -0.7112065553665161 6.587093830108643 80 58 65
-0.8147101402282715 -0.41254672408103943 6.563848495483398 135 114 134
-0.8468623161315918 -0.014235985465347767 6.5362420082092285 121 96 113
-0.8708381056785583 0.5019268989562988 6.497855186462402 112 95 114
-0.8195063471794128 -0.2638804316520691 6.547415256500244 43 34 45
-0.8673423528671265 0.46682441234588623 6.495957851409912 38 28 32
-0.8337101340293884 -0.20900709927082062 6.545049667358398 133 113 130
-0.8363648653030396 0.07403738796710968 6.516831874847412 106 96 124
-0.8107609748840332 -0.4163251221179962 6.551820278167725 60 40 50
-0.9140009880065918 1.0614986419677734 6.451308250427246 31 30 42
-0.8697187304496765 0.4500182271003723 6.492121696472168 41 35 43
-0.8697187304496765 0.4500182271003723 6.492121696472168 41 35 43
-0.8649320006370544 0.5560379028320312 6.479784965515137 52 46 48
-0.8153015971183777 -0.34739333391189575 6.539928913116455 88 62 75
-0.8555941581726074 0.37233614921569824 6.485401630401611 51 39 55
-0.8186706900596619 -0.12005551904439926 6.508077621459961 99 80 94
-0.9837303757667542 1.1622251272201538 6.43975830078125 108 90 109
-0.8327859044075012 0.21441523730754852 6.482221603393555 38 31 38
-0.7984494566917419 -0.40172886848449707 6.524389266967773 127 109 129
-0.7871955037117004 -0.41471514105796814 6.519160747528076 41 29 41
-0.8502326607704163 0.5270751714706421 6.443122863769531 50 44 52
-0.7869201898574829 -0.41850119829177856 6.506532192230225 123 105 123
-0.8471741080284119 0.2254539579153061 6.4651570320129395 123 91 106
-0.7799981236457825 -0.4128657579421997 6.5011725425720215 63 46 57
-0.8056986927986145 -0.03367818146944046 6.4724273681640625 121 110 132
-0.8232560753822327 0.2408735752105713 6.453318119049072 65 49 60
-0.773387610912323 -0.6081397533416748 6.511209011077881 88 63 84
-0.8426799178123474 0.5418154001235962 6.4317731857299805 51 41 51
-0.8001824617385864 -0.1574985235929489 6.476602554321289 96 72 86
-0.7967584729194641 -0.127639502286911 6.466176986694336 131 111 126
-0.8967621922492981 1.1113200187683105 6.382896423339844 41 36 49
-0.7572811245918274 -0.4019187092781067 6.4568939208984375 79 59 78
-0.7758669257164001 0.05106718838214874 6.420758247375488 105 96 111
-0.7758669257164001 0.05106718838214874 6.420758247375488 105 96 111
-0.7552011013031006 -0.4068467915058136 6.451787948608398 110 88 101
-0.743439257144928 -0.6133560538291931 6.465497970581055 71 59 73
-0.7718685865402222 -0.035270702093839645 6.418047904968262 51 36 43
-0.7481960654258728 -0.3850327432155609 6.440371513366699 130 108 124
-0.7452491521835327 -0.35873064398765564 6.426197052001953 77 56 66
-0.7379149198532104 -0.5471429824829102 6.4398193359375 51 39 49
-0.7429689764976501 -0.3941347002983093 6.424047946929932 130 114 134
-0.7396812438964844 -0.40553438663482666 6.421656131744385 75 49 57
-0.7721537351608276 0.34153011441230774 6.355001926422119 42 30 38
-0.7259349226951599 -0.26707199215888977 6.383274555206299 66 49 63
-0.7049559950828552 -0.5474935173988342 6.396427631378174 50 41 58
-0.6954077482223511 -0.620956301689148 6.396433353424072 62 45 66
-0.7010530233383179 -0.5923872590065002 6.394238471984863 52 39 51
-0.7348372936248779 -0.10701356828212738 6.362724304199219 119 110 129
-0.7294955849647522 -0.1212390810251236 6.353797912597656 83 67 83
-0.7116081118583679 -0.16364465653896332 6.336414813995361 60 42 64
-0.7098868489265442 -0.17746074497699738 6.335633754730225 72 56 82
-0.6763989329338074 -0.41052281856536865 6.329514503479004 49 37 50
-0.6583555936813354 -0.6762232184410095 6.343166828155518 86 63 74
-0.6726312041282654 -0.26226550340652466 6.308230876922607 57 43 61
-0.6559051275253296 -0.68877774477005 6.335887432098389 129 112 131
-0.6846579313278198 -0.2682286500930786 6.309206485748291 122 101 122
-0.6646711826324463 -0.45995357632637024 6.311787128448486 77 60 81
-0.6524149775505066 -0.5277218222618103 6.311594486236572 105 92 114
-0.6512364745140076 -0.7439376711845398 6.328227519989014 90 66 81
-0.6358269453048706 -0.7961034178733826 6.326093673706055 57 43 54
-0.678202211856842 -0.2789579927921295 6.2945942878723145 111 80 96
-0.6521522998809814 -0.5117177963256836 6.300147533416748 68 55 75
-0.6374552845954895 -0.6742509007453918 6.301166534423828 77 64 84
-0.6536813378334045 -0.26554837822914124 6.267366886138916 56 43 59
-0.6282892227172852 -0.673396646976471 6.284111499786377 79 55 69
-0.9305756092071533 0.7601882815361023 6.245349884033203 44 24 24
-0.787114143371582 0.07444562762975693 6.25028133392334 43 21 23
-0.6294046640396118 -0.39677783846855164 6.2368292808532715 52 34 40
-0.6289395093917847 -0.3028513491153717 6.225864887237549 89 64 89
-0.6280658841133118 -0.2804170548915863 6.220759391784668 70 54 67
-0.6058658957481384 -0.679073691368103 6.245349407196045 140 119 134
-0.6252201795578003 -0.28099703788757324 6.207092761993408 144 118 134
-0.6002543568611145 -0.5449463129043579 6.220239639282227 116 98 115
-0.5911881327629089 -0.5331093072891235 6.213053226470947 48 31 47
-0.5812180042266846 -0.530555009841919 6.196298599243164 67 49 68
-0.5643692016601562 -0.53141188621521 6.171257019042969 49 37 54
-0.5537416934967041 -0.7870969176292419 6.1862969398498535 76 56 73
-0.5388045907020569 -0.8585384488105774 6.186659336090088 70 48 67
-0.5863144397735596 -0.26664260029792786 6.147745132446289 120 111 134
-0.8705630898475647 -0.12370680272579193 6.226266384124756 86 49 66
-0.5404221415519714 -0.8670747876167297 6.174770832061768 133 111 126
-0.540276050567627 -0.854607880115509 6.17107629776001 70 52 65
-0.5443113446235657 -0.7839530110359192 6.164556503295898 74 56 69
-0.5608049035072327 -0.39647436141967773 6.131352424621582 71 54 73
-0.5376837253570557 -0.8036864995956421 6.156194686889648 136 113 134
-0.5184828639030457 -0.5380707383155823 6.114562034606934 57 42 51
-0.5135675668716431 -0.8684389591217041 6.132314682006836 136 110 126
-0.5151388645172119 -0.7761293053627014 6.11533784866333 131 117 142
-0.4930574595928192 -0.8525107502937317 6.097632884979248 79 62 76
-0.8954645991325378 0.10215587913990021 6.129366874694824 45 25 34
-1.0394929647445679 0.5004766583442688 6.1305999755859375 125 79 86
-1.0394929647445679 0.5004766583442688 6.1305999755859375 125 79 86
-1.019358515739441 0.4571971297264099 6.1257805824279785 162 108 129
-0.43950706720352173 -0.8708691596984863 6.021876335144043 55 41 55
-0.8983229994773865 0.34039440751075745 6.088621139526367 110 79 96
-0.8983229994773865 0.34039440751075745 6.088621139526367 110 79 96
-0.4307846426963806 -0.9277838468551636 6.009363651275635 99 85 108
-0.9381654262542725 0.41759708523750305 6.081963539123535 102 56 65
-0.9381654262542725 0.41759708523750305 6.081963539123535 102 56 65
-0.8616273999214172 0.3277490735054016 6.053975582122803 61 31 36
-0.9531711935997009 -0.019179709255695343 6.1118388175964355 50 24 23
-0.5547659993171692 -0.5814936757087708 6.001224994659424 53 24 26
-1.0975086688995361 0.5141435861587524 6.1139960289001465 73 41 44
-1.028422474861145 0.47981613874435425 6.077490329742432 89 67 67
-1.160946011543274 1.0707204341888428 6.069568157196045 63 30 33
-1.1532807350158691 1.056441068649292 6.054306983947754 137 98 117
-1.0946381092071533 0.6710435152053833 6.061901092529297 68 54 55
-1.0816224813461304 0.5934557318687439 6.059710502624512 116 81 87
-1.074936866760254 0.5276365876197815 6.062447547912598 35 28 34
-0.8838428854942322 0.40627697110176086 5.993396759033203 101 52 62
-1.0661232471466064 0.5584172010421753 6.048360824584961 89 83 97
-1.1982059478759766 1.08034086227417 6.056962490081787 140 98 118
-1.1982059478759766 1.08034086227417 6.056962490081787 140 98 118
-1.0543352365493774 0.6435465812683105 6.019404411315918 43 26 28
-0.6137489080429077 -0.03200247138738632 5.897161483764648 51 29 35
-1.0530250072479248 0.580381453037262 6.01957893371582 123 80 95
-0.6134971976280212 0.12246862798929214 5.8761115074157715 35 14 18
-0.6193221211433411 0.12418648600578308 5.876744270324707 30 17 21
-1.1635030508041382 1.0983978509902954 6.009552001953125 51 32 38
-0.5799875259399414 -0.031920451670885086 5.856801986694336 49 24 31
-0.5991514921188354 0.060211848467588425 5.857034206390381 48 22 33
-1.1617681980133057 1.1020082235336304 5.998956203460693 103 79 86
-0.5876251459121704 -0.11958862096071243 5.86479377746582 113 66 76
-0.5986728072166443 0.299968421459198 5.829363822937012 64 27 34
-1.0059789419174194 0.5499970316886902 5.970621585845947 66 55 58
-0.628282904624939 0.09794493019580841 5.851964473724365 61 22 25
-0.5961347222328186 0.15917177498340607 5.828454971313477 62 24 22
-0.5672062635421753 -0.08115288615226746 5.834738731384277 76 34 47
-1.010884404182434 0.621752142906189 5.9591827392578125 56 33 40
-1.0961533784866333 1.0537446737289429 5.957708358764648 48 43 49
-0.5848091840744019 0.04651572182774544 5.829052448272705 63 28 42
-1.0298110246658325 0.7926600575447083 5.945349216461182 89 57 62
-1.0036214590072632 0.6086077094078064 5.94892692565918 62 37 45
-0.6158706545829773 0.06547994911670685 5.829875469207764 87 34 48
-0.5426402688026428 -0.0356842577457428 5.795165061950684 46 25 34
-1.0335110425949097 0.9905041456222534 5.914507865905762 22 20 21
-0.6511780023574829 -0.4169186055660248 5.866835594177246 83 40 44
-0.6575571894645691 -0.41529613733291626 5.867633819580078 81 39 43
-0.6575571894645691 -0.41529613733291626 5.867633819580078 81 39 43
-0.6703768372535706 -0.7672730088233948 5.8980712890625 85 32 39
-0.6468198895454407 -0.3842330574989319 5.851410865783691 69 45 61
-0.5471888184547424 0.29174312949180603 5.755555629730225 49 24 30
-0.9778975248336792 0.5260474681854248 5.9126505851745605 60 40 46
-0.62106853723526 0.12292490154504776 5.790473937988281 133 86 98
-0.62106853723526 0.12292490154504776 5.790473937988281 133 86 98
-0.6253709197044373 0.11454550176858902 5.791620254516602 75 35 45
-1.0588268041610718 0.7087648510932922 5.922255516052246 110 70 78
-0.5284990072250366 0.26017019152641296 5.730863094329834 57 22 29
-0.5316787958145142 0.25759634375572205 5.718600749969482 116 64 72
-0.47286471724510193 -0.29662662744522095 5.7356061935424805 40 18 20
-0.9415550231933594 0.5485658645629883 5.867780685424805 64 43 51
-1.048110008239746 0.684964120388031 5.900883197784424 74 55 61
-0.941874623298645 0.5648846626281738 5.861999988555908 134 88 108
-0.4901467561721802 -0.10463544726371765 5.720944881439209 45 22 28
-0.4647873342037201 -0.33091750741004944 5.722164154052734 100 59 73
-1.0237197875976562 1.0383737087249756 5.851707458496094 48 40 44
-0.5755683779716492 -0.6595669984817505 5.793420791625977 127 79 95
-0.946178138256073 0.5850521326065063 5.853601932525635 134 95 114
-1.01233971118927 1.0366029739379883 5.845312118530273 50 37 44
-0.551308810710907 0.416695773601532 5.673596382141113 139 90 111
-0.8831636309623718 0.5272604823112488 5.788867473602295 79 51 64
-0.8830563426017761 0.5556583404541016 5.775415897369385 136 87 104
-0.957404375076294 0.6685078740119934 5.756844997406006 37 22 24
0.04666466638445854 0.6051475405693054 5.290501117706299 103 57 76
-1.0876250267028809 1.1589106321334839 5.770874977111816 97 110 135
-0.8164148926734924 0.5305164456367493 5.694509983062744 64 35 42
-0.5415290594100952 0.08750838786363602 5.59909200668335 135 85 98
-0.5788479447364807 0.35829538106918335 5.5902910232543945 88 34 48
-0.5330933928489685 0.10813850164413452 5.586334705352783 56 18 31
-0.5468075275421143 0.31865009665489197 5.574374675750732 99 46 62
-0.5995717644691467 0.37759116291999817 5.59287166595459 75 26 27
-0.48894304037094116 0.0831887349486351 5.56245231628418 129 78 95
1.2827515602111816 -0.08804069459438324 4.725186824798584 52 21 24
-0.5150200128555298 0.19555175304412842 5.548771381378174 86 34 45
-0.5890812277793884 -0.30475884675979614 5.612404823303223 53 26 28
-0.4758901596069336 -0.013889086432754993 5.526041507720947 56 23 31
1.2840337753295898 -0.09177246689796448 4.692116737365723 57 24 29
1.2825912237167358 -0.0484093576669693 4.68526554107666 134 88 104
-0.4939153492450714 0.2945843040943146 5.504709720611572 64 23 30
1.2856827974319458 -0.028732700273394585 4.669863700866699 134 87 103
-0.4592742919921875 -0.019482649862766266 5.497661590576172 52 20 24
-0.4713817536830902 0.19135406613349915 5.4852190017700195 88 37 46
-0.5513531565666199 -0.8275645971298218 5.597745418548584 124 82 109
-0.46072351932525635 0.22616244852542877 5.445217609405518 46 31 33
-0.4948982894420624 0.35264208912849426 5.44900369644165 150 98 117
-0.508819580078125 0.3531567454338074 5.452093124389648 146 98 115
-0.45168736577033997 -0.8798803687095642 5.517638683319092 124 92 116
-0.515719473361969 0.3768259882926941 5.447319507598877 149 99 116
-0.39873620867729187 -0.16145259141921997 5.4311113357543945 81 62 64
-0.4251216948032379 -0.4526861011981964 5.465285778045654 125 84 102
-0.4098378121852875 -0.10222380608320236 5.42936372756958 85 57 44
-0.5163680911064148 -0.7162015438079834 5.528040885925293 111 81 99
-0.18087756633758545 -0.960619330406189 5.3795247077941895 76 41 62
-0.4723787307739258 0.27868887782096863 5.42763614654541 115 69 78
-0.4080771803855896 -0.1246071308851242 5.425525665283203 200 189 163
-0.38592052459716797 -0.1834251433610916 5.418716907501221 156 146 138
-0.5106121301651001 0.36291202902793884 5.435772895812988 74 29 32
-0.5106121301651001 0.36291202902793884 5.435772895812988 74 29 32
-0.8027498126029968 0.6424682140350342 5.558125019073486 91 63 78
-0.44977763295173645 0.20812654495239258 5.416590213775635 71 42 35
-0.3664359152317047 -0.20163211226463318 5.404997825622559 169 158 152
-0.3875665068626404 -0.1396995186805725 5.409637928009033 211 200 172
-0.39737603068351746 -0.08616679161787033 5.405045509338379 162 145 118
-0.4888150691986084 -0.7056929469108582 5.495162010192871 54 25 30
-0.35012155771255493 -0.28241777420043945 5.391002655029297 112 95 76
-0.44843730330467224 0.22796273231506348 5.395364284515381 36 21 24
-0.44843730330467224 0.22796273231506348 5.395364284515381 36 21 24
-0.44797787070274353 0.18328748643398285 5.3974504470825195 139 126 122
-0.44797787070274353 0.18328748643398285 5.3974504470825195 139 126 122
-0.34337741136550903 0.051624804735183716 5.346676349639893 105 79 61
-0.6611176133155823 0.5668512582778931 5.462958335876465 97 55 75
-0.5647133588790894 0.3991484045982361 5.424657821655273 160 109 128
-0.4551554322242737 0.18131551146507263 5.386186122894287 163 158 148
-0.3248332440853119 -0.3090306222438812 5.355313777923584 44 26 31
-0.6535623073577881 0.5540282130241394 5.453635215759277 108 60 81
-0.31755179166793823 -0.27751797437667847 5.348191261291504 110 91 74
-0.4282921552658081 0.150696262717247 5.360434532165527 165 156 134
-0.14918269217014313 -0.9480299353599548 5.3011674880981445 74 38 59
-0.3993263840675354 0.3038542568683624 5.331246376037598 52 21 27
-0.4049672484397888 -0.1329967975616455 5.356405258178711 202 195 175
-0.41005754470825195 -0.12668505311012268 5.357514381408691 155 142 122
-0.2893148958683014 -0.4737311899662018 5.322129726409912 57 27 34
-0.3322027325630188 -0.25721845030784607 5.322612762451172 50 25 26
-0.3706248700618744 0.059839364141225815 5.316760540008545 83 41 43
-0.2782553434371948 -0.45840156078338623 5.301331996917725 116 75 91
-0.46901771426200867 0.18589702248573303 5.343601703643799 106 98 96
-0.2741113305091858 -0.4730917811393738 5.292941570281982 66 32 45
0.205429345369339 0.5049044489860535 4.963315010070801 93 52 72
-0.4436233341693878 0.11479835957288742 5.326850891113281 156 146 131
-0.4449983835220337 0.1151285171508789 5.3271684646606445 156 146 131
-0.3469330966472626 -0.8791606426239014 5.345473289489746 76 36 59
-0.43863627314567566 0.2142331451177597 5.305606365203857 96 86 73
-0.3725854456424713 0.23445913195610046 5.268023490905762 64 34 34
-0.3725854456424713 0.23445913195610046 5.268023490905762 64 34 34
-0.25303366780281067 -0.43658632040023804 5.256775379180908 66 34 47
-0.4667322039604187 0.15941549837589264 5.3202056884765625 71 62 63
-0.4541032016277313 0.1329442858695984 5.314458847045898 197 190 174
-0.3885975480079651 0.07217679917812347 5.281656265258789 155 146 154
-0.2943497896194458 -0.2525213658809662 5.248973369598389 59 30 32
-0.4466893672943115 0.10124852508306503 5.298584938049316 202 199 187
-0.22452110052108765 -0.4736942648887634 5.225780963897705 59 31 44
-0.22813080251216888 -0.42316535115242004 5.222139358520508 118 74 90
-0.4728659689426422 0.14898470044136047 5.298216819763184 131 118 112
-0.4479717016220093 0.0917392298579216 5.278297424316406 200 195 182
-0.5360508561134338 0.5611553192138672 5.282900810241699 75 40 58
-0.2202068567276001 -0.07606226950883865 5.15973424911499 130 88 102
-0.291530579328537 -0.3004675805568695 5.210510730743408 100 73 84
-0.4687504172325134 0.1206689327955246 5.272279739379883 168 165 155
-0.26207464933395386 -0.7118258476257324 5.225082874298096 62 37 45
-0.6290732622146606 0.6291288733482361 5.315515518188477 78 62 73
-0.4752316176891327 0.12775859236717224 5.26589822769165 111 102 97
-0.41409581899642944 -1.0048335790634155 5.310525894165039 52 33 42
-1.175740361213684 0.6469275951385498 5.591874599456787 73 34 41
-0.4920344352722168 0.5427259802818298 5.227550029754639 96 53 76
-0.25098076462745667 -0.5691590309143066 5.178974151611328 99 67 80
-0.18259920179843903 -0.038386326283216476 5.097947120666504 124 84 95
-0.4709516167640686 0.4494893550872803 5.209681034088135 114 83 116
-0.18120774626731873 -1.1204190254211426 5.159497261047363 135 93 112
-0.2387361377477646 -0.6767937541007996 5.150295734405518 118 80 99
-0.4254704713821411 0.47468239068984985 5.1461615562438965 88 48 67
-0.044788915663957596 0.04016817733645439 4.964738845825195 94 45 58
0.055719953030347824 -0.1324910968542099 4.921257972717285 76 37 55
-0.5458683371543884 0.6161705255508423 5.198598861694336 70 58 68
-0.1904185712337494 0.3134212791919708 5.0114030838012695 168 120 142
0.0683455839753151 -0.08285880833864212 4.892293930053711 131 84 97
0.06776164472103119 0.22456903755664825 4.854096412658691 56 23 33
-0.36475950479507446 0.4387197494506836 5.059350490570068 140 101 121
0.08410781621932983 -0.04617512598633766 4.838040828704834 116 70 79
0.46908530592918396 -0.9793035387992859 4.673919200897217 88 66 89
0.01687266118824482 -0.45410117506980896 4.89000129699707 136 108 133
1.279528260231018 0.43255019187927246 4.091233253479004 52 37 47
0.508587658405304 -1.1108219623565674 4.63640022277832 147 128 148
0.504147469997406 -1.1090646982192993 4.637802600860596 147 128 148
1.266619324684143 0.4351721704006195 4.071561813354492 141 106 128
0.535711407661438 -1.1050399541854858 4.6026291847229 82 69 97
0.49044400453567505 -0.6935052871704102 4.590328693389893 134 122 143
0.5364161133766174 -1.010265588760376 4.576305866241455 104 81 110
0.5482838153839111 -0.9131357669830322 4.553411483764648 96 77 104
0.15304170548915863 0.15850360691547394 4.69425106048584 106 69 84
0.08408419787883759 0.3325343728065491 4.721546173095703 149 100 121
0.5609609484672546 -0.9678676128387451 4.532552719116211 84 67 94
-0.25091487169265747 0.4138098359107971 4.90654182434082 66 42 57
0.6484454870223999 -1.5246566534042358 4.5182623863220215 87 63 90
0.5675947070121765 -0.9122889637947083 4.516735553741455 96 67 91
0.5675947070121765 -0.9122889637947083 4.516735553741455 96 67 91
0.1147746741771698 0.29600173234939575 4.692468643188477 73 27 35
0.6375404000282288 -1.427462100982666 4.506485462188721 102 80 108
0.5619254112243652 -0.6903148889541626 4.493544578552246 91 75 105
0.5701428651809692 -0.7054236531257629 4.489506721496582 133 120 140
0.5495113730430603 -0.5585840344429016 4.4868879318237305 88 65 86
0.5837574005126953 -0.9091659188270569 4.4907732009887695 91 67 95
0.5868754982948303 -0.9662975072860718 4.491672515869141 82 61 89
0.5742246508598328 -0.7777175903320312 4.484453201293945 71 56 79
0.6322580575942993 -1.2071880102157593 4.480270862579346 135 130 160
0.4614699184894562 0.4909532964229584 4.454085350036621 57 32 41
0.6622105836868286 -1.5302470922470093 4.486648082733154 145 135 159
0.5764551758766174 -0.9340296983718872 4.492142200469971 145 125 153
0.5712076425552368 -0.7447721362113953 4.477192401885986 94 76 101
0.5729663372039795 -0.7274433374404907 4.473433494567871 88 69 97
0.6117508411407471 -0.9121081233024597 4.463628768920898 93 68 94
0.6687840819358826 -1.506852149963379 4.472695350646973 94 71 101
0.5773299932479858 -0.8103112578392029 4.4734625816345215 131 123 147
0.06659064441919327 0.35369861125946045 4.687633991241455 48 28 30
-0.2037184089422226 0.4197741150856018 4.841034412384033 137 101 119
0.10463619977235794 -0.1473241001367569 4.697084426879883 89 37 39
0.6527034640312195 -1.2466950416564941 4.448731422424316 83 67 94
0.6344687342643738 -0.9923855066299438 4.4381256103515625 112 88 116
0.6489203572273254 -1.2065459489822388 4.445266246795654 139 124 149
0.6832091212272644 -1.4361203908920288 4.439610958099365 139 131 158
0.6557320952415466 -1.220384955406189 4.438416957855225 83 67 94
0.6941020488739014 -1.4271944761276245 4.428654193878174 75 61 89
0.6479971408843994 -1.0862582921981812 4.43013334274292 143 130 157
0.6387522220611572 -0.9784802794456482 4.427079200744629 143 126 149
0.16912873089313507 0.025590205565094948 4.628971576690674 64 28 28
0.09782332181930542 0.26692160964012146 4.65027379989624 156 113 133
0.09782332181930542 0.26692160964012146 4.65027379989624 156 113 133
0.09639932215213776 0.26663339138031006 4.650816917419434 156 113 133
0.7003714442253113 -1.4356393814086914 4.4125213623046875 127 124 148
0.6253281831741333 -0.9445638060569763 4.42038106918335 130 120 148
0.06839264929294586 0.29836809635162354 4.659709453582764 83 36 44
0.14898677170276642 0.1617712378501892 4.62064266204834 59 34 47
0.7369380593299866 -1.5683128833770752 4.390707969665527 114 89 119
0.6334146857261658 -0.6355375051498413 4.378823757171631 144 129 146
-0.16253474354743958 0.4816710650920868 4.778100967407227 104 65 85
0.057419322431087494 0.31272751092910767 4.6511921882629395 96 40 43
0.6422955393791199 -0.596561849117279 4.3563666343688965 100 73 90
0.7201235890388489 -1.217452883720398 4.353306770324707 96 74 105
0.7058781385421753 -1.0827035903930664 4.340505599975586 144 127 154
-0.12874163687229156 0.5246603488922119 4.730675220489502 154 106 128
0.7088033556938171 -0.953458309173584 4.3232855796813965 136 123 148
0.03491577133536339 0.32137221097946167 4.636479377746582 168 120 146
-0.10694627463817596 0.4306948781013489 4.709637641906738 107 67 91
0.6870738863945007 -0.678002119064331 4.300911903381348 139 125 151
0.03622065484523773 0.3566426932811737 4.622212886810303 89 71 82
0.7192966341972351 -0.9560506939888 4.298291206359863 86 70 97
0.7175936698913574 -0.8895578384399414 4.2936506271362305 106 86 114
0.03192245960235596 0.3562159240245819 4.623834133148193 89 71 82
0.7202639579772949 -0.8187941908836365 4.279952526092529 77 64 90
0.7013159990310669 -0.7137680053710938 4.282605171203613 109 88 110
-0.0985376164317131 0.461710661649704 4.687902927398682 150 108 127
0.8100849986076355 -1.5780924558639526 4.2771453857421875 108 83 114
0.7387454509735107 -0.9489198923110962 4.272782802581787 136 123 151
-1.3638722896575928 1.014097809791565 5.423854351043701 108 70 88
-0.07284373044967651 0.3722473680973053 4.664888858795166 122 83 109
-0.07397434860467911 0.46624240279197693 4.652685165405273 65 40 47
0.6557774543762207 0.079412080347538 4.212505340576172 144 134 153
0.6557774543762207 0.079412080347538 4.212505340576172 144 134 153
0.6497215032577515 0.08018939197063446 4.21486759185791 143 132 153
3.856168746948242 -1.9464324712753296 2.260873317718506 140 142 177
3.88828706741333 -2.247959852218628 2.257821559906006 200 215 255
3.8662545680999756 -1.8297646045684814 2.238952398300171 91 88 115
3.872042179107666 -1.991384506225586 2.243429660797119 182 197 240
12.574297904968262 -5.465526103973389 -3.085171699523926 154 172 231
-1.3927422761917114 0.6319535374641418 5.410798072814941 82 40 49
3.885324001312256 -1.662217617034912 2.1904494762420654 156 174 228
3.85103440284729 -1.207776665687561 2.1690773963928223 122 137 188
3.8846168518066406 -2.0649147033691406 2.2091116905212402 149 142 170
3.965223550796509 -2.426107406616211 2.175440788269043 212 226 254
4.012103080749512 -2.7188425064086914 2.1436917781829834 160 176 232
-1.3858072757720947 0.9981695413589478 5.3554863929748535 70 43 52
3.770535945892334 -0.6798048615455627 2.109333038330078 108 120 167
3.7385315895080566 0.12047053873538971 2.0701866149902344 189 202 246
3.8000171184539795 -0.5070345401763916 2.075051784515381 64 58 84
3.9396486282348633 -1.737302541732788 2.0719594955444336 156 176 214
3.7626566886901855 -0.12613236904144287 2.0679893493652344 66 67 126
3.801349639892578 -0.5314512252807617 2.0715138912200928 130 128 151
3.7822554111480713 -0.3381541669368744 2.0695388317108154 77 77 110
4.043105125427246 -2.6537773609161377 2.0666356086730957 95 99 150
3.876041889190674 -1.1901825666427612 2.0666704177856445 192 203 247
4.019481182098389 -2.4375970363616943 2.0606141090393066 97 105 154
3.766885995864868 -0.11528187990188599 2.0537381172180176 180 194 253
3.8726108074188232 -1.232791543006897 2.065800428390503 162 176 213
3.7610201835632324 -0.08449910581111908 2.052861213684082 169 182 232
3.745229482650757 0.04052480682730675 2.0536649227142334 79 76 109
3.925079107284546 -2.1019108295440674 2.0920393466949463 129 120 167
3.78298020362854 -0.662907600402832 2.075645685195923 188 205 248
3.7940502166748047 -0.771687388420105 2.0758261680603027 118 130 176
3.9244346618652344 -2.1161863803863525 2.088395833969116 178 193 236
3.791193723678589 -0.30897051095962524 2.0377988815307617 171 184 229
3.8921213150024414 -1.207037329673767 2.034940719604492 88 93 133
3.787036180496216 -0.1889365166425705 2.0271389484405518 185 199 235
4.024895191192627 -2.523776054382324 2.0402636528015137 201 215 252
3.9353792667388916 -2.0802667140960693 2.062098979949951 142 142 177
3.7758615016937256 -0.08636429160833359 2.0195579528808594 179 197 231
3.885831356048584 -1.175538182258606 2.024665117263794 185 190 237
3.8245046138763428 -0.5345321893692017 2.0167062282562256 124 125 148
3.7982242107391357 -0.6827563047409058 2.043530225753784 113 121 172
3.7982242107391357 -0.6827563047409058 2.043530225753784 113 121 172
3.8327226638793945 -1.0331617593765259 2.031062364578247 152 162 208
3.795675754547119 -0.6760349273681641 2.0247724056243896 177 194 240
3.9338889122009277 -1.9289933443069458 2.0223639011383057 188 187 220
3.7162113189697266 0.23013487458229065 2.000272750854492 172 184 226
3.7928431034088135 -0.09439396113157272 1.9660768508911133 190 205 245
3.948188543319702 -1.878258466720581 1.9833956956863403 123 115 144
3.9513368606567383 -1.960483431816101 1.9779884815216064 191 208 249
3.712229013442993 0.2265627682209015 1.9724516868591309 170 184 221
3.827317237854004 -0.5600717067718506 1.9455095529556274 111 91 112
4.008444309234619 -2.5056850910186768 1.9666485786437988 151 147 176
3.915235996246338 -1.142176866531372 1.9053691625595093 108 78 106
-1.3904744386672974 0.993401050567627 5.298533916473389 58 39 47
3.894662857055664 -1.1386064291000366 1.9159184694290161 108 78 106
4.037615776062012 -2.445119857788086 1.9058383703231812 176 188 233
4.028297424316406 -2.4449353218078613 1.9109904766082764 178 188 234
3.755065679550171 0.21694447100162506 1.8911207914352417 164 177 217
3.847568988800049 -0.5767187476158142 1.8729580640792847 159 172 207
3.798707962036133 -0.15343217551708221 1.8690719604492188 172 174 208
3.833930492401123 -0.4635968506336212 1.8655712604522705 159 173 212
3.7944750785827637 -0.09858094900846481 1.8613299131393433 163 167 201
3.7894299030303955 -0.013054272159934044 1.8572732210159302 165 170 206
3.7847797870635986 0.01832028664648533 1.8558458089828491 154 159 194
3.9584083557128906 -1.6576049327850342 1.8434982299804688 183 193 239
3.919816493988037 -1.192988634109497 1.8313270807266235 195 199 238
3.7692136764526367 0.21209529042243958 1.828262209892273 155 165 202
3.97699236869812 -1.699723243713379 1.8128972053527832 112 116 148
3.97699236869812 -1.699723243713379 1.8128972053527832 112 116 148
3.976849317550659 -1.6124262809753418 1.798264741897583 122 119 147
4.003917217254639 -1.906103491783142 1.792533278465271 74 61 70
3.8627350330352783 -0.7075360417366028 1.7997058629989624 46 45 59
3.9843568801879883 -1.7147409915924072 1.7849667072296143 203 197 190
3.8426249027252197 -0.46809953451156616 1.7900841236114502 106 110 140
3.9317703247070312 -1.1929980516433716 1.780730128288269 173 163 192
3.9909608364105225 -1.7815945148468018 1.7828458547592163 174 166 155
4.126199245452881 -2.873363494873047 1.768407940864563 143 129 143
3.852064847946167 -0.6023951768875122 1.7818419933319092 58 56 75
3.8371310234069824 -0.491384357213974 1.7807804346084595 77 77 95
3.824862480163574 -0.38933685421943665 1.7796581983566284 84 85 110
4.000121593475342 -1.9289500713348389 1.7705910205841064 189 187 174
3.762747287750244 0.30060213804244995 1.7654001712799072 127 98 108
4.021346569061279 -1.9596796035766602 1.7519117593765259 132 124 138
3.7999894618988037 -0.04897737875580788 1.7630605697631836 93 95 119
3.968590259552002 -1.2057651281356812 1.7308582067489624 162 153 185
4.007631778717041 -1.8717308044433594 1.7521123886108398 70 45 52
4.007631778717041 -1.8717308044433594 1.7521123886108398 70 45 52
3.832386016845703 -0.26105234026908875 1.7520689964294434 66 62 85
3.7896342277526855 0.059039156883955 1.757996916770935 91 95 121
4.009250164031982 -1.717198371887207 1.733182668685913 128 118 143
3.8234548568725586 -0.03841299191117287 1.7379661798477173 66 65 90
4.142831802368164 -2.8322741985321045 1.7212307453155518 144 139 179
3.783304452896118 0.16365516185760498 1.7467867136001587 94 91 120
3.9709694385528564 -1.8496993780136108 1.7635418176651 97 69 76
3.7787697315216064 0.089999720454216 1.7440991401672363 117 119 149
4.156846523284912 -2.8692452907562256 1.6908156871795654 140 125 144
3.967120885848999 -1.2253245115280151 1.6856650114059448 196 188 210
4.081768989562988 -2.28633713722229 1.6766265630722046 170 148 190
4.08740758895874 -2.329535722732544 1.6732569932937622 92 57 88
4.0584397315979 -1.9854084253311157 1.6671223640441895 170 170 187
4.081381797790527 -2.3504202365875244 1.6768920421600342 166 148 186
4.060964584350586 -2.0234124660491943 1.6666611433029175 157 170 207
4.09354829788208 -2.339193105697632 1.6666326522827148 75 42 79
4.02380895614624 -1.7232102155685425 1.6690579652786255 126 104 113
4.081841468811035 -2.1964356899261475 1.6544272899627686 149 120 160
4.082979679107666 -2.325763463973999 1.6571332216262817 125 95 127
4.078060626983643 -2.3230621814727783 1.6603155136108398 125 95 127
4.021714687347412 -1.7133382558822632 1.6539682149887085 185 172 183
4.082781791687012 -2.3090434074401855 1.6527786254882812 56 41 84
3.821302890777588 -0.6239309310913086 1.7066662311553955 164 128 140
4.074605464935303 -2.0314619541168213 1.6305586099624634 115 123 164
4.077733039855957 -2.0823726654052734 1.6313549280166626 79 78 102
4.030540943145752 -1.8010386228561401 1.6425259113311768 161 158 168
4.030540943145752 -1.8010386228561401 1.6425259113311768 161 158 168
4.081793785095215 -2.0610153675079346 1.6241096258163452 82 87 126
4.135068893432617 -2.449428081512451 1.6098438501358032 177 188 233
4.0683913230896 -1.998921513557434 1.6193147897720337 187 186 191
3.8250539302825928 -0.9726969003677368 1.714143991470337 182 151 170
4.089166164398193 -2.3186354637145996 1.6248750686645508 207 224 255
4.089481830596924 -2.346550941467285 1.6256612539291382 144 124 170
4.074112415313721 -1.9700062274932861 1.606620192527771 153 146 143
4.084222793579102 -2.2342419624328613 1.6182897090911865 203 214 254
4.104605674743652 -2.170966863632202 1.5989246368408203 210 222 254
4.101178169250488 -2.0816285610198975 1.593653678894043 167 180 213
-1.3844094276428223 0.9264902472496033 5.208275318145752 43 24 30
3.814802885055542 -0.8521871566772461 1.69908607006073 75 46 48
4.077702522277832 -1.9873608350753784 1.5970815420150757 119 108 111
3.8120784759521484 -0.8022034168243408 1.6955487728118896 76 59 53
-1.3823113441467285 0.8670002818107605 5.209914684295654 64 27 36
3.874696969985962 -1.1282861232757568 1.672823190689087 106 100 120
4.091038227081299 -2.060535192489624 1.5863813161849976 177 190 234
3.854459524154663 -1.0328664779663086 1.6745922565460205 115 107 129
4.0975236892700195 -1.9586867094039917 1.5712684392929077 112 90 109
4.105104923248291 -2.104792833328247 1.572798252105713 182 189 217
3.8588318824768066 -1.037404179573059 1.666530966758728 110 106 131
4.086821556091309 -2.300302267074585 1.5982547998428345 151 159 208
4.088022232055664 -2.0104432106018066 1.5718165636062622 127 118 116
3.810213327407837 -0.7878314852714539 1.6779043674468994 112 100 78
3.7935407161712646 -0.914923369884491 1.6956902742385864 96 55 60
4.0337934494018555 -1.8010623455047607 1.5892586708068848 166 164 172
3.8525702953338623 -1.1595377922058105 1.6671687364578247 76 62 77
4.11910343170166 -2.3304286003112793 1.5636662244796753 189 205 246
10.742266654968262 -1.5036280155181885 -3.152573585510254 84 51 60
4.044946670532227 -1.6108617782592773 1.55852472782135 188 179 201
4.054020881652832 -1.7428115606307983 1.5615864992141724 190 181 172
4.108015060424805 -2.0578837394714355 1.5458799600601196 97 99 122
4.097978115081787 -1.9731662273406982 1.5445607900619507 166 159 153
3.8357722759246826 -0.7287480235099792 1.6374493837356567 27 23 30
4.087418079376221 -1.9839446544647217 1.5485893487930298 123 107 108
4.112048149108887 -2.0935075283050537 1.5384756326675415 83 73 99
4.099066734313965 -2.251842737197876 1.5589886903762817 61 57 86
4.124589443206787 -2.1384077072143555 1.5274107456207275 116 115 144
4.076601982116699 -1.7366094589233398 1.5319463014602661 118 107 117
4.099287509918213 -1.6236907243728638 1.4960112571716309 78 74 120
4.117412090301514 -2.10103440284729 1.5162923336029053 162 157 153
4.100478649139404 -1.5989335775375366 1.4902477264404297 209 222 254
4.115277290344238 -1.677757978439331 1.483472466468811 80 81 121
4.105740070343018 -1.6448026895523071 1.4853370189666748 182 197 240
4.074187755584717 -1.867410659790039 1.5224376916885376 105 67 72
4.074187755584717 -1.867410659790039 1.5224376916885376 105 67 72
4.128820896148682 -2.2581779956817627 1.5084034204483032 68 57 78
4.114721298217773 -2.0810699462890625 1.5045450925827026 209 204 193
3.7118217945098877 0.24438001215457916 1.6216150522232056 163 133 151
3.7118217945098877 0.24438001215457916 1.6216150522232056 163 133 151
4.11863374710083 -2.068061113357544 1.4999370574951172 109 98 96
4.110256195068359 -2.001786708831787 1.5004945993423462 120 105 113
4.127597808837891 -1.6704198122024536 1.4628593921661377 187 206 248
4.111330986022949 -1.452164649963379 1.4551154375076294 186 197 241
4.135969161987305 -2.2736637592315674 1.4965859651565552 136 130 157
4.128174781799316 -1.5899194478988647 1.4524208307266235 163 172 222
4.148829460144043 -1.7203192710876465 1.4461840391159058 181 196 239
4.088850975036621 -1.2818124294281006 1.456209659576416 78 87 140
4.136001110076904 -2.1942708492279053 1.4873759746551514 90 76 77
4.1274847984313965 -2.0385165214538574 1.4794615507125854 198 207 239
4.213413238525391 -2.410808801651001 1.444043517112732 95 106 158
4.127091884613037 -1.624137282371521 1.4452542066574097 200 214 250
4.11947774887085 -2.24310302734375 1.4950498342514038 157 150 141
3.8181304931640625 -1.1609113216400146 1.6305996179580688 135 141 171
4.144662380218506 -2.1589200496673584 1.46884286403656 206 203 206
4.133756160736084 -2.093661308288574 1.470884919166565 156 129 148
4.12764835357666 -1.8321378231048584 1.456147313117981 96 89 98
4.152161598205566 -2.2928404808044434 1.4720641374588013 81 53 93
4.1198859214782715 -1.665246605873108 1.4490480422973633 183 199 244
4.144454479217529 -2.1877975463867188 1.4689128398895264 196 192 198
4.123475074768066 -1.98577082157135 1.4680900573730469 196 191 178
4.296143531799316 -3.0166280269622803 1.4183647632598877 196 203 248
4.159007549285889 -2.280258893966675 1.4617648124694824 168 158 172
4.1180243492126465 -1.3887274265289307 1.426100730895996 209 224 255
4.1303510665893555 -1.5745559930801392 1.4260414838790894 128 137 180
4.1303510665893555 -1.5745559930801392 1.4260414838790894 128 137 180
4.2647857666015625 -2.7791595458984375 1.4173780679702759 212 225 255
4.285032272338867 -2.921313524246216 1.413158655166626 211 226 255
4.1255974769592285 -1.808138132095337 1.4445563554763794 168 155 173
4.26706600189209 -2.8214149475097656 1.4169853925704956 209 222 254
4.09025239944458 -1.27927565574646 1.4279612302780151 208 225 255
4.174720764160156 -1.5108036994934082 1.384265661239624 205 219 254
4.05958366394043 -1.8991316556930542 1.4938634634017944 110 90 105
4.203979969024658 -2.3564059734344482 1.4233595132827759 115 96 134
4.14087438583374 -1.648451566696167 1.416982650756836 152 159 207
4.14087438583374 -1.648451566696167 1.416982650756836 152 159 207
4.125069618225098 -1.967176914215088 1.4490262269973755 111 103 117
4.125069618225098 -1.967176914215088 1.4490262269973755 111 103 117
4.305016040802002 -3.0142760276794434 1.3965553045272827 130 135 185
4.172382831573486 -1.6607259511947632 1.3927526473999023 177 191 236
4.241838455200195 -2.4006450176239014 1.3965250253677368 202 222 255
4.241838455200195 -2.4006450176239014 1.3965250253677368 202 222 255
4.147500038146973 -2.191800594329834 1.4480944871902466 186 197 231
4.153050422668457 -2.21785569190979 1.4458088874816895 134 133 155
4.143701076507568 -1.5835556983947754 1.4058430194854736 163 179 222
4.142563819885254 -1.5565589666366577 1.4025338888168335 136 142 190
4.138842582702637 -1.987471342086792 1.434882640838623 99 89 85
4.135530948638916 -1.5022886991500854 1.397713303565979 166 178 222
4.12849235534668 -1.8353681564331055 1.4264551401138306 156 149 156
4.145042896270752 -2.078834295272827 1.4313024282455444 118 112 139
4.140094757080078 -1.6438865661621094 1.399437427520752 185 197 243
4.288628578186035 -2.789667844772339 1.3760385513305664 169 179 229
4.16386604309082 -2.2688190937042236 1.4259272813796997 78 66 63
4.10588264465332 -1.3065682649612427 1.3951876163482666 202 216 252
4.136337757110596 -1.8716179132461548 1.4135596752166748 147 142 149
4.147322654724121 -2.026120662689209 1.4168522357940674 176 162 150
4.174294948577881 -1.7201741933822632 1.3747849464416504 62 61 111
4.185409069061279 -1.7524843215942383 1.3684178590774536 47 43 87
4.171010494232178 -2.0628817081451416 1.3998202085494995 77 61 74
4.1388115882873535 -1.9816709756851196 1.4153739213943481 191 191 183
10.680278778076172 -4.654710292816162 -3.0763347148895264 98 98 152
3.7485711574554443 0.22677204012870789 1.531636357307434 57 27 32
4.1594767570495605 -2.0795047283172607 1.4018809795379639 197 189 178
4.145632266998291 -1.8648321628570557 1.39616858959198 90 81 83
4.320783615112305 -2.921342372894287 1.3467693328857422 182 199 248
4.149325847625732 -1.6438900232315063 1.3766213655471802 144 151 197
4.16459846496582 -2.0965049266815186 1.3980590105056763 184 184 189
4.116817474365234 -1.8198988437652588 1.409069538116455 154 138 148
4.295489311218262 -2.7009942531585693 1.3439486026763916 192 207 253
4.155230522155762 -1.5400205850601196 1.36036217212677 206 219 255
4.160196304321289 -1.6026597023010254 1.3609522581100464 206 219 255
4.152462959289551 -2.0350987911224365 1.397382378578186 75 52 50
3.7365663051605225 0.2618262767791748 1.5301114320755005 57 36 51
4.138906002044678 -1.4479011297225952 1.3621622323989868 213 225 254
4.144036769866943 -1.8505966663360596 1.3865782022476196 146 131 130
4.162276744842529 -2.2730090618133545 1.4033777713775635 77 66 58
4.2691330909729 -2.537539482116699 1.3450603485107422 143 160 201
4.194202423095703 -2.2532958984375 1.3771753311157227 97 94 99
4.343395233154297 -3.0012295246124268 1.3232861757278442 82 82 136
4.175296783447266 -1.709122657775879 1.3493191003799438 183 199 245
4.076272487640381 -1.928465723991394 1.4350192546844482 94 99 134
4.332099914550781 -2.903463840484619 1.3191545009613037 97 103 154
4.332391262054443 -2.9031238555908203 1.3189119100570679 97 103 154
4.160006999969482 -1.6641359329223633 1.3524830341339111 195 210 252
4.1660284996032715 -1.8123406171798706 1.3577487468719482 105 73 79
4.169271945953369 -1.9987910985946655 1.3686870336532593 187 188 207
4.3212890625 -2.8452911376953125 1.3201074600219727 106 115 167
4.3178629875183105 -2.7716262340545654 1.3143458366394043 88 91 141
4.151945114135742 -1.5711462497711182 1.3461679220199585 138 144 188
4.168932914733887 -2.1003174781799316 1.3702232837677002 75 54 56
4.168932914733887 -2.1003174781799316 1.3702232837677002 75 54 56
4.163900852203369 -2.038301706314087 1.3687092065811157 180 176 160
4.150031566619873 -1.3121219873428345 1.3253871202468872 207 216 252
4.155068874359131 -1.469004511833191 1.3319368362426758 100 104 153
4.159268379211426 -1.495225429534912 1.330147624015808 75 77 130
4.1620893478393555 -1.6347227096557617 1.3380320072174072 201 214 255
4.395336151123047 -1.2650278806686401 1.1418393850326538 111 114 145
4.149122714996338 -1.3998912572860718 1.3284744024276733 98 101 155
4.173539638519287 -2.37808895111084 1.381239414215088 128 93 127
4.191925525665283 -1.745104432106018 1.321292519569397 44 37 88
4.186844348907471 -2.354302406311035 1.3686835765838623 127 129 172
10.613052368164062 -4.61554479598999 -3.0991017818450928 99 109 158
4.17319917678833 -1.985504388809204 1.3497707843780518 185 205 244
4.185532569885254 -1.6988343000411987 1.3180755376815796 58 53 100
4.185616493225098 -1.7280772924423218 1.3198577165603638 169 173 214
4.189525604248047 -2.220733165740967 1.3519456386566162 150 145 160
4.179054260253906 -1.6681877374649048 1.318704605102539 64 66 115
3.977132797241211 -1.0717933177947998 1.4209208488464355 151 164 205
4.17618989944458 -2.2828445434570312 1.364237904548645 188 187 174
4.17618989944458 -2.2828445434570312 1.364237904548645 188 187 174
4.171401500701904 -2.3339145183563232 1.3710938692092896 192 196 211
4.187058925628662 -2.039619207382202 1.3332022428512573 104 91 86
4.178543567657471 -2.037438154220581 1.3379844427108765 114 103 97
4.198488712310791 -2.2023134231567383 1.3340990543365479 133 121 122
4.167726516723633 -1.4285444021224976 1.2999995946884155 194 211 252
4.155635356903076 -1.303084373474121 1.2988330125808716 183 193 236
4.206627368927002 -2.240236520767212 1.3295296430587769 145 134 146
4.173001289367676 -1.3948938846588135 1.2920668125152588 195 216 254
4.144924640655518 -1.887339472770691 1.3426226377487183 120 127 156
4.188671588897705 -2.149488925933838 1.329066276550293 113 102 104
4.188671588897705 -2.149488925933838 1.329066276550293 113 102 104
4.278744220733643 -2.487967014312744 1.2880284786224365 192 210 250
4.165290355682373 -1.8309098482131958 1.32173752784729 150 134 145
4.249492645263672 -2.434152603149414 1.302156686782837 197 194 221
4.172176361083984 -1.4470856189727783 1.286328673362732 84 88 139
4.174307823181152 -1.5678863525390625 1.2929219007492065 187 204 245
4.176172256469727 -2.1175358295440674 1.3305943012237549 176 172 163
4.1755805015563965 -1.7769157886505127 1.3057652711868286 103 68 78
4.167821884155273 -1.4044325351715088 1.2834802865982056 78 92 143
3.9834225177764893 0.037853408604860306 1.3129873275756836 69 40 24
3.9834225177764893 0.037853408604860306 1.3129873275756836 69 40 24
4.189585208892822 -1.6906987428665161 1.2875354290008545 182 196 239
4.210083484649658 -2.2593395709991455 1.3097803592681885 52 37 44
4.210083484649658 -2.2593395709991455 1.3097803592681885 52 37 44
4.184962749481201 -2.3261501789093018 1.3327713012695312 58 51 83
4.185590744018555 -1.9915454387664795 1.303553581237793 98 87 95
4.172259330749512 -1.842703104019165 1.2936789989471436 107 85 101
4.172259330749512 -1.842703104019165 1.2936789989471436 107 85 101
4.183871269226074 -2.0599803924560547 1.299823522567749 182 182 182
4.203877925872803 -1.6479109525680542 1.2542829513549805 183 200 242
4.184013366699219 -1.4323930740356445 1.2512274980545044 204 215 253
4.18398904800415 -1.4664944410324097 1.2536606788635254 199 214 252
4.177992820739746 -1.3952701091766357 1.2485400438308716 201 217 255
4.195006370544434 -2.4078686237335205 1.3082060813903809 214 217 251
4.171267509460449 -1.3210408687591553 1.2453150749206543 198 214 253
4.203275203704834 -2.3116464614868164 1.2927873134613037 184 180 176
4.2137298583984375 -1.591181755065918 1.2325774431228638 196 207 249
4.197073459625244 -1.5521963834762573 1.2395013570785522 189 201 239
4.21116828918457 -2.2255289554595947 1.2759960889816284 197 197 198
4.21116828918457 -2.2255289554595947 1.2759960889816284 197 197 198
4.212360858917236 -2.2131285667419434 1.2735133171081543 132 127 127
4.189897060394287 -2.1111960411071777 1.282273530960083 151 153 181
4.180626392364502 -1.861829400062561 1.270949363708496 155 152 157
4.205197811126709 -2.2807352542877197 1.279342770576477 88 76 70
4.161094665527344 -1.9003281593322754 1.2749322652816772 96 62 65
4.202418804168701 -1.5797643661499023 1.2202131748199463 185 184 218
4.232656955718994 -2.2442994117736816 1.2451059818267822 170 163 173
4.207438945770264 -2.298853635787964 1.2665126323699951 186 175 168
4.197388648986816 -1.5632649660110474 1.2195727825164795 143 135 171
4.197388648986816 -1.5632649660110474 1.2195727825164795 143 135 171
4.208405017852783 -2.163443088531494 1.2538001537322998 168 184 212
-1.3908056020736694 0.8583080172538757 5.125493049621582 49 30 36
4.187686920166016 -1.531146764755249 1.2191718816757202 150 129 152
4.205501556396484 -2.0163469314575195 1.2409601211547852 189 200 236
4.208227634429932 -2.049184560775757 1.2404898405075073 123 118 141
4.192597389221191 -1.6122512817382812 1.2161792516708374 151 127 142
4.22543478012085 -2.2267136573791504 1.2329875230789185 179 179 180
4.196070194244385 -1.7912846803665161 1.2196180820465088 157 139 158
4.241489410400391 -2.2929015159606934 1.219166874885559 81 53 81
4.214092254638672 -2.001664400100708 1.2172212600708008 120 118 146
3.8323309421539307 0.21623149514198303 1.337007999420166 40 29 36
4.228113174438477 -2.2048420906066895 1.2170798778533936 116 92 91
4.226498126983643 -2.0493574142456055 1.2004317045211792 107 89 88
4.219655513763428 -1.9989001750946045 1.1987614631652832 196 183 175
4.227093696594238 -2.3095784187316895 1.2156144380569458 170 168 207
4.1687469482421875 -1.9415513277053833 1.2257821559906006 119 96 109
4.226053714752197 -2.20137882232666 1.1972672939300537 156 150 145
4.236894130706787 -2.241969585418701 1.1903043985366821 170 159 156
4.2406768798828125 -2.1248083114624023 1.178916335105896 137 130 139
4.23275089263916 -2.2735064029693604 1.194714069366455 86 60 91
4.225508689880371 -2.0398285388946533 1.1692559719085693 175 174 191
4.225508689880371 -2.0398285388946533 1.1692559719085693 175 174 191
4.274528980255127 -2.326488733291626 1.1527236700057983 176 187 232
-1.3928195238113403 0.8709038496017456 5.1004252433776855 107 65 79
4.19348669052124 -1.894737958908081 1.168830156326294 179 174 187
4.232114315032959 -1.7713420391082764 1.1311782598495483 98 80 73
3.789581060409546 -1.1956043243408203 1.4062895774841309 137 148 176
4.272554397583008 -2.1989879608154297 1.1136717796325684 193 206 244
4.372676849365234 -2.8218512535095215 1.0837699174880981 145 136 162
4.269623279571533 -2.0418806076049805 1.09950590133667 170 174 189
4.251051902770996 -1.9844491481781006 1.1071593761444092 123 105 104
4.285467624664307 -2.313051462173462 1.1024245023727417 131 103 151
4.267876148223877 -2.2272415161132812 1.106717824935913 122 125 167
3.7205190658569336 -0.9774315357208252 1.4227995872497559 172 136 150
4.265801429748535 -2.2678720951080322 1.1080275774002075 187 204 242
4.2413177490234375 -2.1014606952667236 1.108198642730713 206 223 254
4.22210168838501 -2.0469560623168945 1.1185094118118286 90 86 119
4.2025980949401855 -1.9190081357955933 1.1216068267822266 102 89 106
4.28079080581665 -2.186753273010254 1.075643539428711 116 105 148
4.2895917892456055 -2.3021059036254883 1.0764415264129639 171 155 197
3.7126777172088623 -0.9619585275650024 1.4001520872116089 92 81 96
3.6961822509765625 -0.9764596223831177 1.4126142263412476 85 55 74
4.275926113128662 -2.235548257827759 1.0698769092559814 206 219 255
4.269652366638184 -2.134446144104004 1.0667904615402222 93 76 128
4.252349376678467 -2.091336488723755 1.073431134223938 88 76 104
4.252349376678467 -2.091336488723755 1.073431134223938 88 76 104
4.397014141082764 -2.8154706954956055 1.0163655281066895 139 125 137
3.781506299972534 -1.199345588684082 1.3602718114852905 167 163 189
4.305911064147949 -2.193122386932373 1.038201928138733 176 159 203
3.753629446029663 -1.1728029251098633 1.3767746686935425 179 168 192
4.088550090789795 -0.3962215185165405 1.0695736408233643 124 129 155
4.297954559326172 -2.0137972831726074 1.0255941152572632 114 123 166
4.269502639770508 -2.113931179046631 1.0536504983901978 214 205 197
4.284924030303955 -1.8677783012390137 1.0208951234817505 99 71 76
4.3005781173706055 -2.1525661945343018 1.0279147624969482 172 164 204
4.369402885437012 -2.5200254917144775 1.0012248754501343 156 158 196
4.205948829650879 -1.878902792930603 1.077462911605835 95 60 64
4.4365410804748535 -3.008805751800537 0.9817928075790405 136 123 137
4.239064693450928 -1.8052173852920532 1.043003797531128 141 138 161
4.323443412780762 -2.19797945022583 1.0066252946853638 136 126 167
4.24445104598999 -1.7525159120559692 1.033563494682312 167 160 152
4.238729953765869 -2.0271289348602295 1.056110143661499 209 224 255
4.451218128204346 -3.0391459465026855 0.9664629101753235 168 181 222
4.429479598999023 -3.029221296310425 0.9787608981132507 168 180 219
4.450082302093506 -3.0052976608276367 0.9392001032829285 143 126 136
4.429660320281982 -2.7763216495513916 0.9298965930938721 122 134 179
12.299339294433594 -2.1691219806671143 -5.035211086273193 137 122 105
3.7352075576782227 -0.8430712819099426 1.3100087642669678 129 121 100
3.7352075576782227 -0.8430712819099426 1.3100087642669678 129 121 100
3.5613672733306885 0.32763156294822693 1.3541829586029053 91 97 115
4.221294403076172 -1.903856635093689 1.0116441249847412 169 163 175
4.46114444732666 -2.9533395767211914 0.9056398868560791 129 127 159
4.2967329025268555 -1.746701955795288 0.9347708225250244 78 78 107
3.725278615951538 -0.8310313820838928 1.2991693019866943 58 42 34
3.590353012084961 0.29710009694099426 1.3209567070007324 32 34 47
4.290193557739258 -1.6217877864837646 0.9269071817398071 120 117 144
4.292407512664795 -1.6807106733322144 0.9263849854469299 98 93 117
3.728188991546631 -0.8575429320335388 1.2936151027679443 70 52 43
3.728188991546631 -0.8575429320335388 1.2936151027679443 70 52 43
4.291501045227051 -1.7089799642562866 0.9156836867332458 186 189 202
4.2880988121032715 -1.8815312385559082 0.930293083190918 103 75 83
4.4489312171936035 -2.6218409538269043 0.8549034595489502 173 186 230
3.721332311630249 -0.8497756123542786 1.27304208278656 133 121 102
3.721332311630249 -0.8497756123542786 1.27304208278656 133 121 102
4.40508508682251 -2.3955273628234863 0.8609722852706909 188 199 244
4.2959184646606445 -1.9134832620620728 0.8928619027137756 124 113 143
3.718266725540161 -0.8406354784965515 1.2538259029388428 78 58 43
4.346320152282715 -1.9070073366165161 0.8467304706573486 199 217 254
4.409441947937012 -2.2680904865264893 0.8145225644111633 158 169 219
4.506793975830078 -2.9484009742736816 0.7851666212081909 174 180 226
4.417336940765381 -2.3035244941711426 0.7995890974998474 138 132 179
4.547858715057373 -2.9840896129608154 0.745322585105896 94 91 135
4.519149303436279 -2.7412562370300293 0.7400493621826172 96 100 149
4.5211029052734375 -2.999690294265747 0.7553644776344299 109 94 124
3.6984968185424805 -0.8582096099853516 1.2327539920806885 155 148 129
3.748450756072998 -1.1967315673828125 1.2140464782714844 183 152 168
3.6858394145965576 -0.8934707641601562 1.2338032722473145 169 153 136
4.553816318511963 -2.9726407527923584 0.7115815281867981 176 184 234
3.706814765930176 -1.0205998420715332 1.2191636562347412 182 159 173
3.703009843826294 -0.7888303995132446 1.2028396129608154 157 149 136
4.4250078201293945 -2.2622509002685547 0.7511237263679504 185 200 244
4.386990070343018 -1.9222090244293213 0.7514446377754211 160 156 189
3.722935676574707 -1.1538095474243164 1.2055580615997314 175 143 163
4.401808261871338 -1.8207592964172363 0.7289442420005798 53 34 66
4.53778076171875 -2.7682228088378906 0.6912868022918701 184 203 248
4.37021017074585 -1.6135902404785156 0.7354393005371094 198 211 252
4.57791805267334 -2.979830503463745 0.672118067741394 93 94 147
3.7059879302978516 -0.8797647356987 1.1931883096694946 103 85 72
3.7059879302978516 -0.8797647356987 1.1931883096694946 103 85 72
3.7087509632110596 -0.8483598232269287 1.187638521194458 87 73 58
4.399052619934082 -1.585192322731018 0.7068169116973877 125 127 173
4.398324966430664 -1.9481797218322754 0.7326223254203796 156 159 200
4.388165473937988 -1.5247899293899536 0.7088046669960022 124 137 186
4.553533554077148 -2.807267904281616 0.671109676361084 112 118 173
4.384815692901611 -1.4856759309768677 0.7066487669944763 122 128 176
3.729832410812378 -0.8099977970123291 1.1639610528945923 146 132 113
3.7236979007720947 -0.7665388584136963 1.1639026403427124 145 131 119
3.7753801345825195 -1.2272294759750366 1.1523902416229248 169 156 180
3.7613399028778076 -1.1696996688842773 1.1574410200119019 187 184 212
4.406151294708252 -1.9189893007278442 0.7112134695053101 191 205 249
4.4238057136535645 -2.0457372665405273 0.7021806836128235 157 154 189
3.796401023864746 -1.2073944807052612 1.1240407228469849 96 82 108
4.432910919189453 -1.8060061931610107 0.672436535358429 159 178 210
4.4496564865112305 -1.6308645009994507 0.6448816061019897 201 216 254
4.593639850616455 -2.9671525955200195 0.6241873502731323 81 79 128
3.781642198562622 -1.246463656425476 1.128212332725525 111 80 91
3.781642198562622 -1.246463656425476 1.128212332725525 111 80 91
3.781642198562622 -1.246463656425476 1.128212332725525 111 80 91
4.4407782554626465 -2.0666675567626953 0.675082266330719 133 133 173
4.505245685577393 -2.3603012561798096 0.6458079218864441 185 190 224
4.429123878479004 -2.045259952545166 0.6820787787437439 187 198 238
4.5843915939331055 -2.8692941665649414 0.6190120577812195 92 104 155
4.445705413818359 -2.111445665359497 0.6717583537101746 136 150 198
4.567713260650635 -2.736420154571533 0.6165568828582764 91 99 148
3.783611297607422 -1.0891462564468384 1.1080130338668823 169 179 213
4.434915065765381 -1.8246724605560303 0.653581976890564 37 33 72
4.461123466491699 -1.7991694211959839 0.6309559345245361 50 46 90
4.419895172119141 -1.9182615280151367 0.6691411733627319 142 149 196
4.419895172119141 -1.9182615280151367 0.6691411733627319 142 149 196
4.425128936767578 -1.6469240188598633 0.6451126933097839 123 129 178
4.472919464111328 -2.3034067153930664 0.6529708504676819 130 122 165
4.568544864654541 -2.7738771438598633 0.6088066101074219 174 187 235
4.4461588859558105 -2.088259220123291 0.655237078666687 190 206 249
4.578647136688232 -2.9879097938537598 0.6155738830566406 106 98 126
4.411560535430908 -1.5211248397827148 0.6401995420455933 126 132 182
4.407471179962158 -1.4877523183822632 0.6396524310112 128 134 184
4.604934215545654 -2.9601876735687256 0.5896897315979004 152 163 205
3.7836971282958984 -1.1316826343536377 1.0979464054107666 173 189 222
3.7868592739105225 -1.2313127517700195 1.1005088090896606 158 176 203
3.7405683994293213 -0.8840552568435669 1.112038493156433 85 60 58
3.7755866050720215 -1.0713051557540894 1.0963534116744995 185 200 238
3.6419687271118164 0.14395585656166077 1.1130033731460571 192 188 183
4.459662914276123 -1.712615728378296 0.6048251986503601 88 99 148
4.442753791809082 -2.041438102722168 0.6410554051399231 186 200 245
4.587491512298584 -3.1206912994384766 0.6044859290122986 141 156 199
4.450313568115234 -1.8151741027832031 0.6148843765258789 40 39 61
4.454367637634277 -2.107976198196411 0.6301382780075073 143 154 204
4.421017169952393 -1.5045260190963745 0.6116607189178467 179 194 235
4.439050674438477 -1.9219810962677002 0.6250705122947693 143 157 201
4.455273151397705 -2.0636348724365234 0.6213296055793762 126 122 168
4.482901096343994 -2.2993710041046143 0.6160465478897095 115 110 154
3.786133050918579 -1.1071020364761353 1.074960708618164 89 82 107
4.446362495422363 -1.6481696367263794 0.5961134433746338 114 124 173
4.446362495422363 -1.6481696367263794 0.5961134433746338 114 124 173
3.8265812397003174 -1.218474268913269 1.044490098953247 84 88 115
4.433083534240723 -1.5229418277740479 0.5878793597221375 93 104 149
3.7902448177337646 -1.1600098609924316 1.064431071281433 114 118 156
4.430229663848877 -1.4887515306472778 0.5853018164634705 87 100 144
3.780912399291992 -1.0701278448104858 1.0632063150405884 132 136 175
3.780912399291992 -1.0701278448104858 1.0632063150405884 132 136 175
4.444499492645264 -1.5117090940475464 0.5558773279190063 191 207 246
4.105111122131348 0.07523668557405472 0.701210081577301 177 154 164
4.105111122131348 0.07523668557405472 0.701210081577301 177 154 164
3.807542324066162 -1.2363429069519043 1.0257596969604492 155 167 198
3.807542324066162 -1.2363429069519043 1.0257596969604492 155 167 198
3.784763813018799 -1.0748473405838013 1.0291519165039062 179 197 234
4.464760780334473 -1.9104093313217163 0.5528179407119751 193 199 233
3.8073618412017822 -1.1134440898895264 0.9942998886108398 100 100 127
3.8357441425323486 -1.2210427522659302 0.9762662649154663 89 89 115
4.23455286026001 -1.333858609199524 0.6632228493690491 97 73 91
3.8217217922210693 -1.253768801689148 0.9833194613456726 97 73 91
4.220864295959473 -1.236893653869629 0.6663380265235901 121 131 167
4.532658576965332 -2.2531473636627197 0.4865710139274597 154 166 214
4.537743091583252 -2.3277881145477295 0.4873560070991516 121 116 153
4.353209972381592 -0.619103729724884 0.510794997215271 80 53 69
4.453031539916992 -1.4205422401428223 0.4767242670059204 184 175 196
4.502809047698975 -1.9781413078308105 0.47271767258644104 201 219 254
4.358295917510986 -0.8115870356559753 0.504428505897522 121 128 175
3.8169777393341064 -1.1432708501815796 0.951540470123291 169 186 221
3.8169777393341064 -1.1432708501815796 0.951540470123291 169 186 221
3.814344882965088 -1.0816768407821655 0.9460805654525757 182 196 235
4.574888229370117 -2.4092016220092773 0.432131290435791 181 195 239
4.574888229370117 -2.4092016220092773 0.432131290435791 181 195 239
4.667206764221191 -3.117047071456909 0.4062674939632416 146 153 195
4.301008701324463 -0.004644779954105616 0.47870439291000366 136 108 127
4.445601940155029 -1.4199494123458862 0.4544846713542938 188 190 224
3.845107316970825 -1.2219899892807007 0.9155855774879456 87 87 112
4.360732078552246 -0.6688863039016724 0.466390997171402 124 107 137
4.482021808624268 -1.6782766580581665 0.4340175986289978 164 176 224
3.8370232582092285 -1.2578397989273071 0.9137749075889587 103 76 93
4.633429050445557 -2.7785933017730713 0.38515380024909973 143 132 158
2.7736613750457764 -0.899928629398346 1.7325868606567383 140 145 184
4.692885398864746 -3.146752119064331 0.353545606136322 73 55 79
4.454648971557617 -1.4528417587280273 0.42412087321281433 183 199 243
4.636267185211182 -2.7404096126556396 0.36706066131591797 130 132 179
4.362126350402832 -0.7532067894935608 0.4460906386375427 115 118 166
4.678905963897705 -2.9720652103424072 0.3487589955329895 138 120 127
4.309956073760986 0.04021865129470825 0.4280054271221161 98 72 94
4.367617130279541 -0.6398859620094299 0.42699334025382996 177 194 237
4.613215923309326 -2.535015344619751 0.36280500888824463 135 141 187
4.3529157638549805 -0.47050049901008606 0.42511916160583496 181 194 234
4.3897247314453125 -0.7759241461753845 0.4166896939277649 154 168 209
3.8440659046173096 -1.2430975437164307 0.8836360573768616 158 171 202
3.8440659046173096 -1.2430975437164307 0.8836360573768616 158 171 202
3.837818145751953 -1.1460292339324951 0.8813505172729492 170 186 219
4.694603443145752 -3.117279529571533 0.33503130078315735 135 140 182
4.383830547332764 -0.8039345145225525 0.4169130027294159 166 185 227
3.82967209815979 -1.0840003490447998 0.8785394430160522 189 204 242
4.335866451263428 -0.4318040907382965 0.42855310440063477 174 185 229
3.8596248626708984 -1.1115974187850952 0.8553308844566345 94 89 124
3.857866048812866 -1.2173562049865723 0.8609629273414612 87 85 109
4.333963394165039 -0.2256002426147461 0.4100424647331238 172 185 226
4.3806633949279785 -0.6478202939033508 0.4000852406024933 180 193 238
4.3528971672058105 -0.4521016478538513 0.406716912984848 122 126 171
4.366538047790527 -0.5564895868301392 0.4029737114906311 122 130 177
4.664588451385498 -2.847867965698242 0.32303154468536377 148 137 143
4.661063194274902 -2.7881624698638916 0.3207772672176361 142 129 136
4.340048789978027 -0.34582456946372986 0.40638601779937744 121 125 170
4.3295979499816895 -0.24401439726352692 0.40189680457115173 122 125 172
3.8559820652008057 -1.2601300477981567 0.8481365442276001 102 75 94
3.8559820652008057 -1.2601300477981567 0.8481365442276001 102 75 94
4.521337032318115 -1.703414797782898 0.3449600040912628 141 148 195
4.3234710693359375 -0.1399853527545929 0.3944687247276306 116 121 165
3.849357843399048 -1.177202582359314 0.84605872631073 127 138 175
3.849357843399048 -1.177202582359314 0.84605872631073 127 138 175
3.8421783447265625 -1.0855833292007446 0.8431602716445923 143 149 188
4.30993127822876 0.0680229589343071 0.38498157262802124 114 120 161
4.32065486907959 -0.03634876012802124 0.38295814394950867 119 122 162
4.168763160705566 -0.8465086221694946 0.5568940043449402 184 200 245
4.168763160705566 -0.8465086221694946 0.5568940043449402 184 200 245
3.8577873706817627 -1.1472249031066895 0.8244262933731079 166 175 206
3.8621952533721924 -1.2477177381515503 0.8274641036987305 145 144 168
4.359656810760498 -0.43839067220687866 0.3658639192581177 183 199 242
3.875030994415283 -1.237560749053955 0.7870445847511292 178 151 168
4.723193645477295 -2.999192237854004 0.22436796128749847 163 178 218
4.0728654861450195 -0.8764427304267883 0.6011671423912048 188 203 246
4.0728654861450195 -0.8764427304267883 0.6011671423912048 188 203 246
3.864417314529419 -1.1832140684127808 0.7889055609703064 184 160 183
4.034789085388184 -0.8779570460319519 0.6223823428153992 185 202 245
4.034789085388184 -0.8779570460319519 0.6223823428153992 185 202 245
4.670807838439941 -2.4882607460021973 0.215545192360878 131 138 181
3.9881370067596436 0.1748420149087906 0.5780693888664246 142 153 190
3.89034104347229 -1.195608377456665 0.7472174763679504 188 182 212
4.6046953201293945 -2.027985095977783 0.2252766191959381 150 146 183
4.750885963439941 -3.1305596828460693 0.17412066459655762 77 54 80
3.901003837585449 -1.265765905380249 0.7313312292098999 108 78 96
4.742165565490723 -2.947869062423706 0.15836627781391144 112 86 99
4.742165565490723 -2.947869062423706 0.15836627781391144 112 86 99
4.755206108093262 -2.992614984512329 0.148322194814682 164 177 215
3.916005849838257 -1.2480828762054443 0.7086575627326965 157 170 200
3.906581163406372 -1.1480706930160522 0.7080937623977661 171 187 219
4.026060581207275 -0.8228440284729004 0.5882006287574768 184 199 243
4.0311994552612305 -0.6715942025184631 0.57345050573349 161 174 214
3.9064526557922363 -1.0771844387054443 0.7007352113723755 196 186 216
4.761551856994629 -3.1025965213775635 0.1447443813085556 132 134 172
3.90818190574646 -1.193924069404602 0.7051252722740173 178 188 221
3.9108617305755615 -1.1257383823394775 0.6979948282241821 108 109 139
4.751391887664795 -2.9760241508483887 0.14130555093288422 166 177 205
3.9027397632598877 -1.0903898477554321 0.7004270553588867 192 202 241
4.746064186096191 -2.9323179721832275 0.14168933033943176 169 157 161
4.075062274932861 -0.7690468430519104 0.5328967571258545 187 200 244
4.005501747131348 -0.8608253598213196 0.5892605185508728 47 34 35
4.013840675354004 -0.7276445627212524 0.5724539756774902 150 161 198
4.029625415802002 -0.5594787001609802 0.5437632203102112 190 199 239
4.731919765472412 -2.770656108856201 0.12040312588214874 126 116 142
3.942068099975586 -1.2477656602859497 0.656910240650177 147 158 188
4.747425079345703 -2.8241469860076904 0.10654152184724808 126 125 160
3.971560478210449 -1.223136067390442 0.6253923773765564 98 102 129
4.753521919250488 -2.857973575592041 0.0996989980340004 121 119 148
4.777185916900635 -3.122136354446411 0.09691270440816879 71 53 79
4.008803844451904 -0.7934471964836121 0.5579478144645691 59 43 57
4.594067573547363 -1.717455506324768 0.14134001731872559 133 143 188
3.8161842823028564 0.08963616192340851 0.6524521708488464 175 186 220
3.9401023387908936 0.09692137688398361 0.5470778346061707 101 88 107
4.789374828338623 -3.026020050048828 0.05341418460011482 150 162 205
4.001906394958496 -1.2430896759033203 0.5697376132011414 145 152 181
3.999427318572998 -1.1109651327133179 0.5625550150871277 110 115 148
4.777298450469971 -2.8081374168395996 0.040423378348350525 167 180 224
4.026308059692383 -0.8928096890449524 0.522260844707489 74 63 54
4.0061540603637695 -1.2164164781570435 0.5609368085861206 94 96 121
3.967602252960205 -1.1678121089935303 0.5887836217880249 167 184 220
3.995861053466797 -1.1221753358840942 0.5614783763885498 105 107 134
3.9889590740203857 -0.9045488834381104 0.5364651083946228 61 47 36
4.019320487976074 -1.2418746948242188 0.5301004648208618 142 141 166
3.997495174407959 -0.7927951216697693 0.5114192366600037 137 133 122
4.639932632446289 -1.9188249111175537 0.043100304901599884 185 202 248
4.834246635437012 -2.929823160171509 -0.055717434734106064 87 88 132
4.834956169128418 -3.1167941093444824 -0.04464416205883026 68 52 79
4.722661018371582 -2.3109147548675537 -0.008156443014740944 102 88 130
3.984776496887207 -0.9257726073265076 0.505917489528656 165 160 146
4.620862007141113 -1.6164662837982178 0.02513904869556427 189 203 247
3.95949387550354 -1.0218714475631714 0.5278881788253784 107 80 85
4.808465480804443 -2.96946120262146 -0.04232616350054741 108 92 124
4.808465480804443 -2.96946120262146 -0.04232616350054741 108 92 124
4.72163724899292 -2.2956292629241943 -0.021826958283782005 169 158 189
4.669423580169678 -1.8949265480041504 -0.023808162659406662 142 133 168
4.81338357925415 -2.5473427772521973 -0.10265979915857315 196 212 254
4.797374725341797 -2.356065273284912 -0.10798726230859756 191 205 247
4.797374725341797 -2.356065273284912 -0.10798726230859756 191 205 247
4.7009196281433105 -1.6641215085983276 -0.07562919706106186 151 154 196
4.8307905197143555 -2.7321481704711914 -0.11147242784500122 182 199 245
4.684147834777832 -1.8523528575897217 -0.053432613611221313 107 88 120
4.700462818145752 -1.5429812669754028 -0.08953649550676346 148 150 193
3.6650407314300537 0.3086899518966675 0.645921528339386 34 45 58
4.689544200897217 -1.5085585117340088 -0.08755435794591904 131 138 183
4.717092990875244 -1.9566867351531982 -0.08039790391921997 157 165 210
3.9351165294647217 -0.952488899230957 0.5017880797386169 96 67 71
4.846303462982178 -3.109384775161743 -0.11109765619039536 79 65 93
3.6235504150390625 0.293891966342926 0.6737099289894104 25 27 32
4.806663990020752 -2.3642842769622803 -0.14145632088184357 111 117 169
4.050903797149658 -0.9529298543930054 0.3914627730846405 176 193 235
4.70484733581543 -1.5323764085769653 -0.11756711453199387 193 210 253
4.721956729888916 -1.9188004732131958 -0.10672321170568466 187 196 235
4.699641704559326 -1.6324447393417358 -0.10901304334402084 192 208 252
4.699641704559326 -1.6324447393417358 -0.10901304334402084 192 208 252
4.897268295288086 -2.931999444961548 -0.18620605766773224 69 79 124
4.890775680541992 -2.8736798763275146 -0.1869390308856964 91 96 148
4.7440714836120605 -2.065530300140381 -0.12268832325935364 124 125 171
4.7440714836120605 -2.065530300140381 -0.12268832325935364 124 125 171
4.743271827697754 -1.8197802305221558 -0.1398255079984665 93 97 145
4.829854965209961 -2.4018216133117676 -0.1724613755941391 150 162 209
4.882406234741211 -3.1172916889190674 -0.16729018092155457 77 63 89
4.87638521194458 -2.7715187072753906 -0.18711112439632416 100 110 163
4.566712856292725 -0.662875235080719 -0.07305853813886642 107 89 121
4.739553451538086 -2.0476255416870117 -0.12398931384086609 179 184 224
4.735518455505371 -1.724482774734497 -0.1440209150314331 117 124 177
4.730129241943359 -1.660810947418213 -0.14636510610580444 115 123 175
4.5924272537231445 -0.4194283187389374 -0.11801693588495255 99 96 136
4.604842185974121 -0.8405017852783203 -0.10172252357006073 123 134 179
4.604842185974121 -0.8405017852783203 -0.10172252357006073 123 134 179
4.7139763832092285 -1.6120630502700806 -0.1411879062652588 78 86 141
4.753592014312744 -2.087827682495117 -0.14544062316417694 185 200 245
4.753592014312744 -2.087827682495117 -0.14544062316417694 185 200 245
4.725039482116699 -1.4925580024719238 -0.1641922891139984 73 74 130
4.714453220367432 -1.9210463762283325 -0.12714822590351105 136 146 193
4.8498005867004395 -2.940598964691162 -0.17327880859375 104 87 119
4.706814289093018 -1.3491089344024658 -0.16479408740997314 90 96 149
4.743307590484619 -1.9553980827331543 -0.15508520603179932 194 208 253
4.703587532043457 -1.2512437105178833 -0.17217323184013367 98 107 163
-0.8636534810066223 0.826919436454773 4.356174468994141 91 61 85
4.795199394226074 -2.2811026573181152 -0.18496167659759521 104 100 144
4.759913921356201 -1.7576261758804321 -0.1916860193014145 102 113 163
4.847945213317871 -2.4476170539855957 -0.2190665304660797 184 198 241
4.765142917633057 -2.107328414916992 -0.17305292189121246 132 145 195
4.9072747230529785 -2.96958589553833 -0.2339750975370407 85 61 90
4.746081829071045 -1.5200345516204834 -0.20038849115371704 168 187 226
4.747619152069092 -1.6611732244491577 -0.1925811767578125 106 123 173
4.7683796882629395 -2.0666632652282715 -0.18453170359134674 124 127 174
4.900943279266357 -3.1091179847717285 -0.22725336253643036 78 59 86
4.6270012855529785 -0.6386603713035583 -0.16897433996200562 105 106 150
4.62189245223999 -0.5725077390670776 -0.17154547572135925 121 129 179
4.7795186042785645 -2.155900478363037 -0.19766266644001007 192 208 251
4.773181915283203 -1.7471657991409302 -0.22258581221103668 171 188 225
4.782062530517578 -2.085099220275879 -0.2072845995426178 145 158 202
4.783078670501709 -2.1027355194091797 -0.20949268341064453 130 145 194
4.615514278411865 -0.42311927676200867 -0.1839780956506729 90 92 140
3.8908820152282715 0.11573079228401184 0.38904768228530884 167 153 163
4.609344959259033 -0.3626529574394226 -0.1851576268672943 91 98 148
4.607539653778076 -0.7265963554382324 -0.16301286220550537 124 130 177
4.587150573730469 -0.3158825635910034 -0.17354893684387207 102 110 158
4.722947597503662 -1.2500503063201904 -0.22730904817581177 132 143 188
3.575723886489868 0.33694618940353394 0.6279990077018738 27 32 38
4.586801052093506 -0.08791405707597733 -0.1966894268989563 103 106 154
4.622006416320801 -0.772539496421814 -0.1811949759721756 184 197 244
3.0848188400268555 0.33234354853630066 1.037029504776001 29 34 47
4.654263973236084 -0.6426222324371338 -0.22136184573173523 74 82 114
4.6450514793396 -0.5770559906959534 -0.22162243723869324 101 114 159
4.644912242889404 -0.5501919388771057 -0.22570374608039856 97 110 154
4.609760284423828 -0.16729483008384705 -0.22356246411800385 176 192 229
4.6374359130859375 -0.48297202587127686 -0.2267577052116394 109 123 166
4.6374359130859375 -0.48297202587127686 -0.2267577052116394 109 123 166
4.633066177368164 -0.4287766218185425 -0.23119698464870453 97 107 149
4.6279473304748535 -0.7849829196929932 -0.20458824932575226 121 134 183
4.6279473304748535 -0.7849829196929932 -0.20458824932575226 121 134 183
4.644702911376953 -0.4613393247127533 -0.24188917875289917 171 184 229
4.790299892425537 -1.988972783088684 -0.2617592215538025 185 199 243
4.6056318283081055 -0.09050352871417999 -0.24419842660427094 115 129 172
4.631222248077393 -0.2640760540962219 -0.2662884294986725 185 199 238
4.659548759460449 -0.6693946123123169 -0.2660536468029022 83 60 81
4.618980407714844 -0.08613304048776627 -0.27585291862487793 181 196 237
4.64441442489624 -0.725656270980835 -0.26630133390426636 172 185 224
4.818015098571777 -1.9890345335006714 -0.33024850487709045 191 213 254
4.700242519378662 -1.0996752977371216 -0.2977019250392914 186 202 246
4.6561150550842285 -0.8447173237800598 -0.27800846099853516 118 126 174
3.9296936988830566 0.20164956152439117 0.2650040090084076 41 46 51
3.3514649868011475 0.5025923252105713 0.7352436780929565 125 131 143
4.640953063964844 -0.7557530403137207 -0.28184065222740173 180 197 244
4.6852569580078125 -0.7233142852783203 -0.3535761833190918 181 194 234
3.863725185394287 0.2062031626701355 0.2557506263256073 178 161 174
1.7699297666549683 0.13596321642398834 2.0535032749176025 116 117 161
3.1233372688293457 0.23226989805698395 0.8274824619293213 32 36 41
1.6344245672225952 -0.4109489619731903 1.9794204235076904 109 120 165
1.6220037937164307 -0.3387988805770874 1.9764163494110107 172 185 229
1.6707344055175781 -0.2777779996395111 1.907526969909668 136 142 186
1.668352723121643 -0.39523887634277344 1.9150627851486206 177 191 240
1.74542236328125 -0.5929076075553894 1.8293266296386719 138 147 191
1.729583978652954 -0.4222582280635834 1.8108209371566772 120 133 181
1.7181317806243896 0.036847613751888275 1.7836650609970093 125 142 186
1.7671922445297241 -0.34700649976730347 1.7574251890182495 80 62 82
1.7284470796585083 0.03890141472220421 1.761070966720581 172 187 228
0.025301305577158928 0.8649204969406128 3.2342066764831543 155 171 198
