ply
format ascii 1.0
element vertex 12278
property float x
property float y
property float z
property uchar red
property uchar green
property uchar blue
end_header
-2.949908494949341 0.9132174849510193 5.001757621765137 24 22 18
-2.1836819648742676 -3.3298816680908203 4.006197929382324 81 72 65
-2.1836819648742676 -3.3298816680908203 4.006197929382324 81 72 65
-1.78896963596344 -3.306195020675659 3.845444440841675 209 209 206
-1.7783430814743042 -3.3039674758911133 3.852506160736084 92 84 80
-1.756128191947937 -3.3288843631744385 3.8295881748199463 248 249 251
-1.7300888299942017 -3.2672104835510254 3.8457870483398438 209 201 195
-1.6884182691574097 -3.249511241912842 3.8167271614074707 246 245 243
-1.6787316799163818 -1.7446473836898804 4.600960731506348 203 173 171
-1.6198278665542603 -1.7784498929977417 4.580202102661133 255 255 255
-1.5544785261154175 -1.483558177947998 4.7554826736450195 125 54 76
-1.7207180261611938 -1.0990242958068848 5.266909122467041 119 120 128
-1.5591932535171509 -1.4545060396194458 4.808017253875732 40 11 29
-1.6911615133285522 -1.2246458530426025 5.216818332672119 112 114 125
-1.6911615133285522 -1.2246458530426025 5.216818332672119 112 114 125
-1.6900749206542969 -1.239134669303894 5.226230144500732 15 13 27
-1.6984179019927979 -1.1651934385299683 5.27957820892334 20 18 29
-1.572760820388794 -1.328084945678711 4.92047119140625 125 96 92
-1.4283573627471924 -1.6596364974975586 4.483782768249512 37 32 54
-1.5463342666625977 -1.4388355016708374 4.860959053039551 117 51 69
-1.6627583503723145 -1.222717523574829 5.239192485809326 70 70 83
-1.6721529960632324 -1.1347644329071045 5.280648231506348 134 122 125
-1.6430763006210327 -1.2699223756790161 5.189589500427246 81 72 83
-1.5478532314300537 -1.3827998638153076 4.900977611541748 33 16 31
-1.6453332901000977 -1.201985478401184 5.230525970458984 16 16 25
-1.6233768463134766 -1.2740490436553955 5.1848249435424805 33 21 31
-1.6299669742584229 -1.2105388641357422 5.23277473449707 137 125 134
-1.536141037940979 -1.341034173965454 4.934329986572266 26 12 27
-1.5297948122024536 -1.3953180313110352 4.952355861663818 43 17 29
-1.621717095375061 -1.1613661050796509 5.254000663757324 140 137 140
-1.6359096765518188 -0.9757646322250366 5.301502227783203 151 144 151
-1.6284024715423584 -1.0111782550811768 5.2855095863342285 122 121 127
-1.5215431451797485 -1.3556605577468872 4.939455986022949 109 54 75
-1.513973593711853 -1.4433045387268066 4.944701671600342 117 64 81
-1.607404112815857 -1.1747758388519287 5.269237995147705 40 38 53
-1.5066699981689453 -1.3883517980575562 4.94873571395874 131 66 82
-1.504982352256775 -1.3640516996383667 4.9543280601501465 37 13 27
-1.6049611568450928 -1.1363199949264526 5.284560203552246 138 145 163
-1.586634874343872 -1.2145459651947021 5.231463432312012 64 33 37
-1.609358787536621 -0.9784783124923706 5.307521343231201 119 119 129
-1.5843141078948975 -1.2548760175704956 5.227258682250977 138 123 124
-1.4986659288406372 -1.4508200883865356 4.946163177490234 41 4 15
-1.4986659288406372 -1.4508200883865356 4.946163177490234 41 4 15
-1.6092045307159424 -1.0551477670669556 5.318369388580322 142 141 146
-1.6016117334365845 -1.1741870641708374 5.294004917144775 47 49 65
-1.5991415977478027 -1.1597784757614136 5.28799295425415 112 115 125
-1.5992259979248047 -0.9324813485145569 5.290361404418945 141 140 143
-1.5647960901260376 -1.2599507570266724 5.191529273986816 74 47 51
-1.4920012950897217 -1.436090111732483 4.950582981109619 132 69 86
-1.496815800666809 -1.4983103275299072 4.9852800369262695 145 104 122
-1.586904525756836 -0.9595283269882202 5.294037818908691 137 137 143
-1.582645058631897 -0.8676981329917908 5.297320365905762 110 104 107
-1.565381646156311 -1.2373486757278442 5.2395524978637695 67 36 50
-1.58253812789917 -1.1263846158981323 5.32073450088501 28 38 58
-1.5727934837341309 -1.0149034261703491 5.294140338897705 138 137 139
-1.5529953241348267 -1.2469151020050049 5.231722831726074 136 123 118
-1.5529953241348267 -1.2469151020050049 5.231722831726074 136 123 118
-1.5650231838226318 -1.1535500288009644 5.275888919830322 119 120 127
-1.5650231838226318 -1.1535500288009644 5.275888919830322 119 120 127
-1.5697506666183472 -0.9381128549575806 5.297835826873779 140 139 142
-1.5308277606964111 -1.3727073669433594 5.179724216461182 37 26 32
-1.470837116241455 -1.4871203899383545 4.978055000305176 38 19 31
-1.5645086765289307 -1.0159319639205933 5.30146598815918 149 149 153
-1.561216115951538 -0.9124168157577515 5.29411506652832 144 143 149
-1.5661311149597168 -0.8168587684631348 5.321690082550049 48 42 53
-1.5552805662155151 -0.9617961049079895 5.286904335021973 143 142 145
-1.4787788391113281 -1.335052728652954 5.03162956237793 23 8 19
-1.5538688898086548 -0.8533520698547363 5.304340839385986 31 33 44
-1.550580382347107 -0.8883160352706909 5.296770095825195 47 46 59
-1.5449432134628296 -0.9817347526550293 5.294602394104004 159 157 163
-1.4546973705291748 -1.533756971359253 4.989573001861572 118 73 88
-1.4506778717041016 -1.4971816539764404 4.996700763702393 117 70 88
-1.5317069292068481 -0.9689409136772156 5.289822578430176 56 63 73
-1.5352152585983276 -1.0501586198806763 5.318395137786865 153 153 154
-1.518910527229309 -0.9123151302337646 5.301305770874023 30 35 53
-1.5231667757034302 -0.8701108694076538 5.317225456237793 76 82 93
-1.5106821060180664 -0.9651057720184326 5.280465126037598 170 170 171
-1.5554426908493042 -1.8247320652008057 5.452672958374023 120 110 120
-1.4530166387557983 -1.3787869215011597 5.089791774749756 36 15 27
-1.5152279138565063 -1.3252805471420288 5.310863971710205 20 9 16
-1.525713562965393 -1.8853745460510254 5.360269069671631 29 30 48
-1.525713562965393 -1.8853745460510254 5.360269069671631 29 30 48
-1.4273402690887451 -1.5535380840301514 5.021365165710449 144 102 108
-1.4269239902496338 -1.4973043203353882 5.02580451965332 82 44 61
-1.5172820091247559 -1.9001630544662476 5.358621120452881 77 75 96
-1.524163007736206 -1.0466985702514648 5.379656791687012 53 71 95
-1.422017216682434 -1.5120052099227905 5.0254621505737305 63 29 46
-1.500633716583252 -0.9273092746734619 5.303191184997559 66 77 96
-1.500633716583252 -0.9273092746734619 5.303191184997559 66 77 96
-1.5055756568908691 -1.7690248489379883 5.324054718017578 51 51 69
-1.440427303314209 -1.3556013107299805 5.091797351837158 24 14 24
-1.5161205530166626 -1.8627206087112427 5.36738920211792 30 29 49
-1.4409186840057373 -1.4804158210754395 5.097743034362793 28 5 18
-1.4409186840057373 -1.4804158210754395 5.097743034362793 28 5 18
-1.5008463859558105 -0.856605052947998 5.3135786056518555 162 163 165
-1.5103503465652466 -1.8782249689102173 5.365974426269531 107 107 117
-1.5008357763290405 -1.7842254638671875 5.336424350738525 117 111 119
-1.4997036457061768 -0.8042702078819275 5.333155155181885 52 67 86
-1.4997036457061768 -0.8042702078819275 5.333155155181885 52 67 86
-1.50558602809906 -1.8969411849975586 5.3718414306640625 28 30 58
-1.431010365486145 -1.4361374378204346 5.105541706085205 33 16 28
-1.431010365486145 -1.4361374378204346 5.105541706085205 33 16 28
-1.5059301853179932 -1.8448950052261353 5.3783369064331055 27 28 50
-1.492606282234192 -0.8382944464683533 5.3293633460998535 56 71 88
-1.491489291191101 -1.7953319549560547 5.331065654754639 35 32 56
-1.4251878261566162 -1.3909345865249634 5.09199857711792 135 109 116
-1.48940908908844 -0.9600496292114258 5.321840763092041 65 79 104
-1.4947686195373535 -1.013638973236084 5.359060287475586 69 80 94
-1.4917117357254028 -1.9072914123535156 5.3591485023498535 81 81 101
-1.452142596244812 -1.7479143142700195 5.232694625854492 118 115 129
-1.4907766580581665 -1.843808650970459 5.387182235717773 121 117 131
-1.5174205303192139 -1.1046020984649658 5.4946794509887695 50 51 62
-1.4750137329101562 -1.7143211364746094 5.352417945861816 33 35 56
-1.4765044450759888 -1.901167631149292 5.368007659912109 31 35 57
-1.4704006910324097 -0.8587210774421692 5.347074031829834 28 32 43
-1.4690810441970825 -0.7952820658683777 5.345372200012207 121 123 129
-1.4693772792816162 -1.729289174079895 5.35491418838501 109 110 121
-1.4639928340911865 -1.6521790027618408 5.334741592407227 27 22 36
-1.4639928340911865 -1.6521790027618408 5.334741592407227 27 22 36
-1.4745582342147827 -1.884207844734192 5.388064384460449 17 21 39
-1.4843525886535645 -1.2628921270370483 5.420250415802002 159 146 147
-1.4760606288909912 -1.8388433456420898 5.397401809692383 28 29 48
-1.4657162427902222 -1.7935007810592651 5.361196517944336 119 117 127
-1.4670264720916748 -0.985765278339386 5.368461608886719 58 74 99
-1.4670264720916748 -0.985765278339386 5.368461608886719 58 74 99
-1.4576376676559448 -0.8179517388343811 5.342604160308838 64 78 100
-1.4700971841812134 -1.8662488460540771 5.399206161499023 24 26 47
-1.4190343618392944 -1.0071543455123901 5.236769676208496 115 116 119
-1.4578574895858765 -0.9540084004402161 5.385890007019043 164 162 164
-1.4498004913330078 -1.735647201538086 5.365322589874268 115 113 128
-1.442474603652954 -1.6492785215377808 5.338166236877441 33 34 53
-1.4866156578063965 -1.079591155052185 5.5101823806762695 113 111 114
-1.4530384540557861 -1.892800211906433 5.397876262664795 41 39 60
-1.4488611221313477 -0.9936777949333191 5.423923015594482 61 70 88
-1.4488611221313477 -0.9936777949333191 5.423923015594482 61 70 88
-1.3892089128494263 -1.3980462551116943 5.2106709480285645 145 141 146
-1.4461495876312256 -1.848865032196045 5.430605411529541 109 109 119
-1.4461495876312256 -1.848865032196045 5.430605411529541 109 109 119
-1.423467993736267 -1.6353890895843506 5.3446197509765625 18 23 39
-1.4037268161773682 -1.4468212127685547 5.275839805603027 25 23 40
-1.4037268161773682 -1.4468212127685547 5.275839805603027 25 23 40
-1.4037268161773682 -1.4468212127685547 5.275839805603027 25 23 40
-1.4333463907241821 -1.7152477502822876 5.397452354431152 28 30 51
-1.4433561563491821 -0.9996166825294495 5.450883865356445 149 148 153
-1.4269325733184814 -1.6973235607147217 5.393266677856445 142 142 151
-1.4364054203033447 -0.9941472411155701 5.434819221496582 148 150 153
-1.4261144399642944 -1.8934056758880615 5.405317306518555 108 107 121
-1.4149991273880005 -1.6397193670272827 5.362265110015869 133 134 148
-1.4149991273880005 -1.6397193670272827 5.362265110015869 133 134 148
-1.4324361085891724 -1.8462437391281128 5.436986446380615 19 22 39
-1.3869926929473877 -1.4589412212371826 5.269225120544434 119 119 126
-1.4109184741973877 -1.6212153434753418 5.361879348754883 34 31 48
-1.372539758682251 -1.3836538791656494 5.222031116485596 130 125 131
-1.4094579219818115 -1.6034317016601562 5.36427116394043 151 144 157
-1.3850021362304688 -1.4840106964111328 5.278983116149902 95 92 104
-1.4289370775222778 -0.9757300019264221 5.448916435241699 65 69 83
-1.4196677207946777 -1.880716323852539 5.418697357177734 33 35 56
-1.4624762535095215 -1.1022611856460571 5.578665733337402 105 97 103
-1.3766849040985107 -1.4498528242111206 5.274746417999268 27 27 48
-1.3766849040985107 -1.4498528242111206 5.274746417999268 27 27 48
-1.4095754623413086 -1.6862576007843018 5.404417991638184 139 136 145
-1.4095754623413086 -1.6862576007843018 5.404417991638184 139 136 145
-1.4135793447494507 -1.8643279075622559 5.4241766929626465 117 117 129
-1.400006890296936 -1.6236011981964111 5.374979019165039 142 137 144
-1.3749449253082275 -1.4741294384002686 5.2801713943481445 36 39 58
-1.3749449253082275 -1.4741294384002686 5.2801713943481445 36 39 58
-1.4073659181594849 -1.8865914344787598 5.418823719024658 117 115 126
-1.3566945791244507 -1.384610652923584 5.2332868576049805 34 33 48
-1.3566945791244507 -1.384610652923584 5.2332868576049805 34 33 48
-1.4069304466247559 -1.8508368730545044 5.437220096588135 32 36 58
-1.4172378778457642 -0.9511393308639526 5.476928234100342 61 68 82
-1.4172378778457642 -0.9511393308639526 5.476928234100342 61 68 82
-1.4038023948669434 -1.7342835664749146 5.4289140701293945 25 27 37
-1.4038023948669434 -1.7342835664749146 5.4289140701293945 25 27 37
-1.4017374515533447 -1.8733065128326416 5.431222915649414 30 30 40
-1.3623487949371338 -1.4613627195358276 5.275592803955078 138 137 146
-1.3623487949371338 -1.4613627195358276 5.275592803955078 138 137 146
-1.3623487949371338 -1.4613627195358276 5.275592803955078 138 137 146
-1.4079383611679077 -1.8012264966964722 5.472250938415527 20 23 39
-1.438101053237915 -1.0856236219406128 5.586554050445557 66 56 58
-1.4076474905014038 -0.9414997100830078 5.487193584442139 163 162 166
-1.384313941001892 -1.8570938110351562 5.404247760772705 103 101 115
-1.347337007522583 -1.2343158721923828 5.256767749786377 129 120 124
-1.4140413999557495 -0.9144448637962341 5.521327018737793 53 72 96
-1.3504995107650757 -1.4507375955581665 5.278745651245117 29 30 49
-1.3504995107650757 -1.4507375955581665 5.278745651245117 29 30 49
-1.395379900932312 -1.8232225179672241 5.462234973907471 19 24 45
-1.370031714439392 -0.8210393190383911 5.361330032348633 146 147 153
-1.3391966819763184 -1.3696808815002441 5.241683483123779 21 18 29
-1.3896770477294922 -1.844801664352417 5.451611518859863 34 37 52
-1.3896770477294922 -1.844801664352417 5.451611518859863 34 37 52
-1.390052318572998 -1.8085122108459473 5.472329616546631 130 129 136
-1.341115117073059 -1.414937138557434 5.281764984130859 132 130 141
-1.3844636678695679 -1.5964089632034302 5.459896564483643 29 31 51
-1.3395339250564575 -1.4387325048446655 5.282328128814697 156 153 162
-1.3395339250564575 -1.4387325048446655 5.282328128814697 156 153 162
-1.3910465240478516 -1.7716037034988403 5.4908976554870605 14 16 30
-1.3382867574691772 -1.4585916996002197 5.280601501464844 146 145 155
-1.3989371061325073 -0.9150837063789368 5.526836395263672 155 154 159
-1.3800456523895264 -1.7910020351409912 5.4753265380859375 36 38 51
-1.378096342086792 -1.8164645433425903 5.477875232696533 27 26 46
-1.378096342086792 -1.8164645433425903 5.477875232696533 27 26 46
-1.3285408020019531 -1.4273697137832642 5.288844108581543 28 31 58
-1.3787412643432617 -1.7800954580307007 5.496901512145996 128 122 135
-1.3795675039291382 -1.22163724899292 5.498138427734375 95 57 66
-1.3893346786499023 -0.9381378293037415 5.544808864593506 164 159 163
-1.3146682977676392 -1.4140809774398804 5.287143707275391 147 144 156
-1.3146682977676392 -1.4140809774398804 5.287143707275391 147 144 156
-1.3150265216827393 -1.4363504648208618 5.292844295501709 151 150 157
-1.4345964193344116 -1.0857490301132202 5.776379585266113 155 147 145
-1.374404788017273 -0.8136139512062073 5.534750938415527 115 115 125
-1.363825798034668 -1.812611699104309 5.500733852386475 34 35 61
-1.3665910959243774 -1.7522245645523071 5.525599479675293 137 138 146
-1.3834383487701416 -1.2966022491455078 5.5958733558654785 115 96 98
-1.4089347124099731 -1.1165837049484253 5.702022075653076 138 128 124
-1.3876129388809204 -1.6791973114013672 5.621682167053223 31 29 41
-1.3049033880233765 -1.4043290615081787 5.291986465454102 34 34 64
-1.3587912321090698 -1.7991989850997925 5.514438152313232 128 128 141
-1.3587912321090698 -1.7991989850997925 5.514438152313232 128 128 141
-1.361230731010437 -1.7381364107131958 5.542034149169922 22 21 37
-1.2951244115829468 -1.3826355934143066 5.273074150085449 142 144 149
-1.3545981645584106 -1.7857555150985718 5.524196624755859 25 27 42
-1.3545981645584106 -1.7857555150985718 5.524196624755859 25 27 42
-1.327419400215149 -1.468098521232605 5.411259651184082 96 100 113
-1.3953144550323486 -1.0940449237823486 5.720696449279785 153 138 138
-1.4549174308776855 0.5735060572624207 5.97954797744751 147 138 121
-1.2974071502685547 -1.3640358448028564 5.328000545501709 33 22 29
-1.357027292251587 -1.6903619766235352 5.580381870269775 27 26 40
-1.357027292251587 -1.6903619766235352 5.580381870269775 27 26 40
-1.3659253120422363 -1.6641961336135864 5.621031761169434 89 89 100
-1.2819174528121948 -1.3856409788131714 5.284769535064697 27 32 51
-1.3440203666687012 -1.7835445404052734 5.551454544067383 38 41 59
-1.3440203666687012 -1.7835445404052734 5.551454544067383 38 41 59
-1.3637330532073975 -0.8978886008262634 5.641790390014648 42 48 63
-1.3439629077911377 -1.7589703798294067 5.576789379119873 27 31 48
-1.2696059942245483 -1.389527440071106 5.2996954917907715 158 161 167
-1.331507682800293 -1.7797670364379883 5.572687149047852 24 26 47
-1.377371907234192 -1.1229699850082397 5.766067028045654 157 148 151
-1.377371907234192 -1.1229699850082397 5.766067028045654 157 148 151
-1.3798832893371582 -1.0492489337921143 5.785148620605469 61 66 77
-1.331039547920227 -1.7675305604934692 5.58830451965332 128 127 134
-1.331039547920227 -1.7675305604934692 5.58830451965332 128 127 134
-1.3398354053497314 -1.7301814556121826 5.62869930267334 40 38 60
-1.3398354053497314 -1.7301814556121826 5.62869930267334 40 38 60
-1.367470145225525 -1.0907541513442993 5.744049549102783 140 128 130
-1.3742116689682007 -1.062575340270996 5.799749851226807 144 144 150
-1.3434308767318726 -1.1626642942428589 5.701796531677246 130 124 135
-1.3635090589523315 -1.0166653394699097 5.789792537689209 145 142 143
-1.3182684183120728 -1.7621004581451416 5.608642578125 130 127 134
-1.333854079246521 -1.3208612203598022 5.671744346618652 120 105 106
-1.3558323383331299 -0.9976776838302612 5.795709133148193 162 158 160
-1.32574462890625 -1.338891625404358 5.686529159545898 95 79 88
-1.246405005455017 -1.3601126670837402 5.351120471954346 34 25 30
-1.3205461502075195 -1.244491457939148 5.702265739440918 56 68 92
-1.3383572101593018 -1.0024867057800293 5.780678749084473 64 72 83
-1.3307631015777588 -1.1760584115982056 5.7496538162231445 150 141 149
-1.3356812000274658 -1.0656343698501587 5.7974982261657715 148 146 148
-1.3211787939071655 -1.2002631425857544 5.734976291656494 145 142 153
-1.3328150510787964 -1.0183603763580322 5.791165351867676 148 145 143
-1.3328150510787964 -1.0183603763580322 5.791165351867676 148 145 143
-1.3357831239700317 -0.9789748787879944 5.806087493896484 147 147 149
-1.3104102611541748 -1.327228307723999 5.699124813079834 130 115 123
-1.3330360651016235 -0.8980216979980469 5.8080267906188965 151 147 150
-1.3330360651016235 -0.8980216979980469 5.8080267906188965 151 147 150
-1.3034714460372925 -1.296763300895691 5.694355487823486 143 130 135
-1.3188189268112183 -1.1429563760757446 5.762013912200928 126 125 130
-1.3036683797836304 -1.2419930696487427 5.710282802581787 141 135 143
-1.3036683797836304 -1.2419930696487427 5.710282802581787 141 135 143
-1.305344820022583 -1.1226730346679688 5.7490057945251465 85 61 64
-1.294006109237671 -1.3160468339920044 5.711651802062988 86 59 61
-1.2915924787521362 -1.28471839427948 5.710813522338867 60 33 51
-1.3127480745315552 -0.9770486950874329 5.831390380859375 153 152 154
-1.2802929878234863 -1.296338677406311 5.708596229553223 136 121 126
-1.305923342704773 -0.9960728287696838 5.826041221618652 67 81 95
-1.305923342704773 -0.9960728287696838 5.826041221618652 67 81 95
-1.2977583408355713 -0.9870964884757996 5.826990127563477 74 81 98
-1.3145571947097778 -1.0908894538879395 5.913364887237549 38 32 40
-1.2682340145111084 -1.3021045923233032 5.723374843597412 85 55 60
-1.2822123765945435 -1.1155810356140137 5.824934005737305 134 122 129
-1.2822123765945435 -1.1155810356140137 5.824934005737305 134 122 129
-1.2879304885864258 -0.9887789487838745 5.859128952026367 151 148 149
-1.2818554639816284 -1.0140396356582642 5.858377456665039 66 69 80
-1.2576767206192017 -1.2604594230651855 5.777455806732178 52 62 89
-1.2834595441818237 -0.8879057168960571 5.920616149902344 63 65 75
-1.247809886932373 -1.3136526346206665 5.7795023918151855 90 57 63
-1.2338675260543823 -1.2933863401412964 5.768554210662842 146 136 136
-1.2338675260543823 -1.2933863401412964 5.768554210662842 146 136 136
-1.2498366832733154 -0.8877963423728943 5.950788974761963 100 98 101
-1.2351431846618652 -0.9531655311584473 5.93540620803833 153 150 152
-1.239366054534912 -1.0016745328903198 5.971724987030029 54 57 64
-1.239366054534912 -1.0016745328903198 5.971724987030029 54 57 64
-1.2100088596343994 -1.309356927871704 5.882241249084473 152 139 142
-1.2100088596343994 -1.309356927871704 5.882241249084473 152 139 142
-1.157573938369751 -1.6788578033447266 5.647365093231201 19 17 18
-1.2066980600357056 -1.3707003593444824 5.883959770202637 122 105 111
-1.222846508026123 -0.9060125946998596 5.986593723297119 143 143 144
-1.1738437414169312 -1.5074774026870728 5.778571128845215 8 4 8
-1.147971749305725 -1.6565775871276855 5.661254405975342 24 22 26
-1.147971749305725 -1.6565775871276855 5.661254405975342 24 22 26
-1.176749587059021 -1.5014005899429321 5.804374694824219 14 9 13
-1.217995047569275 -0.8702479004859924 6.005755424499512 159 154 158
-1.1497645378112793 -1.6086387634277344 5.677318572998047 26 23 22
-1.2050732374191284 -0.9442518949508667 5.968339920043945 159 157 162
-1.1874380111694336 -1.363992691040039 5.901121616363525 132 120 128
-1.2084861993789673 -0.8947749733924866 6.004347801208496 59 88 124
-1.2030446529388428 -1.0064411163330078 5.997808456420898 56 77 104
-1.2030446529388428 -1.0064411163330078 5.997808456420898 56 77 104
-1.215606927871704 -1.083073377609253 6.075031280517578 37 41 52
-1.174338459968567 -1.3395743370056152 5.905304431915283 142 131 132
-1.174338459968567 -1.3395743370056152 5.905304431915283 142 131 132
-1.122572898864746 -1.6158331632614136 5.716946125030518 20 13 17
-1.1745874881744385 -0.9690182209014893 5.985109329223633 70 77 90
-1.120132565498352 -1.623530626296997 5.7140212059021 32 22 20
-1.113511562347412 -1.6836528778076172 5.700748443603516 18 17 21
-1.1748188734054565 -1.1065425872802734 6.025381565093994 138 126 127
-1.1748188734054565 -1.1065425872802734 6.025381565093994 138 126 127
-1.1044307947158813 -1.690988302230835 5.697127819061279 13 11 14
-1.1044307947158813 -1.690988302230835 5.697127819061279 13 11 14
-1.1311836242675781 -1.4810124635696411 5.857862949371338 101 82 82
-1.1588023900985718 -1.0185695886611938 6.0007805824279785 149 147 148
-1.1626893281936646 -0.9003721475601196 6.045085430145264 68 76 89
-1.1626893281936646 -0.9003721475601196 6.045085430145264 68 76 89
-1.1539000272750854 -0.9071958065032959 6.04533576965332 78 84 98
-1.1099745035171509 -1.4849697351455688 5.821967124938965 17 8 13
-1.1473950147628784 -0.9393912553787231 6.047183036804199 159 156 158
-1.143933653831482 -0.885199785232544 6.041909217834473 167 165 170
-1.1416155099868774 -1.109634280204773 6.111135005950928 82 77 82
-1.1323567628860474 -0.9897095561027527 6.064477920532227 54 79 110
-1.1233502626419067 -1.047630786895752 6.081470966339111 153 151 158
-1.1192089319229126 -1.0110286474227905 6.087027072906494 162 161 159
-1.146140217781067 -1.3392786979675293 6.239831447601318 51 69 100
-1.146140217781067 -1.3392786979675293 6.239831447601318 51 69 100
-1.1080172061920166 -0.9403191208839417 6.090574741363525 152 151 153
-1.1064162254333496 -1.0093064308166504 6.102737903594971 58 72 88
-1.1064162254333496 -1.0093064308166504 6.102737903594971 58 72 88
-1.1031616926193237 -0.9617295265197754 6.089144229888916 64 76 97
-1.1016587018966675 -0.9206502437591553 6.091861724853516 62 79 113
-1.0948243141174316 -1.1451090574264526 6.074061393737793 143 133 132
-1.1047570705413818 -1.100818395614624 6.171162128448486 153 151 155
-1.080010175704956 -1.4045122861862183 6.053793907165527 120 106 105
-1.0897024869918823 -0.8980680704116821 6.118181228637695 159 158 157
-1.083052396774292 -0.9663845896720886 6.110010623931885 167 163 162
-1.0801752805709839 -0.9262842535972595 6.103389263153076 165 164 176
-1.0849239826202393 -1.1930128335952759 6.145237922668457 150 142 144
-1.0765724182128906 -0.992506206035614 6.146666526794434 162 160 159
-1.0548158884048462 -1.3963227272033691 6.047726154327393 137 127 129
-1.0481775999069214 -0.9399374723434448 6.125992774963379 167 165 167
-1.0481775999069214 -0.9399374723434448 6.125992774963379 167 165 167
-1.0497769117355347 -0.9771550297737122 6.14063835144043 163 160 161
-1.0233917236328125 -1.3268990516662598 6.057906627655029 89 58 63
-1.0264980792999268 -1.2959235906600952 6.114285469055176 141 143 156
-1.0198280811309814 -0.9657554030418396 6.172608375549316 165 168 162
-1.0108915567398071 -1.4350810050964355 6.150145053863525 112 79 86
-1.0142549276351929 -0.9822970628738403 6.188635349273682 68 80 100
-1.007002592086792 -0.9944336414337158 6.215029239654541 159 155 158
-0.9989690780639648 -1.3460288047790527 6.175037860870361 140 123 129
-0.9989477396011353 -0.9477659463882446 6.224174976348877 162 161 157
-0.9870088696479797 -1.4736827611923218 6.213751316070557 25 12 17
-0.9907172322273254 -0.9803736805915833 6.2327375411987305 64 82 105
-0.9937685132026672 -1.3565008640289307 6.266021728515625 126 108 111
-0.9966315031051636 -1.0129977464675903 6.282598495483398 140 136 144
-0.9864883422851562 -1.3439700603485107 6.267084121704102 44 31 30
-0.9816068410873413 -1.375748872756958 6.239397048950195 138 115 123
-0.979083776473999 -0.9559930562973022 6.230048179626465 67 81 108
-0.9737425446510315 -0.9171980023384094 6.220907211303711 154 153 159
-0.967943012714386 -1.3968725204467773 6.225711345672607 138 125 126
-0.9564500451087952 -1.4679239988327026 6.220157623291016 22 13 16
-0.9455363154411316 -1.5788692235946655 6.211336135864258 99 80 77
-0.9455363154411316 -1.5788692235946655 6.211336135864258 99 80 77
-0.9313634634017944 -0.895058274269104 6.272633075714111 25 17 18
-0.9302194118499756 -0.9160902500152588 6.274247169494629 166 162 162
-0.8660719990730286 -1.4785676002502441 6.203092098236084 29 19 18
-0.8258684277534485 -0.8927720785140991 6.471118450164795 32 19 17
-0.8258684277534485 -0.8927720785140991 6.471118450164795 32 19 17
-0.7511356472969055 -2.647861957550049 8.90379524230957 40 31 37
-0.7511356472969055 -2.647861957550049 8.90379524230957 40 31 37
-0.6319283246994019 -2.3989453315734863 8.173089027404785 39 30 35
0.024555623531341553 1.3382230997085571 9.446032524108887 33 27 15
0.024555623531341553 1.3382230997085571 9.446032524108887 33 27 15
0.08192558586597443 4.52569580078125 18.692201614379883 138 132 107
0.05059816315770149 1.0177536010742188 10.343236923217773 130 119 97
0.10583286732435226 1.3548084497451782 9.282742500305176 33 30 19
0.32940658926963806 1.3196139335632324 9.84337329864502 90 81 67
0.45082733035087585 1.3275744915008545 9.137063026428223 51 48 46
0.45082733035087585 1.3275744915008545 9.137063026428223 51 48 46
1.091288685798645 6.3085551261901855 22.445579528808594 97 91 81
0.5182567834854126 1.1999976634979248 9.328417778015137 13 11 14
0.5810097455978394 1.128713846206665 9.220337867736816 85 69 47
0.6504170894622803 0.6897209882736206 10.2227144241333 19 11 9
0.7127591967582703 1.3849122524261475 9.075305938720703 78 78 73
0.7127591967582703 1.3849122524261475 9.075305938720703 78 78 73
0.641913890838623 1.5011671781539917 7.926695346832275 43 35 22
1.664360523223877 4.420392036437988 19.26095962524414 130 115 83
0.8014455437660217 1.1824973821640015 9.161145210266113 96 82 61
0.7637907862663269 1.5135176181793213 8.44003963470459 35 30 18
0.6913527250289917 1.4821436405181885 7.471371173858643 32 27 11
0.8217053413391113 1.51423180103302 8.542512893676758 25 23 14
0.7712094187736511 1.4854453802108765 7.6042680740356445 34 30 18
0.9834619164466858 1.1044374704360962 9.447637557983398 50 47 35
0.9485867023468018 1.4610167741775513 8.993940353393555 10 8 8
0.972427248954773 1.4422247409820557 9.04716682434082 66 66 62
0.9810335636138916 1.486402988433838 9.03809928894043 10 8 3
1.0484684705734253 1.2384693622589111 9.14934253692627 76 62 36
0.854404628276825 1.4867199659347534 6.477624416351318 40 38 26
1.2939622402191162 1.1077566146850586 9.490435600280762 80 71 66
1.2607768774032593 1.5117573738098145 8.979791641235352 5 4 0
1.2831275463104248 1.5120017528533936 8.944902420043945 8 9 7
1.018794298171997 1.5206935405731201 6.707533359527588 30 22 10
1.018794298171997 1.5206935405731201 6.707533359527588 30 22 10
1.017730951309204 1.5783833265304565 6.6580352783203125 113 105 85
1.2248748540878296 1.5237656831741333 8.019123077392578 84 78 59
1.0352699756622314 1.5312824249267578 6.724020481109619 127 120 102
1.0559632778167725 1.538732886314392 6.761437892913818 21 18 10
1.0615135431289673 1.52402663230896 6.782954216003418 127 114 99
1.0505115985870361 1.590680480003357 6.702829837799072 24 22 27
0.972456693649292 1.547115445137024 6.194779396057129 63 47 53
1.134588599205017 1.5058798789978027 6.924093723297119 120 109 84
1.1276110410690308 1.5821800231933594 6.853016376495361 109 103 96
1.145784854888916 1.4855930805206299 6.964196681976318 42 35 20
1.0620524883270264 1.5526705980300903 6.387433052062988 134 83 88
1.1777087450027466 1.4864357709884644 7.079415321350098 110 99 69
0.7666261792182922 1.4667588472366333 4.496633052825928 35 51 59
1.6185795068740845 1.169671654701233 9.428275108337402 86 78 64
1.61167573928833 1.1399799585342407 9.277288436889648 95 90 73
1.4789636135101318 1.5086543560028076 8.49404239654541 28 24 10
0.8234893083572388 1.3492696285247803 4.698709487915039 37 39 44
0.801548421382904 1.4125564098358154 4.557486534118652 176 181 180
1.2766828536987305 1.4899249076843262 7.246152877807617 83 79 53
1.5652703046798706 1.4333114624023438 8.770740509033203 45 44 40
0.896542489528656 1.623684287071228 5.026670932769775 78 92 90
1.2980692386627197 1.4953608512878418 7.217975616455078 35 27 10
1.3132708072662354 1.4953573942184448 7.284934997558594 127 112 96
1.2008308172225952 1.5433481931686401 6.651555061340332 115 82 79
1.4929836988449097 1.5165241956710815 8.266758918762207 79 72 55
0.8244719505310059 1.404443383216858 4.545063018798828 61 80 85
1.3070374727249146 1.548767328262329 7.182845115661621 22 20 10
1.3255623579025269 1.5261552333831787 7.259878158569336 93 90 74
0.8382768034934998 1.3969367742538452 4.558295726776123 45 61 60
1.3422666788101196 1.5133219957351685 7.287600517272949 24 22 9
1.3422666788101196 1.5133219957351685 7.287600517272949 24 22 9
1.3409820795059204 1.558241844177246 7.241040229797363 79 76 65
1.3409820795059204 1.558241844177246 7.241040229797363 79 76 65
1.5799936056137085 1.5149846076965332 8.467767715454102 29 26 21
1.3441208600997925 1.5676498413085938 7.179535865783691 31 34 41
1.3441208600997925 1.5676498413085938 7.179535865783691 31 34 41
1.1649096012115479 1.566744327545166 6.169949054718018 128 90 92
1.2094389200210571 1.5682258605957031 6.207243919372559 53 51 53
1.7044451236724854 1.4123454093933105 8.741170883178711 38 37 32
0.9407023191452026 1.3882393836975098 4.778392791748047 87 101 108
0.9398406147956848 1.4094382524490356 4.727540016174316 149 153 155
0.9398406147956848 1.4094382524490356 4.727540016174316 149 153 155
1.761904239654541 1.5251750946044922 8.85436725616455 9 9 6
1.3383619785308838 1.5758953094482422 6.688059329986572 41 45 53
1.5586273670196533 1.4986884593963623 7.748899459838867 31 25 12
0.9491379261016846 1.4110058546066284 4.697847366333008 65 83 88
0.9013127684593201 1.4546923637390137 4.429521560668945 167 170 168
1.7804793119430542 1.4627665281295776 8.779366493225098 72 68 65
0.9051738977432251 1.454451322555542 4.408881664276123 59 84 89
1.5825045108795166 1.564674735069275 7.649600982666016 115 98 83
0.9273185729980469 1.4420822858810425 4.46981143951416 177 179 177
1.2953217029571533 1.5824788808822632 6.2387237548828125 124 95 92
0.9170910716056824 1.437281847000122 4.407085418701172 84 102 110
1.927804708480835 1.2401313781738281 9.288890838623047 85 79 61
1.5744608640670776 1.5935239791870117 7.55630350112915 42 36 35
1.708937644958496 1.5046604871749878 8.187966346740723 103 94 76
1.637976050376892 1.5136218070983887 7.831636905670166 22 15 6
0.9397401213645935 1.4290611743927002 4.473911285400391 176 177 175
1.6311662197113037 1.554560661315918 7.740208625793457 22 19 12
0.9286391139030457 1.4742439985275269 4.392056941986084 24 32 36
0.8042132258415222 2.7173428535461426 3.7921290397644043 84 77 61
1.6638567447662354 1.5422849655151367 7.856982231140137 26 26 19
0.8143436312675476 2.716590404510498 3.8227694034576416 155 148 136
1.5438380241394043 1.549570918083191 7.265876770019531 116 68 66
0.9418565034866333 1.453776240348816 4.396912574768066 24 40 45
0.9643348455429077 1.4322082996368408 4.4607253074646 176 177 176
0.9550987482070923 1.4594709873199463 4.385723114013672 69 88 89
0.9620232582092285 1.4353270530700684 4.398294448852539 52 65 71
0.9678344130516052 1.4423675537109375 4.391211986541748 88 105 113
0.9678344130516052 1.4423675537109375 4.391211986541748 88 105 113
2.0592386722564697 1.3425757884979248 9.354743957519531 90 83 71
0.9927595853805542 1.431666612625122 4.430266380310059 92 110 119
0.9923120141029358 1.4299429655075073 4.426166534423828 92 110 119
1.8573548793792725 1.5192015171051025 8.284708023071289 134 117 98
1.814902424812317 1.623548984527588 8.091938018798828 39 33 28
1.1099531650543213 1.3976236581802368 4.906311511993408 32 43 44
2.2024662494659424 1.3451619148254395 9.592988014221191 12 10 11
1.936367154121399 1.5047659873962402 8.400879859924316 16 13 5
1.0004128217697144 1.6017987728118896 4.303759574890137 48 68 93
2.22007155418396 1.4039796590805054 9.495124816894531 10 8 9
1.5175868272781372 1.6044636964797974 6.463101863861084 51 44 55
1.9753772020339966 1.580180048942566 8.372936248779297 23 20 15
1.9753772020339966 1.580180048942566 8.372936248779297 23 20 15
2.31839656829834 1.3213114738464355 9.804000854492188 67 56 43
1.635928988456726 1.5934078693389893 6.886501789093018 129 95 90
2.0018131732940674 1.596677303314209 8.411320686340332 89 81 63
2.4303367137908936 1.196877360343933 10.104355812072754 7 5 1
1.0118781328201294 1.79331374168396 4.170013904571533 4 1 6
2.427053689956665 1.2637150287628174 10.049737930297852 60 55 50
1.0151094198226929 1.7828130722045898 4.176279544830322 63 76 82
2.4474806785583496 1.2182098627090454 10.102494239807129 80 72 72
2.238957405090332 1.499243974685669 8.98508071899414 78 72 52
1.7662967443466187 1.6217575073242188 7.045913219451904 119 76 71
1.7662967443466187 1.6217575073242188 7.045913219451904 119 76 71
1.0954574346542358 1.4381134510040283 4.359722137451172 66 71 75
2.2508723735809326 1.5498015880584717 8.934660911560059 30 24 11
2.3536345958709717 1.4872089624404907 9.345884323120117 83 77 69
1.5742501020431519 1.6116770505905151 6.210603713989258 107 87 82
1.7489033937454224 1.6065902709960938 6.873222827911377 47 37 48
1.0117968320846558 2.7278265953063965 3.9339077472686768 150 142 131
2.3459272384643555 1.5235790014266968 9.11823844909668 109 99 92
2.166870355606079 1.5926777124404907 8.343966484069824 37 33 27
1.1294416189193726 1.4437230825424194 4.295730113983154 35 43 50
1.1294416189193726 1.4437230825424194 4.295730113983154 35 43 50
2.471634864807129 1.4851607084274292 9.416409492492676 44 40 31
1.1320366859436035 1.4501100778579712 4.2847747802734375 78 98 107
1.5724222660064697 1.6190015077590942 5.923173904418945 134 120 99
1.280600666999817 1.4194555282592773 4.821755886077881 22 28 34
1.2991174459457397 1.4129117727279663 4.882423400878906 161 162 159
1.0710235834121704 2.724838972091675 4.012663841247559 152 149 134
1.146217942237854 1.4389503002166748 4.299321174621582 98 114 127
2.5413146018981934 1.5231081247329712 9.528820991516113 106 97 83
2.575377941131592 1.4794801473617554 9.594497680664062 105 97 87
2.5814719200134277 1.476620078086853 9.61440658569336 103 95 85
1.1827138662338257 1.4397550821304321 4.370832443237305 91 106 113
1.1421167850494385 2.7291412353515625 4.194622993469238 151 146 135
1.0576515197753906 2.733471632003784 3.8611021041870117 99 87 69
2.6445558071136475 1.5329920053482056 9.611024856567383 26 22 10
1.1795449256896973 1.4294065237045288 4.2714033126831055 174 176 175
1.1771154403686523 1.4525421857833862 4.251893043518066 29 42 60
1.6727697849273682 1.6285523176193237 6.020138263702393 46 53 62
1.2014907598495483 1.429267406463623 4.283075332641602 101 118 116
1.1857554912567139 1.6183491945266724 4.207561016082764 139 97 113
1.1857554912567139 1.6183491945266724 4.207561016082764 139 97 113
1.1857554912567139 1.6183491945266724 4.207561016082764 139 97 113
2.3967771530151367 1.5937964916229248 8.504944801330566 42 37 36
1.1925055980682373 1.617340087890625 4.220685005187988 62 43 61
1.1996630430221558 1.4497450590133667 4.245548725128174 38 50 53
1.2393850088119507 2.7291595935821533 4.347160339355469 29 23 12
1.2087018489837646 1.6152007579803467 4.220248699188232 120 83 93
2.1235358715057373 1.6221411228179932 7.3618011474609375 44 38 42
1.2259702682495117 1.4531837701797485 4.226002216339111 90 101 111
1.1775044202804565 2.7318365573883057 4.044583320617676 100 93 75
1.1089521646499634 2.745131492614746 3.8212666511535645 139 132 116
1.1089521646499634 2.745131492614746 3.8212666511535645 139 132 116
2.8125522136688232 1.508162498474121 9.652862548828125 15 10 7
2.1545872688293457 1.6301703453063965 7.366491317749023 39 38 45
1.7326308488845825 1.6000614166259766 5.773158550262451 137 93 77
1.2360448837280273 1.774929165840149 4.08988618850708 85 104 113
1.2712126970291138 1.435392141342163 4.197627544403076 44 58 58
1.763633370399475 1.594778299331665 5.813264846801758 35 34 42
1.2533234357833862 1.776658296585083 4.118844985961914 43 59 82
1.2432281970977783 2.7368438243865967 4.072671413421631 162 155 140
1.2432281970977783 2.7368438243865967 4.072671413421631 162 155 140
2.6720669269561768 1.4612438678741455 8.757683753967285 134 127 113
1.1760889291763306 2.7502124309539795 3.8290369510650635 146 139 122
2.3189196586608887 1.6610946655273438 7.517124652862549 38 31 26
1.2923082113265991 1.4329160451889038 4.18716287612915 47 63 69
1.7786550521850586 1.617557406425476 5.727251052856445 57 51 58
1.305566430091858 2.7395577430725098 4.179279327392578 139 134 116
2.6604323387145996 1.6004122495651245 8.519808769226074 83 57 59
2.675704002380371 1.6192986965179443 8.549225807189941 86 62 61
2.675704002380371 1.6192986965179443 8.549225807189941 86 62 61
2.2133729457855225 1.6644335985183716 7.0599894523620605 48 43 44
1.3171119689941406 1.4324287176132202 4.178799152374268 34 48 48
1.2269209623336792 2.749511957168579 3.8876140117645264 83 74 56
1.3316627740859985 1.4224025011062622 4.199113845825195 62 82 91
1.3424723148345947 1.5423580408096313 4.208972454071045 31 34 38
1.2299097776412964 2.75311279296875 3.8613595962524414 131 124 106
1.514435887336731 1.447789192199707 4.7429585456848145 8 18 18
1.3585251569747925 1.4227750301361084 4.251230716705322 100 119 126
1.9326225519180298 1.6475450992584229 5.966733932495117 62 56 69
1.36886465549469 2.746955633163452 4.20720911026001 136 131 115
1.4073801040649414 1.3957778215408325 4.3108906745910645 53 58 63
1.8607234954833984 1.636904239654541 5.679862976074219 72 65 72
1.3627619743347168 1.4372930526733398 4.1628265380859375 17 25 31
1.9157588481903076 1.6550766229629517 5.823970317840576 120 102 82
1.397225022315979 1.4190928936004639 4.247347354888916 88 111 113
1.3777581453323364 1.4314016103744507 4.18674373626709 35 44 49
1.4045522212982178 1.4258754253387451 4.226994514465332 54 65 70
2.8349809646606445 1.5797741413116455 8.524508476257324 20 21 21
2.826519250869751 1.6226707696914673 8.486124038696289 141 123 99
1.338437557220459 2.7510697841644287 4.014521598815918 146 138 124
2.0470519065856934 1.6598647832870483 6.123295783996582 57 57 58
1.3422337770462036 2.756544828414917 4.0071282386779785 79 72 54
2.8584845066070557 1.6859005689620972 8.528755187988281 22 19 13
1.9652577638626099 1.6518065929412842 5.802408218383789 143 132 111
1.3868342638015747 2.7542121410369873 4.084311008453369 97 90 70
2.9073781967163086 1.64698326587677 8.549631118774414 34 29 30
2.9073781967163086 1.64698326587677 8.549631118774414 34 29 30
2.1216256618499756 1.669219970703125 6.22709321975708 52 52 49
2.9066810607910156 1.5788936614990234 8.521685600280762 40 19 19
1.405783772468567 2.7500405311584473 4.106608867645264 84 77 61
1.439636468887329 2.7538058757781982 4.202558517456055 126 118 107
1.5410170555114746 1.4036452770233154 4.481410980224609 92 108 109
1.3978948593139648 1.705541729927063 4.064337730407715 15 22 30
2.923422336578369 1.5726993083953857 8.485005378723145 30 16 11
2.5388858318328857 1.7290467023849487 7.350791931152344 46 45 47
2.98443865776062 1.5331192016601562 8.637768745422363 43 37 34
1.3251999616622925 2.7686073780059814 3.8400936126708984 150 142 128
1.3380473852157593 2.76674222946167 3.8554680347442627 145 138 122
1.414259910583496 1.6541465520858765 4.068165302276611 24 36 55
1.5030529499053955 1.414170742034912 4.313124656677246 25 29 30
1.5030529499053955 1.414170742034912 4.313124656677246 25 29 30
1.5305417776107788 1.401123046875 4.3906965255737305 24 28 34
1.5409883260726929 1.3796526193618774 4.424590587615967 169 171 168
1.423343539237976 1.6718528270721436 4.083393573760986 89 103 103
1.4225674867630005 1.6930689811706543 4.074325084686279 22 31 24
3.0433433055877686 1.5385863780975342 8.699753761291504 39 32 23
1.4155948162078857 1.7734781503677368 4.032214164733887 173 159 87
3.032224655151367 1.5496796369552612 8.60558795928955 85 55 40
3.0574135780334473 1.534071922302246 8.673340797424316 133 118 87
3.0574135780334473 1.534071922302246 8.673340797424316 133 118 87
3.062533378601074 1.5192285776138306 8.668840408325195 139 123 88
2.193742036819458 1.6669107675552368 6.194556713104248 151 146 126
1.429994821548462 1.7272099256515503 4.044824123382568 93 99 95
1.3588238954544067 2.772449016571045 3.840827703475952 137 130 114
3.0330348014831543 1.5164580345153809 8.542723655700684 41 33 24
1.5323714017868042 2.755803108215332 4.305232524871826 81 73 59
1.5978546142578125 1.3995885848999023 4.479614734649658 52 67 70
1.453773021697998 1.7042156457901 4.0557732582092285 163 161 105
3.057344436645508 1.7428711652755737 8.503623008728027 20 21 29
1.4491461515426636 1.7149854898452759 4.032506942749023 80 97 78
1.6126041412353516 1.5385926961898804 4.476468563079834 27 31 33
2.292142152786255 1.6986629962921143 6.354818344116211 130 131 117
1.4571490287780762 1.7424849271774292 4.025461673736572 87 61 74
1.7056081295013428 1.3594717979431152 4.681614875793457 162 167 171
2.7462990283966064 1.759222388267517 7.4661078453063965 113 88 83
2.745051622390747 1.7539210319519043 7.305817604064941 50 37 37
2.4372029304504395 1.7037931680679321 6.40740966796875 90 85 91
2.6457605361938477 1.7390971183776855 6.862924575805664 112 81 82
1.5394221544265747 1.79238760471344 4.0003156661987305 3 3 4
1.554904818534851 1.7754038572311401 4.002251625061035 51 63 85
3.1757378578186035 1.79509699344635 8.153573989868164 117 101 97
3.1757378578186035 1.79509699344635 8.153573989868164 117 101 97
1.562644600868225 2.7838988304138184 4.02202844619751 92 84 63
1.8783001899719238 1.637830138206482 4.803888320922852 79 91 88
2.1296892166137695 1.6619654893875122 5.436206340789795 45 59 59
2.7719123363494873 1.7617508172988892 7.053335666656494 47 45 51
2.9611446857452393 1.7823692560195923 7.526642322540283 50 40 46
3.366109848022461 1.785538673400879 8.540583610534668 15 10 10
3.546151876449585 1.4928665161132812 8.99750804901123 49 35 35
3.546151876449585 1.4928665161132812 8.99750804901123 49 35 35
1.5598723888397217 2.7832388877868652 3.9551126956939697 101 94 75
2.2471601963043213 1.670357346534729 5.656445503234863 57 51 56
2.2632813453674316 1.65178382396698 5.687757968902588 121 86 84
1.8128474950790405 1.6169804334640503 4.564042091369629 42 43 42
2.102837085723877 1.6561425924301147 5.2886738777160645 44 57 60
2.20622181892395 1.661268949508667 5.540666580200195 170 149 125
2.1495604515075684 1.6574431657791138 5.364076137542725 57 63 66
3.4235150814056396 1.755060076713562 8.493475914001465 67 68 58
2.143547773361206 1.668553352355957 5.295104503631592 46 53 62
2.345898151397705 1.6705676317214966 5.783310413360596 125 89 93
3.4513964653015137 1.7864727973937988 8.492281913757324 10 8 8
2.333249092102051 1.6740195751190186 5.7231364250183105 136 95 100
1.7181198596954346 2.7881712913513184 4.196263313293457 81 75 55
1.6693005561828613 2.796715259552002 4.0779805183410645 98 91 73
3.591202735900879 1.6314970254898071 8.75432014465332 98 68 75
2.133305311203003 1.6665921211242676 5.177797794342041 67 56 68
2.350304126739502 1.6796704530715942 5.6913065910339355 130 92 91
3.5612027645111084 1.7543025016784668 8.59208869934082 93 62 59
1.9797883033752441 1.6392842531204224 4.770818710327148 41 49 64
2.888425588607788 1.7557708024978638 6.8730597496032715 101 78 81
1.932240605354309 1.6343473196029663 4.583601951599121 146 88 100
1.932240605354309 1.6343473196029663 4.583601951599121 146 88 100
3.594576358795166 1.796046257019043 8.465971946716309 12 11 7
1.7291245460510254 2.8001484870910645 4.070953845977783 135 128 110
3.6926701068878174 1.8373998403549194 8.639154434204102 13 11 10
3.6926701068878174 1.8373998403549194 8.639154434204102 13 11 10
3.736218214035034 1.6552436351776123 8.729917526245117 95 64 73
3.736218214035034 1.6552436351776123 8.729917526245117 95 64 73
2.133504867553711 1.6330400705337524 4.981598377227783 186 178 126
2.2000508308410645 1.6274951696395874 5.091526985168457 55 58 69
2.104846477508545 1.6357306241989136 4.871219635009766 49 61 67
3.7510828971862793 1.8460050821304321 8.616721153259277 9 1 1
2.306251287460327 1.6594330072402954 5.299710273742676 92 57 60
1.8457428216934204 2.8047115802764893 4.246577739715576 20 13 7
1.8032079935073853 1.627073049545288 4.145441055297852 159 110 118
2.422497272491455 1.6715648174285889 5.548871040344238 62 69 81
1.8132297992706299 2.8026139736175537 4.151716709136963 158 151 134
1.819515347480774 2.800586462020874 4.16363000869751 81 73 54
1.819515347480774 2.800586462020874 4.16363000869751 81 73 54
2.0384111404418945 1.6257404088974 4.656458854675293 181 174 135
1.820286750793457 1.6255555152893066 4.162952423095703 49 56 72
2.246626138687134 1.640998125076294 5.127686977386475 196 178 148
2.1550955772399902 1.6471601724624634 4.884212017059326 154 152 137
2.1550955772399902 1.6471601724624634 4.884212017059326 154 152 137
3.7789299488067627 1.8339998722076416 8.539891242980957 21 19 24
1.756605625152588 2.8099071979522705 3.9854719638824463 139 132 113
3.1155624389648438 1.7711524963378906 7.024702548980713 46 41 44
2.4960293769836426 1.670251488685608 5.62253475189209 89 92 76
2.4835641384124756 1.6591066122055054 5.583243370056152 85 87 73
3.86081862449646 1.8147181272506714 8.669303894042969 141 125 102
2.4237115383148193 1.662382960319519 5.424141883850098 58 62 71
2.214226245880127 1.646855115890503 4.956728458404541 50 60 68
3.8757107257843018 1.7052818536758423 8.610069274902344 38 38 42
3.8757107257843018 1.7052818536758423 8.610069274902344 38 38 42
3.850931406021118 1.8327258825302124 8.52669620513916 26 25 22
3.850931406021118 1.8327258825302124 8.52669620513916 26 25 22
2.323962688446045 1.6377577781677246 5.147165775299072 52 39 46
3.9947898387908936 1.6643447875976562 8.820320129394531 88 49 33
3.9947898387908936 1.6643447875976562 8.820320129394531 88 49 33
3.935608386993408 1.7380867004394531 8.668436050415039 34 34 37
4.071956157684326 1.6257034540176392 8.951444625854492 125 122 96
2.1266794204711914 1.6324390172958374 4.67762565612793 74 63 69
3.9331679344177246 1.7573038339614868 8.62351131439209 34 33 37
1.8759469985961914 1.6385310888290405 4.1274309158325195 149 107 109
2.754885673522949 1.7100160121917725 6.0344672203063965 48 43 50
3.0863823890686035 1.7466307878494263 6.761054039001465 92 72 74
2.2446584701538086 1.6530392169952393 4.921316623687744 56 60 64
2.18489408493042 1.647209644317627 4.785078525543213 109 76 58
2.1337172985076904 1.6418836116790771 4.670825004577637 51 53 69
2.7766380310058594 1.7065846920013428 6.06562614440918 98 81 84
1.8877322673797607 2.817711591720581 4.134535312652588 125 118 102
4.332602024078369 1.5902169942855835 9.435790061950684 91 91 78
2.123344898223877 1.6286004781723022 4.634524822235107 57 55 66
2.155853748321533 1.6390007734298706 4.68572473526001 165 96 89
2.0037624835968018 1.6335780620574951 4.359405517578125 188 181 140
2.1223020553588867 1.6395518779754639 4.6091227531433105 156 105 97
3.1362156867980957 1.7450518608093262 6.789410591125488 103 75 77
4.329524040222168 1.5677294731140137 9.365147590637207 64 66 56
2.2127792835235596 1.64181649684906 4.770859718322754 75 46 54
2.2127792835235596 1.64181649684906 4.770859718322754 75 46 54
2.5424516201019287 1.6645692586898804 5.47420072555542 59 57 63
2.6305813789367676 1.6796395778656006 5.6574225425720215 71 71 59
2.338651418685913 1.6854472160339355 4.946690082550049 149 85 80
2.338651418685913 1.6854472160339355 4.946690082550049 149 85 80
2.2015841007232666 1.6393084526062012 4.655778884887695 165 94 88
4.149174690246582 1.697820782661438 8.730782508850098 103 63 65
2.298712730407715 1.6362245082855225 4.845876693725586 155 95 85
2.1694605350494385 1.6455727815628052 4.55855655670166 61 57 46
3.832683563232422 1.848172903060913 8.030434608459473 44 40 39
2.1447274684906006 1.640480637550354 4.498724460601807 59 51 57
2.466008186340332 1.6507470607757568 5.1485915184021 98 99 95
4.0594162940979 1.8951143026351929 8.446931838989258 35 34 31
4.0594162940979 1.8951143026351929 8.446931838989258 35 34 31
2.903843641281128 1.7196314334869385 6.042688846588135 153 150 135
2.184591054916382 1.646655797958374 4.5438151359558105 69 62 70
2.8038153648376465 1.6967134475708008 5.800915718078613 123 84 83
4.154926300048828 1.7714295387268066 8.586085319519043 94 55 56
4.154926300048828 1.7714295387268066 8.586085319519043 94 55 56
2.5407426357269287 1.6396743059158325 5.241371154785156 49 51 67
2.2488934993743896 1.6425455808639526 4.636652946472168 160 90 85
2.2488934993743896 1.6425455808639526 4.636652946472168 160 90 85
2.217832565307617 1.6470016241073608 4.564507961273193 162 105 93
2.7983148097991943 1.6940582990646362 5.74366569519043 48 41 42
2.2380194664001465 1.6470555067062378 4.59255838394165 80 49 52
3.1521592140197754 1.7365591526031494 6.445990562438965 141 138 126
3.2254695892333984 1.7468544244766235 6.5301971435546875 53 53 56
2.476531982421875 1.6620429754257202 5.006730556488037 61 70 79
2.3659684658050537 1.6508445739746094 4.761582851409912 69 61 70
2.200458526611328 1.664549708366394 4.428691387176514 47 53 61
2.2961819171905518 1.6509515047073364 4.619382858276367 166 98 94
2.3582119941711426 1.655081033706665 4.735640525817871 59 59 67
2.244694709777832 2.8377232551574707 4.499764442443848 114 107 91
4.35106897354126 1.787920355796814 8.690373420715332 93 59 49
4.35106897354126 1.787920355796814 8.690373420715332 93 59 49
4.35106897354126 1.787920355796814 8.690373420715332 93 59 49
2.1972460746765137 1.686956524848938 4.399253845214844 120 98 101
2.3265750408172607 1.664082407951355 4.637948036193848 79 66 75
2.273668050765991 1.665502905845642 4.529464244842529 208 193 170
2.3700950145721436 1.6560378074645996 4.70777702331543 56 41 54
2.314800977706909 1.666359543800354 4.597602844238281 154 95 90
2.683955669403076 1.6558669805526733 5.32211446762085 71 64 71
2.683955669403076 1.6558669805526733 5.32211446762085 71 64 71
2.6248488426208496 1.641342282295227 5.187960147857666 61 49 58
2.3452346324920654 1.6746907234191895 4.609935760498047 51 46 60
2.449275493621826 1.6599490642547607 4.809622287750244 155 85 73
2.449275493621826 1.6599490642547607 4.809622287750244 155 85 73
2.274376630783081 1.7345354557037354 4.466866493225098 118 81 91
2.3689486980438232 1.6834251880645752 4.630311012268066 54 52 57
2.415006637573242 1.6715867519378662 4.712315559387207 145 80 70
2.731186628341675 1.6461327075958252 5.320680618286133 164 160 92
2.455333709716797 1.6742234230041504 4.781309604644775 186 178 133
2.3906517028808594 1.715533971786499 4.63877010345459 172 158 124
2.3906517028808594 1.715533971786499 4.63877010345459 172 158 124
2.7433087825775146 1.6754816770553589 5.313846111297607 62 60 66
2.8055810928344727 1.664054036140442 5.4112420082092285 168 166 111
2.7412567138671875 1.6799604892730713 5.266160011291504 129 96 90
2.518519401550293 1.68837308883667 4.840268135070801 49 61 65
2.4068233966827393 1.770552635192871 4.6200690269470215 43 48 53
5.654941558837891 1.7077046632766724 10.815488815307617 108 111 110
2.5940592288970947 1.6818305253982544 4.968843460083008 44 53 55
2.5836215019226074 1.7097783088684082 4.944218635559082 59 70 74
2.904541254043579 1.671539545059204 5.5423665046691895 52 59 54
2.6350598335266113 1.6896131038665771 5.028162002563477 153 95 96
2.8841419219970703 1.6727216243743896 5.498202323913574 59 69 70
2.49983286857605 1.7421208620071411 4.768033027648926 46 56 62
2.4231245517730713 1.8520348072052002 4.603271007537842 74 73 78
2.573694944381714 1.719775915145874 4.876725196838379 174 168 134
2.966168165206909 1.6826236248016357 5.58534049987793 49 57 62
2.47967791557312 1.8595569133758545 4.676760196685791 122 70 76
2.5663070678710938 1.7382062673568726 4.833991050720215 42 49 54
2.5283267498016357 1.7888509035110474 4.763230323791504 46 56 58
2.598001003265381 1.774755835533142 4.878259658813477 46 56 60
4.529928207397461 1.8780388832092285 8.470831871032715 3 0 2
2.5172033309936523 1.855224609375 4.718517303466797 152 140 95
2.6668992042541504 1.7487670183181763 4.976672649383545 172 160 114
4.539663791656494 1.870406150817871 8.426778793334961 9 3 2
2.6141345500946045 1.8474514484405518 4.8501296043396 154 143 109
2.6141345500946045 1.8474514484405518 4.8501296043396 154 143 109
2.6125996112823486 1.8417510986328125 4.844525337219238 154 143 109
3.944957971572876 1.772560715675354 7.278677463531494 37 41 44
3.944957971572876 1.772560715675354 7.278677463531494 37 41 44
2.692056894302368 1.80787193775177 4.972898483276367 50 44 48
2.6723246574401855 1.8336634635925293 4.925296783447266 123 73 74
2.782435894012451 1.7972396612167358 5.1065897941589355 148 108 100
3.1711747646331787 1.7098087072372437 5.7903828620910645 122 89 79
2.952331304550171 1.7828818559646606 5.32895565032959 85 88 84
3.177562952041626 1.7513328790664673 5.726665019989014 52 44 42
3.088986396789551 1.7620466947555542 5.5584845542907715 34 29 31
3.0382883548736572 1.7844252586364746 5.46561336517334 103 81 77
3.6355645656585693 1.7405941486358643 6.517788410186768 34 30 27
3.0718836784362793 1.7892141342163086 5.507669925689697 39 40 52
3.037419319152832 1.8129045963287354 5.429235458374023 93 82 86
3.9056951999664307 1.78895103931427 6.84744930267334 50 38 37
2.881455183029175 2.8976504802703857 5.053858757019043 41 33 22
5.454585552215576 1.9505382776260376 9.546127319335938 104 91 82
4.975673675537109 1.9088852405548096 8.686605453491211 106 97 84
3.883856773376465 1.8177721500396729 6.69192361831665 151 135 108
4.54097843170166 1.891638159751892 7.584427833557129 38 23 21
4.54097843170166 1.891638159751892 7.584427833557129 38 23 21
5.338010787963867 1.9480642080307007 8.910405158996582 122 113 91
-0.6652830243110657 -2.419133186340332 8.000633239746094 58 46 48
-0.6652830243110657 -2.419133186340332 8.000633239746094 58 46 48
0.42335084080696106 1.5426236391067505 5.1084771156311035 204 201 155
0.42335084080696106 1.5426236391067505 5.1084771156311035 204 201 155
0.24787385761737823 1.535173773765564 5.332547187805176 51 46 36
-0.7407864332199097 -1.9390809535980225 7.776711940765381 189 180 162
-0.7310597896575928 -1.3759946823120117 7.950150489807129 49 32 23
-1.6094765663146973 -0.673629879951477 4.823267936706543 52 34 34
0.282533198595047 1.5460549592971802 5.380232334136963 127 119 99
-0.26097947359085083 1.1283193826675415 7.248342514038086 46 40 19
5.4736199378967285 1.9566054344177246 9.554551124572754 147 126 98
4.558177471160889 1.877731204032898 8.444151878356934 23 24 14
5.680510997772217 1.7151575088500977 10.866150856018066 128 125 109
-1.67722487449646 -0.947882354259491 5.119673252105713 161 150 153
-1.6996276378631592 -0.9533211588859558 5.186718940734863 162 153 158
4.477433204650879 1.736863613128662 8.788844108581543 124 82 91
4.477433204650879 1.736863613128662 8.788844108581543 124 82 91
4.457141399383545 1.7008535861968994 8.851739883422852 158 145 99
4.457141399383545 1.7008535861968994 8.851739883422852 158 145 99
-1.7184512615203857 -1.0896062850952148 5.258148193359375 138 137 138
3.18339467048645 1.7085460424423218 5.999197959899902 161 94 85
4.348087310791016 1.7165777683258057 8.76846694946289 145 79 81
2.364751100540161 -2.891981601715088 4.792891979217529 54 47 38
2.364751100540161 -2.891981601715088 4.792891979217529 54 47 38
-1.6908214092254639 -1.122225284576416 5.260976314544678 105 65 75
-1.6436158418655396 -1.2651443481445312 5.189519882202148 101 90 94
-1.64652419090271 -0.8612054586410522 5.236195087432861 186 175 179
-1.6979701519012451 -1.0968914031982422 5.28309440612793 40 60 95
2.8555212020874023 1.6733782291412354 5.437000751495361 199 193 130
2.611745595932007 1.8428092002868652 4.846032619476318 179 169 105
4.151525020599365 1.6987369060516357 8.734493255615234 138 76 67
-1.6452502012252808 -1.1968510150909424 5.22873592376709 36 35 53
2.8075740337371826 1.6664518117904663 5.419569492340088 193 186 131
-1.6710017919540405 -1.1280850172042847 5.275528907775879 158 150 158
-1.6282140016555786 -1.2042028903961182 5.225602149963379 158 146 154
2.513648748397827 1.8548952341079712 4.717391014099121 182 167 104
4.079741477966309 1.6281570196151733 8.972257614135742 164 156 104
-1.6325832605361938 -0.9676613807678223 5.289754390716553 170 165 169
-0.1791435331106186 0.5986010432243347 3.625744104385376 184 171 135
-1.5863126516342163 -1.209547519683838 5.228877544403076 90 56 72
-1.595457911491394 -0.9233342409133911 5.276938438415527 171 168 171
2.489370346069336 1.6691514253616333 4.909485816955566 208 195 136
3.7778897285461426 1.833819031715393 8.527647018432617 21 12 14
-1.5961008071899414 -1.152752161026001 5.276590824127197 141 143 160
-1.5616613626480103 -1.2305822372436523 5.225823879241943 85 46 47
-1.5773932933807373 -0.9174479246139526 5.284414291381836 75 100 141
-1.5562171936035156 -1.258331060409546 5.225827693939209 90 47 56
-1.551892638206482 -1.2417693138122559 5.226525783538818 163 152 153
-1.551892638206482 -1.2417693138122559 5.226525783538818 163 152 153
-1.566267728805542 -0.929567813873291 5.285154819488525 169 169 170
-1.5470328330993652 -0.8794227838516235 5.283864498138428 65 67 86
3.659759998321533 1.8205571174621582 8.556560516357422 24 18 15
3.659759998321533 1.8205571174621582 8.556560516357422 24 18 15
3.609407424926758 1.8039363622665405 8.494568824768066 18 14 14
-1.5289486646652222 -0.961214542388916 5.279287338256836 50 69 100
2.7706594467163086 1.702610969543457 6.052038192749023 173 110 108
-1.582308292388916 -0.7653845548629761 5.3741044998168945 46 32 33
-1.5306713581085205 -0.8263036608695984 5.307918071746826 73 86 113
3.602168321609497 1.635672688484192 8.783945083618164 141 88 84
-1.9930061101913452 0.9648056030273438 6.0944719314575195 171 154 122
-1.5225882530212402 -0.8246251344680786 5.310196876525879 99 104 118
-1.5204397439956665 -0.8622995018959045 5.307107925415039 80 93 112
-1.9773321151733398 0.9559745192527771 6.09449577331543 92 82 55
-1.5101650953292847 -0.8669981956481934 5.300661563873291 121 126 140
-1.4981229305267334 -0.9195951819419861 5.293416500091553 64 104 154
3.466165065765381 1.7944815158843994 8.523051261901855 20 16 16
-1.4938126802444458 -0.9367185831069946 5.2904887199401855 195 193 193
-1.4957138299942017 -0.7952930927276611 5.318601131439209 85 105 147
-1.4957138299942017 -0.7952930927276611 5.318601131439209 85 105 147
-1.9411953687667847 0.8983680009841919 6.0918354988098145 174 156 131
3.441222906112671 1.7960540056228638 8.563841819763184 19 14 14
-1.4905266761779785 -0.8307562470436096 5.321422100067139 79 101 140
-1.4844831228256226 -0.9518560767173767 5.303438186645508 71 110 153
-1.4813892841339111 -0.8386116623878479 5.328515529632568 153 155 160
-1.4712505340576172 -1.741786241531372 5.2266716957092285 147 145 148
-1.9176511764526367 0.9108794927597046 6.119004726409912 167 153 122
-1.493116021156311 -1.0080024003982544 5.352245330810547 86 104 128
-1.4523566961288452 -0.768568217754364 5.325360298156738 187 186 190
-1.4544742107391357 -0.8105918169021606 5.330690860748291 66 91 126
-1.406954288482666 -1.378516435623169 5.214435577392578 145 139 140
2.7430408000946045 2.2318129539489746 6.580783843994141 206 192 141
-1.903407096862793 0.9351325035095215 6.143790245056152 170 156 124
3.226125955581665 1.7873151302337646 8.495720863342285 140 139 120
-0.786579430103302 -0.9254565834999084 4.427032947540283 131 80 90
-1.4653335809707642 -0.9801614284515381 5.361443519592285 78 107 154
-1.389519214630127 -1.3972620964050293 5.211301803588867 174 166 168
-1.2291477918624878 -1.8543925285339355 4.949357032775879 96 89 108
-1.5355533361434937 -1.873881220817566 5.376163005828857 140 134 146
-1.5031907558441162 -1.7882286310195923 5.3455610275268555 147 148 157
-1.4560282230377197 -0.970097005367279 5.380092144012451 78 109 157
-1.3732576370239258 -1.3831894397735596 5.224184036254883 154 153 153
3.088707685470581 1.5297930240631104 8.75277328491211 170 155 120
2.345799684524536 1.6701644659042358 5.777520656585693 177 99 97
-1.4659723043441772 -1.6559035778045654 5.342845916748047 42 46 65
-1.4659723043441772 -1.6559035778045654 5.342845916748047 42 46 65
3.037715196609497 1.533855676651001 8.691740036010742 40 45 47
-1.356642723083496 -1.3835780620574951 5.232606887817383 37 43 68
-1.509127140045166 -1.850719928741455 5.391005992889404 58 63 93
-1.509127140045166 -1.850719928741455 5.391005992889404 58 63 93
-1.5089588165283203 -1.8513182401657104 5.39093017578125 51 55 89
-1.5031952857971191 -1.8644293546676636 5.387316703796387 51 55 89
-1.5089588165283203 -1.8513182401657104 5.39093017578125 51 55 89
-1.445414423942566 -0.9872737526893616 5.410287380218506 77 103 139
-1.445414423942566 -0.9872737526893616 5.410287380218506 77 103 139
-1.445414423942566 -0.9872737526893616 5.410287380218506 77 103 139
2.1325345039367676 1.6325955390930176 4.982144832611084 208 198 137
-1.5109952688217163 -1.8233829736709595 5.40372896194458 52 61 88
-1.4967623949050903 -1.9160170555114746 5.378854274749756 106 106 126
-0.9297210574150085 -0.8909109830856323 4.710522651672363 147 145 155
-1.3738552331924438 -1.4728713035583496 5.275947093963623 47 52 78
-1.3390092849731445 -1.3688920736312866 5.240672588348389 37 29 34
-1.494223952293396 -1.8505126237869263 5.401257514953613 148 141 140
-1.3275103569030762 -1.3994791507720947 5.2276105880737305 145 145 151
2.938187837600708 1.5796244144439697 8.532861709594727 43 34 23
-1.4920326471328735 -1.865506887435913 5.405111789703369 47 55 91
-1.4920326471328735 -1.865506887435913 5.405111789703369 47 55 91
-1.36260986328125 -1.4615837335586548 5.276581764221191 168 168 170
-1.4512251615524292 -1.7401134967803955 5.3723602294921875 149 148 161
-1.4261219501495361 -0.9700856804847717 5.437544345855713 96 117 154
-1.3505369424819946 -1.4507514238357544 5.2788896560668945 41 46 79
-1.4326319694519043 -0.9224086403846741 5.465244770050049 172 171 167
-1.4850369691848755 -1.8225079774856567 5.435382843017578 150 148 161
2.8275279998779297 1.6228489875793457 8.490301132202148 166 156 97
-1.4746074676513672 -1.875368595123291 5.418082237243652 54 57 98
-1.335414171218872 -1.4355322122573853 5.274299621582031 186 184 189
-1.4142781496047974 -0.9452651143074036 5.464921474456787 79 104 136
-1.5341459512710571 -1.8604099750518799 5.537064075469971 145 145 153
-1.4255311489105225 -1.5933020114898682 5.421566009521484 47 59 85
-1.2953393459320068 -1.383020281791687 5.274052619934082 184 183 192
-1.4484291076660156 -1.8551948070526123 5.441512584686279 147 143 156
-1.4508061408996582 -1.6873812675476074 5.482892990112305 48 54 84
-1.4289277791976929 -1.901066541671753 5.418778419494629 133 137 151
2.694110155105591 1.4816864728927612 8.723855972290039 142 84 81
-1.4033598899841309 -1.2598528861999512 5.472224712371826 168 161 159
-1.2823618650436401 -1.386526107788086 5.28684663772583 47 55 84
-1.4207347631454468 -1.8872239589691162 5.426385402679443 51 56 80
1.5953670740127563 -2.8585925102233887 4.70072078704834 84 76 68
-1.4156196117401123 -1.8714810609817505 5.435166835784912 158 157 166
-1.4109891653060913 -1.8958163261413574 5.435920715332031 152 151 160
-1.4089051485061646 -1.8573631048202515 5.447628974914551 43 56 89
-2.3428902626037598 1.1025532484054565 7.16595983505249 155 133 111
-2.3467605113983154 1.155961513519287 7.179945468902588 72 57 24
-2.319279193878174 1.04252028465271 7.12531042098999 149 137 110
-1.4443215131759644 0.8238600492477417 5.816096782684326 147 131 99
-1.4443215131759644 0.8238600492477417 5.816096782684326 147 131 99
-1.4044110774993896 -1.8810008764266968 5.444543361663818 51 57 100
-1.493368148803711 -1.734714150428772 5.619086265563965 159 157 163
-2.328258991241455 1.1225733757019043 7.1737494468688965 48 41 24
-1.4287306070327759 -1.9159892797470093 5.501652240753174 148 141 146
-1.396128535270691 -1.8285573720932007 5.46822452545166 60 64 99
-1.3926154375076294 -1.8530738353729248 5.466256618499756 49 56 95
1.482094645500183 0.5871308445930481 2.9704208374023438 178 87 88
2.681638717651367 1.5334526300430298 9.653227806091309 124 115 97
-2.290241003036499 1.026749610900879 7.145564556121826 162 147 122
-1.3907976150512695 -1.8142389059066772 5.478585720062256 155 155 160
-1.385880947113037 -1.8381754159927368 5.47553825378418 157 155 166
-1.3912627696990967 -1.7766910791397095 5.495036602020264 33 37 54
-2.2802093029022217 1.0561496019363403 7.156384468078613 144 131 108
-1.3489090204238892 -1.847367286682129 5.423068523406982 149 148 151
-2.2790355682373047 1.1145943403244019 7.175690174102783 122 111 88
1.4948796033859253 -2.806112766265869 4.483315467834473 198 196 178
2.581191062927246 1.4731841087341309 9.62544059753418 114 108 85
2.56522536277771 1.4702986478805542 9.568459510803223 140 132 102
-1.4482709169387817 -1.238544225692749 5.687376976013184 58 87 130
2.56522536277771 1.4702986478805542 9.568459510803223 140 132 102
-1.3707963228225708 -1.8578540086746216 5.4967217445373535 148 147 158
-1.4178063869476318 -1.7896728515625 5.585820198059082 43 48 66
-1.40645170211792 -1.809151530265808 5.569100379943848 46 49 83
-1.432041883468628 -1.8584295511245728 5.629763603210449 160 158 169
2.292410373687744 0.7506292462348938 9.123194694519043 31 20 16
-1.3525209426879883 -1.262842059135437 5.605258464813232 176 168 167
-1.3525209426879883 -1.262842059135437 5.605258464813232 176 168 167
2.3416013717651367 1.518861174583435 9.107215881347656 133 118 103
2.1259450912475586 1.6112313270568848 7.5916266441345215 63 60 66
2.435593843460083 1.2046226263046265 10.077868461608887 105 99 84
-1.3436732292175293 -1.7889189720153809 5.554184436798096 44 49 81
2.4232163429260254 1.151236653327942 10.085440635681152 93 76 49
2.4232163429260254 1.151236653327942 10.085440635681152 93 76 49
-1.3989852666854858 -1.096316933631897 5.735681056976318 176 169 166
2.421584129333496 1.2538976669311523 10.049379348754883 105 100 88
-1.3378366231918335 -1.166115164756775 5.637831211090088 65 77 104
-1.3437477350234985 -1.7774033546447754 5.568984031677246 146 145 153
1.3962303400039673 -2.851627826690674 4.515430450439453 92 88 81
2.2381105422973633 1.4978121519088745 8.984495162963867 107 96 71
-1.359095573425293 -1.7773230075836182 5.618368148803711 146 142 144
-1.331128478050232 -1.785448431968689 5.5755510330200195 39 43 80
-1.3305425643920898 -1.7729967832565308 5.590588092803955 149 152 161
-1.3305425643920898 -1.7729967832565308 5.590588092803955 149 152 161
-1.3778067827224731 -1.0471844673156738 5.776435375213623 76 97 128
-1.3342691659927368 -1.3228062391281128 5.674266338348389 157 147 148
-1.373138427734375 -0.9952605962753296 5.780427932739258 60 79 100
2.1121137142181396 1.300724983215332 9.466946601867676 115 113 95
-1.3685795068740845 -0.8423804044723511 5.797971725463867 154 149 147
1.9995449781417847 1.515208125114441 8.471202850341797 161 154 129
1.7320412397384644 1.599001169204712 5.752135753631592 176 116 95
1.60588800907135 1.5316851139068604 4.451611518859863 52 53 57
1.6103988885879517 1.3983954191207886 4.686014175415039 190 198 197
-1.3180361986160278 -1.7685130834579468 5.612481117248535 151 149 157
-1.3521164655685425 -0.9940511584281921 5.7798051834106445 172 173 169
1.9355312585830688 1.503954529762268 8.394088745117188 30 29 19
-1.3397141695022583 -1.1301963329315186 5.752162456512451 118 71 76
-1.336958646774292 -1.0010414123535156 5.774661064147949 64 96 130
-1.3415253162384033 -0.9235758185386658 5.796343803405762 69 79 91
-1.3293755054473877 -1.176039695739746 5.744182586669922 171 169 171
1.968306303024292 1.2315468788146973 9.399004936218262 123 116 99
-1.3296358585357666 -0.8940559029579163 5.793160915374756 178 177 174
-1.3296358585357666 -0.8940559029579163 5.793160915374756 178 177 174
-1.3287211656570435 -0.928514301776886 5.790462017059326 58 73 99
-1.3029357194900513 -1.2432746887207031 5.707968711853027 178 172 181
-1.3029357194900513 -1.2432746887207031 5.707968711853027 178 172 181
-1.3271883726119995 -0.9380342364311218 5.788383960723877 75 95 104
-1.258170247077942 1.064082145690918 5.920017719268799 143 127 91
1.9062632322311401 1.412706732749939 8.980938911437988 103 101 89
-1.31788969039917 -1.1430500745773315 5.758358955383301 157 151 155
-1.1105742454528809 -1.2567178010940552 5.41257905960083 147 137 139
-1.3062156438827515 -1.124333381652832 5.7532429695129395 125 76 85
-1.2902576923370361 -1.2858232259750366 5.706078052520752 102 61 73
-1.2783604860305786 -1.2973499298095703 5.701426982879639 168 159 164
1.7209352254867554 1.597116231918335 7.03727388381958 159 90 86
-0.9170916080474854 -0.8184012174606323 5.191381931304932 183 184 179
-0.9174425601959229 -0.8180347084999084 5.193127632141113 183 184 179
-1.3019366264343262 -0.9934837818145752 5.80853796005249 81 107 144
-1.3019366264343262 -0.9934837818145752 5.80853796005249 81 107 144
-1.267337679862976 -1.3034982681274414 5.720472812652588 109 68 70
-1.3203641176223755 -0.9894999265670776 5.886532783508301 80 104 137
-1.3203641176223755 -0.9894999265670776 5.886532783508301 80 104 137
1.7040189504623413 1.4114711284637451 8.738364219665527 26 28 20
-1.2751351594924927 -0.8817808628082275 5.8823652267456055 78 76 89
1.6327818632125854 1.5092120170593262 7.7950520515441895 25 24 14
1.731764554977417 2.0078723430633545 9.38309097290039 113 108 88
1.4226911067962646 1.7798361778259277 4.04055118560791 195 182 111
1.4761524200439453 1.506638765335083 8.46335220336914 51 46 36
-1.1582670211791992 1.1661187410354614 6.03061056137085 153 139 102
-1.2158643007278442 -1.1698189973831177 5.8323869705200195 174 171 175
-1.2158643007278442 -1.1698189973831177 5.8323869705200195 174 171 175
1.4174388647079468 1.6076033115386963 6.020142555236816 59 59 78
1.448272705078125 1.5156874656677246 8.401177406311035 37 33 16
-1.5441464185714722 -1.3968530893325806 6.3706865310668945 62 87 125
1.3750457763671875 1.5182483196258545 5.938292503356934 73 74 63
-1.1778749227523804 1.1428520679473877 6.133145332336426 154 134 105
-1.7230507135391235 -1.4862208366394043 6.729740619659424 69 83 116
-1.372451663017273 0.7797679901123047 6.417222023010254 96 90 73
-1.203300952911377 -1.306470513343811 5.851874351501465 176 166 163
-1.203300952911377 -1.306470513343811 5.851874351501465 176 166 163
1.3397361040115356 1.5567690134048462 7.208820343017578 105 104 84
1.3397361040115356 1.5567690134048462 7.208820343017578 105 104 84
1.3383033275604248 1.4290659427642822 4.216032981872559 69 102 109
-1.7376527786254883 -1.4996955394744873 6.7870659828186035 62 82 110
1.297806978225708 1.495702862739563 7.190709114074707 33 29 16
1.297806978225708 1.495702862739563 7.190709114074707 33 29 16
1.2952470779418945 1.492671012878418 7.177631855010986 33 29 16
-1.343126654624939 0.8195269703865051 6.411991596221924 44 37 25
-1.2197926044464111 -0.9051798582077026 5.972095012664795 170 166 171
-1.2135776281356812 -0.8677234649658203 5.984286308288574 188 187 189
1.0334962606430054 -0.631321907043457 9.262777328491211 181 170 148
1.0334962606430054 -0.631321907043457 9.262777328491211 181 170 148
-1.1845401525497437 -1.3663560152053833 5.889920234680176 162 147 144
-1.1992543935775757 -1.005662441253662 5.979666233062744 79 110 153
1.176668405532837 1.4854437112808228 7.038501739501953 154 139 106
-1.1683913469314575 -1.3279571533203125 5.893792629241943 121 78 79
1.1727653741836548 1.167770266532898 6.910632610321045 41 33 22
-1.180827260017395 -1.0164880752563477 5.976536273956299 179 180 176
-1.1805473566055298 -1.0988845825195312 5.967841625213623 161 157 152
1.1355242729187012 1.5070593357086182 6.896991729736328 141 126 88
1.127098798751831 1.5213242769241333 6.858007431030273 50 44 30
-1.0136829614639282 -1.14548921585083 5.678253173828125 74 100 136
-1.1255314350128174 -1.4821118116378784 5.834343910217285 132 115 108
-1.2136579751968384 -1.0838404893875122 6.066177845001221 69 71 83
-1.820289134979248 -1.5745859146118164 7.111039638519287 56 76 112
-1.1077630519866943 -1.4905238151550293 5.8162665367126465 43 32 36
0.9797583818435669 1.4848827123641968 8.995895385742188 5 4 0
1.0922960042953491 1.5597952604293823 6.789742469787598 41 38 24
-1.1473069190979004 -1.378317952156067 5.9201202392578125 159 150 152
-1.1580798625946045 -0.8979148864746094 6.02146577835083 79 114 156
-1.1580798625946045 -0.8979148864746094 6.02146577835083 79 114 156
0.9501081705093384 1.4636626243591309 8.982003211975098 19 19 14
-1.1514586210250854 -0.9079403281211853 6.033238410949707 85 109 155
-0.9094683527946472 12.39175796508789 50.70947265625 50 43 24
-1.141340970993042 -0.884964644908905 6.028735160827637 187 186 187
-1.1480369567871094 -0.9540655016899109 6.032390117645264 76 100 130
-1.1480369567871094 -0.9540655016899109 6.032390117645264 76 100 130
1.193622350692749 1.4413203001022339 4.26714563369751 64 96 98
-0.16752880811691284 1.5307000875473022 4.623314380645752 159 151 122
1.1820532083511353 1.4570207595825195 4.255669116973877 44 60 70
-1.1289829015731812 -0.9902147650718689 6.0474443435668945 83 114 162
-1.123590350151062 -1.837001919746399 5.934554100036621 51 41 49
-0.1639994978904724 1.5429413318634033 4.639604091644287 177 162 146
0.8015034794807434 1.1827055215835571 9.150628089904785 125 101 70
-1.6357182264328003 -1.224471926689148 6.997917175292969 185 182 179
-1.10356605052948 -1.3891106843948364 5.9815449714660645 159 147 153
-1.1091688871383667 -0.8675441741943359 6.081110000610352 36 20 23
0.6625264286994934 0.6988652348518372 10.445310592651367 28 18 16
-1.098585605621338 -0.9609907269477844 6.064756393432617 74 109 158
-1.0981364250183105 -0.9212444424629211 6.07326078414917 74 106 151
-1.0643481016159058 -1.2090743780136108 5.965301990509033 63 92 130
0.9115366339683533 1.9398305416107178 7.764627933502197 144 130 97
-1.9177424907684326 -1.675978183746338 7.545867443084717 66 90 132
-1.0844817161560059 -0.8965140581130981 6.089512348175049 186 183 183
-1.094177007675171 -1.150278091430664 6.0730061531066895 163 162 162
1.1377686262130737 1.4553613662719727 4.288976192474365 107 137 143
0.754855215549469 2.298322916030884 9.035810470581055 52 42 30
-1.119025707244873 -1.0090490579605103 6.1709303855896 182 180 179
0.5867446064949036 1.1397136449813843 9.280186653137207 111 88 55
-1.5181118249893188 -1.0521440505981445 7.003644943237305 82 108 145
-1.0865687131881714 -1.006008505821228 6.2048492431640625 190 190 186
-0.1684289574623108 1.6009474992752075 4.806721210479736 193 187 159
-1.0379623174667358 -0.8958238959312439 6.131343364715576 178 177 173
-1.0299721956253052 -0.9677082896232605 6.134007453918457 78 114 161
-1.0299721956253052 -0.9677082896232605 6.134007453918457 78 114 161
-1.154184341430664 -1.0360805988311768 6.362857341766357 189 189 186
0.828459620475769 1.5815975666046143 6.308487892150879 150 137 114
-1.01587975025177 -0.9668646454811096 6.1501054763793945 192 190 192
0.4525591731071472 1.3295425176620483 9.108896255493164 68 65 57
-1.0103012323379517 -0.9831529259681702 6.165903568267822 66 96 135
-0.9910419583320618 1.2566779851913452 6.502237319946289 152 146 127
0.9877560138702393 1.4282922744750977 4.477099418640137 175 187 188
0.8936256170272827 1.6636415719985962 5.184524059295654 195 196 199
-0.9695699214935303 -0.9184287786483765 6.195372104644775 190 192 192
-0.9695699214935303 -0.9184287786483765 6.195372104644775 190 192 192
0.7295868992805481 1.5096471309661865 6.174461364746094 106 95 71
1.0244613885879517 1.7896432876586914 4.176328659057617 84 102 99
0.4336852729320526 2.4890942573547363 8.635156631469727 36 33 19
0.7253817915916443 1.5809491872787476 6.133553504943848 126 109 77
0.056778036057949066 1.0391660928726196 10.391426086425781 164 152 128
-0.9772261381149292 -1.3803201913833618 6.218822479248047 158 148 143
-0.9640824198722839 -1.4027048349380493 6.208966255187988 171 166 166
0.9325151443481445 1.4528377056121826 4.404862403869629 196 198 198
0.6730729937553406 1.5253539085388184 6.0687785148620605 41 36 28
0.9266577363014221 1.4479775428771973 4.419459819793701 112 137 141
-0.9412816166877747 -1.5857243537902832 6.1955108642578125 139 117 111
-0.9412816166877747 -1.5857243537902832 6.1955108642578125 139 117 111
0.9128098487854004 1.4619942903518677 4.410234451293945 66 105 111
0.5289547443389893 1.858582854270935 6.881126880645752 48 40 31
0.9102664589881897 1.4852648973464966 4.3847198486328125 103 125 130
0.30077582597732544 2.3618505001068115 8.313867568969727 38 30 24
0.9004517793655396 1.478618860244751 4.3998703956604 37 57 70
-0.02308346889913082 1.53152596950531 4.86735725402832 154 139 108
0.6076871156692505 1.5331674814224243 5.950394630432129 145 133 106
-0.012904389761388302 1.5257534980773926 4.883358001708984 54 51 34
-0.056835275143384933 -1.8210505247116089 8.17453670501709 16 15 20
-0.7833476066589355 -2.1114373207092285 6.063492298126221 76 66 76
-0.04660576581954956 -1.5478558540344238 8.151379585266113 42 42 58
-0.0020388055127114058 1.5247610807418823 4.911194801330566 44 44 35
-0.8234308362007141 -0.8966126441955566 6.453258037567139 39 20 20
-0.8234308362007141 -0.8966126441955566 6.453258037567139 39 20 20
-0.4197794497013092 1.713193655014038 11.251794815063477 44 38 20
0.8070655465126038 1.41703200340271 4.546209812164307 201 202 201
0.8689196705818176 1.6646811962127686 4.294528961181641 165 162 130
0.03169373422861099 1.5323315858840942 4.9732890129089355 47 40 26
0.8000739216804504 1.4350321292877197 4.5114946365356445 116 142 145
0.04580102860927582 1.5334304571151733 4.985787868499756 166 151 119
0.8425063490867615 1.7148728370666504 4.2847771644592285 199 112 113
0.4982776343822479 1.4999154806137085 5.821783542633057 62 56 44
0.23041889071464539 1.1993598937988281 7.075386047363281 34 31 15
0.4903881251811981 1.6040769815444946 5.722569465637207 136 121 89
0.3282425105571747 1.6545345783233643 4.5054731369018555 181 102 97
0.3282425105571747 1.6545345783233643 4.5054731369018555 181 102 97
-0.11557094752788544 1.4438855648040771 8.105819702148438 129 113 77
-0.06768646091222763 1.3355063199996948 5.777441501617432 48 39 27
0.6644599437713623 0.7306248545646667 3.5899479389190674 177 173 147
-0.31604403257369995 1.4043052196502686 8.432196617126465 129 113 74
0.3860466182231903 1.5171606540679932 5.593888759613037 39 33 23
0.610617995262146 1.3501083850860596 4.656388759613037 111 138 143
0.3789997100830078 1.5010648965835571 5.609341144561768 165 153 125
0.6635226607322693 1.1111457347869873 4.370920181274414 213 204 160
-0.7013821601867676 1.3888956308364868 7.741181373596191 38 35 18
0.19143497943878174 1.5018538236618042 5.285482883453369 30 24 18
-1.3222713470458984 -1.7541189193725586 5.626980304718018 59 58 72
-1.0952653884887695 -1.0201209783554077 6.138401508331299 182 182 181
-1.3222713470458984 -1.7541189193725586 5.626980304718018 59 58 72
-1.5098488330841064 -1.7751938104629517 5.3398847579956055 62 66 92
-1.0952653884887695 -1.0201209783554077 6.138401508331299 182 182 181
1.2712129354476929 1.4839625358581543 7.191009998321533 93 77 39
0.7885563373565674 1.4333852529525757 4.471986293792725 112 138 143
0.7885563373565674 1.4333852529525757 4.471986293792725 112 138 143
-1.981054425239563 -2.349186658859253 5.9056220054626465 99 93 106
4.170487403869629 1.777856469154358 8.613521575927734 145 63 55
4.170487403869629 1.777856469154358 8.613521575927734 145 63 55
-1.556896686553955 -1.183240294456482 5.257853031158447 113 67 81
0.8982798457145691 1.719398021697998 4.2616705894470215 79 67 84
0.7803277373313904 1.4116125106811523 4.538238048553467 81 89 99
-2.3053548336029053 1.1584845781326294 7.174535751342773 50 47 23
3.7992947101593018 1.7644230127334595 8.577714920043945 42 39 46
0.2799831032752991 1.5946799516677856 5.3632965087890625 125 113 91
0.7901093363761902 1.4302846193313599 4.6043620109558105 53 70 73
-1.5972265005111694 0.701777458190918 5.64028263092041 88 78 70
1.4734818935394287 0.5679928660392761 2.9337613582611084 65 72 80
-1.0470621585845947 -0.9810042977333069 6.126623630523682 190 189 188
-2.2518298625946045 1.0242578983306885 7.162140846252441 53 46 30
2.9096624851226807 1.6484073400497437 8.554579734802246 47 47 52
2.9096624851226807 1.6484073400497437 8.554579734802246 47 47 52
1.3845967054367065 1.4383314847946167 4.204970359802246 45 56 62
-1.0067307949066162 1.2753512859344482 6.444019317626953 123 117 111
1.4398552179336548 1.7565025091171265 4.039642333984375 42 40 42
-0.9794059991836548 -1.0986542701721191 4.768156051635742 162 153 152
2.9838101863861084 1.531498908996582 8.642520904541016 44 51 54
2.1939377784729004 1.5834087133407593 8.738389015197754 103 90 70
0.9604822993278503 1.4637150764465332 4.379889488220215 98 125 136
0.43672382831573486 1.4978035688400269 5.69553279876709 150 145 112
0.43672382831573486 1.4978035688400269 5.69553279876709 150 145 112
1.7805365324020386 1.3509016036987305 8.837066650390625 19 19 21
2.6646623611450195 1.6025874614715576 8.533357620239258 146 91 85
-1.1443814039230347 -0.9396675825119019 6.0320634841918945 189 188 183
0.45301949977874756 1.5028890371322632 5.718406677246094 71 66 49
-1.0439670085906982 -0.9033265113830566 5.362385272979736 177 176 170
0.7486457824707031 1.4444005489349365 4.49774169921875 39 52 65
-1.35973060131073 -1.0133259296417236 5.773749351501465 175 171 173
1.243955135345459 1.7810816764831543 4.093989849090576 97 121 104
1.2448633909225464 1.4687321186065674 8.924302101135254 45 43 44
-2.0116610527038574 0.7970481514930725 6.537371635437012 173 169 153
0.2125730812549591 1.2698670625686646 9.847731590270996 136 122 97
-1.5302659273147583 -1.8924438953399658 5.377220153808594 58 63 93
-0.08946333825588226 1.1043916940689087 7.6195220947265625 145 130 98
1.243955135345459 1.7810816764831543 4.093989849090576 97 121 104
1.074652075767517 1.6735613346099854 5.072794437408447 120 137 143
-1.5402265787124634 -1.8184512853622437 5.452066421508789 64 69 97
2.058405637741089 1.5828462839126587 7.825534820556641 57 57 61
2.058405637741089 1.5828462839126587 7.825534820556641 57 57 61
1.8381335735321045 1.3120757341384888 8.997173309326172 128 105 73
-0.6030467748641968 1.384264349937439 8.147140502929688 82 75 49
1.9802881479263306 1.5761456489562988 7.705696105957031 58 58 60
1.767282247543335 1.9722378253936768 5.738025665283203 63 78 88
-0.9720054268836975 -1.3692322969436646 6.229562759399414 40 26 22
2.849429130554199 1.5874489545822144 8.568842887878418 32 34 29
-1.178678274154663 -0.8042042255401611 4.790064334869385 181 178 188
0.21382766962051392 1.5963975191116333 5.250629901885986 45 39 29
1.0403722524642944 1.2279859781265259 9.077765464782715 115 92 60
2.2734522819519043 1.6679645776748657 4.538294315338135 199 188 131
-1.480478048324585 -1.9083335399627686 5.383885383605957 44 54 84
2.9391684532165527 1.53456449508667 8.624210357666016 59 65 58
3.1113476753234863 1.752013087272644 9.263374328613281 57 47 46
1.203230381011963 1.2621597051620483 9.023423194885254 12 16 12
1.1479675769805908 1.4887839555740356 6.948628902435303 59 54 41
1.1483609676361084 1.4611878395080566 4.2724080085754395 41 53 59
0.8826083540916443 1.5210051536560059 4.658316135406494 196 205 202
3.934443712234497 1.7373791933059692 8.663400650024414 49 49 55
3.849257230758667 1.8320581912994385 8.515140533447266 22 18 22
0.9344446063041687 1.478688359260559 4.384902477264404 21 33 36
2.5727782249450684 1.7441555261611938 4.851468563079834 51 61 71
2.043977975845337 1.328550100326538 9.30040168762207 117 107 86
-1.8806087970733643 0.4643566310405731 4.713985443115234 92 73 118
-1.856985092163086 0.4856138527393341 4.69989538192749 35 25 52
-2.5628905296325684 4.736003398895264 16.825021743774414 146 130 120
-0.2821125388145447 1.4542112350463867 7.699455261230469 43 41 20
0.5857253670692444 1.131678819656372 4.473230838775635 148 140 124
0.5857253670692444 1.131678819656372 4.473230838775635 148 140 124
-0.5004581809043884 -2.2169690132141113 7.452805995941162 58 46 48
-0.5004581809043884 -2.2169690132141113 7.452805995941162 58 46 48
0.43365272879600525 1.5448459386825562 5.091732501983643 204 201 155
0.43365272879600525 1.5448459386825562 5.091732501983643 204 201 155
-1.9118647575378418 0.595974326133728 4.8047404289245605 46 38 72
-0.8955128192901611 0.7208120226860046 3.8609588146209717 137 137 132
-1.8340373039245605 0.47460874915122986 4.74000358581543 195 186 174
-1.8342084884643555 0.4716563820838928 4.7499003410339355 193 186 171
-1.8342084884643555 0.4716563820838928 4.7499003410339355 193 186 171
-2.150372266769409 -1.1196337938308716 4.9232048988342285 255 249 235
-1.8155498504638672 0.9178239703178406 4.76716423034668 38 24 56
-1.841714859008789 0.5212200880050659 4.7717766761779785 26 25 31
-1.841714859008789 0.5212200880050659 4.7717766761779785 26 25 31
-1.7969794273376465 0.9051589965820312 4.764745712280273 222 221 226
0.3146749436855316 1.5089433193206787 5.479464530944824 50 45 34
-1.8308064937591553 0.5720252394676208 4.790929794311523 90 74 92
0.2607344686985016 1.538055658340454 5.311297416687012 51 46 36
-31.539154052734375 35.18215560913086 125.58854675292969 43 37 26
-0.6912859082221985 -1.8214175701141357 7.596945285797119 189 180 162
-1.8810211420059204 0.6967300772666931 4.985750198364258 84 96 108
-3.1700875759124756 -5.433140277862549 15.002583503723145 55 43 32
-1.1842142343521118 2.571291923522949 11.157095909118652 142 126 90
-4.02819299697876 5.845965385437012 21.98318862915039 58 49 35
-1.9634995460510254 0.7295384407043457 5.127960205078125 75 95 112
-0.3285732865333557 1.4521070718765259 7.681882381439209 50 45 27
-0.3725736141204834 1.4325891733169556 7.815987586975098 51 48 28
0.13703641295433044 1.4930939674377441 5.769720077514648 146 141 112
-1.2944927215576172 2.657470703125 10.933586120605469 149 135 103
-1.9993786811828613 0.8609166741371155 5.221282005310059 74 94 124
-1.931723952293396 3.301166534423828 13.191751480102539 59 49 39
-2.0845086574554443 0.7837578654289246 5.36640739440918 88 107 121
-0.04569731652736664 1.50123929977417 6.65265417098999 27 23 16
-3.151691198348999 4.773470878601074 18.270601272583008 37 32 15
-3.151691198348999 4.773470878601074 18.270601272583008 37 32 15
-4.380300521850586 5.120365619659424 22.68012809753418 45 36 10
-1.6143916845321655 -0.6606699228286743 4.828517913818359 52 34 34
-1.6143916845321655 -0.6606699228286743 4.828517913818359 52 34 34
-4.380300521850586 5.120365619659424 22.68012809753418 45 36 10
0.07632501423358917 1.4981582164764404 6.2100372314453125 59 52 31
0.30802440643310547 1.53023362159729 5.40286922454834 34 30 18
-1.6047173738479614 -0.6911500096321106 4.843722343444824 163 166 170
-1.7518904209136963 0.8710216283798218 5.146152496337891 168 164 153
-1.5446839332580566 -0.655383288860321 4.804632186889648 50 37 37
-1.7716565132141113 0.7585681080818176 5.193586826324463 182 175 158
-1.762396216392517 0.7696442604064941 5.189634323120117 156 148 123
-1.7319337129592896 0.8235856890678406 5.1815619468688965 97 87 57
-1.7319337129592896 0.8235856890678406 5.1815619468688965 97 87 57
-0.9068706631660461 2.3762423992156982 9.856786727905273 48 42 20
-1.7142302989959717 0.8914802074432373 5.1702189445495605 182 172 154
-1.7214757204055786 0.8491762280464172 5.178814888000488 39 29 19
-1.7214757204055786 0.8491762280464172 5.178814888000488 39 29 19
-1.72200608253479 0.8251011371612549 5.183070182800293 181 176 148
-1.72200608253479 0.8251011371612549 5.183070182800293 181 176 148
-0.013347056694328785 1.5011240243911743 6.469001770019531 49 43 26
-0.013347056694328785 1.5011240243911743 6.469001770019531 49 43 26
-1.6831910610198975 0.9001713395118713 5.176351070404053 188 174 149
-1.686276912689209 0.8706895709037781 5.184805393218994 190 177 157
-1.686276912689209 0.8706895709037781 5.184805393218994 190 177 157
0.2993048429489136 1.5392074584960938 5.39520788192749 158 146 124
-0.40904638171195984 1.4305349588394165 7.796006202697754 46 41 22
-1.6968350410461426 0.7960098385810852 5.213531970977783 188 182 165
-1.6968350410461426 0.7960098385810852 5.213531970977783 188 182 165
5.465423583984375 1.9283488988876343 9.374163627624512 52 47 34
4.7189154624938965 1.835039734840393 8.065474510192871 124 124 98
4.210910320281982 1.8448102474212646 7.112433910369873 140 120 96
-1.6943541765213013 0.779546856880188 5.223736763000488 192 183 161
-1.7124451398849487 0.7447837591171265 5.241798400878906 149 137 111
4.210910320281982 1.8448102474212646 7.112433910369873 140 120 96
5.439323425292969 1.9417762756347656 9.488165855407715 147 126 98
4.949804306030273 1.8944315910339355 8.61575984954834 149 138 87
-1.663980484008789 0.8489655256271362 5.207371234893799 62 57 43
-1.663980484008789 0.8489655256271362 5.207371234893799 62 57 43
-1.6713676452636719 0.8220179080963135 5.217511177062988 65 62 50
-1.7332892417907715 -1.0128979682922363 5.1291656494140625 37 18 29
-1.6838746070861816 0.7696807384490967 5.2408623695373535 184 176 153
-1.647775650024414 0.8739839196205139 5.208940505981445 34 33 19
3.831223249435425 1.7639020681381226 6.72614049911499 172 149 108
-1.5830737352371216 -1.3500460386276245 4.938665866851807 130 116 122
-1.6654328107833862 0.789417564868927 5.24022102355957 110 102 61
-1.6654328107833862 0.789417564868927 5.24022102355957 110 102 61
-1.6426892280578613 0.8631623387336731 5.2215352058410645 164 156 132
-1.5223027467727661 0.840614378452301 5.08579683303833 44 40 24
-1.6347501277923584 0.8738927245140076 5.2177653312683105 44 40 24
-1.655193567276001 0.8130472898483276 5.238216400146484 39 33 18
-1.652320384979248 0.818842351436615 5.2378129959106445 75 69 54
4.550395965576172 1.8744157552719116 8.425768852233887 23 24 14
2.884110927581787 -2.3898890018463135 5.514838218688965 42 38 28
-1.6382629871368408 0.8559043407440186 5.229319095611572 41 38 24
-1.6382629871368408 0.8559043407440186 5.229319095611572 41 38 24
5.702812194824219 1.7245283126831055 10.912235260009766 128 125 109
-1.6380317211151123 0.8412696123123169 5.234236717224121 135 124 94
-1.6380317211151123 0.8412696123123169 5.234236717224121 135 124 94
2.8857345581054688 -2.4000463485717773 5.524835586547852 22 16 7
-1.6497396230697632 0.8009716272354126 5.249894618988037 188 177 153
-1.7190778255462646 -0.9564592242240906 5.167695999145508 161 150 153
4.505465984344482 1.8842856884002686 8.438908576965332 144 139 109
3.1345443725585938 1.7796558141708374 5.5950751304626465 179 163 98
3.1345443725585938 1.7796558141708374 5.5950751304626465 179 163 98
-1.6289148330688477 0.85072261095047 5.244731426239014 37 28 19
-1.6779378652572632 -0.785569965839386 5.159973621368408 179 170 170
-1.6922416687011719 -0.9647696614265442 5.168938159942627 39 21 36
-1.6924684047698975 -0.9418975114822388 5.177867889404297 162 153 158
-1.630395770072937 0.8121935725212097 5.274360656738281 181 167 145
-1.6879349946975708 -0.7541787028312683 5.196014881134033 58 54 68
-1.676552653312683 -0.7720661163330078 5.181990623474121 175 166 168
-1.642175555229187 0.7786833643913269 5.290920257568359 83 67 35
-1.6211355924606323 0.8338112831115723 5.271480083465576 24 16 6
2.9936492443084717 1.7477132081985474 5.442592144012451 175 162 115
-1.6644001007080078 -0.8295580744743347 5.168813705444336 184 174 170
4.506128311157227 1.7544076442718506 8.848221778869629 124 82 91
-1.611199140548706 0.8585481643676758 5.269656658172607 38 35 26
-1.6725066900253296 -0.7907946705818176 5.185969829559326 178 171 173
-1.6725066900253296 -0.7907946705818176 5.185969829559326 178 171 173
-1.6281989812850952 0.7964664697647095 5.2864837646484375 60 49 22
-1.6017606258392334 0.8725531101226807 5.261904239654541 145 139 115
-1.67446768283844 -0.9463597536087036 5.182343482971191 53 43 49
2.9658899307250977 1.7426683902740479 5.407919406890869 58 55 66
-1.5903980731964111 0.8846924901008606 5.260217666625977 62 57 44
-1.7347257137298584 -1.0737419128417969 5.249941349029541 161 153 151
3.0419576168060303 1.7011399269104004 5.6105451583862305 191 172 119
3.0419576168060303 1.7011399269104004 5.6105451583862305 191 172 119
-1.6019757986068726 0.8446500897407532 5.2852253913879395 50 44 9
-1.5175729990005493 -1.3849918842315674 4.967668533325195 155 78 102
-1.5104081630706787 -1.3597040176391602 4.963174343109131 49 24 39
4.855072498321533 3.998897075653076 9.419210433959961 163 149 95
-1.653168797492981 -0.8795499205589294 5.18720006942749 182 176 170
-1.8751816749572754 0.9824509620666504 5.630306720733643 186 170 139
4.456037521362305 1.7003782987594604 8.847212791442871 158 145 99
-1.6326627731323242 0.7590271830558777 5.327151775360107 171 155 122
-1.6640952825546265 0.7075806260108948 5.362337112426758 121 114 91
-1.2150883674621582 0.7251909375190735 4.827932834625244 184 173 150
3.034409761428833 1.6942323446273804 5.611669063568115 124 101 34
-1.714171290397644 -1.0803942680358887 5.252457141876221 138 137 138
-1.5914890766143799 0.8560060858726501 5.292598724365234 178 169 140
3.175528049468994 1.7021600008010864 5.987143039703369 161 94 85
-1.579715371131897 0.8791873455047607 5.293037414550781 181 165 129
-1.035353660583496 0.6679031252861023 4.609894275665283 181 165 129
-1.6795036792755127 -1.221076488494873 5.227223873138428 130 129 138
2.7165400981903076 1.7476438283920288 5.050771236419678 189 165 109
2.7165400981903076 1.7476438283920288 5.050771236419678 189 165 109
-1.6973284482955933 -1.1272153854370117 5.264950275421143 169 157 169
-1.643926978111267 -1.259277582168579 5.189187049865723 101 90 94
2.755425214767456 -2.582933187484741 5.8324761390686035 187 179 160
-2.1135637760162354 1.081384539604187 5.998078346252441 182 173 163
-1.6712424755096436 -1.1071664094924927 5.247460842132568 109 77 81
-1.6712424755096436 -1.1071664094924927 5.247460842132568 109 77 81
-1.6952214241027832 -1.0875874757766724 5.279130935668945 40 60 95
2.905057191848755 1.6707500219345093 5.571052551269531 196 188 146
2.905057191848755 1.6707500219345093 5.571052551269531 196 188 146
2.6818599700927734 1.7134658098220825 5.027477264404297 184 172 114
2.6828951835632324 1.7465965747833252 5.023965358734131 184 171 110
-1.6210367679595947 -1.2492817640304565 5.184808254241943 133 123 130
-1.6285417079925537 0.740962564945221 5.394712448120117 128 116 90
2.7868361473083496 1.67794930934906 5.30099630355835 196 196 136
2.6033432483673096 1.8360390663146973 4.837990760803223 179 169 105
4.154496669769287 1.7008824348449707 8.74020004272461 138 76 67
-1.64469313621521 -1.1904217004776 5.22742223739624 36 35 53
-1.64469313621521 -1.1904217004776 5.22742223739624 36 35 53
-1.6712665557861328 -1.0174038410186768 5.282003879547119 63 60 72
2.8032379150390625 1.6635725498199463 5.417146682739258 193 186 131
2.7339463233947754 1.675795555114746 5.262730121612549 181 100 100
-1.4852454662322998 -1.4905877113342285 5.005266189575195 51 33 49
-1.6688083410263062 -1.1198164224624634 5.272220611572266 158 150 158
-1.6662914752960205 -1.102846622467041 5.272025108337402 104 58 71
4.020149230957031 1.8047298192977905 8.552775382995605 172 156 124
4.020149230957031 1.8047298192977905 8.552775382995605 172 156 124
3.786778688430786 1.8427882194519043 7.980880260467529 147 134 100
-0.9965637922286987 0.7212547659873962 4.627205848693848 154 144 116
3.8641812801361084 1.8546580076217651 8.1990385055542 150 139 85
-1.6250580549240112 -1.1964983940124512 5.221092700958252 158 146 154
2.559149980545044 1.7055063247680664 4.873366832733154 191 184 130
2.559149980545044 1.7055063247680664 4.873366832733154 191 184 130
2.5050106048583984 1.8476178646087646 4.709288120269775 182 167 104
-1.6624979972839355 -1.055666208267212 5.288650989532471 161 161 162
2.740621566772461 1.6553202867507935 5.350429058074951 199 190 123
2.740621566772461 1.6553202867507935 5.350429058074951 199 190 123
2.51908540725708 1.7482500076293945 4.776721000671387 182 173 109
-1.654184341430664 -1.077925443649292 5.28096866607666 149 139 147
3.1555957794189453 1.7379928827285767 6.44431734085083 178 165 115
-1.6144158840179443 -1.2083652019500732 5.2196526527404785 120 78 90
-1.6191692352294922 -0.8763918876647949 5.2690749168396 176 171 175
2.668964147567749 -2.387099504470825 5.92169713973999 46 38 35
-1.6181273460388184 -1.1472671031951904 5.244938850402832 149 152 163
-1.6181273460388184 -1.1472671031951904 5.244938850402832 149 152 163
4.0892534255981445 1.6338894367218018 8.996407508850098 164 156 104
4.0892534255981445 1.6338894367218018 8.996407508850098 164 156 104
-1.6271073818206787 -0.9579431414604187 5.28256893157959 170 165 169
-1.6271073818206787 -0.9579431414604187 5.28256893157959 170 165 169
-1.6394308805465698 -1.070884346961975 5.292605400085449 45 37 50
-1.6261672973632812 -1.114868402481079 5.272528648376465 73 55 72
-1.6093789339065552 -0.8960400223731995 5.274703025817871 50 36 45
-1.633496642112732 -1.090823769569397 5.286673545837402 171 165 166
-1.633496642112732 -1.090823769569397 5.286673545837402 171 165 166
2.604444742202759 1.6672101020812988 5.15062952041626 59 76 85
-1.6110334396362305 -1.127659797668457 5.257191181182861 162 166 173
2.604444742202759 1.6672101020812988 5.15062952041626 59 76 85
2.592458486557007 -2.528754472732544 5.867954254150391 190 179 157
2.6067633628845215 1.6665056943893433 5.177394866943359 200 193 136
2.6067633628845215 1.6665056943893433 5.177394866943359 200 193 136
-1.5427272319793701 0.8555430173873901 5.377094268798828 38 31 31
-1.611385703086853 -0.8273948431015015 5.298648357391357 176 169 169
-1.5892797708511353 0.7659145593643188 5.4311323165893555 160 141 100
-1.5854252576828003 -1.2031009197235107 5.2271199226379395 90 56 72
-0.883916974067688 0.909028172492981 4.556286811828613 159 145 110
3.8223328590393066 1.7937992811203003 8.56324577331543 178 171 129
-1.5891673564910889 -0.913048505783081 5.268720626831055 171 168 171
2.934011697769165 1.7058337926864624 6.127631187438965 189 178 123
2.774108648300171 1.690329670906067 5.691091537475586 194 179 133
-1.6139570474624634 -1.079017162322998 5.291998386383057 177 174 174
-1.6139570474624634 -1.079017162322998 5.291998386383057 177 174 174
2.773519515991211 1.6898690462112427 5.689860820770264 194 179 133
2.4003005027770996 1.708271861076355 4.66395902633667 181 174 113
2.4003005027770996 1.708271861076355 4.66395902633667 181 174 113
2.4827077388763428 1.663931965827942 4.904272079467773 208 195 136
2.4827077388763428 1.663931965827942 4.904272079467773 208 195 136
-1.5979955196380615 -0.8672065734863281 5.29573392868042 97 90 97
2.844693183898926 1.6880571842193604 5.9248456954956055 196 188 136
3.777488946914673 1.8344855308532715 8.520286560058594 21 12 14
-1.600389838218689 -1.1221208572387695 5.27353572845459 167 168 177
3.758455514907837 1.8001548051834106 8.503006935119629 169 163 118
-1.456458330154419 -1.3432693481445312 5.0749101638793945 162 107 126
-1.5874472856521606 -0.9694333672523499 5.285309314727783 52 61 94
-1.5555026531219482 -1.2221777439117432 5.217502593994141 85 46 47
-1.5555026531219482 -1.2221777439117432 5.217502593994141 85 46 47
2.5571889877319336 1.6688463687896729 5.157433986663818 204 201 138
-1.563212275505066 -1.1985467672348022 5.233754634857178 113 72 79
-1.5707581043243408 -0.9068281650543213 5.275699615478516 75 100 141
-1.5707581043243408 -0.9068281650543213 5.275699615478516 75 100 141
-2.5729215145111084 1.1693788766860962 6.771175384521484 76 66 38
2.6790754795074463 1.6771512031555176 5.532684803009033 191 187 118
-1.545354962348938 -1.2483019828796387 5.2116475105285645 90 47 56
2.3564748764038086 1.675079107284546 4.619976997375488 65 66 84
2.76981258392334 1.692761778831482 5.805980205535889 65 53 66
-1.5497796535491943 -1.2352614402770996 5.2232279777526855 163 152 153
-1.5497796535491943 -1.2352614402770996 5.2232279777526855 163 152 153
-1.4545884132385254 -1.4219685792922974 5.081002712249756 145 129 131
-1.4428579807281494 -1.560623288154602 5.052290439605713 165 113 129
-1.453144907951355 -1.3687397241592407 5.087518692016602 48 27 44
-1.453144907951355 -1.3687397241592407 5.087518692016602 48 27 44
-1.5604361295700073 -0.9196602702140808 5.277411937713623 169 169 170
-1.5192278623580933 -1.2096309661865234 5.194093227386475 119 71 75
-1.5856235027313232 -1.1118932962417603 5.294012546539307 165 170 181
-1.543984055519104 -0.8357059359550476 5.283033847808838 67 68 86
-1.5410410165786743 -0.8696667551994324 5.275956153869629 65 67 86
2.7199547290802 1.6872673034667969 5.751116752624512 197 186 133
3.6897544860839844 1.762323260307312 8.593693733215332 189 172 141
3.67734694480896 1.776191234588623 8.569682121276855 37 49 59
3.6567187309265137 1.7890859842300415 8.520963668823242 175 167 121
3.6567187309265137 1.7890859842300415 8.520963668823242 175 167 121
3.649329423904419 1.812538981437683 8.516274452209473 24 18 15
3.649329423904419 1.812538981437683 8.516274452209473 24 18 15
-1.5372005701065063 -0.9644834995269775 5.277047634124756 176 174 176
-1.5474598407745361 -0.9209539294242859 5.295369625091553 69 96 132
2.519303798675537 1.6460882425308228 5.2552032470703125 172 112 109
3.616497039794922 1.8105721473693848 8.512392044067383 18 14 14
-1.4518077373504639 -1.47684645652771 5.117486953735352 46 21 43
2.396848201751709 1.6538583040237427 4.893170356750488 203 194 131
2.228440999984741 1.8440501689910889 4.3745341300964355 172 163 102
-1.431504726409912 -1.38782799243927 5.103477478027344 152 133 134
-1.431504726409912 -1.38782799243927 5.103477478027344 152 133 134
-1.5242505073547363 -0.9518998265266418 5.272851467132568 50 69 100
-1.5300793647766113 -1.010714054107666 5.2746381759643555 178 183 185
2.770294666290283 1.7014292478561401 6.047605514526367 173 110 108
-1.5809857845306396 -0.7526168823242188 5.372305393218994 46 32 33
-1.5362930297851562 -1.0121108293533325 5.287538051605225 177 179 177
-1.4354292154312134 -1.433667540550232 5.113397598266602 42 25 37
-1.514089822769165 0.8473013639450073 5.456361770629883 58 54 36
-1.5237395763397217 -0.815754234790802 5.298798561096191 73 86 113
2.617307662963867 1.6871452331542969 5.694519519805908 67 62 66
3.614042043685913 1.64480459690094 8.817192077636719 141 88 84
3.614042043685913 1.64480459690094 8.817192077636719 141 88 84
3.614042043685913 1.64480459690094 8.817192077636719 141 88 84
3.0171029567718506 1.7518017292022705 6.950352191925049 178 162 134
-1.5401731729507446 -1.0515278577804565 5.299173831939697 81 100 139
-2.414553165435791 1.0403931140899658 6.658782958984375 164 150 119
-1.5124515295028687 0.8353168368339539 5.464527606964111 169 156 123
-1.5108016729354858 -0.8950476050376892 5.283101558685303 46 57 78
-1.5311185121536255 -1.0341061353683472 5.2964324951171875 185 182 184
-1.519041657447815 -0.8146559596061707 5.305394172668457 99 104 118
-1.5159159898757935 -0.8525162935256958 5.300990581512451 80 93 112
-2.4746694564819336 1.168165683746338 6.775447845458984 92 82 55
-2.4746694564819336 1.168165683746338 6.775447845458984 92 82 55
-1.499464988708496 -0.902100682258606 5.280701637268066 195 193 196
-1.504042625427246 -0.8564143776893616 5.292438507080078 121 126 140
-1.5061923265457153 -0.8680914640426636 5.295052528381348 79 82 87
3.575321674346924 1.6229097843170166 8.805170059204102 42 43 39
-1.5111392736434937 -0.7888396978378296 5.310877799987793 149 144 149
-1.510961651802063 -1.7450783252716064 5.2166428565979 50 54 100
-1.500161051750183 -0.8132496476173401 5.304445743560791 184 178 181
-1.5058685541152954 -0.9875865578651428 5.29349422454834 93 98 118
-1.4937654733657837 -0.9107286334037781 5.287405967712402 64 104 154
3.474860906600952 1.8028615713119507 8.546170234680176 20 16 16
3.4667651653289795 1.734169602394104 8.558172225952148 164 166 138
3.4667651653289795 1.734169602394104 8.558172225952148 164 166 138
3.029982328414917 1.7624672651290894 7.17065954208374 66 48 61
-2.4152448177337646 1.1079919338226318 6.728181838989258 66 51 32
2.257948875427246 1.6442434787750244 4.708691120147705 212 203 144
-1.4890550374984741 -0.7852917909622192 5.309756278991699 85 105 147
-1.4890550374984741 -0.7852917909622192 5.309756278991699 85 105 147
-1.4845538139343262 -0.9443992376327515 5.287797451019287 84 108 143
3.5952372550964355 1.5021535158157349 9.087621688842773 149 85 78
-1.4418156147003174 -1.7084574699401855 5.1526923179626465 150 145 151
-1.4418156147003174 -1.7084574699401855 5.1526923179626465 150 145 151
-1.4869608879089355 -0.8220361471176147 5.316537380218506 79 101 140
-1.4763116836547852 -0.9418438076972961 5.292373180389404 71 110 153
-2.256526470184326 1.1434364318847656 6.5567121505737305 44 37 17
-1.5015933513641357 0.836264967918396 5.513938903808594 44 37 17
-2.399334669113159 1.1034259796142578 6.740594387054443 173 163 135
2.429143190383911 -2.749584197998047 6.290508270263672 193 186 168
-1.4755884408950806 -0.8048222064971924 5.311977386474609 176 172 171
-1.5549101829528809 -1.785146713256836 5.31024694442749 59 64 103
-1.4943221807479858 -1.7549480199813843 5.234187126159668 59 64 103
-1.551882028579712 -1.7649942636489868 5.312828063964844 52 61 90
-2.644287586212158 1.19658625125885 7.100111961364746 53 42 23
2.328552484512329 1.658521056175232 5.07824182510376 60 79 93
-1.482048511505127 -1.7453453540802002 5.239909648895264 147 145 148
-1.5466846227645874 -1.778659701347351 5.32181978225708 147 145 148
-1.5220463275909424 -1.0347093343734741 5.373761177062988 80 107 145
2.1684353351593018 1.647626280784607 4.570046424865723 68 84 105
2.1620049476623535 1.6468614339828491 4.5471415519714355 195 194 133
-1.458356499671936 -0.7755213379859924 5.321447849273682 146 148 151
2.3575940132141113 1.6434417963027954 5.244525909423828 208 197 141
-1.4761712551116943 -0.8745399713516235 5.3406982421875 87 110 149
-1.4608938694000244 -0.8415817022323608 5.325511932373047 42 46 56
-1.4902993440628052 -1.0004041194915771 5.348083019256592 86 104 128
-1.4583746194839478 -0.8273500204086304 5.324343681335449 143 146 150
-1.537139892578125 -1.793757438659668 5.326235294342041 54 63 93
-1.5288792848587036 -1.720378041267395 5.325926780700684 118 120 134
-1.4492379426956177 -0.8012313842773438 5.323556423187256 66 91 126
-1.4492379426956177 -0.8012313842773438 5.323556423187256 66 91 126
-1.5239485502243042 0.783888041973114 5.597205638885498 72 58 25
2.1640872955322266 1.6454904079437256 4.587081432342529 205 195 138
2.1410114765167236 1.6409506797790527 4.508336544036865 83 84 106
-1.407708764076233 -1.3927693367004395 5.20701265335083 35 23 44
-1.466471552848816 -0.9153457283973694 5.34091329574585 166 170 178
-0.8388134241104126 0.914279580116272 4.6880974769592285 157 147 109
-1.4523553848266602 -1.6742995977401733 5.238803386688232 40 43 72
-1.4523553848266602 -1.6742995977401733 5.238803386688232 40 43 72
2.2663686275482178 1.6562817096710205 4.974612712860107 213 202 147
2.348634719848633 -2.5324835777282715 6.290888786315918 91 82 72
2.545027256011963 1.6904574632644653 5.957334995269775 162 112 105
-1.4076361656188965 -1.3755507469177246 5.214812755584717 145 139 140
-1.528084397315979 -1.809667706489563 5.328683853149414 155 155 162
-1.528084397315979 -1.809667706489563 5.328683853149414 155 155 162
-1.46742582321167 -0.8763050436973572 5.352801322937012 174 175 175
-0.8251215219497681 0.9324445128440857 4.678175449371338 52 45 15
-0.6039106249809265 -0.825753927230835 4.192288398742676 46 68 107
2.12235426902771 1.646151065826416 4.517632484436035 71 77 102
-1.5267654657363892 -1.7852386236190796 5.336491107940674 145 141 156
-1.522045373916626 -1.7018711566925049 5.339687347412109 138 136 148
-2.6095592975616455 1.2886549234390259 7.136358261108398 128 123 92
-1.4799033403396606 0.8446199893951416 5.563569068908691 135 130 90
-1.0882797241210938 0.7011599540710449 5.029613971710205 170 156 124
2.1159439086914062 1.6438645124435425 4.561964988708496 203 199 146
2.1159439086914062 1.6438645124435425 4.561964988708496 203 199 146
2.3148562908172607 1.6671863794326782 5.3161773681640625 75 87 103
-1.4580881595611572 -0.935747504234314 5.3518242835998535 79 108 144
-1.4580881595611572 -0.935747504234314 5.3518242835998535 79 108 144
-1.4624048471450806 -0.9729658961296082 5.357143878936768 78 107 154
-1.4624048471450806 -0.9729658961296082 5.357143878936768 78 107 154
2.431434392929077 1.6785454750061035 5.8611016273498535 185 181 132
-1.3901044130325317 -1.39496910572052 5.211654186248779 174 166 168
-1.536207914352417 -1.0924386978149414 5.44887638092041 45 48 58
-1.5108426809310913 -1.6521706581115723 5.353653907775879 128 126 138
-1.5108426809310913 -1.6521706581115723 5.353653907775879 128 126 138
-1.5014781951904297 -1.6743521690368652 5.339886665344238 141 138 144
-1.0146081447601318 -0.6896820068359375 4.786279678344727 50 61 78
-1.4258980751037598 -0.7825900316238403 5.33876371383667 50 61 78
-0.6169382929801941 -0.8337802886962891 4.228755474090576 67 89 129
2.225567102432251 -2.6538352966308594 6.314271450042725 193 182 166
2.379056453704834 1.6732479333877563 5.759913444519043 170 95 95
2.379056453704834 1.6732479333877563 5.759913444519043 170 95 95
-1.4975535869598389 -1.6985838413238525 5.341906547546387 145 144 150
-1.5440452098846436 -1.8810664415359497 5.387728691101074 140 134 146
-1.4331005811691284 -1.1676462888717651 5.326467990875244 67 93 128
-1.4551202058792114 0.886743426322937 5.572649955749512 66 59 42
-1.4551202058792114 0.886743426322937 5.572649955749512 66 59 42
-2.338563919067383 1.1664127111434937 6.816275596618652 157 144 114
-1.5074031352996826 -1.7913886308670044 5.351233959197998 147 148 157
-2.33156418800354 1.0855484008789062 6.800537586212158 50 42 23
-1.4878275394439697 -1.6841108798980713 5.340469837188721 46 52 74
-0.8250908851623535 0.9075655341148376 4.716665267944336 161 145 102
-1.3622045516967773 1.123175859451294 5.480754375457764 27 24 12
3.096457004547119 1.5659337043762207 8.68189811706543 44 45 38
-1.3745107650756836 -1.3813014030456543 5.22545051574707 154 153 153
2.1982171535491943 -2.639310836791992 6.310067176818848 43 31 19
-1.5277355909347534 -1.913677453994751 5.382829189300537 107 108 127
-1.4383829832077026 0.909217119216919 5.575403213500977 159 146 110
-1.3826377391815186 -0.8033987879753113 5.313663959503174 170 169 174
3.1101503372192383 1.5490269660949707 8.832880020141602 170 155 120
2.0037009716033936 1.6377496719360352 4.375535488128662 209 202 147
2.346071481704712 1.6698637008666992 5.774306297302246 177 99 97
-1.469835638999939 -1.6577417850494385 5.347914218902588 42 46 65
-1.469835638999939 -1.6577417850494385 5.347914218902588 42 46 65
3.0508735179901123 1.5288056135177612 8.660069465637207 173 166 123
3.0508735179901123 1.5288056135177612 8.660069465637207 173 166 123
3.039097785949707 1.534542202949524 8.696174621582031 40 45 47
-1.401426911354065 -1.4865111112594604 5.279223918914795 28 34 62
-1.3566102981567383 -1.3812028169631958 5.232180118560791 37 43 68
-1.4643268585205078 -1.6820727586746216 5.3479461669921875 41 42 72
-1.5148671865463257 -1.8556276559829712 5.398940563201904 58 63 93
-1.5147055387496948 -1.856233835220337 5.398873329162598 51 55 89
-1.3885083198547363 -1.457078218460083 5.271777153015137 137 138 144
-1.4396295547485352 -0.9790717959403992 5.402007102966309 77 103 139
-1.4396295547485352 -0.9790717959403992 5.402007102966309 77 103 139
2.132343053817749 1.6325936317443848 4.982792854309082 208 198 137
-1.5153695344924927 -1.8747230768203735 5.405063629150391 142 140 157
-0.8631695508956909 0.8183021545410156 4.801380157470703 156 138 105
-1.5055433511734009 -1.9243428707122803 5.391184329986572 106 106 126
2.1060991287231445 1.6378848552703857 4.878024578094482 49 65 88
-1.4428211450576782 -1.6366244554519653 5.3434271812438965 175 169 171
-1.3761012554168701 -1.4472160339355469 5.2727813720703125 50 52 73
-1.6323033571243286 -1.736411690711975 5.610437393188477 159 160 164
-1.6323033571243286 -1.736411690711975 5.610437393188477 159 160 164
-1.6323033571243286 -1.736411690711975 5.610437393188477 159 160 164
-1.81068754196167 -1.2347570657730103 5.914239406585693 55 72 96
-1.3555803298950195 1.1097325086593628 5.533559322357178 41 33 19
-1.438054084777832 -0.9047293066978455 5.428970813751221 63 82 117
-1.5003138780593872 -1.9043728113174438 5.402445316314697 133 132 141
-1.3699132204055786 1.050256371498108 5.5515947341918945 31 20 1
-1.338860273361206 -1.366416573524475 5.240085601806641 37 29 34
-1.5005090236663818 -1.8563214540481567 5.4101176261901855 148 141 140
-1.474045753479004 -1.8047393560409546 5.3811564445495605 152 147 154
-1.4621851444244385 -1.7109445333480835 5.378909111022949 53 59 88
2.9484598636627197 1.5899147987365723 8.57439136505127 43 34 23
-1.364696741104126 -1.4370722770690918 5.276413440704346 164 159 158
2.9324612617492676 1.564348816871643 8.537675857543945 174 166 119
-1.323091983795166 1.181396722793579 5.5138092041015625 121 114 86
-1.3632328510284424 -1.4606573581695557 5.277204990386963 168 168 170
-1.3632328510284424 -1.4606573581695557 5.277204990386963 168 168 170
2.1021790504455566 1.632948875427246 5.019309043884277 78 81 105
2.112755298614502 1.6361312866210938 5.078062534332275 58 59 76
-1.4543601274490356 -1.743295669555664 5.3768839836120605 149 148 161
-1.4543601274490356 -1.743295669555664 5.3768839836120605 149 148 161
-1.4942307472229004 -1.8857994079589844 5.416860103607178 146 139 153
-1.2978488206863403 1.2455374002456665 5.492534160614014 149 131 100
2.239863157272339 1.6506330966949463 5.66860818862915 50 61 72
2.239863157272339 1.6506330966949463 5.66860818862915 50 61 72
2.277404546737671 1.6618778705596924 5.833377361297607 49 44 50
-1.425979733467102 -1.6221054792404175 5.355234146118164 160 158 164
-1.3520054817199707 -1.4246037006378174 5.276180744171143 39 49 75
-1.4213569164276123 -0.9628579616546631 5.43061637878418 96 117 154
-1.484214425086975 -1.8983973264694214 5.411650657653809 58 68 96
-1.484214425086975 -1.8983973264694214 5.411650657653809 58 68 96
2.862304449081421 1.6907992362976074 8.530467987060547 6 7 1
-1.3507918119430542 -1.4495759010314941 5.279006004333496 41 46 79
-1.4500389099121094 -1.7164133787155151 5.394758224487305 154 154 168
-1.4500389099121094 -1.7164133787155151 5.394758224487305 154 154 168
-1.4253311157226562 -0.9167839288711548 5.454918384552002 172 171 167
-1.330336570739746 1.1355960369110107 5.549025058746338 105 99 73
-1.5196741819381714 -1.8450435400009155 5.482572555541992 150 148 161
2.0466790199279785 1.6354668140411377 4.921613693237305 145 65 51
2.829800605773926 1.625441312789917 8.497719764709473 166 156 97
-1.285042643547058 1.2641260623931885 5.502730369567871 149 138 110
-1.3588804006576538 -1.4763888120651245 5.301986217498779 35 36 68
-1.4829864501953125 -1.883103847503662 5.430014610290527 54 57 98
-1.4172346591949463 -1.643371343612671 5.367966175079346 168 164 166
-1.4155452251434326 -1.5688637495040894 5.3775954246521 169 167 172
-1.4155452251434326 -1.5688637495040894 5.3775954246521 169 167 172
-1.3408167362213135 1.0945366621017456 5.5719428062438965 151 134 96
-1.4133086204528809 -1.6251869201660156 5.368003845214844 45 50 80
-1.4133086204528809 -1.6251869201660156 5.368003845214844 45 50 80
-1.412137508392334 -1.6066535711288452 5.370731830596924 170 168 173
-1.4494203329086304 -1.6708534955978394 5.430067539215088 170 168 173
-1.4705959558486938 -1.6465011835098267 5.452151775360107 170 168 173
-1.4109952449798584 -0.9538859128952026 5.448062419891357 187 185 185
-1.4210824966430664 -0.9036872982978821 5.472477912902832 54 74 102
2.116436719894409 1.6596920490264893 5.383334636688232 202 188 149
-1.4093142747879028 -0.9373896718025208 5.457643508911133 79 104 136
-1.4346613883972168 -1.719660758972168 5.4016218185424805 36 40 69
-1.3258663415908813 -1.424363374710083 5.28230094909668 42 54 91
-1.496302604675293 0.7532594799995422 5.774473667144775 160 140 107
-1.3852787017822266 -0.7811221480369568 5.444252967834473 154 150 157
-1.4708895683288574 -1.8670990467071533 5.440500736236572 50 54 95
-1.4322149753570557 -1.704825520515442 5.406370639801025 161 160 164
-1.4090760946273804 -1.5360842943191528 5.394843578338623 38 45 76
-1.4673442840576172 -1.879042625427246 5.438836097717285 152 150 155
-1.4533305168151855 -1.914831280708313 5.414442539215088 130 129 150
-1.4103379249572754 -0.9883256554603577 5.464855670928955 81 104 123
-1.4103379249572754 -0.9883256554603577 5.464855670928955 81 104 123
-1.4075697660446167 -1.5536119937896729 5.394232273101807 157 156 162
-1.4075697660446167 -1.5536119937896729 5.394232273101807 157 156 162
2.1328375339508057 1.6321144104003906 5.5386834144592285 203 189 140
-1.6776372194290161 1.3295323848724365 6.14727783203125 157 140 120
1.858731985092163 1.6335704326629639 4.211788177490234 215 204 151
-1.4117357730865479 -0.9077215790748596 5.481093883514404 166 165 167
2.7485928535461426 1.6211738586425781 8.541215896606445 187 167 121
-1.450336217880249 -1.6257455348968506 5.454061031341553 165 163 172
-1.4033010005950928 -1.5914288759231567 5.387567520141602 165 163 172
-1.4030869007110596 -1.6283764839172363 5.382816791534424 172 168 175
-1.315914511680603 -1.4137072563171387 5.289688587188721 180 179 174
-1.2760916948318481 -1.2135037183761597 5.257195949554443 110 71 74
-1.2760916948318481 -1.2135037183761597 5.257195949554443 110 71 74
-1.400138020515442 -0.9641086459159851 5.4663801193237305 80 100 129
2.0939531326293945 1.6409475803375244 5.447445869445801 196 192 135
-1.4309301376342773 -1.7420865297317505 5.419508457183838 49 56 82
-1.4652434587478638 0.7856906056404114 5.760740756988525 57 50 24
-4.171869277954102 1.7922531366348267 9.773542404174805 57 50 24
-1.288119912147522 1.229479432106018 5.553274631500244 63 59 31
-1.3049685955047607 1.1618928909301758 5.571227550506592 70 56 32
-1.314786434173584 -1.4355107545852661 5.292076587677002 185 186 182
-1.5638415813446045 -1.3433496952056885 5.662332534790039 152 143 150
2.10901141166687 1.63509202003479 5.547694206237793 201 192 150
-1.4232224225997925 -1.7237296104431152 5.415244102478027 152 157 160
-1.311643362045288 1.1455457210540771 5.582740306854248 142 126 90
-1.295987844467163 -1.3818689584732056 5.274710178375244 184 183 192
-1.4529906511306763 -1.8611176013946533 5.448535919189453 147 143 156
2.0650179386138916 1.6514010429382324 5.399123191833496 195 193 130
-1.4060771465301514 -0.9005683064460754 5.501904010772705 62 87 127
2.0650179386138916 1.6514010429382324 5.399123191833496 195 193 130
2.016057252883911 1.6513466835021973 5.166143894195557 185 101 101
-1.3116626739501953 1.133698582649231 5.596423149108887 67 62 50
-1.4369962215423584 -1.8701083660125732 5.434889793395996 33 45 69
2.0207948684692383 1.6570464372634888 5.210514545440674 74 64 74
2.1086699962615967 1.6477656364440918 5.672385215759277 198 187 147
-1.434610366821289 -1.9079307317733765 5.42741060256958 133 137 151
-1.434610366821289 -1.9079307317733765 5.42741060256958 133 137 151
-1.304360270500183 -1.2299319505691528 5.323982238769531 105 67 75
-1.304360270500183 -1.2299319505691528 5.323982238769531 105 67 75
2.0230062007904053 1.6623739004135132 5.253504276275635 201 194 137
-1.4577168226242065 -1.092004418373108 5.566521167755127 137 125 129
-1.2953517436981201 1.173784852027893 5.5873188972473145 154 136 102
-1.2953517436981201 1.173784852027893 5.5873188972473145 154 136 102
2.1870229244232178 1.6585792303085327 6.1527934074401855 190 177 133
-1.4307801723480225 -1.052146315574646 5.541056156158447 167 163 161
-1.4412298202514648 -1.8590967655181885 5.45905876159668 20 27 49
-1.2835214138031006 -1.3854777812957764 5.288201332092285 47 55 84
-1.423935055732727 -1.8920551538467407 5.431512832641602 51 56 80
-1.4085519313812256 -1.5942403078079224 5.4374284744262695 46 51 74
-1.3861770629882812 -1.6323356628417969 5.411637783050537 171 168 172
-1.3861770629882812 -1.6323356628417969 5.411637783050537 171 168 172
2.041428804397583 1.641554832458496 5.466432094573975 196 193 143
-1.3900710344314575 -0.9209781885147095 5.507363319396973 69 93 126
1.6238045692443848 -2.9596052169799805 4.800384044647217 84 76 68
-1.4385521411895752 -1.0727009773254395 5.5625200271606445 53 44 42
-1.3882737159729004 -0.9384968280792236 5.50585412979126 70 93 124
-1.3882737159729004 -0.9384968280792236 5.50585412979126 70 93 124
-1.4201550483703613 -1.8777530193328857 5.442318439483643 158 157 166
-1.4128689765930176 -1.7468262910842896 5.451679229736328 35 39 66
-1.5084542036056519 -1.6613752841949463 5.596033573150635 155 154 162
-1.4181830883026123 -1.9041402339935303 5.446869373321533 152 151 160
-1.4323108196258545 -1.07457435131073 5.57181978225708 50 38 44
-1.3816475868225098 -1.6335647106170654 5.430505752563477 46 52 88
-1.4131579399108887 -1.8633224964141846 5.4543890953063965 43 56 89
-1.2668852806091309 -1.3752574920654297 5.301335334777832 50 53 71
-1.3814208507537842 -0.9277206659317017 5.52534294128418 185 184 180
-3.9972498416900635 1.7464306354522705 9.676913261413574 155 133 111
-1.7943377494812012 0.9941990971565247 6.359073162078857 147 131 99
-1.4098888635635376 -1.8881675004959106 5.453132629394531 51 57 100
-1.4098888635635376 -1.8881675004959106 5.453132629394531 51 57 100
-1.383461594581604 -1.617944359779358 5.450005054473877 40 46 69
-1.386464238166809 -0.891261875629425 5.54390811920166 171 169 168
-1.4094250202178955 -1.8497318029403687 5.465975284576416 151 150 151
-3.9393179416656494 1.710938572883606 9.614995002746582 80 67 46
-1.3862162828445435 -1.6007179021835327 5.464988708496094 45 48 78
-1.3862162828445435 -1.6007179021835327 5.464988708496094 45 48 78
-1.3862162828445435 -1.6007179021835327 5.464988708496094 45 48 78
-3.9758901596069336 1.7769087553024292 9.689397811889648 48 41 24
-3.0355849266052246 1.488480567932129 8.257997512817383 155 143 105
1.8995614051818848 1.6227303743362427 4.884938716888428 201 189 165
-1.4023245573043823 -1.8726917505264282 5.461707592010498 147 144 151
-1.315438985824585 -1.462968111038208 5.383747577667236 151 160 175
1.8995614051818848 1.6227303743362427 4.884938716888428 201 189 165
-1.4020802974700928 -1.8995370864868164 5.46443510055542 148 141 146
-1.4020802974700928 -1.8995370864868164 5.46443510055542 148 141 146
1.9350948333740234 1.6442304849624634 5.091884136199951 205 193 154
-1.3775959014892578 -0.9033432602882385 5.554206848144531 69 99 142
-1.2580431699752808 -1.3753794431686401 5.320373058319092 175 173 176
-1.3984308242797852 -1.8332377672195435 5.472278594970703 60 64 99
-1.3987058401107788 -1.8602882623672485 5.4756999015808105 49 56 95
-1.3987058401107788 -1.8602882623672485 5.4756999015808105 49 56 95
1.8741883039474487 1.6311615705490112 4.832217693328857 193 188 127
-1.3926842212677002 -1.8814400434494019 5.469449043273926 44 53 91
-1.3926842212677002 -1.8814400434494019 5.469449043273926 44 53 91
1.901369333267212 -2.692723035812378 6.842329025268555 204 199 195
1.8701894283294678 1.6370514631271362 4.828011989593506 58 62 54
-1.3932958841323853 -1.8186497688293457 5.482831001281738 155 155 160
-1.457365870475769 -1.9034494161605835 5.582021236419678 157 155 166
-3.905536651611328 1.801970362663269 9.668493270874023 102 96 67
-1.3929203748703003 -1.7801034450531006 5.497971057891846 33 37 54
-1.3844420909881592 0.8856614232063293 5.803210735321045 154 140 109
-1.388389229774475 -1.8686085939407349 5.482287883758545 143 143 150
-1.388389229774475 -1.8686085939407349 5.482287883758545 143 143 150
-2.2332608699798584 1.0675294399261475 7.093642711639404 144 131 108
2.635633945465088 1.52440345287323 9.584434509277344 34 30 16
-1.5154606103897095 -1.7120106220245361 5.703891754150391 132 133 144
-1.3873660564422607 -1.8924086093902588 5.482974529266357 149 148 151
-1.386201024055481 -1.8044581413269043 5.493031024932861 47 50 87
-1.3357152938842773 0.829261302947998 5.7510833740234375 122 111 88
2.629645824432373 1.5136969089508057 9.63023567199707 123 113 96
2.629645824432373 1.5136969089508057 9.63023567199707 123 113 96
-1.3642497062683105 -0.8435956239700317 5.597682476043701 75 83 105
2.5849642753601074 1.4770106077194214 9.646121978759766 114 108 85
2.4610440731048584 1.5888662338256836 8.830227851867676 162 144 99
1.868491768836975 1.6428128480911255 5.043158531188965 191 113 100
2.564908742904663 1.4693082571029663 9.56226921081543 140 132 102
-1.3731567859649658 -1.8376872539520264 5.501486301422119 156 154 164
-1.3731567859649658 -1.8376872539520264 5.501486301422119 156 154 164
-1.3745638132095337 -1.86371648311615 5.503011703491211 148 147 158
-1.3793507814407349 -1.751362919807434 5.5267720222473145 43 48 66
2.5397329330444336 1.549649715423584 9.483817100524902 143 130 101
-1.418496012687683 -1.0276399850845337 5.6791229248046875 80 97 121
-1.3756439685821533 -1.776178002357483 5.5212483406066895 46 49 83
-1.4206010103225708 0.798910915851593 5.900822162628174 154 139 103
1.792197823524475 -2.7275261878967285 6.740679740905762 42 31 27
-2.1469881534576416 1.209497332572937 7.055596828460693 37 27 12
-1.3673983812332153 -1.8242651224136353 5.512701988220215 47 56 83
-3.7285845279693604 1.6238199472427368 9.509318351745605 70 61 41
-0.6316076517105103 -0.7216724157333374 4.539074420928955 173 170 166
-1.367098093032837 -1.8490718603134155 5.5138373374938965 53 56 76
-1.3533165454864502 -0.8853904008865356 5.615595817565918 75 101 135
2.3533360958099365 1.584045648574829 8.407222747802734 161 151 113
-1.3672782182693481 -1.7602425813674927 5.530122756958008 160 155 162
-1.4342458248138428 -1.8454312086105347 5.629395484924316 160 158 169
-1.3610001802444458 -1.8094468116760254 5.52308464050293 154 153 158
-1.3610001802444458 -1.8094468116760254 5.52308464050293 154 153 158
-1.3605765104293823 -1.8356293439865112 5.526482582092285 160 154 168
1.7525254487991333 -2.7574667930603027 6.709633827209473 56 43 27
-4.298627853393555 2.01664137840271 10.472169876098633 121 114 99
-1.3579280376434326 -1.7973768711090088 5.535707950592041 49 52 89
1.9252161979675293 1.6375854015350342 5.853784561157227 188 184 143
1.457656979560852 -2.897263526916504 4.631712913513184 192 189 182
-1.281967282295227 -1.4903035163879395 5.462947845458984 24 25 47
1.457656979560852 -2.897263526916504 4.631712913513184 192 189 182
2.3531382083892822 1.577651023864746 9.07237434387207 35 31 17
-1.3602875471115112 -1.1408960819244385 5.629075527191162 60 80 111
2.3407998085021973 0.805691123008728 9.420039176940918 31 20 16
-1.3572371006011963 -1.7844245433807373 5.549562454223633 153 152 151
2.3439717292785645 1.522361159324646 9.111988067626953 133 118 103
2.3419337272644043 1.5442309379577637 9.098389625549316 145 131 111
-1.3583303689956665 -1.7346301078796387 5.560894012451172 170 165 171
-1.3631235361099243 -1.7126301527023315 5.571200847625732 148 142 156
2.342012405395508 1.4999680519104004 9.118977546691895 30 25 9
2.3282275199890137 1.5736799240112305 9.047459602355957 136 123 98
2.4484996795654297 1.1854500770568848 10.132570266723633 109 103 87
-1.2663437128067017 1.0976372957229614 5.77105712890625 150 137 99
2.322502851486206 1.5266382694244385 9.079326629638672 33 29 18
2.438934803009033 1.139961838722229 10.125567436218262 127 103 77
-1.3346211910247803 0.9147360920906067 5.863493919372559 153 138 106
2.433029890060425 1.1982845067977905 10.068731307983398 105 99 84
-1.3570287227630615 -1.7242377996444702 5.58151388168335 39 41 66
-1.3444609642028809 -1.793402075767517 5.556339263916016 44 49 81
-1.6094985008239746 1.325114369392395 6.344196796417236 65 59 38
-1.405636191368103 -1.0953681468963623 5.745448112487793 176 169 166
2.4231925010681152 1.2535890340805054 10.063706398010254 105 100 88
2.300199031829834 1.566634178161621 9.012042045593262 41 37 28
1.8756849765777588 1.6380034685134888 5.789727687835693 191 189 135
2.391148328781128 1.1427867412567139 10.065895080566406 111 94 73
2.391148328781128 1.1427867412567139 10.065895080566406 111 94 73
2.276010274887085 1.5391314029693604 9.003403663635254 103 94 75
-1.3458391427993774 -1.782147765159607 5.572924613952637 146 145 153
-1.3435606956481934 -1.152092456817627 5.651069641113281 154 153 157
-1.2581640481948853 1.0948498249053955 5.789524555206299 149 137 103
1.417542576789856 -2.9443726539611816 4.599946975708008 92 88 81
-1.217421054840088 1.2088202238082886 5.740871906280518 44 39 13
2.3374526500701904 1.5339936017990112 9.561174392700195 128 116 87
-2.553006172180176 1.106186866760254 7.800325393676758 76 70 57
-1.3454923629760742 -1.7693095207214355 5.584099292755127 44 51 85
-1.3454923629760742 -1.7693095207214355 5.584099292755127 44 51 85
-1.3454923629760742 -1.7693095207214355 5.584099292755127 44 51 85
12.02260971069336 18.03569984436035 79.35521697998047 107 96 71
2.23946475982666 1.499927282333374 8.989503860473633 107 96 71
-1.3348982334136963 -1.8035917282104492 5.565145015716553 150 149 159
1.8126453161239624 1.6544640064239502 5.515466690063477 99 67 78
-1.3943201303482056 -1.0066801309585571 5.765059471130371 64 71 78
-1.2594754695892334 -1.474583625793457 5.495571613311768 168 164 159
-1.3477996587753296 -1.7566765546798706 5.598217964172363 146 142 144
-1.3477996587753296 -1.7566765546798706 5.598217964172363 146 142 144
-2.0513670444488525 1.6876095533370972 7.117326736450195 151 141 106
2.2162604331970215 1.5433815717697144 8.867744445800781 130 121 103
2.214754104614258 1.5177478790283203 8.907978057861328 26 22 13
-1.3319058418273926 -1.7903785705566406 5.577821254730225 39 43 80
1.3977255821228027 -2.94268536567688 4.5915117263793945 66 62 51
-1.380089521408081 -0.8403907418251038 5.777420520782471 58 74 108
-1.3808094263076782 -1.781320571899414 5.663463115692139 38 44 65
-1.26663076877594 1.0593668222427368 5.8320746421813965 149 135 95
2.2896392345428467 1.331589698791504 9.795434951782227 135 111 74
-1.382805347442627 -1.0774797201156616 5.762701511383057 64 58 72
1.633347988128662 -2.8726537227630615 6.943743705749512 189 182 163
-1.3312047719955444 -1.7770764827728271 5.592485427856445 149 152 161
-1.3312047719955444 -1.7770764827728271 5.592485427856445 149 152 161
2.916696786880493 2.8815464973449707 14.618900299072266 149 139 112
1.6683253049850464 1.375776767730713 4.674595832824707 177 184 186
2.137645721435547 1.4998329877853394 8.856465339660645 137 126 102
2.137645721435547 1.4998329877853394 8.856465339660645 137 126 102
1.7831851243972778 1.5939940214157104 5.822937965393066 197 192 128
-1.2503570318222046 -1.4720263481140137 5.516443729400635 154 151 158
1.7831851243972778 1.5939940214157104 5.822937965393066 197 192 128
-1.3497036695480347 -1.1646010875701904 5.717235565185547 158 157 160
-1.3497036695480347 -1.1646010875701904 5.717235565185547 158 157 160
1.6239006519317627 1.4023903608322144 4.494991779327393 113 139 140
-1.3355361223220825 -1.3225294351577759 5.676084041595459 157 147 148
-1.3348673582077026 -1.751689076423645 5.6214213371276855 139 137 150
1.7635539770126343 1.592225432395935 5.7873854637146 60 77 99
-1.2266346216201782 1.136252760887146 5.81036901473999 127 118 94
-2.0680885314941406 1.4774937629699707 7.177488327026367 36 28 13
-1.3572180271148682 -1.642775535583496 5.674415588378906 31 36 65
-1.3423010110855103 -1.741317629814148 5.638319492340088 40 42 74
-1.3133463859558105 -1.2708839178085327 5.6569623947143555 171 162 156
1.6019842624664307 -2.9529213905334473 7.596105575561523 33 27 27
1.9980019330978394 1.5113579034805298 8.44825553894043 161 154 129
1.7335044145584106 1.5975195169448853 5.7398200035095215 176 116 95
1.9872963428497314 1.5552598237991333 8.376951217651367 37 36 22
1.603920578956604 1.5225822925567627 4.437110900878906 52 53 57
1.9715101718902588 1.5234521627426147 8.39919376373291 28 27 19
1.599227786064148 1.3917500972747803 4.525608062744141 174 182 184
1.9702402353286743 1.5001822710037231 8.462547302246094 154 141 108
-1.3514717817306519 -1.6322425603866577 5.685034275054932 139 139 147
-1.3514717817306519 -1.6322425603866577 5.685034275054932 139 139 147
-1.3193650245666504 -1.7730308771133423 5.615403175354004 151 149 157
-1.3193650245666504 -1.7730308771133423 5.615403175354004 151 149 157
-1.3364596366882324 -1.1887937784194946 5.718872547149658 76 82 113
1.523820161819458 -2.7833919525146484 7.208177089691162 77 70 60
1.8457223176956177 1.5933305025100708 7.291164398193359 188 169 138
-1.3413578271865845 -0.8680866956710815 5.776636600494385 72 104 142
-1.3413578271865845 -0.8680866956710815 5.776636600494385 72 104 142
1.8457223176956177 1.5933305025100708 7.291164398193359 188 169 138
-1.345995306968689 -0.9879538416862488 5.770066738128662 172 173 169
-1.3451924324035645 -1.7758591175079346 5.672126293182373 127 122 133
-1.3157596588134766 -1.2435344457626343 5.690467357635498 65 80 119
1.9376705884933472 1.5079662799835205 8.396123886108398 30 29 19
1.684965968132019 1.6105995178222656 5.531827449798584 199 189 137
1.2978605031967163 -2.9480526447296143 4.4815168380737305 85 78 57
1.9714261293411255 1.5287258625030518 8.864712715148926 57 49 38
1.9230833053588867 1.5177996158599854 8.33779239654541 115 107 82
-1.3402377367019653 -1.1433278322219849 5.751865386962891 176 172 175
-1.3489018678665161 -1.0883821249008179 5.773565292358398 65 60 68
-2.0114097595214844 1.7098742723464966 7.174618721008301 51 46 25
-1.2276438474655151 1.110069751739502 5.856258392333984 51 43 24
-1.334755539894104 -0.9977067112922668 5.771070957183838 64 96 130
-2.0238473415374756 1.6860748529434204 7.1962175369262695 74 59 33
-1.3274391889572144 -1.173598051071167 5.741008758544922 171 169 171
1.9857816696166992 1.2404690980911255 9.453875541687012 138 134 126
1.8855692148208618 1.5482219457626343 8.231112480163574 148 136 116
-1.3239002227783203 -0.8881990313529968 5.784010410308838 178 177 174
-1.3239002227783203 -0.8881990313529968 5.784010410308838 178 177 174
1.8692476749420166 1.5233036279678345 8.210277557373047 163 149 124
-1.3022204637527466 -1.2423207759857178 5.706788539886475 178 172 181
-1.3022204637527466 -1.2423207759857178 5.706788539886475 178 172 181
1.6454461812973022 1.6062153577804565 5.468695163726807 198 188 137
1.4567267894744873 -2.896540403366089 7.19510555267334 52 42 40
-1.2328969240188599 1.0768320560455322 5.889040470123291 143 127 91
-1.3133697509765625 -1.154695749282837 5.742726802825928 67 86 119
-1.3133697509765625 -1.154695749282837 5.742726802825928 67 86 119
-1.9973572492599487 1.7185430526733398 7.199126243591309 151 132 106
1.8448017835617065 1.5051473379135132 8.189545631408691 153 144 115
-1.3167201280593872 -1.1405606269836426 5.756339073181152 157 151 155
-1.2861394882202148 0.941337525844574 5.970449924468994 75 69 41
-1.3241242170333862 -1.0293101072311401 5.788101673126221 83 108 134
-1.308241367340088 -1.1230911016464233 5.756249904632568 125 76 85
-1.2885586023330688 -1.2847023010253906 5.70338773727417 102 61 73
1.4454597234725952 -2.6471614837646484 7.1548027992248535 162 155 135
-1.206580400466919 1.11933171749115 5.876199245452881 29 26 11
1.824224591255188 1.512355089187622 8.233681678771973 159 147 113
1.824224591255188 1.512355089187622 8.233681678771973 159 147 113
1.8216217756271362 1.5016508102416992 8.29640007019043 152 141 114
1.8216217756271362 1.5016508102416992 8.29640007019043 152 141 114
-1.3143941164016724 -1.02362859249115 5.790231704711914 78 108 147
-1.275660753250122 -1.2962418794631958 5.697225570678711 168 159 164
1.4198306798934937 -2.8133652210235596 7.204251289367676 40 35 32
-1.2973582744598389 -0.8784452676773071 5.789656162261963 62 93 132
-1.2973582744598389 -0.8784452676773071 5.789656162261963 62 93 132
1.7223538160324097 1.5964432954788208 7.020092010498047 159 90 86
1.7223538160324097 1.5964432954788208 7.020092010498047 159 90 86
1.686747431755066 1.6135703325271606 6.528830528259277 184 179 134
-1.1669267416000366 1.220898151397705 5.853763580322266 140 126 100
1.7301263809204102 1.575569987297058 7.263927459716797 60 56 62
1.8444771766662598 1.216343641281128 9.185940742492676 83 74 56
1.7976480722427368 1.4964035749435425 8.395047187805176 41 38 22
-1.2951478958129883 -0.945209801197052 5.797040939331055 69 99 145
1.2467230558395386 -2.9617252349853516 4.622884750366211 208 205 200
1.2469508647918701 -2.937617301940918 4.6968607902526855 207 208 203
-1.2953475713729858 -0.98808753490448 5.797854900360107 81 107 144
-1.2953475713729858 -0.98808753490448 5.797854900360107 81 107 144
1.7888977527618408 1.499728798866272 8.306880950927734 152 137 116
-1.2876331806182861 -0.8714691996574402 5.805545330047607 181 177 177
-1.2663058042526245 -1.3032431602478027 5.7188849449157715 109 68 70
1.2415831089019775 -2.965898036956787 4.623950004577637 197 193 186
1.512890100479126 1.429789662361145 4.348299503326416 32 38 38
-1.2597217559814453 -1.2888643741607666 5.717700004577637 167 160 162
-1.377994179725647 0.7838971614837646 6.178957462310791 156 140 114
1.512890100479126 1.429789662361145 4.348299503326416 32 38 38
-1.967970371246338 1.704872965812683 7.265078067779541 53 43 23
-1.169932246208191 1.1895859241485596 5.893924236297607 149 130 90
-1.169932246208191 1.1895859241485596 5.893924236297607 149 130 90
-1.161817193031311 1.2133235931396484 5.887505531311035 145 131 95
1.7087832689285278 1.5643258094787598 7.438885688781738 56 55 65
1.7087832689285278 1.5643258094787598 7.438885688781738 56 55 65
-1.295291781425476 -0.8675979971885681 5.857441425323486 61 59 63
-1.2814894914627075 -0.9572967290878296 5.822897434234619 80 104 137
-1.1963633298873901 1.1005080938339233 5.94750452041626 163 149 112
1.511314868927002 1.4439815282821655 4.7464919090271 104 133 146
1.7051697969436646 1.50093412399292 8.133009910583496 138 121 77
-0.604925274848938 -0.9423078894615173 4.728923320770264 172 172 177
1.7303519248962402 1.2719471454620361 8.948603630065918 160 129 85
-1.415759801864624 0.7087754011154175 6.300551414489746 80 70 45
-1.2682560682296753 -0.9363895058631897 5.848586559295654 69 80 106
-1.2863047122955322 0.8965238332748413 6.115808010101318 168 150 127
-1.2863047122955322 0.8965238332748413 6.115808010101318 168 150 127
-1.2475662231445312 -1.229210376739502 5.776244640350342 64 81 112
1.7059080600738525 1.4156731367111206 8.74316120147705 26 28 20
1.588577389717102 1.6164354085922241 6.395384311676025 198 182 136
-1.2961307764053345 -0.8487210869789124 5.914919853210449 170 169 172
-1.2410463094711304 -1.3132617473602295 5.76236629486084 117 70 79
-1.1564980745315552 1.1760177612304688 5.946000099182129 156 145 125
-1.260613203048706 -0.8743882775306702 5.858456134796143 78 76 89
1.634626030921936 1.5095932483673096 7.77562952041626 25 24 14
1.188303828239441 -3.0040156841278076 4.87502908706665 193 193 185
-1.2319549322128296 -1.2962887287139893 5.764403343200684 174 164 162
-1.2319549322128296 -1.2962887287139893 5.764403343200684 174 164 162
1.926939606666565 2.8709161281585693 12.355618476867676 113 108 88
1.6205796003341675 1.5231168270111084 7.724141597747803 113 108 88
1.4611759185791016 1.651598572731018 4.089272499084473 193 183 120
1.6127678155899048 1.5737465620040894 7.665225028991699 32 27 23
-1.2285833358764648 -1.2375149726867676 5.774837493896484 176 173 173
-1.1546366214752197 1.1685371398925781 5.9638285636901855 60 57 34
1.1662683486938477 -2.9863357543945312 4.85377311706543 43 37 36
1.6072778701782227 1.2526354789733887 8.906136512756348 133 108 73
1.1575478315353394 -3.0040106773376465 4.895502090454102 61 50 38
-1.3927512168884277 0.7672756314277649 6.326406955718994 50 41 32
1.1555089950561523 -3.0372369289398193 4.511364936828613 79 73 64
-3.0227489471435547 -1.6081751585006714 8.79174518585205 71 81 101
1.4196408987045288 1.4234431982040405 4.28918981552124 61 99 113
-1.1137051582336426 1.2665530443191528 5.933468818664551 141 125 91
-1.1214476823806763 1.2453114986419678 5.953144073486328 67 55 27
1.5367399454116821 1.50584077835083 8.476950645446777 41 37 20
0.6395782828330994 0.2905832529067993 2.842360258102417 176 163 132
1.4072767496109009 1.4121202230453491 4.310972213745117 54 76 85
1.4068948030471802 1.4527169466018677 4.211211204528809 38 52 60
-1.8110840320587158 0.9249652028083801 7.088590621948242 61 54 40
-1.8110840320587158 0.9249652028083801 7.088590621948242 61 54 40
1.4217498302459717 1.7806670665740967 4.041726112365723 195 182 111
1.4514373540878296 1.607311725616455 6.110504150390625 74 76 65
-2.020707130432129 -2.722761392593384 6.979943752288818 71 62 73
1.477965235710144 1.5074119567871094 8.445194244384766 51 46 36
-1.2152830362319946 -1.3127716779708862 5.807387828826904 109 67 71
-1.2152830362319946 -1.3127716779708862 5.807387828826904 109 67 71
-1.1327967643737793 1.1779001951217651 5.997870922088623 153 139 102
1.463205099105835 1.1250574588775635 9.439788818359375 120 113 97
-0.784934401512146 -1.0380505323410034 5.12009859085083 174 171 175
1.3866130113601685 1.4150680303573608 4.304884433746338 194 200 199
1.4395012855529785 1.2432459592819214 8.901244163513184 143 120 78
1.4289791584014893 1.4931957721710205 7.554268836975098 135 117 78
-1.2134002447128296 -1.2608094215393066 5.823241710662842 62 87 125
1.4056077003479004 1.57221519947052 7.309826850891113 145 123 104
-1.143216609954834 1.1398146152496338 6.027928352355957 117 113 84
-1.071481466293335 1.1008332967758179 5.900205612182617 117 113 84
1.3888410329818726 1.2591792345046997 8.970353126525879 156 130 86
-1.1739683151245117 1.0655680894851685 6.085758686065674 154 134 105
-1.1739683151245117 1.0655680894851685 6.085758686065674 154 134 105
-0.8276382088661194 -0.8320165872573853 5.238854885101318 85 95 125
-1.2294371128082275 -0.94917231798172 5.919277667999268 179 177 178
-1.1841468811035156 -1.5022709369659424 5.766278266906738 125 116 111
-1.1832470893859863 -1.2039061784744263 5.817689418792725 69 83 116
1.3577662706375122 1.59764564037323 5.660870552062988 174 110 112
-1.3490139245986938 0.7956946492195129 6.385226726531982 96 90 73
-1.2255406379699707 -0.934874415397644 5.939517498016357 54 77 110
-1.2255406379699707 -0.934874415397644 5.939517498016357 54 77 110
-1.5806879997253418 1.186859369277954 6.856761455535889 160 146 108
-1.1918479204177856 -1.302778720855713 5.832921028137207 176 166 163
-1.1918479204177856 -1.302778720855713 5.832921028137207 176 166 163
1.3441970348358154 1.5606807470321655 7.193586826324463 105 104 84
1.3441970348358154 1.5606807470321655 7.193586826324463 105 104 84
1.3389766216278076 1.4351933002471924 4.224603652954102 69 102 109
-0.31880831718444824 1.5437983274459839 4.693215847015381 185 179 157
1.3445358276367188 1.540698766708374 4.198311805725098 10 14 17
-1.2734260559082031 -1.0709165334701538 6.021925926208496 47 47 49
-1.2103793621063232 -0.9236850142478943 5.936359405517578 187 187 184
1.31576406955719 1.4969305992126465 7.237813472747803 163 149 118
1.301066279411316 1.4977335929870605 7.175078868865967 33 29 16
1.29039466381073 1.5151426792144775 7.118126392364502 48 42 28
-1.1316492557525635 1.144442081451416 6.0843892097473145 123 111 90
-1.3145549297332764 0.8310537934303284 6.3697662353515625 44 37 25
-1.2147181034088135 -0.9009673595428467 5.963342666625977 170 166 171
-1.2180407047271729 -0.8834577798843384 5.976457595825195 78 111 158
-1.2180407047271729 -0.8834577798843384 5.976457595825195 78 111 158
-1.2180407047271729 -0.8834577798843384 5.976457595825195 78 111 158
1.270464301109314 1.5378210544586182 7.0800604820251465 150 139 109
1.278153657913208 1.5690256357192993 6.585299968719482 149 109 112
-1.2077587842941284 -0.9176630973815918 5.959465980529785 55 72 98
-1.2077587842941284 -0.9176630973815918 5.959465980529785 55 72 98
1.2738983631134033 1.5686874389648438 6.383273124694824 165 106 102
-0.33183911442756653 1.5134081840515137 4.740273475646973 181 177 152
1.2999823093414307 1.420741319656372 4.259016036987305 200 199 195
-1.2058855295181274 -0.8625381588935852 5.97098970413208 188 187 189
-0.3495529592037201 1.4806383848190308 4.771720886230469 189 187 168
-0.3815329670906067 1.5366957187652588 4.848515510559082 189 187 168
1.2772003412246704 1.4205762147903442 4.844351768493652 159 172 179
1.0337437391281128 -0.6472756862640381 9.225460052490234 181 170 148
-1.10840904712677 -1.696987509727478 5.6941609382629395 27 30 36
-1.0717614889144897 1.2669966220855713 6.0400519371032715 151 136 104
-1.182573914527893 -1.33339524269104 5.885461330413818 117 69 72
-1.2049224376678467 -1.0223742723464966 5.970953941345215 173 171 174
1.2233695983886719 1.505631446838379 7.026344299316406 49 40 23
-1.109436273574829 -1.668848991394043 5.705060005187988 45 42 41
-0.2907375693321228 1.5463051795959473 4.692841529846191 150 140 114
-0.2907375693321228 1.5463051795959473 4.692841529846191 150 140 114
-1.2950903177261353 0.8425002098083496 6.389686584472656 171 165 152
-1.180393099784851 -1.3664041757583618 5.883217811584473 162 147 144
-0.3827337622642517 1.5513694286346436 4.869799613952637 191 187 172
-0.33240118622779846 1.485334873199463 4.764747142791748 191 187 172
-0.33240118622779846 1.485334873199463 4.764747142791748 191 187 172
-0.28725266456604004 1.5379395484924316 4.693824768066406 60 49 33
-1.192818522453308 -1.0021883249282837 5.9684739112854 79 110 153
-1.192818522453308 -1.0021883249282837 5.9684739112854 79 110 153
-1.192818522453308 -1.0021883249282837 5.9684739112854 79 110 153
-1.3806818723678589 1.2933845520019531 6.624579906463623 148 133 106
1.1811574697494507 1.4861973524093628 7.014089107513428 154 139 106
-1.1556718349456787 -1.3238625526428223 5.872259140014648 121 78 79
1.1181131601333618 1.511969804763794 8.48707389831543 41 33 22
-0.8049370646476746 -1.0790002346038818 5.300347328186035 75 94 121
-1.170083999633789 -0.96763676404953 5.971960544586182 68 97 134
-1.170083999633789 -0.96763676404953 5.971960544586182 68 97 134
-0.3295569121837616 1.4633097648620605 4.7917022705078125 197 190 176
-1.1738015413284302 -0.8742653727531433 5.995157718658447 189 188 184
1.1394922733306885 1.5091111660003662 6.881043910980225 141 126 88
1.1309200525283813 1.523764967918396 6.84412956237793 50 44 30
-0.2736605703830719 1.517492651939392 4.702150821685791 200 193 169
-3.7181758880615234 -2.3853378295898438 10.39663028717041 74 100 136
-0.2986140251159668 1.4946893453598022 4.749199867248535 191 188 155
-1.116883635520935 -1.48014235496521 5.820008277893066 132 115 108
1.1607578992843628 1.5835310220718384 5.741568565368652 64 78 88
1.2191656827926636 1.4358464479446411 4.339200496673584 199 200 196
-1.2106637954711914 -1.0819107294082642 6.060882568359375 69 71 83
-0.2480243742465973 1.5706291198730469 4.677958011627197 144 142 113
-1.3459627628326416 -1.3094311952590942 6.274206161499023 56 76 112
-1.1054410934448242 -1.4937909841537476 5.813226699829102 43 32 36
-0.3827182948589325 1.58946692943573 4.91982889175415 202 197 176
0.9838190078735352 1.4866752624511719 8.969470024108887 5 4 0
1.0972106456756592 1.5540149211883545 6.750987529754639 41 38 24
1.1218879222869873 2.378152847290039 6.796712875366211 191 196 192
-1.059830665588379 1.246295690536499 6.130768299102783 150 132 108
1.004591703414917 1.5125503540039062 8.248115539550781 44 37 20
-1.1497530937194824 -0.8936358094215393 6.006621837615967 79 114 156
-1.1497530937194824 -0.8936358094215393 6.006621837615967 79 114 156
-0.3199763596057892 1.5948346853256226 4.833461284637451 84 60 41
-1.1450929641723633 -1.3823882341384888 5.928936958312988 165 153 148
-0.17955133318901062 1.5116854906082153 4.600379467010498 42 31 10
0.5692746639251709 5.306190490722656 20.77305793762207 41 34 23
1.1052346229553223 1.559146523475647 6.300140857696533 199 192 145
-0.295981228351593 1.474521279335022 4.777981281280518 205 195 177
-0.2693694233894348 1.5014749765396118 4.7334885597229 193 186 162
0.9529823660850525 1.4696416854858398 8.977790832519531 19 19 14
-0.23571182787418365 1.5660088062286377 4.682759761810303 156 145 115
1.2029552459716797 1.4360159635543823 4.309666156768799 209 209 207
0.7955994009971619 1.4375810623168945 11.401294708251953 70 54 27
-1.1474864482879639 -0.9046165943145752 6.026115894317627 85 109 155
1.1117204427719116 1.574815034866333 5.9118123054504395 203 201 155
1.1134252548217773 1.5765808820724487 5.883415699005127 60 61 77
1.0623480081558228 1.540324330329895 6.702983856201172 42 42 30
-1.136969804763794 -0.8810349702835083 6.020864486694336 187 186 187
1.199299693107605 1.4544930458068848 4.2676873207092285 194 197 196
1.1137261390686035 1.575486183166504 5.762722492218018 74 68 78
-1.1273285150527954 -1.002282738685608 5.996425628662109 72 91 112
-1.1356630325317383 -0.9895614981651306 6.013596057891846 181 180 178
1.0578182935714722 1.5626366138458252 6.6814422607421875 31 26 20
1.0877472162246704 1.5677820444107056 6.096076488494873 48 53 67
-0.13322630524635315 1.3892221450805664 4.509583950042725 195 185 162
0.6241070032119751 4.643833160400391 16.819461822509766 57 50 30
-1.16852867603302 -1.083958387374878 6.078797340393066 162 160 166
1.187321424484253 1.4405635595321655 4.285383701324463 201 202 202
-0.22195778787136078 1.5407074689865112 4.691444396972656 159 151 122
-0.22195778787136078 1.5407074689865112 4.691444396972656 159 151 122
1.1038416624069214 1.5821571350097656 5.6447343826293945 203 190 136
1.1385711431503296 1.4083751440048218 4.907568454742432 169 181 175
-1.1240154504776 -1.0017547607421875 6.025335311889648 171 172 176
-0.17886443436145782 1.5431517362594604 4.642282485961914 44 34 9
1.1832225322723389 1.45957350730896 4.257171630859375 44 60 70
-1.1210229396820068 -0.8933853507041931 6.045003890991211 189 187 188
1.0866103172302246 1.929863452911377 5.986119270324707 69 101 104
-1.1232110261917114 -0.9875355362892151 6.036994934082031 83 114 162
-0.20132632553577423 1.5855776071548462 4.679793357849121 169 155 138
-0.20132632553577423 1.5855776071548462 4.679793357849121 169 155 138
1.028946876525879 1.5946099758148193 6.609054088592529 134 121 98
1.028946876525879 1.5946099758148193 6.609054088592529 134 121 98
1.1900590658187866 1.6238526105880737 4.235454559326172 176 101 107
-0.5419816374778748 1.4884092807769775 5.312191486358643 27 18 14
1.1756163835525513 1.4570516347885132 4.276635646820068 169 177 174
-0.20638976991176605 1.566286563873291 4.730655193328857 59 42 8
1.1182531118392944 1.4088692665100098 4.912788391113281 43 62 67
-0.3631235659122467 1.5922482013702393 5.011290073394775 200 189 163
0.8033333420753479 1.186694622039795 9.147202491760254 125 101 70
-0.2048323154449463 1.513399600982666 4.70206356048584 185 180 162
1.165194034576416 1.4702376127243042 4.261478424072266 123 142 147
1.165194034576416 1.4702376127243042 4.261478424072266 123 142 147
0.6487365961074829 0.7101695537567139 10.627985000610352 28 18 16
1.1096116304397583 1.400299072265625 4.921741485595703 161 176 170
-1.099839448928833 -1.0352883338928223 6.03876256942749 80 101 140
-1.099839448928833 -1.0352883338928223 6.03876256942749 80 101 140
-0.14596763253211975 1.6379529237747192 4.606557846069336 12 9 11
1.1591206789016724 1.4463509321212769 4.2806549072265625 47 62 66
-1.0916557312011719 -1.2970097064971924 5.992973327636719 67 92 135
0.9940956234931946 1.5491594076156616 6.54824686050415 44 36 18
1.05451238155365 1.0597461462020874 5.232077121734619 44 36 18
-1.0902299880981445 -0.9582363367080688 6.049404621124268 74 109 158
-1.0902299880981445 -0.9582363367080688 6.049404621124268 74 109 158
-0.1744111031293869 1.5706688165664673 4.672207355499268 39 31 13
-1.0919452905654907 -0.9183464050292969 6.061851501464844 74 106 151
-4.821892738342285 -2.9882218837738037 12.846905708312988 63 92 130
1.152587890625 1.445603370666504 4.301735877990723 136 158 164
-0.14208683371543884 1.615890622138977 4.623301982879639 181 173 148
-0.17081384360790253 1.5645995140075684 4.677515029907227 174 166 155
-1.0802208185195923 -0.9327369928359985 6.062068939208984 72 104 147
0.9686651229858398 1.5078341960906982 6.580747604370117 144 130 97
-0.8514111042022705 1.4653500318527222 5.970741271972656 14 11 8
-0.1307636797428131 1.625805139541626 4.617447376251221 180 172 138
-5.125844478607178 -3.1633410453796387 13.428423881530762 66 90 132
-1.0747931003570557 -0.8925254344940186 6.071463584899902 186 183 183
-0.8148795366287231 1.4931037425994873 5.91455078125 19 18 7
-1.114127516746521 -1.1010289192199707 6.115692138671875 78 101 141
-1.094110131263733 -1.1511199474334717 6.073038578033447 163 162 162
-1.094110131263733 -1.1511199474334717 6.073038578033447 163 162 162
-1.072081446647644 -0.9159205555915833 6.071600914001465 188 186 187
1.1395481824874878 1.45909583568573 4.291143417358398 107 137 143
-0.2139122188091278 1.4787085056304932 4.772046089172363 197 185 161
-3.4681708812713623 -2.4354679584503174 10.422891616821289 181 169 169
0.9989961981773376 1.556460976600647 6.060708045959473 74 70 83
-0.11782211065292358 1.6393896341323853 4.610360145568848 184 177 150
-0.24983805418014526 1.5698553323745728 4.852234363555908 204 198 182
1.0817385911941528 1.4407532215118408 4.7429094314575195 201 205 208
0.9843901991844177 1.562606930732727 5.837316513061523 210 194 151
-1.0730431079864502 -1.0437488555908203 6.088741302490234 182 180 179
-0.11240383237600327 1.6094404458999634 4.609752178192139 167 154 117
-1.0585538148880005 -0.9372475147247314 6.080764293670654 78 97 133
-0.19637562334537506 1.6163241863250732 4.780188083648682 50 38 23
-0.10506537556648254 1.6543104648590088 4.610435962677002 166 160 132
-0.8417444825172424 1.4743564128875732 6.016422748565674 152 140 116
-1.054057002067566 -0.8911443948745728 6.089611053466797 184 185 182
-0.12037238478660583 1.5936353206634521 4.636252403259277 173 166 142
0.9173296689987183 1.5477144718170166 6.451982021331787 51 45 34
0.9842827320098877 1.5662590265274048 5.727545738220215 203 198 164
-1.0540539026260376 -0.9481613039970398 6.086928367614746 82 98 145
-1.0540539026260376 -0.9481613039970398 6.086928367614746 82 98 145
-0.13876286149024963 1.5444008111953735 4.6736016273498535 191 184 159
-1.067181944847107 -1.039706826210022 6.105377197265625 71 94 132
-0.052784647792577744 1.8595359325408936 4.548447132110596 6 1 1
0.5847710371017456 1.1572383642196655 9.333418846130371 111 88 55
-0.1066664457321167 1.6089012622833252 4.6321330070495605 180 168 127
-0.3147178292274475 1.4828466176986694 5.022861480712891 176 168 131
-1.0416990518569946 -0.8999031782150269 6.096621513366699 82 108 145
-1.0416990518569946 -0.8999031782150269 6.096621513366699 82 108 145
0.3578263521194458 3.525360107421875 13.071869850158691 52 54 42
0.14846189320087433 4.710641384124756 15.86346435546875 170 156 134
0.913031816482544 1.5539509057998657 6.098147392272949 198 196 137
-0.33514225482940674 1.4670186042785645 5.06827974319458 194 185 154
-0.9403655529022217 1.4315229654312134 6.262618064880371 157 149 128
-0.09581692516803741 1.6240867376327515 4.631379127502441 153 140 110
1.0248684883117676 1.413425326347351 4.781685829162598 47 65 75
-1.107123613357544 -1.0162416696548462 6.244429588317871 190 190 186
-1.0296560525894165 -0.893011748790741 6.115443706512451 178 177 173
0.8639422655105591 1.5972042083740234 6.321080684661865 149 141 115
1.0143791437149048 1.3638361692428589 4.821562767028809 24 28 31
-0.0738496333360672 2.0503671169281006 4.665561676025391 139 120 115
-0.0738496333360672 2.0503671169281006 4.665561676025391 139 120 115
-0.3175666332244873 1.470200538635254 5.071128845214844 194 186 157
0.6747526526451111 1.5143600702285767 7.835453987121582 152 139 107
0.7209199070930481 1.5090256929397583 7.396055698394775 51 46 25
-0.6402295827865601 1.4976742267608643 5.730921745300293 28 21 15
-0.7270252704620361 1.4883012771606445 5.906266689300537 24 15 7
-0.06315049529075623 2.0249991416931152 4.655953407287598 150 136 132
0.7038268446922302 1.507955551147461 7.4138312339782715 135 117 87
-0.9957724213600159 1.2514070272445679 6.430234432220459 42 40 36
0.8354842662811279 1.5839073657989502 6.288718223571777 150 137 114
-0.03378577157855034 1.6009830236434937 4.548354625701904 139 132 114
-1.011791467666626 -0.986956000328064 6.137134552001953 192 190 193
-1.008634328842163 -0.9646242260932922 6.136075496673584 192 190 192
-1.025986671447754 -1.30782949924469 6.116127014160156 172 172 173
-1.6340432167053223 -1.6997939348220825 7.259875297546387 102 69 74
0.8280006051063538 1.5528069734573364 6.28359842300415 149 136 114
0.8929330706596375 1.8848202228546143 5.707005023956299 71 99 109
0.9893333315849304 1.427070140838623 4.7460455894470215 109 132 133
0.9893333315849304 1.427070140838623 4.7460455894470215 109 132 133
0.8124901652336121 1.5534100532531738 6.2662529945373535 66 54 33
0.8124901652336121 1.5534100532531738 6.2662529945373535 66 54 33
-0.16971170902252197 1.6999449729919434 4.887362957000732 169 163 144
-0.1339358240365982 1.6136537790298462 4.77701997756958 169 163 144
0.457367867231369 1.3352056741714478 9.092681884765625 68 65 57
-1.2815073728561401 -1.2752310037612915 6.654629230499268 170 161 163
-0.07537218183279037 1.7071789503097534 4.674975872039795 21 16 11
-0.11422669142484665 1.5097875595092773 4.727359771728516 197 187 165
0.807117223739624 1.5959473848342896 6.229791641235352 145 135 112
-1.0029453039169312 -0.9813470244407654 6.151597023010254 66 96 135
0.7998146414756775 1.5460617542266846 6.24176549911499 160 147 118
0.800510585308075 1.5620689392089844 6.2262091636657715 157 144 117
0.800510585308075 1.5620689392089844 6.2262091636657715 157 144 117
-0.5440657734870911 1.5090888738632202 5.609121799468994 70 64 39
-0.5440657734870911 1.5090888738632202 5.609121799468994 70 64 39
-0.9813830852508545 1.2875795364379883 6.4662628173828125 43 45 55
-1.0088447332382202 -1.5772401094436646 6.0787482261657715 52 32 39
-0.04390246793627739 2.0898663997650146 4.679825305938721 20 13 13
0.7940149307250977 1.5844539403915405 6.221075057983398 24 14 3
-1.0586897134780884 -1.157407283782959 6.258777618408203 64 74 95
-1.0084953308105469 -1.31350576877594 6.143446922302246 138 136 139
-0.9603129625320435 1.2626628875732422 6.4519758224487305 152 146 127
-0.7055102586746216 1.4679094552993774 5.958594799041748 175 161 137
-0.06704908609390259 1.6412047147750854 4.6916985511779785 132 124 102
0.7778409719467163 1.6014512777328491 6.189394474029541 50 42 26
-0.972784161567688 -0.9152777194976807 6.165868759155273 90 112 142
0.9898918271064758 1.4327847957611084 4.478879928588867 175 187 188
0.7039133906364441 1.4933537244796753 6.686944007873535 68 66 51
-0.06352139264345169 1.6588966846466064 4.692325115203857 132 123 104
0.8215499520301819 1.5462234020233154 5.717585563659668 201 196 147
-0.13103735446929932 1.784058928489685 4.891662120819092 38 25 17
-0.34097057580947876 5.081552028656006 16.00136947631836 58 47 45
-0.15762415528297424 1.6666420698165894 4.902675628662109 171 163 132
-0.9782156944274902 -0.9792404174804688 6.190828800201416 79 113 156
0.9740911722183228 1.4451119899749756 4.467995643615723 204 204 202
-0.9981120228767395 -1.361398696899414 6.177284240722656 172 162 166
-0.9613783359527588 -0.9179075360298157 6.179069519042969 190 192 192
-0.09165376424789429 1.5068835020065308 4.755271911621094 193 185 164
-0.09165376424789429 1.5068835020065308 4.755271911621094 193 185 164
-0.9656643271446228 -0.9562504291534424 6.184796333312988 84 117 151
-6.999067783355713 -5.317413330078125 17.954744338989258 74 49 54
0.9675940275192261 1.43284010887146 4.471983432769775 76 107 125
0.7366515398025513 1.5124502182006836 6.156145095825195 106 95 71
-0.07607129216194153 1.5365742444992065 4.734157085418701 120 113 85
1.0282034873962402 1.793166160583496 4.176000118255615 84 102 99
0.9789174199104309 1.5423449277877808 4.3862223625183105 18 21 24
0.5793009996414185 1.4869226217269897 7.211149215698242 49 42 28
0.7327806949615479 1.5838444232940674 6.115687370300293 126 109 77
0.7229933142662048 1.5571746826171875 6.082204341888428 55 47 30
-0.055390987545251846 1.5927573442459106 4.714722156524658 141 135 115
0.05461691692471504 1.0554404258728027 10.425885200500488 164 152 128
-1.7178539037704468 -1.2381823062896729 7.746304035186768 190 190 186
0.16763873398303986 1.327849268913269 9.749761581420898 41 34 24
-0.9648979306221008 -1.336859107017517 6.1762895584106445 148 150 156
-0.22939176857471466 1.4868794679641724 5.071634769439697 76 64 35
0.9471805691719055 1.4484186172485352 4.4553728103637695 115 137 142
0.9471805691719055 1.4484186172485352 4.4553728103637695 115 137 142
-0.647577702999115 4.63034725189209 16.52674102783203 155 141 112
-0.980219841003418 -1.361655354499817 6.224926948547363 154 143 144
-0.1797206848859787 1.7199742794036865 5.025665283203125 168 158 142
-0.9702300429344177 -1.38275945186615 6.205949783325195 158 148 143
-0.4460000693798065 1.2331531047821045 5.568458080291748 55 49 30
-0.21467307209968567 1.4920687675476074 5.072418212890625 187 173 143
0.15235748887062073 1.3485735654830933 9.584266662597656 41 34 17
0.5979188084602356 1.5063440799713135 6.675817012786865 36 27 19
-0.9583687782287598 -1.4057632684707642 6.1986870765686035 171 166 166
0.6867311000823975 1.5205230712890625 6.082971572875977 96 82 58
0.680249035358429 1.530234932899475 6.054783821105957 41 36 28
-0.950707197189331 -1.3975094556808472 6.2074737548828125 32 17 15
-0.9177998304367065 -0.892886757850647 6.224612712860107 33 22 20
-0.04983127862215042 1.5556751489639282 4.762015342712402 33 23 14
-0.9206573367118835 -0.9207666516304016 6.240914344787598 177 176 175
-0.19929935038089752 1.4700353145599365 5.088424205780029 196 189 177
-0.05754047632217407 1.5057789087295532 4.796963214874268 190 184 167
-0.05754047632217407 1.5057789087295532 4.796963214874268 190 184 167
-0.6466219425201416 5.429083824157715 15.688821792602539 30 25 16
-0.9355177283287048 -1.5904611349105835 6.185940265655518 139 117 111
-0.9355177283287048 -1.5904611349105835 6.185940265655518 139 117 111
0.9243513941764832 1.471352458000183 4.395504951477051 191 194 195
0.9157553911209106 1.4666036367416382 4.410821914672852 66 105 111
-0.18016082048416138 1.472666621208191 5.087553977966309 160 155 107
0.5420794486999512 1.5110002756118774 6.663346290588379 46 43 26
-0.6115358471870422 4.937033176422119 14.88210678100586 40 32 20
-0.6568549871444702 5.13444185256958 15.165194511413574 48 40 31
-0.5432230234146118 1.2785305976867676 5.891694068908691 53 47 35
-0.9283522963523865 -1.468809962272644 6.244727611541748 113 74 84
-0.03984604775905609 1.525636911392212 4.801700115203857 168 158 145
-0.6568549871444702 5.13444185256958 15.165194511413574 48 40 31
-0.162509024143219 1.4884096384048462 5.06482458114624 167 159 125
-0.162509024143219 1.4884096384048462 5.06482458114624 167 159 125
-0.651711642742157 4.969413757324219 14.961761474609375 38 30 24
-0.11512403190135956 1.3319401741027832 4.981939315795898 54 36 16
-0.0896615982055664 0.8123125433921814 4.846535682678223 151 139 113
-0.022023523226380348 1.5477526187896729 4.813045978546143 62 53 36
0.6375191807746887 1.525923728942871 5.976659297943115 48 45 34
0.8968400955200195 1.4735441207885742 4.408051013946533 184 189 190
0.044402528554201126 1.366152048110962 9.34664249420166 137 126 101
0.1514860838651657 1.422897219657898 8.690144538879395 137 118 87
0.6303303837776184 1.5404342412948608 5.944119930267334 27 24 14
0.2653922438621521 1.4770680665969849 8.035493850708008 43 37 22
-0.1222313791513443 1.4980798959732056 5.055089473724365 70 60 35
-0.13477058708667755 1.4751194715499878 5.092992782592773 185 171 120
-0.007444232236593962 1.5481855869293213 4.831007480621338 27 21 15
-0.007097627967596054 1.5342514514923096 4.846786975860596 154 139 108
0.6160329580307007 1.5363874435424805 5.932010173797607 145 133 106
0.8581652641296387 1.4609787464141846 4.506089210510254 199 198 196
-0.6903279423713684 1.4630120992660522 6.401405334472656 58 49 32
0.848759114742279 1.4095269441604614 4.558046817779541 46 67 73
-0.023789651691913605 1.4975687265396118 4.894033908843994 53 48 28
-0.023789651691913605 1.4975687265396118 4.894033908843994 53 48 28
-0.00034399772994220257 -1.5276515483856201 8.136496543884277 120 120 148
0.8514854311943054 1.414976954460144 4.539643287658691 196 202 198
0.903979480266571 1.6234933137893677 4.306244373321533 197 190 145
-0.9665539860725403 1.4110592603683472 7.108005046844482 144 125 87
-0.031767550855875015 -1.8168680667877197 8.06432819366455 16 15 20
-0.8490065336227417 -0.9227864146232605 6.446824550628662 44 26 24
-0.8490065336227417 -0.9227864146232605 6.446824550628662 44 26 24
-0.7727928757667542 -2.1232073307037354 6.050195693969727 76 66 76
-0.7727928757667542 -2.1232073307037354 6.050195693969727 76 66 76
-0.040649399161338806 1.49435293674469 5.002731800079346 192 185 161
-0.036385439336299896 -1.562528371810913 8.110328674316406 42 42 58
-0.4104667007923126 1.5023409128189087 5.876584053039551 26 19 5
0.018314946442842484 1.5520933866500854 4.8854265213012695 37 35 23
0.015741724520921707 1.5429909229278564 4.891093730926514 149 143 113
-0.6408019661903381 1.4639134407043457 6.418349266052246 34 30 17
0.8347198367118835 1.4147213697433472 4.5385355949401855 66 90 91
-0.8183512091636658 -0.8977054357528687 6.441883087158203 39 20 20
-0.8183512091636658 -0.8977054357528687 6.441883087158203 39 20 20
-0.04420335218310356 -1.5431389808654785 8.102516174316406 161 199 251
-0.04420335218310356 -1.5431389808654785 8.102516174316406 161 199 251
0.0187626164406538 1.5262112617492676 4.910749912261963 148 146 110
-0.06257129460573196 -1.406996726989746 8.224156379699707 27 25 27
-0.19019247591495514 1.5100563764572144 5.4144463539123535 175 156 122
-0.07521609961986542 -1.310882568359375 8.243339538574219 47 47 49
0.5490028858184814 0.7245948910713196 3.5517899990081787 49 33 14
-0.20756255090236664 1.5022941827774048 5.46280574798584 177 162 122
0.02907719649374485 1.553414225578308 4.913398742675781 35 35 26
0.02907719649374485 1.553414225578308 4.913398742675781 35 35 26
-0.0029988670721650124 1.4924893379211426 4.981579303741455 191 182 155
-0.5978748202323914 1.4770787954330444 6.400672912597656 39 35 16
-0.8662106990814209 5.042259216308594 14.503982543945312 28 22 14
-0.8770606517791748 4.986147880554199 14.563151359558105 41 34 18
-0.8770606517791748 4.986147880554199 14.563151359558105 41 34 18
0.14593534171581268 1.5259592533111572 4.657294750213623 199 122 133
-0.04639509320259094 1.4860881567001343 5.121493339538574 63 51 30
0.5833979845046997 1.5850199460983276 5.825087547302246 148 140 124
0.5833979845046997 1.5850199460983276 5.825087547302246 148 140 124
0.8188310265541077 1.4262689352035522 4.524482250213623 104 134 142
-1.5162650346755981 0.25603556632995605 8.464475631713867 181 173 154
-0.42819786071777344 1.506041169166565 6.051751136779785 169 152 131
0.4941455125808716 1.5102182626724243 6.2273077964782715 54 50 36
0.8114599585533142 1.4188785552978516 4.5403032302856445 201 202 201
0.04527910426259041 1.5522210597991943 4.928958415985107 26 25 28
0.04527910426259041 1.5522210597991943 4.928958415985107 26 25 28
0.017852935940027237 1.4997153282165527 4.992720603942871 194 182 152
-0.021149447187781334 1.4925053119659424 5.088334083557129 90 85 66
0.8737771511077881 1.6685853004455566 4.292562007904053 165 162 130
0.8737771511077881 1.6685853004455566 4.292562007904053 165 162 130
0.053578589111566544 1.5440773963928223 4.933781147003174 155 143 121
0.046857669949531555 1.5330616235733032 4.950826168060303 47 40 26
-0.9361793398857117 4.957626819610596 14.47590446472168 72 66 52
0.7905735373497009 1.3962215185165405 4.570197582244873 106 130 142
-0.8413987755775452 1.42829430103302 7.142664432525635 152 136 110
-0.881382405757904 1.4167630672454834 7.2578840255737305 46 40 18
0.8050025105476379 1.433835506439209 4.501102924346924 116 142 145
0.8050025105476379 1.433835506439209 4.501102924346924 116 142 145
0.06537507474422455 1.5523149967193604 4.961920261383057 38 37 30
0.5386040210723877 1.5161199569702148 5.804563522338867 34 26 14
0.19836564362049103 1.2183674573898315 4.589532852172852 56 53 36
-0.6335621476173401 1.4574244022369385 6.7055253982543945 150 131 97
-0.6335621476173401 1.4574244022369385 6.7055253982543945 150 131 97
-0.10976677387952805 3.1061084270477295 9.386602401733398 38 29 21
0.8610826730728149 1.7318775653839111 4.245117664337158 213 208 153
0.064681775867939 1.5079560279846191 5.025272846221924 190 181 162
0.012502173893153667 1.450008749961853 8.307952880859375 51 39 23
0.8478211760520935 1.7175341844558716 4.280980110168457 199 112 113
0.01386218424886465 1.4845479726791382 5.158596038818359 59 56 26
0.5267269611358643 1.530066728591919 5.7793426513671875 168 157 116
0.7906845808029175 1.4686930179595947 4.467355251312256 176 182 182
0.521174967288971 1.514339804649353 5.791934967041016 164 155 130
0.08035586029291153 1.5238085985183716 5.0106201171875 179 171 158
-1.0536651611328125 4.765480041503906 14.180878639221191 184 171 140
0.508729100227356 1.5014359951019287 5.7971930503845215 62 56 44
0.7769288420677185 1.4445642232894897 4.491090297698975 201 201 202
-0.7582999467849731 1.4344546794891357 7.207916736602783 147 137 106
0.1961803287267685 1.5243257284164429 4.767448425292969 84 92 105
-0.014147007837891579 1.4332374334335327 8.222467422485352 34 31 15
0.5106796622276306 1.5363216400146484 5.737759113311768 29 24 17
0.09956859052181244 1.554192066192627 5.026885509490967 22 17 9
0.19568805396556854 1.5220239162445068 4.790652751922607 206 122 126
0.05199090391397476 1.4853992462158203 5.167913913726807 189 181 161
-0.5032451152801514 1.4664185047149658 6.655658721923828 21 14 2
-0.6872774362564087 1.430368423461914 7.136649131774902 52 47 30
0.500632107257843 1.6083800792694092 5.704280376434326 136 121 89
0.34025639295578003 1.6548594236373901 4.490416049957275 181 102 97
-0.05875387415289879 1.4483070373535156 8.173705101013184 90 78 55
0.6917403340339661 1.110572099685669 4.64003324508667 52 45 35
0.3618195354938507 1.700296401977539 4.460054874420166 199 195 148
0.27716517448425293 0.5484268665313721 4.474981307983398 47 41 22
0.46183037757873535 1.5026098489761353 5.751413345336914 184 170 142
0.36473801732063293 1.6806224584579468 4.463804721832275 197 193 146
-0.07460588961839676 1.4576549530029297 8.0542631149292 47 40 30
-0.10642831772565842 1.4417506456375122 8.134993553161621 40 37 18
0.12771444022655487 1.5204218626022339 5.1000800132751465 51 49 33
0.06883249431848526 1.5020527839660645 7.33974027633667 54 43 29
-0.1042179986834526 1.451546549797058 8.076934814453125 129 113 77
-0.1042179986834526 1.451546549797058 8.076934814453125 129 113 77
0.40157949924468994 1.4925212860107422 5.825666904449463 56 53 26
0.10756733268499374 1.5060926675796509 7.066051959991455 63 57 39
0.09121009707450867 0.7746688723564148 5.123819828033447 137 121 92
0.2458256334066391 1.526565432548523 4.836498260498047 210 211 159
-0.2002342939376831 1.5157827138900757 6.080939292907715 78 71 49
0.23037520051002502 1.5156396627426147 6.47498083114624 65 59 41
-2.5732381343841553 4.890641689300537 19.144996643066406 57 48 29
-0.17073217034339905 1.4438692331314087 8.052530288696289 49 43 27
-0.19808849692344666 1.505486249923706 6.142305850982666 60 57 45
-0.3070734143257141 1.414539098739624 8.413745880126953 129 113 74
0.41009145975112915 1.6703031063079834 4.471456050872803 182 107 108
0.394649863243103 1.506435513496399 5.600923538208008 159 154 118
0.39645856618881226 1.5196436643600464 5.573453426361084 39 33 23
0.6160573959350586 1.3543628454208374 4.650915145874023 111 138 143
0.39018312096595764 1.502819538116455 5.586301326751709 165 153 125
0.40311163663864136 1.5630762577056885 4.512914180755615 212 211 161
-0.5140508413314819 1.5995121002197266 7.313169479370117 142 129 90
0.6161962747573853 0.8605829477310181 3.8066658973693848 36 35 25
-0.6716309785842896 1.390364646911621 7.669589042663574 38 35 18
-0.454437792301178 1.4638597965240479 7.063192367553711 50 41 27
-1.6633267402648926 2.723323106765747 11.046449661254883 66 61 52
-0.6709311604499817 1.7851852178573608 7.961023330688477 61 55 35
-0.5558000206947327 1.4401906728744507 7.529828071594238 54 44 27
0.210430309176445 1.5240745544433594 5.237827777862549 34 30 18
0.3247629702091217 1.4861464500427246 5.638733386993408 188 175 154
-1.3732061386108398 2.7032039165496826 10.488887786865234 159 138 112
0.19691619277000427 1.4976305961608887 5.290417194366455 81 73 47
-0.5812649726867676 1.4319905042648315 7.68378210067749 147 133 105
-0.5812649726867676 1.4319905042648315 7.68378210067749 147 133 105
0.4461686909198761 1.5429069995880127 5.140283107757568 68 75 80
0.16375777125358582 1.5024487972259521 6.181122779846191 64 60 36
0.5959339141845703 1.1324173212051392 4.494636058807373 148 141 116
-0.4250354766845703 1.4736051559448242 7.279053211212158 43 35 16
0.6472764611244202 0.850691556930542 3.8486509323120117 33 28 24
-0.31844088435173035 1.4282302856445312 7.880339622497559 198 198 194
-0.31844088435173035 1.4282302856445312 7.880339622497559 198 198 194
-1.1344184875488281 0.7219372987747192 5.120941162109375 167 151 127
-1.2473618984222412 1.0370184183120728 5.90180778503418 47 40 20
-1.2473618984222412 1.0370184183120728 5.90180778503418 47 40 20
0.9837146401405334 1.5645345449447632 5.686459064483643 65 82 97
-1.0950242280960083 -1.0977002382278442 6.141051292419434 188 184 183
-1.495497703552246 0.8742663264274597 5.4649271965026855 168 148 116
1.3006720542907715 1.5844229459762573 6.19862699508667 177 106 103
-1.5482827425003052 -1.862708330154419 5.386831760406494 57 60 87
-1.5482827425003052 -1.862708330154419 5.386831760406494 57 60 87
-1.517256498336792 -1.7799773216247559 5.349653720855713 62 66 92
1.3153132200241089 1.4374969005584717 4.232990741729736 122 138 143
1.2747350931167603 1.4809538125991821 7.157473087310791 93 77 39
2.716249942779541 1.696692943572998 6.112854480743408 156 105 104
2.716249942779541 1.696692943572998 6.112854480743408 156 105 104
1.2747350931167603 1.4809538125991821 7.157473087310791 93 77 39
0.9145591259002686 1.7268221378326416 4.266620635986328 186 105 102
-1.0710880756378174 -1.4108177423477173 6.030384063720703 143 128 128
2.280597448348999 1.6651681661605835 5.314102649688721 52 61 77
2.245978832244873 1.6672756671905518 4.520092487335205 90 97 72
2.0136544704437256 1.6254360675811768 4.834315299987793 206 195 146
2.241370677947998 1.670436978340149 5.8825201988220215 173 106 102
-1.5549070835113525 -1.90366530418396 5.385439395904541 103 105 128
-1.529102087020874 -0.8888437747955322 5.278426647186279 168 169 164
-1.0696537494659424 -1.7481697797775269 4.734233379364014 99 93 106
0.21849694848060608 0.5940927267074585 4.466766357421875 122 114 90
3.050367832183838 1.7652006149291992 7.1980438232421875 63 52 67
0.21849694848060608 0.5940927267074585 4.466766357421875 122 114 90
3.0103046894073486 1.7366080284118652 6.642421722412109 138 97 98
3.0103046894073486 1.7366080284118652 6.642421722412109 138 97 98
2.668076753616333 1.7885093688964844 4.934913158416748 64 62 77
4.184240818023682 1.7877165079116821 8.641206741333008 145 63 55
4.184240818023682 1.7877165079116821 8.641206741333008 145 63 55
2.921346664428711 1.6851325035095215 5.5849199295043945 85 88 83
2.8806350231170654 1.6703436374664307 5.496234893798828 67 80 88
-1.5766186714172363 -0.785804271697998 5.331255912780762 38 27 35
-1.580826759338379 -1.1847683191299438 5.287083625793457 113 67 81
0.7831676006317139 1.4202991724014282 4.543543815612793 81 89 99
2.2920377254486084 1.8281768560409546 4.453675746917725 164 147 108
1.2345491647720337 1.5225943326950073 8.133623123168945 41 32 26
-1.4617633819580078 -1.4559385776519775 5.095366477966309 51 27 44
-3.3096084594726562 1.6039597988128662 8.732304573059082 50 47 23
-0.7753847241401672 1.4405196905136108 6.777040958404541 47 36 23
4.05091667175293 1.8713330030441284 8.435111045837402 132 126 94
-1.3853888511657715 0.8843221664428711 5.777278900146484 150 135 110
2.884064197540283 1.7006930112838745 6.034703731536865 63 71 81
2.463806629180908 1.6679537296295166 5.948937892913818 150 104 109
-1.6710705757141113 -1.0913537740707397 5.278468608856201 146 138 142
-1.3677059412002563 -0.8175084590911865 5.408371925354004 174 173 175
3.851625919342041 1.7227308750152588 8.62834644317627 45 48 57
0.6045973896980286 2.6494579315185547 4.515101909637451 79 71 54
0.2926687002182007 1.597312569618225 5.342221260070801 125 113 91
2.8026866912841797 1.649168610572815 5.463276386260986 63 78 85
2.8574812412261963 1.7351593971252441 6.694087505340576 147 104 98
2.966013193130493 1.7144873142242432 6.176632881164551 84 88 68
0.07134450972080231 1.4425138235092163 8.4362211227417 52 43 28
-1.5835349559783936 0.7186909317970276 5.3682684898376465 72 60 43
-1.4598467350006104 -1.9048937559127808 5.415527820587158 48 56 89
0.8953441977500916 1.524790644645691 7.529176235198975 112 101 78
2.4341142177581787 1.6717203855514526 5.777401924133301 158 98 100
-1.4116194248199463 -1.8124016523361206 5.483924388885498 39 43 69
3.192931890487671 1.7265230417251587 8.564746856689453 70 81 86
-0.0928243026137352 -1.4440950155258179 8.140434265136719 91 100 109
-1.136623740196228 -1.6875419616699219 5.69426155090332 141 138 110
-1.5718390941619873 0.7181471586227417 5.612954139709473 88 78 70
0.500421404838562 0.4751104414463043 3.308338165283203 58 55 38
0.8999760150909424 1.5122452974319458 7.639678001403809 80 72 61
0.583185613155365 0.5945502519607544 3.9914934635162354 43 37 22
-1.4859886169433594 -1.852563500404358 5.4213643074035645 60 66 96
1.7956655025482178 1.6266590356826782 4.5468268394470215 65 72 80
1.7499898672103882 1.6304072141647339 4.256858825683594 189 112 112
-1.4859886169433594 -1.852563500404358 5.4213643074035645 60 66 96
-1.0426501035690308 -0.9802009463310242 6.118323802947998 190 189 188
1.0221540927886963 1.409715175628662 4.799206256866455 107 125 134
0.7138344049453735 1.5181442499160767 7.743153095245361 61 55 41
-1.1777974367141724 -1.0286688804626465 5.960368633270264 74 92 124
0.858820378780365 1.5515573024749756 6.340901851654053 58 50 31
0.858820378780365 1.5515573024749756 6.340901851654053 58 50 31
-3.71675181388855 1.577597737312317 9.44186782836914 53 46 30
2.341177225112915 1.6003141403198242 8.126469612121582 40 33 36
-1.145278811454773 -1.667844295501709 5.659506797790527 37 29 31
0.9783457517623901 1.9529809951782227 5.663427829742432 201 204 200
-1.339390516281128 1.1262049674987793 5.53863000869751 42 33 16
-1.339390516281128 1.1262049674987793 5.53863000869751 42 33 16
-1.339390516281128 1.1262049674987793 5.53863000869751 42 33 16
1.2472773790359497 1.4407079219818115 4.25303840637207 127 143 142
-1.4178999662399292 0.9243693947792053 5.628424167633057 128 118 86
-1.4178999662399292 0.9243693947792053 5.628424167633057 128 118 86
-1.4414557218551636 -1.7925899028778076 5.417177677154541 138 141 148
1.1726559400558472 1.5712790489196777 6.216711044311523 176 103 101
1.1726559400558472 1.5712790489196777 6.216711044311523 176 103 101
-1.4414557218551636 -1.7925899028778076 5.417177677154541 138 141 148
2.9115726947784424 1.6507585048675537 8.560056686401367 47 47 52
2.9115726947784424 1.6507585048675537 8.560056686401367 47 47 52
1.3847663402557373 1.4439334869384766 4.21354866027832 45 56 62
1.4169095754623413 1.6021815538406372 5.628096103668213 185 109 99
0.8703520894050598 1.515370488166809 8.588238716125488 44 37 22
-2.8687031269073486 4.8302412033081055 18.919809341430664 44 41 22
1.4140335321426392 1.4112344980239868 4.355101585388184 89 93 99
2.9259018898010254 1.6534656286239624 8.55018138885498 19 23 25
0.5528202652931213 1.5006977319717407 8.23794937133789 46 44 32
-1.0687147378921509 -1.4967191219329834 5.873517036437988 129 108 104
0.8490318059921265 1.5511951446533203 5.696186065673828 67 81 97
-1.4594708681106567 -0.8084916472434998 5.319656848907471 173 172 172
-1.4472930431365967 -1.2751388549804688 5.401181697845459 162 153 152
0.810324490070343 1.5554709434509277 5.862397193908691 60 64 78
2.2609434127807617 1.6705210208892822 5.585866451263428 201 189 148
2.2609434127807617 1.6705210208892822 5.585866451263428 201 189 148
1.5426024198532104 1.599819540977478 6.458503723144531 174 90 86
1.5426024198532104 1.599819540977478 6.458503723144531 174 90 86
2.9852898120880127 1.5322234630584717 8.650235176086426 44 51 54
-1.3317214250564575 1.1747599840164185 5.503686428070068 44 38 18
0.3987615406513214 1.6693872213363647 4.47001838684082 87 65 89
0.28761085867881775 1.4129530191421509 9.170378684997559 29 28 15
-1.2857182025909424 -1.0295608043670654 5.8829803466796875 160 158 155
0.438021183013916 1.6134401559829712 5.5941972732543945 119 105 75
-1.192023754119873 1.2584364414215088 5.7379865646362305 144 126 97
-0.36089465022087097 1.4828256368637085 6.555552959442139 53 45 28
1.6580754518508911 1.5342330932617188 7.781668663024902 37 36 31
-1.06224524974823 -1.2202664613723755 6.376814365386963 43 28 25
2.025958299636841 1.660889744758606 5.152978420257568 64 80 106
-1.1758266687393188 -1.1113039255142212 6.0289530754089355 163 153 149
0.9636903405189514 1.4656779766082764 4.376872539520264 98 125 136
1.9832110404968262 1.607454776763916 7.232956886291504 54 49 60
-1.1758266687393188 -1.1113039255142212 6.0289530754089355 163 153 149
2.160780906677246 1.6423249244689941 5.0993452072143555 68 60 64
1.216989278793335 1.6231168508529663 4.223997592926025 170 99 103
1.3865673542022705 0.2857184410095215 2.401090621948242 79 81 97
1.2583385705947876 1.091132640838623 9.478108406066895 125 119 101
2.0946414470672607 1.6143168210983276 8.567319869995117 109 97 75
-1.3845301866531372 1.036284327507019 5.540538311004639 161 145 118
-1.3492112159729004 1.0354478359222412 5.63781213760376 147 132 97
1.229056477546692 -2.9509856700897217 4.629227161407471 121 121 119
-2.3077008724212646 1.2250046730041504 6.8369903564453125 157 140 108
1.6468545198440552 1.383871078491211 4.675987720489502 183 187 187
2.1611838340759277 1.5387364625930786 9.519811630249023 107 100 81
2.6690988540649414 1.6083180904388428 8.549602508544922 146 91 85
-1.1392970085144043 -0.936340868473053 6.022919178009033 189 188 183
-2.577897548675537 -2.3027102947235107 8.45655345916748 68 37 39
-1.3164565563201904 1.2434446811676025 5.455804824829102 57 47 23
2.452993392944336 1.6723588705062866 5.655378818511963 152 103 110
-1.4917317628860474 -1.7509970664978027 5.367211818695068 65 68 97
-1.4304389953613281 -1.7173917293548584 5.286503791809082 65 68 97
-1.3665152788162231 1.1018123626708984 5.507634162902832 50 42 23
-1.3665152788162231 1.1018123626708984 5.507634162902832 50 42 23
-1.2260116338729858 1.043172001838684 5.960052967071533 91 78 46
-1.2659715414047241 -1.316380262374878 5.717997074127197 158 148 150
0.8947705626487732 1.4277364015579224 4.519337177276611 198 205 203
-0.5671058893203735 1.4621062278747559 6.903947353363037 130 118 93
0.4666227698326111 1.4913848638534546 5.821687698364258 64 57 38
0.7540763020515442 1.4466181993484497 4.4910078048706055 39 52 65
-1.353436827659607 -1.0083385705947876 5.763838768005371 175 171 173
-2.0418689250946045 1.5422965288162231 7.239943981170654 83 78 44
2.2003955841064453 1.627729892730713 5.090625286102295 67 82 103
4.3886847496032715 1.8835006952285767 8.511966705322266 18 19 20
-1.7393277883529663 -1.089745044708252 5.2330708503723145 153 142 146
-1.5299307107925415 -1.4016679525375366 4.958354473114014 148 86 108
1.7181344032287598 1.596714735031128 4.588548183441162 23 24 26
3.2803232669830322 1.7105792760849 5.967041492462158 135 91 93
-1.983127236366272 1.7286299467086792 7.187835693359375 140 125 97
2.2186105251312256 1.646883487701416 4.484332084655762 83 99 74
1.6008208990097046 1.5392338037490845 7.6600823402404785 38 31 24
2.035372018814087 1.654139518737793 5.864272117614746 61 73 75
1.082871437072754 1.5656837224960327 5.889877796173096 83 96 98
1.0362259149551392 1.3605623245239258 5.287813663482666 62 69 91
-1.3365837335586548 1.0512301921844482 5.641966342926025 150 129 88
-1.4560270309448242 -1.9501550197601318 5.563270568847656 58 63 97
0.9919716119766235 1.5572307109832764 5.8537726402282715 57 75 86
0.9919716119766235 1.5572307109832764 5.8537726402282715 57 75 86
3.347585678100586 1.7232905626296997 6.011512279510498 136 102 100
-1.3651326894760132 -0.9399393200874329 5.542447090148926 176 175 176
-1.5380123853683472 -1.8988738059997559 5.387754440307617 58 63 93
-1.5380123853683472 -1.8988738059997559 5.387754440307617 58 63 93
-4.831670761108398 5.9457879066467285 28.79100227355957 145 130 98
-0.33299314975738525 1.3756190538406372 8.731107711791992 145 130 98
-1.2284607887268066 1.1260089874267578 5.821453094482422 40 37 18
-1.2284607887268066 1.1260089874267578 5.821453094482422 40 37 18
-1.4356516599655151 0.6962172985076904 6.359307765960693 161 155 134
-3.1966161727905273 4.842137813568115 18.534923553466797 41 37 20
1.245286226272583 1.7830244302749634 4.094511032104492 97 121 104
1.1398698091506958 1.579115390777588 5.706482887268066 51 66 80
-1.2256492376327515 1.1440397500991821 5.786830902099609 51 46 23
-1.4851653575897217 -1.7936763763427734 5.380609512329102 64 69 97
-0.5870984792709351 1.3958981037139893 8.113781929016113 82 75 49
-1.2796459197998047 -0.9815612435340881 5.836582183837891 176 171 168
-2.319309711456299 1.026807427406311 6.7991108894348145 66 57 34
1.2447565793991089 1.5803918838500977 5.783552646636963 70 83 101
1.749560832977295 1.6333907842636108 5.46235466003418 106 126 113
0.8775094747543335 1.7225061655044556 4.26462459564209 126 141 127
0.36981451511383057 1.6729822158813477 4.478235721588135 120 140 125
0.8111268877983093 1.4073292016983032 4.549244403839111 66 97 101
-0.09080075472593307 1.4420652389526367 8.190946578979492 125 118 94
-0.09080075472593307 1.4420652389526367 8.190946578979492 125 118 94
1.1188195943832397 1.909838318824768 5.987553119659424 123 139 137
1.1188195943832397 1.909838318824768 5.987553119659424 123 139 137
2.858853816986084 1.5979268550872803 8.606852531433105 32 34 29
2.0845730304718018 1.654645323753357 5.248638153076172 60 74 88
2.181047201156616 1.6456594467163086 4.548883438110352 73 81 103
-0.3183038532733917 -0.5675604939460754 3.7106339931488037 181 178 188
1.5876972675323486 0.8992647528648376 3.5700361728668213 129 101 102
0.808829128742218 1.4704599380493164 4.453181266784668 182 187 190
1.043847680091858 1.2248259782791138 9.032747268676758 115 92 60
1.1725752353668213 1.5726525783538818 6.139395713806152 176 99 95
2.7196571826934814 1.7790815830230713 5.028265476226807 76 62 68
2.1450817584991455 1.6312767267227173 5.613809108734131 58 70 85
2.7196571826934814 1.7790815830230713 5.028265476226807 76 62 68
0.7964105010032654 1.4507163763046265 4.471073627471924 197 200 197
-0.8606129288673401 1.4792404174804688 6.204035758972168 70 64 43
-0.6842836737632751 1.4590158462524414 6.47191858291626 57 45 27
2.267824172973633 1.6647413969039917 4.536962032318115 199 188 131
-1.4872355461120605 -1.916407585144043 5.393867015838623 44 54 84
0.9319127202033997 1.1156095266342163 4.043845176696777 106 124 131
2.831164836883545 1.4246896505355835 8.165334701538086 59 65 58
1.4358161687850952 1.4245765209197998 4.2934699058532715 115 143 147
3.205605983734131 1.7076263427734375 5.974081993103027 71 55 61
2.0433576107025146 1.6520172357559204 4.446009159088135 210 201 138
0.8835770487785339 1.4834043979644775 4.404238224029541 57 67 68
2.0433576107025146 1.6520172357559204 4.446009159088135 210 201 138
1.441319465637207 1.4397642612457275 4.267770767211914 107 136 141
2.9619529247283936 1.6034116744995117 8.570820808410645 57 47 46
1.9742803573608398 1.6475926637649536 4.8234429359436035 193 103 104
1.2275577783584595 1.4470601081848145 4.252259731292725 189 190 188
-1.3942478895187378 -0.9656704068183899 5.517483711242676 178 174 175
-1.2213473320007324 -1.480567216873169 5.731695652008057 26 21 21
1.1507935523986816 1.4911792278289795 6.9387006759643555 59 54 41
0.9164068102836609 1.8566471338272095 5.6775994300842285 42 60 63
1.1507935523986816 1.4911792278289795 6.9387006759643555 59 54 41
0.9264109134674072 1.5277045965194702 6.475922584533691 58 55 42
2.290363311767578 1.6427959203720093 5.176519870758057 186 110 100
-0.2926082909107208 1.492529273033142 6.4462361335754395 110 100 79
-0.2926082909107208 1.492529273033142 6.4462361335754395 110 100 79
2.6933751106262207 1.6994510889053345 6.11307954788208 161 97 91
-1.4934748411178589 -0.8670055270195007 5.305981159210205 193 193 194
-2.0586111545562744 1.600842833518982 7.210879802703857 42 34 18
-2.7663090229034424 4.880003929138184 19.706384658813477 99 88 72
-2.7663090229034424 4.880003929138184 19.706384658813477 99 88 72
-0.572857677936554 1.4404089450836182 7.451776027679443 124 115 96
-0.3925224840641022 1.4132057428359985 7.9826130867004395 63 58 46
1.149802803993225 1.4663702249526978 4.277196884155273 41 53 59
0.439924955368042 1.5516902208328247 5.618092060089111 39 36 31
3.938091993331909 1.740435242652893 8.668663024902344 49 49 55
1.2020267248153687 1.6287615299224854 4.231262683868408 96 68 82
-1.9205461740493774 1.5086971521377563 6.973212718963623 42 34 18
3.84942364692688 1.8329704999923706 8.509979248046875 22 18 22
0.9380587935447693 1.4805909395217896 4.381180286407471 21 33 36
2.572021245956421 1.7462793588638306 4.8567399978637695 51 61 71
2.797438859939575 1.6935631036758423 5.745309829711914 65 67 79
1.3202191591262817 -2.9405698776245117 4.550454616546631 94 85 69
1.5949137210845947 1.5152956247329712 7.68904447555542 31 29 18
2.041567802429199 1.3230235576629639 9.270805358886719 117 107 86
1.0690960884094238 1.922061800956726 5.546226978302002 124 137 143
1.0690960884094238 1.922061800956726 5.546226978302002 124 137 143
2.4452884197235107 1.659531831741333 4.816984176635742 178 91 76
-0.8203761577606201 -0.904114305973053 6.4233622550964355 36 24 21
-0.8203761577606201 -0.904114305973053 6.4233622550964355 36 24 21
-0.8186513781547546 -0.9053179025650024 6.409512042999268 41 27 26
-0.8186513781547546 -0.9053179025650024 6.409512042999268 41 27 26
0.021703587844967842 0.6682136654853821 4.592963695526123 42 31 13
-1.3758426904678345 -1.8082882165908813 5.57517147064209 154 154 165
-1.3845957517623901 -1.761755347251892 5.590305805206299 161 160 163
-1.3732284307479858 -1.7950865030288696 5.572958946228027 154 153 162
-1.3732284307479858 -1.7950865030288696 5.572958946228027 154 153 162
0.017794141545891762 0.6185495257377625 4.284816741943359 32 24 7
-1.5275843143463135 -0.818640410900116 5.3001251220703125 76 97 136
-1.495855450630188 -0.9131281971931458 5.287547588348389 82 113 159
-1.482468843460083 -0.945713222026825 5.298092842102051 82 117 164
-1.0066348314285278 -0.9884384870529175 6.142009258270264 87 118 161
-1.3202950954437256 -1.773899793624878 5.62239933013916 155 156 157
-1.0341323614120483 -0.8999913334846497 6.106956958770752 183 179 175
-1.57904851436615 -1.1932166814804077 6.620378017425537 80 113 157
-1.3266860246658325 -1.1762140989303589 5.7332024574279785 176 174 170
-1.333837628364563 -1.0004403591156006 5.761911869049072 77 106 154
0.014021388255059719 0.7163261771202087 5.060503959655762 37 27 11
-1.0980706214904785 -1.012642741203308 6.05723237991333 74 115 150
0.020138589665293694 0.6351073384284973 4.3724365234375 26 16 5
-1.0948362350463867 -0.926212728023529 6.053950786590576 84 111 158
-1.094758152961731 -0.9641919732093811 6.042734622955322 90 126 170
0.3806226849555969 0.8486120104789734 4.13112735748291 66 52 29
0.00881410762667656 0.7030348181724548 5.04353141784668 50 40 30
-1.3788682222366333 -1.4495694637298584 5.282242298126221 46 58 93
-1.1437046527862549 -0.9561370015144348 6.009191036224365 82 113 156
-1.0309193134307861 -0.7281960248947144 5.0852227210998535 151 151 149
-1.137949824333191 -0.8873101472854614 6.010664939880371 191 190 187
-1.147416353225708 -0.9100107550621033 6.011634349822998 75 104 161
0.8489828109741211 0.612034797668457 4.0638508796691895 41 33 15
-1.3090314865112305 -1.4060869216918945 5.263841152191162 161 157 165
-1.2099237442016602 -0.8686661124229431 5.966578483581543 191 188 188
-1.2964624166488647 -1.3838067054748535 5.278648853302002 167 164 170
0.021169329062104225 0.6903278231620789 4.763006210327148 41 29 10
-1.2629867792129517 -0.8633901476860046 5.9173479080200195 189 185 183
4.0882062911987305 1.6315463781356812 8.998323440551758 162 151 93
3.0871520042419434 1.5275092124938965 8.768710136413574 167 158 99
-1.136600136756897 -2.894096851348877 8.600979804992676 70 56 56
2.41243577003479 1.1332850456237793 10.110905647277832 96 73 48
2.41243577003479 1.1332850456237793 10.110905647277832 96 73 48
2.3388092517852783 1.5145530700683594 9.115200996398926 132 123 96
-0.14923006296157837 1.59911048412323 4.733558654785156 189 181 143
1.9947470426559448 1.509904384613037 8.460537910461426 156 141 116
0.6613454222679138 0.6938825845718384 10.502120971679688 29 19 17
-1.0793251991271973 -2.7975127696990967 8.219320297241211 55 45 45
-1.3951325416564941 -1.8188416957855225 5.494279861450195 157 155 162
-0.3277129828929901 2.122058391571045 7.8670454025268555 164 158 132
-1.5786190032958984 -1.9104106426239014 5.6812615394592285 171 164 172
-1.3981029987335205 -1.8276575803756714 5.54796838760376 51 59 101
1.0947049856185913 1.5576063394546509 6.755345821380615 40 38 27
-1.501325249671936 -1.8122329711914062 5.412968635559082 155 156 168
-1.5220047235488892 -1.8905037641525269 5.405869007110596 152 151 158
0.055173762142658234 1.0188260078430176 10.278579711914062 167 157 130
-1.3692463636398315 -1.1180552244186401 5.732954502105713 184 174 171
-1.5752625465393066 -0.9092596173286438 5.279538154602051 86 114 153
2.530435085296631 1.510857343673706 9.524476051330566 139 129 100
-2.0778775215148926 -2.484248638153076 6.235435485839844 78 52 61
-1.4347200393676758 -1.9062938690185547 5.438565254211426 147 147 158
-1.4070029258728027 -0.9752606749534607 6.491543292999268 81 111 154
-1.4162559509277344 -1.9009424448013306 5.4542555809021 152 152 156
-1.473944067955017 -1.7187553644180298 5.553189277648926 162 159 162
-1.5273921489715576 -1.9633170366287231 6.1644511222839355 174 154 155
-1.1229535341262817 -1.487363338470459 5.823639869689941 109 94 84
0.8352245688438416 1.581807017326355 6.271270751953125 148 134 104
-1.4744007587432861 -1.7678645849227905 5.3093695640563965 157 151 157
-1.3836650848388672 -1.828145980834961 5.502344608306885 48 59 93
-1.210457444190979 -1.2250665426254272 5.998408317565918 70 100 141
-1.5089895725250244 -1.790968418121338 5.363742351531982 149 148 157
-1.484501838684082 -1.8183265924453735 5.430774688720703 151 150 159
-1.1541491746902466 -0.8996039628982544 6.0009074211120605 91 117 164
-1.1541491746902466 -0.8996039628982544 6.0009074211120605 91 117 164
-1.4654744863510132 -1.7884011268615723 5.35744047164917 158 155 173
-1.517500638961792 -1.8052784204483032 5.396291255950928 158 155 173
-1.6744403839111328 -1.4509207010269165 6.5498046875 70 97 138
-1.4002513885498047 -1.7990816831588745 5.616204261779785 52 58 87
-1.4002513885498047 -1.7990816831588745 5.616204261779785 52 58 87
-1.40958833694458 -1.8862618207931519 5.4628496170043945 54 68 107
-1.3078490495681763 -0.9829040765762329 5.835233688354492 79 110 148
-1.4276635646820068 -1.912581443786621 5.495875835418701 146 149 153
0.9113309979438782 1.790195345878601 7.200775623321533 165 155 127
-1.5019876956939697 -1.805226445198059 5.366932392120361 67 76 106
-1.5019876956939697 -1.805226445198059 5.366932392120361 67 76 106
-1.3764594793319702 -1.474065899848938 5.285411834716797 68 73 100
-1.486533522605896 -1.8374589681625366 5.371038436889648 133 134 144
1.73166823387146 -2.3416433334350586 5.9901814460754395 44 33 24
-1.4934556484222412 -1.7908997535705566 5.334205627441406 57 71 110
-1.0148528814315796 -2.1029927730560303 5.819258213043213 63 48 46
-2.7899158000946045 -3.389155149459839 8.403610229492188 63 52 50
-1.5034271478652954 -1.693365454673767 5.628484725952148 52 55 89
-0.8120126724243164 -0.9053395986557007 6.41250467300415 36 24 21
-0.8120126724243164 -0.9053395986557007 6.41250467300415 36 24 21
-0.8078781962394714 -0.9060761332511902 6.395569801330566 41 27 26
-0.8078781962394714 -0.9060761332511902 6.395569801330566 41 27 26
-1.700463891029358 -1.120144009590149 5.271483898162842 167 156 158
-0.7684556245803833 -2.136415719985962 6.043961524963379 54 39 42
-1.3620508909225464 -1.738969087600708 5.569826602935791 161 160 163
-1.3838534355163574 -1.790658712387085 5.608420372009277 153 153 163
-1.3838534355163574 -1.790658712387085 5.608420372009277 153 153 163
-1.5217140913009644 -0.8089655041694641 5.296011447906494 76 97 136
-1.492026686668396 -0.9048746824264526 5.284765720367432 82 113 159
0.40232977271080017 1.5255879163742065 5.513675689697266 31 28 19
-1.3359456062316895 -1.7830132246017456 5.6042280197143555 161 157 161
-1.3359456062316895 -1.7830132246017456 5.6042280197143555 161 157 161
-1.4244507551193237 -1.7437368631362915 5.708693981170654 144 142 148
-0.9976145625114441 -0.9873695373535156 6.131933212280273 87 118 161
-1.08595609664917 -1.1372944116592407 6.1986846923828125 46 53 72
-1.1036345958709717 -1.0212814807891846 6.231848239898682 194 193 189
-1.1715621948242188 -1.0706907510757446 6.302435874938965 79 102 137
-1.4116441011428833 -1.3753381967544556 5.223329067230225 152 145 147
-1.3383930921554565 -1.756832242012024 5.630255699157715 141 139 146
-1.445557951927185 -0.7953594923019409 5.3167290687561035 79 110 150
-1.149711012840271 -1.0187878608703613 6.2301716804504395 88 114 160
-1.149711012840271 -1.0187878608703613 6.2301716804504395 88 114 160
-1.323414921760559 -1.7788022756576538 5.6256184577941895 155 156 157
-1.0243968963623047 -0.8980640769004822 6.096296310424805 183 179 175
-1.0486609935760498 -0.9526118040084839 6.067958831787109 82 111 150
-3.435328245162964 4.795798301696777 16.648252487182617 140 133 114
-1.3231966495513916 -1.1737136840820312 5.730093955993652 176 174 170
-1.329792857170105 -0.9970765709877014 5.758316516876221 77 106 154
-1.329792857170105 -0.9970765709877014 5.758316516876221 77 106 154
-1.0746564865112305 -0.9363573789596558 6.04328727722168 69 102 148
-1.0888538360595703 -1.0107684135437012 6.047474384307861 74 115 150
0.5398885011672974 1.5308597087860107 5.744555473327637 160 146 119
-1.0874968767166138 -0.9239711165428162 6.046314239501953 84 111 158
-1.0852742195129395 -0.9623712301254272 6.0327043533325195 90 126 170
-1.0852742195129395 -0.9623712301254272 6.0327043533325195 90 126 170
-0.3769477605819702 1.4461702108383179 4.7811174392700195 196 181 159
-1.0952330827713013 -1.0398626327514648 6.0234880447387695 73 102 137
-1.536512017250061 -1.8117332458496094 5.345125675201416 158 155 162
-2.068291187286377 -2.061495542526245 6.945345401763916 172 152 150
-1.3811156749725342 -1.4487740993499756 5.283809185028076 46 58 93
-1.123194694519043 -1.0061830282211304 5.983114242553711 66 83 111
-1.1319268941879272 -0.8837149739265442 6.004641056060791 191 190 187
-1.289476990699768 -0.9440017342567444 5.782164096832275 85 108 147
-1.3675823211669922 -1.4622775316238403 5.286823749542236 173 170 174
-1.3675823211669922 -1.4622775316238403 5.286823749542236 173 170 174
-1.3968278169631958 -1.449070692062378 5.317444324493408 40 53 85
-1.4373795986175537 -0.9747099280357361 5.397590637207031 76 106 143
-1.3550773859024048 -1.4512972831726074 5.28857421875 50 60 97
-1.1689186096191406 -0.8764121532440186 5.980000972747803 191 190 188
-0.21057945489883423 1.547322392463684 4.70927619934082 77 68 47
0.5234742164611816 1.5369280576705933 5.704720497131348 29 26 23
-1.449636459350586 -1.638907790184021 5.357747554779053 165 163 171
-1.3722631931304932 -1.5522321462631226 5.313107013702393 163 163 166
-1.3302688598632812 -1.4264389276504517 5.292318820953369 59 68 123
-1.2694777250289917 1.2587565183639526 6.315115451812744 38 33 5
-1.201788067817688 -0.8643774390220642 5.958602428436279 191 188 188
-1.298256278038025 -1.382959008216858 5.2799506187438965 167 164 170
-1.205004096031189 -0.9251157641410828 5.920495986938477 187 187 187
-0.1792183369398117 1.5673476457595825 4.7011895179748535 193 180 148
-1.5087906122207642 -1.8595103025436401 5.426908493041992 150 148 162
-1.456683874130249 -1.6733167171478271 5.412899971008301 52 64 110
-1.405104160308838 -0.9334250688552856 5.448565483093262 69 96 139
-1.455747365951538 -1.7186572551727295 5.406744480133057 155 158 169
-1.2905755043029785 -0.848363995552063 5.899782180786133 166 165 165
-0.20114167034626007 1.587447166442871 4.7501749992370605 81 69 40
4.029851913452148 1.8078547716140747 8.558321952819824 164 157 93
4.095215797424316 1.6374011039733887 9.017618179321289 162 151 93
10.79791259765625 10.573284149169922 26.500885009765625 150 142 130
4.020038604736328 1.652336835861206 8.875980377197266 174 158 102
4.020038604736328 1.652336835861206 8.875980377197266 174 158 102
-1.4424775838851929 -1.7236074209213257 5.418432712554932 59 65 99
3.7716033458709717 1.8064310550689697 8.522128105163574 170 159 108
3.696023941040039 1.7652475833892822 8.603214263916016 175 157 96
3.5976195335388184 1.7825685739517212 8.533536911010742 169 161 114
3.4922056198120117 1.7727103233337402 8.5215482711792 180 170 108
3.4727025032043457 1.7375606298446655 8.57339096069336 168 164 117
3.4727025032043457 1.7375606298446655 8.57339096069336 168 164 117
3.0964314937591553 1.5403870344161987 8.810861587524414 167 158 99
3.0964314937591553 1.5403870344161987 8.810861587524414 167 158 99
2.9409377574920654 1.5706007480621338 8.582435607910156 177 169 119
-1.2588435411453247 -1.3768699169158936 5.322377681732178 177 172 172
2.7509982585906982 1.6233298778533936 8.559494018554688 176 163 114
-1.475906491279602 -1.883526086807251 5.45680046081543 150 153 159
2.4258430004119873 1.1226487159729004 10.1486234664917 140 119 85
-0.22798265516757965 1.5945311784744263 4.81083869934082 78 62 41
2.3558738231658936 1.5865923166275024 8.42965030670166 155 141 97
2.1991748809814453 1.631255030632019 5.443848609924316 193 183 121
2.3421175479888916 1.5206453800201416 9.128806114196777 132 123 96
2.339799642562866 1.4976664781570435 9.137418746948242 37 35 20
2.339768648147583 1.5419024229049683 9.1123628616333 141 130 104
2.285616636276245 1.5752230882644653 8.968109130859375 136 127 108
2.094923257827759 1.6407997608184814 5.446272373199463 190 182 121
2.065627336502075 1.6504225730895996 5.395080089569092 184 180 117
-1.4612523317337036 -1.865699052810669 5.466120719909668 158 155 165
1.9568413496017456 0.777253270149231 4.489978790283203 186 177 127
-0.13826674222946167 1.6417810916900635 4.742785453796387 185 173 133
1.865817666053772 1.518945336341858 8.199734687805176 157 145 129
1.8435931205749512 1.5693484544754028 7.695527076721191 173 162 111
-0.20516370236873627 1.6053829193115234 4.810122013092041 193 180 147
1.7828947305679321 1.5910645723342896 5.8115973472595215 200 190 135
-0.2068442702293396 1.616295576095581 4.803460597991943 65 48 18
-1.4292420148849487 -1.8835400342941284 5.462052345275879 145 146 154
1.395362138748169 1.539660930633545 7.276581764221191 148 134 111
1.395362138748169 1.539660930633545 7.276581764221191 148 134 111
1.6493216753005981 1.6081387996673584 5.469342231750488 198 187 133
1.315164566040039 1.4913650751113892 7.2078471183776855 151 136 117
0.6444840431213379 0.6998007297515869 10.597532272338867 29 19 17
0.25163930654525757 3.492999792098999 12.416260719299316 148 138 108
-1.5475876331329346 -1.739351749420166 5.6152496337890625 45 57 88
-1.5445009469985962 -1.7482578754425049 5.625337600708008 166 166 178
-1.5445009469985962 -1.7482578754425049 5.625337600708008 166 166 178
1.1181896924972534 1.5734020471572876 5.886693954467773 196 188 140
-1.6302101612091064 -3.2780027389526367 9.23969841003418 55 45 45
-1.400505542755127 -1.8239223957061768 5.499018669128418 157 155 162
-1.5546497106552124 -1.7621359825134277 5.649535179138184 158 156 174
-1.1680628061294556 -0.9319599866867065 5.411831378936768 59 90 118
-1.4260084629058838 -1.8275160789489746 5.553106784820557 171 164 172
-1.2076900005340576 2.0091214179992676 7.870802402496338 153 141 125
-1.3478646278381348 -0.8825374245643616 5.602653980255127 66 94 131
-1.3730478286743164 -1.7654398679733276 5.543613910675049 174 169 174
0.9309046268463135 1.9994792938232422 7.632894515991211 142 132 105
-1.5545777082443237 -1.8323866128921509 5.453524112701416 155 156 168
-1.5202158689498901 -1.8213348388671875 5.427570819854736 155 156 168
-1.3103299140930176 -1.0235698223114014 5.779550075531006 86 108 144
-3.5259203910827637 -1.8364115953445435 9.142960548400879 65 79 96
3.8733949661254883 1.856298565864563 8.196333885192871 144 134 82
0.06128791719675064 1.0280221700668335 10.268884658813477 167 157 130
-1.3616374731063843 -1.1135740280151367 5.726192951202393 184 174 171
9.670039176940918 15.057337760925293 21.736465454101562 188 177 114
0.862710177898407 1.9268742799758911 7.511529445648193 90 81 54
0.641083836555481 1.5416083335876465 5.9160308837890625 31 24 8
-2.090188980102539 3.579636335372925 11.38123607635498 32 24 16
-1.511763334274292 -1.6151292324066162 5.504672050476074 52 66 101
-1.570322871208191 -0.8996434211730957 5.276040554046631 86 114 153
-1.570322871208191 -0.8996434211730957 5.276040554046631 86 114 153
2.5387232303619385 1.5483213663101196 9.508275032043457 143 132 107
2.5328452587127686 1.5140573978424072 9.53642749786377 139 129 100
0.7447934746742249 1.5109903812408447 6.1240234375 129 111 84
2.353301763534546 1.5776488780975342 9.092041015625 38 30 17
-1.4348405599594116 -1.6339359283447266 5.459081172943115 53 59 90
0.8139438629150391 2.0253705978393555 7.4418535232543945 139 130 110
-1.985851764678955 -2.438389539718628 6.156524658203125 78 52 61
2.1094584465026855 1.6337305307388306 5.541922092437744 196 185 132
-1.4431010484695435 -1.9131817817687988 5.445587158203125 147 147 158
1.9699475765228271 1.5073285102844238 8.433492660522461 34 32 22
-1.3371330499649048 -1.7964969873428345 5.590646266937256 52 56 97
-1.3371330499649048 -1.7964969873428345 5.590646266937256 52 56 97
-0.940024733543396 -1.0444844961166382 5.135653495788574 61 93 128
-1.0364757776260376 -0.904469907283783 6.078026294708252 81 111 154
-1.0364757776260376 -0.904469907283783 6.078026294708252 81 111 154
-0.19421416521072388 1.6167678833007812 4.806572437286377 191 177 144
-1.4250988960266113 -1.908504843711853 5.461791515350342 152 152 156
1.302367925643921 1.4959543943405151 7.159421920776367 40 33 23
-1.4847643375396729 -0.9395025372505188 5.289125919342041 90 118 157
-12.136229515075684 33.86263656616211 97.49217224121094 137 124 107
1.557858943939209 1.6123493909835815 5.428862571716309 198 188 133
-1.4100788831710815 -1.8781025409698486 5.478841304779053 153 151 157
-0.9669734239578247 -0.9205772876739502 6.143784046173096 90 121 160
-1.3351595401763916 -1.1427456140518188 5.738851547241211 181 179 179
-1.3351595401763916 -1.1427456140518188 5.738851547241211 181 179 179
-1.4591660499572754 -1.6681773662567139 5.575384140014648 141 134 140
-1.3943212032318115 -1.3788435459136963 5.225543022155762 49 50 72
0.8728312849998474 1.5973410606384277 6.292024612426758 151 141 112
-0.9540002346038818 -1.4158802032470703 6.184304237365723 173 163 168
-1.515276312828064 -1.7674877643585205 5.309628963470459 158 152 162
-1.5662668943405151 -1.6783686876296997 5.67457389831543 136 135 141
-1.1154202222824097 -1.4873120784759521 5.816511631011963 109 94 84
0.8444759249687195 1.5839524269104004 6.25877571105957 148 134 104
-1.5357441902160645 -1.7875794172286987 5.354173183441162 157 151 157
-1.5357441902160645 -1.7875794172286987 5.354173183441162 157 151 157
-1.3896368741989136 -1.8338247537612915 5.5076518058776855 48 59 93
0.18635663390159607 1.0198934078216553 6.171267509460449 41 34 6
-1.5053297281265259 -1.7007825374603271 5.357653617858887 146 143 156
-1.5053297281265259 -1.7007825374603271 5.357653617858887 146 143 156
-1.373319149017334 -1.8293898105621338 5.526401519775391 56 70 99
-1.5837126970291138 1.0054816007614136 6.4361348152160645 165 153 130
0.02529342845082283 1.4566794633865356 8.27304458618164 61 53 36
0.8104234337806702 1.5634304285049438 6.198649883270264 152 138 115
-1.368960976600647 -1.438306212425232 5.285785675048828 143 146 149
-1.5163625478744507 -1.7946680784225464 5.3693132400512695 149 148 157
-1.2694495916366577 -1.3774274587631226 5.307495594024658 44 45 64
-1.3182034492492676 -1.02848482131958 5.772691249847412 86 113 150
-1.1172730922698975 -0.9908466935157776 6.0178093910217285 83 115 162
-1.1158087253570557 -0.8966691493988037 6.027839660644531 197 193 190
-1.5036500692367554 -1.8282073736190796 5.445827007293701 151 150 159
0.5272240042686462 1.5204105377197266 5.731287956237793 64 59 48
-1.3819315433502197 -1.8696776628494263 5.5198259353637695 154 154 157
-1.144989252090454 -0.8962669372558594 5.9915690422058105 91 117 164
-1.144989252090454 -0.8962669372558594 5.9915690422058105 91 117 164
-1.4158469438552856 -0.8988648653030396 5.461126327514648 77 104 134
-1.5005303621292114 -1.8022184371948242 5.383871555328369 158 155 173
-1.5005303621292114 -1.8022184371948242 5.383871555328369 158 155 173
-1.306486964225769 -1.2918269634246826 6.163021087646484 70 97 138
-1.3504753112792969 -1.7994680404663086 5.5707502365112305 48 61 96
1.2923634052276611 1.512381911277771 7.092011451721191 30 27 20
-1.5674095153808594 -1.7664387226104736 5.662106037139893 43 51 83
-1.4173732995986938 -1.8932830095291138 5.4695634841918945 54 68 107
-1.410016417503357 -1.707682728767395 5.18134880065918 146 145 163
-1.450510859489441 -0.9343305230140686 5.369384765625 191 187 186
-1.3908826112747192 -1.003549575805664 5.756758689880371 79 83 96
-1.3842061758041382 -1.2906872034072876 5.549587249755859 111 68 73
-1.5674095153808594 -1.7664387226104736 5.662106037139893 43 51 83
-1.4346237182617188 -0.9003467559814453 5.422015190124512 66 87 117
-0.662886917591095 -0.9800810813903809 4.747237682342529 179 178 179
-0.662886917591095 -0.9800810813903809 4.747237682342529 179 178 179
-1.2747962474822998 -0.9569548964500427 5.80483865737915 79 110 148
-1.3939032554626465 -1.8102319240570068 5.5104780197143555 58 71 105
-1.3857229948043823 -1.803783655166626 5.59682559967041 49 63 98
-1.461112380027771 -0.9685371518135071 5.3550004959106445 81 112 150
-1.4098002910614014 -1.905050277709961 5.481540679931641 146 149 153
-0.7772909998893738 -0.9741663932800293 5.091862678527832 168 167 164
8.443584442138672 7.2346930503845215 21.386919021606445 136 122 80
0.8487908244132996 1.9471125602722168 7.497002124786377 165 155 127
-1.5115952491760254 -1.8106443881988525 5.374288082122803 67 76 106
-1.4882371425628662 -0.994819700717926 5.344282627105713 96 109 148
2.272770404815674 1.535966396331787 9.01098346710205 100 92 78
-1.3780566453933716 -1.4734504222869873 5.286520957946777 68 73 100
-1.5516650676727295 -1.7657291889190674 5.629559516906738 53 60 88
-1.5516650676727295 -1.7657291889190674 5.629559516906738 53 60 88
-1.297498106956482 -1.3727508783340454 5.283041477203369 39 36 53
2.0731253623962402 1.636635184288025 5.506738662719727 201 189 130
-1.3617713451385498 1.1009972095489502 6.321690082550049 43 35 20
-1.3770043849945068 -0.9245691895484924 5.515242099761963 188 184 175
-1.5665717124938965 -1.8161580562591553 5.3880228996276855 57 71 110
-3.445990800857544 -3.814542770385742 9.192102432250977 63 52 50
-1.546457052230835 -1.701459288597107 5.66314172744751 52 55 89
1.00727117061615 1.511854887008667 8.227313995361328 41 33 19
-1.4905221462249756 -1.688714861869812 5.32551908493042 140 137 141
-1.4905221462249756 -1.688714861869812 5.32551908493042 140 137 141
-2.1635663509368896 -1.1307344436645508 6.672664642333984 78 90 113
0.7786911129951477 1.6141847372055054 6.124789714813232 144 127 110
-1.5531662702560425 -1.884076476097107 5.405649185180664 142 142 155
-1.5531662702560425 -1.884076476097107 5.405649185180664 142 142 155
-1.3749631643295288 -1.8228412866592407 5.544482231140137 166 162 162
-0.7996314764022827 -0.9091826677322388 6.396026611328125 36 24 21
-0.006865065544843674 1.5231486558914185 5.700751781463623 150 146 118
0.38593846559524536 1.529145359992981 5.446549892425537 163 154 133
-1.1236212253570557 1.3548991680145264 5.674803256988525 145 130 105
-0.7886396050453186 -0.908592939376831 6.3702168464660645 41 27 26
0.46355921030044556 1.5537508726119995 5.06121826171875 203 195 133
0.46355921030044556 1.5537508726119995 5.06121826171875 203 195 133
-1.7055988311767578 -1.1152454614639282 5.274731159210205 167 156 158
-1.2738438844680786 1.0004979372024536 5.774479389190674 53 49 39
-1.2849889993667603 0.980419397354126 5.782164573669434 40 30 14
-1.4008594751358032 1.1734000444412231 5.267253875732422 25 17 21
-1.3877726793289185 1.2055364847183228 5.262264251708984 36 34 19
-1.3909870386123657 1.1967425346374512 5.263875961303711 173 162 121
-1.3882328271865845 1.205682635307312 5.262815952301025 35 29 18
-1.1838622093200684 1.1939165592193604 5.71573543548584 35 28 6
-0.8206487894058228 -0.9302307963371277 6.380000114440918 45 29 29
-1.628851294517517 -1.2121833562850952 5.223844051361084 166 152 155
-1.371852159500122 1.2423157691955566 5.261960506439209 33 28 45
-1.4012277126312256 1.1571794748306274 5.276486873626709 153 138 106
-1.356501579284668 1.2730753421783447 5.257709503173828 48 40 22
-1.3977959156036377 1.1667507886886597 5.279904365539551 39 30 26
-1.3977959156036377 1.1667507886886597 5.279904365539551 39 30 26
-1.352292776107788 1.2828391790390015 5.258216857910156 160 147 125
-1.3652976751327515 1.2531112432479858 5.266003131866455 168 151 125
-0.7611865401268005 -2.147904396057129 6.039120197296143 54 39 42
-1.604072093963623 0.770397961139679 5.398131370544434 155 139 125
-1.3925070762634277 1.0300006866455078 5.2719950675964355 27 13 15
-1.3925070762634277 1.0300006866455078 5.2719950675964355 27 13 15
-0.3194834291934967 1.5176246166229248 4.995084285736084 36 30 28
-1.391052484512329 1.1701607704162598 5.287322044372559 164 148 122
-1.391052484512329 1.1701607704162598 5.287322044372559 164 148 122
-1.391052484512329 1.1701607704162598 5.287322044372559 164 148 122
-1.4965057373046875 0.9015783667564392 5.348988056182861 176 160 129
-1.518803358078003 0.8827105760574341 5.355980396270752 176 160 129
-0.5538291335105896 1.5085358619689941 6.323722839355469 140 131 102
-0.5538291335105896 1.5085358619689941 6.323722839355469 140 131 102
0.4111372232437134 1.608093023300171 5.448451042175293 137 130 116
-1.3627890348434448 1.2386380434036255 5.2830400466918945 169 157 127
-1.5016355514526367 0.9045134782791138 5.354030609130859 30 26 22
-1.5016355514526367 0.9045134782791138 5.354030609130859 30 26 22
-1.6599472761154175 -0.9677678346633911 5.299521446228027 44 50 69
-0.07978025078773499 1.524206280708313 5.674681186676025 31 20 15
-0.07978025078773499 1.524206280708313 5.674681186676025 31 20 15
-1.3697445392608643 -1.7973436117172241 5.569090843200684 154 154 165
-0.8351460695266724 -1.5224411487579346 6.17439079284668 47 32 35
-0.2046336978673935 1.4978041648864746 4.897059917449951 190 178 152
-1.6130695343017578 -0.8815411925315857 5.280030250549316 79 59 75
-1.366520881652832 -1.7448009252548218 5.574031352996826 161 160 163
-1.3124650716781616 1.3494693040847778 5.265301704406738 46 37 23
-0.976384699344635 1.4588793516159058 6.8101372718811035 148 133 110
-1.5980724096298218 -0.9545361995697021 5.874419212341309 75 85 115
-1.489367961883545 0.9129337668418884 5.3572096824646 171 156 128
-1.489723801612854 0.9129461646080017 5.357603549957275 171 156 128
-1.2356984615325928 1.0566174983978271 5.773213863372803 155 140 118
-2.51200270652771 -3.2416813373565674 8.036773681640625 59 45 51
-0.38065794110298157 1.5349763631820679 6.02459716796875 162 152 113
-1.3602228164672852 -1.820007562637329 5.565608501434326 154 153 162
-1.3602228164672852 -1.820007562637329 5.565608501434326 154 153 162
0.24067535996437073 1.5630137920379639 5.2317328453063965 149 142 124
-1.6391147375106812 -1.0802844762802124 5.2935638427734375 168 163 166
-1.6391147375106812 -1.0802844762802124 5.2935638427734375 168 163 166
-0.2896159887313843 1.516352891921997 4.981554985046387 185 177 142
-0.332451194524765 1.5353593826293945 5.950576305389404 177 172 133
0.3280213475227356 1.4959075450897217 5.578638553619385 175 166 129
0.25296729803085327 1.5475666522979736 5.196884632110596 153 140 125
-1.1321057081222534 3.061296224594116 8.169182777404785 157 150 128
-0.1462085098028183 1.52505624294281 5.685953617095947 177 166 139
0.2498411238193512 1.5542269945144653 5.187252998352051 156 148 126
0.25160303711891174 1.5602726936340332 5.183393478393555 22 16 13
0.37460193037986755 1.5103472471237183 5.516228199005127 23 15 8
-0.9036337733268738 -0.9432758688926697 6.267259120941162 41 28 28
-0.6682599782943726 1.4859321117401123 6.334462642669678 158 145 116
0.5977787971496582 1.5967051982879639 5.755704879760742 142 130 105
-1.6231145858764648 -1.0696443319320679 5.303379058837891 191 188 196
-1.417870044708252 -1.8098056316375732 5.637275218963623 153 153 163
-0.307958722114563 3.0048129558563232 9.315388679504395 25 19 1
0.24624782800674438 1.5614335536956787 5.175688743591309 147 141 127
-0.3770994246006012 1.5364491939544678 5.952112674713135 169 154 120
0.24711091816425323 1.567326545715332 5.169702529907227 29 22 12
0.24711091816425323 1.567326545715332 5.169702529907227 29 22 12
-1.3665859699249268 1.1716512441635132 5.332215785980225 166 148 126
0.9031769633293152 0.7465644478797913 4.220011234283447 129 124 104
-1.785756230354309 1.021655797958374 5.637182712554932 16 15 27
-0.21558138728141785 1.526153326034546 5.725983619689941 163 157 132
-1.3444336652755737 1.2251396179199219 5.328535556793213 151 136 105
-0.24763205647468567 1.510116696357727 5.759817123413086 176 164 130
-1.4057174921035767 1.0701069831848145 5.361592769622803 23 20 11
-0.9120203256607056 -0.9386848211288452 6.220230579376221 178 177 175
-1.4632257223129272 0.9266368746757507 5.39530086517334 168 153 132
-1.5913474559783936 -1.1035569906234741 5.301105976104736 176 172 179
-1.0499365329742432 -1.1557332277297974 6.352686405181885 169 169 169
-1.1833710670471191 3.1632096767425537 9.669360160827637 169 159 134
0.39913657307624817 1.5108972787857056 5.4962921142578125 20 18 5
-1.5379815101623535 -0.9062458872795105 5.283803939819336 70 99 139
0.3388828933238983 1.4918770790100098 5.587614059448242 38 33 33
-1.5229172706604004 -0.939332127571106 5.271517753601074 70 93 134
-1.3499411344528198 -1.8188480138778687 5.588810920715332 156 155 158
-1.0565247535705566 -1.2423627376556396 6.333813190460205 150 139 141
-1.362356424331665 -1.6986072063446045 5.61542272567749 155 153 159
-0.7465355396270752 1.5268968343734741 5.4202799797058105 192 177 152
-1.4768340587615967 0.8866336941719055 5.418720245361328 172 157 121
-1.520235300064087 -0.8022581934928894 5.295090198516846 76 97 136
-1.3393298387527466 0.20228028297424316 8.021007537841797 184 177 159
-0.7637611031532288 1.5285221338272095 5.439150810241699 66 59 34
-1.5914474725723267 -1.100530982017517 5.325044631958008 28 41 63
-1.5914474725723267 -1.100530982017517 5.325044631958008 28 41 63
0.9309611320495605 1.5595604181289673 5.632962226867676 203 196 148
-5.911052703857422 -2.08115291595459 12.132285118103027 80 87 106
-0.9145140647888184 -0.909766674041748 6.172234058380127 193 193 196
-1.5031548738479614 -0.8419025540351868 5.2920708656311035 78 99 121
0.1334896832704544 1.51692533493042 6.616485118865967 156 142 108
0.4201277494430542 1.5363225936889648 5.49043083190918 159 149 115
-1.0703409910202026 1.497535228729248 5.720849514007568 157 147 117
-1.3860106468200684 -0.8198355436325073 5.752729892730713 159 155 159
0.5921694040298462 1.610097885131836 5.742624282836914 128 122 102
0.2118000090122223 1.5450507402420044 5.12929105758667 147 138 111
-0.3567653298377991 1.5082244873046875 5.812615871429443 163 150 110
-1.4907715320587158 -0.8988066911697388 5.283908367156982 82 113 159
-0.3556084632873535 1.5188051462173462 5.81141471862793 30 26 11
-0.5936065316200256 1.023766040802002 4.815269470214844 142 132 108
-1.2717100381851196 1.372882604598999 5.333192825317383 142 132 108
-0.9286881685256958 -1.5844504833221436 6.038540363311768 82 56 60
-0.7423363327980042 1.5266152620315552 5.430098533630371 182 166 139
0.1910422444343567 1.5229558944702148 5.131183624267578 180 170 145
-1.3513625860214233 1.1599624156951904 5.38010311126709 152 134 92
-1.3513625860214233 1.1599624156951904 5.38010311126709 152 134 92
0.5558476448059082 1.5064252614974976 5.79081916809082 27 23 13
-2.135802984237671 1.1671819686889648 5.98441219329834 171 156 128
-0.9945691823959351 -1.9864264726638794 6.029815196990967 57 49 62
-1.2173575162887573 1.0610005855560303 5.819007396697998 21 15 5
-0.9991040229797363 -1.283247470855713 6.135305404663086 166 165 169
0.9187331199645996 1.5594923496246338 5.632605075836182 78 75 90
0.9187331199645996 1.5594923496246338 5.632605075836182 78 75 90
-1.4717845916748047 -0.7466014623641968 5.299065113067627 194 196 201
0.1821531355381012 1.5197192430496216 5.12790584564209 42 35 29
0.1821531355381012 1.5197192430496216 5.12790584564209 42 35 29
-1.3418309688568115 -1.7904834747314453 5.609886646270752 161 157 161
-1.3418309688568115 -1.7904834747314453 5.609886646270752 161 157 161
-1.4778918027877808 -0.9325137138366699 5.294719219207764 82 117 164
-0.40966564416885376 1.5619710683822632 4.737660884857178 140 132 110
-2.5793159008026123 1.0671764612197876 6.303166389465332 186 181 150
-1.7739307880401611 1.2102348804473877 5.717772006988525 38 33 15
-1.7299233675003052 1.3951709270477295 5.720118522644043 159 139 101
-0.4323625862598419 1.5502055883407593 4.749087810516357 12 7 4
0.19276343286037445 1.5418037176132202 5.100429534912109 151 143 125
0.19276343286037445 1.5418037176132202 5.100429534912109 151 143 125
-1.52285897731781 0.8341898918151855 5.5037078857421875 178 163 132
-1.512141227722168 -1.7837001085281372 5.783349990844727 144 142 148
-1.3665460348129272 -0.8188408613204956 5.758265018463135 164 157 159
-0.5320409536361694 1.5166219472885132 5.2533183097839355 177 167 129
-0.9882962703704834 -0.9898722767829895 6.1214094161987305 87 118 161
0.5643711686134338 1.5210641622543335 5.762820243835449 30 23 20
-1.443908452987671 -0.7410659790039062 5.304959774017334 191 191 192
0.4364072382450104 1.5527197122573853 5.5119242668151855 21 18 7
-1.2886369228363037 1.2846256494522095 5.379650592803955 28 18 4
-1.0974633693695068 -1.0239776372909546 6.224917888641357 194 193 189
0.48223528265953064 1.4961254596710205 5.907583713531494 179 171 145
-0.3641068935394287 1.5900359153747559 4.730068683624268 159 147 125
-1.4176298379898071 -1.3757247924804688 5.22753381729126 152 145 147
0.11693976819515228 1.5041202306747437 6.605247497558594 23 18 8
-1.3424460887908936 -1.7635111808776855 5.634349346160889 141 139 146
-1.3424460887908936 -1.7635111808776855 5.634349346160889 141 139 146
0.15727007389068604 1.5184935331344604 5.092519283294678 151 143 113
-0.6593632102012634 1.4908756017684937 6.033657073974609 149 139 99
-0.6996815800666809 0.8993629217147827 4.913979530334473 35 32 25
-1.4413684606552124 -0.7894651889801025 5.313761234283447 79 110 150
-1.4413684606552124 -0.7894651889801025 5.313761234283447 79 110 150
-0.43309515714645386 1.5023642778396606 4.767021179199219 46 35 17
-1.3478950262069702 -1.0739818811416626 5.729856491088867 57 51 67
-1.401241660118103 -1.3960546255111694 5.225990295410156 170 167 169
-1.039067268371582 -1.0811223983764648 6.099304676055908 78 100 130
-1.2010835409164429 1.0750601291656494 5.841935634613037 146 135 104
-1.3588910102844238 -1.0389139652252197 5.747020244598389 75 103 136
-1.0263453722000122 -1.0189485549926758 6.09002685546875 88 114 160
-1.3281571865081787 -1.7862579822540283 5.630398273468018 155 156 157
-1.0152090787887573 -0.900145411491394 6.086051940917969 183 179 175
0.4452931880950928 1.5571856498718262 5.5192179679870605 141 134 121
-0.2973448932170868 1.587648868560791 4.677700996398926 19 12 10
0.09832420200109482 1.4962612390518188 5.133052349090576 187 173 153
0.15488487482070923 1.5255215167999268 5.062498092651367 135 119 95
0.16313645243644714 1.5390689373016357 5.053447246551514 161 150 126
0.16313645243644714 1.5390689373016357 5.053447246551514 161 150 126
-1.3290081024169922 1.160644292831421 5.428823471069336 29 22 2
-0.4195668697357178 1.5121686458587646 4.769408702850342 45 37 22
0.12467306852340698 1.5089937448501587 7.4346442222595215 12 7 2
-0.8692380785942078 1.4768986701965332 6.218015193939209 23 20 5
-1.5206055641174316 0.8034583926200867 5.544422149658203 178 159 140
-1.0531907081604004 -1.0505622625350952 6.078064441680908 75 100 145
-1.0531907081604004 -1.0505622625350952 6.078064441680908 75 100 145
0.013622088357806206 1.4567105770111084 5.212982177734375 81 75 53
0.1582193672657013 1.5408016443252563 5.046127796173096 22 25 12
0.10855834931135178 1.507300853729248 6.5940141677856445 156 146 116
0.16521142423152924 1.5628808736801147 5.037781238555908 130 124 111
0.16521142423152924 1.5628808736801147 5.037781238555908 130 124 111
-1.0390921831130981 -0.9551757574081421 6.05742883682251 82 111 150
-1.366265892982483 1.0729355812072754 5.457596778869629 37 28 12
-0.8793559670448303 1.4647468328475952 6.201776027679443 158 150 112
-0.8793559670448303 1.4647468328475952 6.201776027679443 158 150 112
-1.0456092357635498 -0.890815019607544 6.061480522155762 172 170 172
-1.0715813636779785 -1.444173812866211 6.009876728057861 158 138 149
0.39409056305885315 1.722208857536316 4.452485084533691 198 188 134
-0.5107356309890747 1.5177379846572876 5.268775463104248 172 167 135
-1.0455868244171143 -0.9067313075065613 6.054611682891846 102 114 133
-1.3044487237930298 1.2150037288665771 5.427348613739014 38 31 18
-1.2831722497940063 0.9151353240013123 5.923279762268066 61 49 30
-0.18652527034282684 1.5243512392044067 5.41361665725708 39 35 4
0.13716574013233185 1.5209457874298096 5.048247814178467 163 153 121
0.05448659881949425 1.4938558340072632 5.137623310089111 174 163 138
0.05448659881949425 1.4938558340072632 5.137623310089111 174 163 138
-1.4235460758209229 1.627098798751831 6.848126411437988 160 146 121
-1.354038119316101 1.0859919786453247 5.461401462554932 31 28 9
-1.4560458660125732 -1.495269536972046 5.288986682891846 167 160 158
-1.3910044431686401 1.0000413656234741 5.483543395996094 28 15 9
-1.3910044431686401 1.0000413656234741 5.483543395996094 28 15 9
-0.24931742250919342 1.4917880296707153 5.03109073638916 77 72 54
-1.0630300045013428 -0.8988199830055237 6.048102855682373 189 187 187
-1.3166993856430054 -1.1732466220855713 5.724299907684326 176 174 170
0.5487686991691589 1.5188370943069458 5.7465057373046875 167 157 132
-1.3225464820861816 -0.9953545331954956 5.751799583435059 77 106 154
-1.9361461400985718 1.2887862920761108 5.9322509765625 27 18 8
-1.295735239982605 -1.2445306777954102 5.69683313369751 175 173 173
-0.645330548286438 1.4942398071289062 5.896424770355225 156 142 119
-1.065325379371643 -0.9375101327896118 6.0332536697387695 69 102 148
-1.4554762840270996 -1.476129412651062 5.301548004150391 145 140 151
-1.1532937288284302 1.1540378332138062 5.8467559814453125 146 129 102
0.5551769137382507 1.532940149307251 5.730682373046875 160 146 119
-1.7119141817092896 1.8467124700546265 7.153532981872559 161 151 128
-1.385016679763794 1.0029526948928833 5.492974281311035 163 143 113
0.1406138688325882 1.535852074623108 5.0140767097473145 33 26 19
0.1406138688325882 1.535852074623108 5.0140767097473145 33 26 19
0.13822385668754578 1.5362244844436646 5.017254829406738 23 21 14
-1.3080005645751953 -0.9172918200492859 5.757680892944336 63 76 96
-1.0799694061279297 -0.9260209202766418 6.038299560546875 84 111 158
-0.2594609558582306 1.5125164985656738 5.452463150024414 165 155 119
-0.05302535742521286 1.5904266834259033 5.2509965896606445 187 176 151
-0.3965528905391693 1.5122289657592773 4.780027866363525 60 56 40
-1.0769423246383667 -0.9638805985450745 6.023832321166992 90 126 170
-0.6489133238792419 1.5066465139389038 5.875550270080566 158 152 133
-0.2354898452758789 1.490945816040039 5.033459663391113 182 169 136
-0.5082361698150635 1.5306559801101685 5.718739986419678 151 139 114
-1.087476372718811 -1.0418131351470947 6.015328884124756 73 102 137
-0.4918888509273529 1.5199105739593506 5.2775068283081055 31 25 25
-1.4463062286376953 -1.5099619626998901 5.305543899536133 163 160 174
-0.4798990786075592 1.524402379989624 5.268723964691162 176 165 137
-1.5472562313079834 -1.8171619176864624 5.353009223937988 158 155 162
-1.1230875253677368 -1.8240504264831543 5.929102420806885 90 72 72
-0.5146154165267944 1.5315251350402832 5.711470603942871 34 30 25
-1.1291977167129517 1.193671703338623 5.846111297607422 140 122 88
-1.4372795820236206 -1.5370935201644897 5.300346851348877 173 168 172
0.3955909311771393 1.4990739822387695 5.6689324378967285 169 161 137
0.13209782540798187 1.5412431955337524 4.995919227600098 139 128 111
-0.40944504737854004 1.4748107194900513 4.819780349731445 78 69 58
-0.40944504737854004 1.4748107194900513 4.819780349731445 78 69 58
-1.1005579233169556 -0.8762105107307434 6.019330978393555 171 167 169
-0.498445600271225 1.5395058393478394 5.670518398284912 25 20 2
0.12663115561008453 1.5445269346237183 4.9901347160339355 35 27 24
-2.4212353229522705 1.3823661804199219 6.363049507141113 57 47 21
-1.0879255533218384 1.2843642234802246 5.830043792724609 148 133 107
-1.1226011514663696 1.1962271928787231 5.854036331176758 19 10 4
0.004606805741786957 1.5183680057525635 4.824989318847656 64 58 37
0.004606805741786957 1.5183680057525635 4.824989318847656 64 58 37
0.0144339082762599 1.5049487352371216 5.093814373016357 186 172 144
0.4155603051185608 1.4984620809555054 5.663259029388428 194 185 154
-2.4296560287475586 1.3161506652832031 6.3746795654296875 147 135 118
-1.1165434122085571 -1.0071743726730347 5.976301193237305 66 83 111
-1.1245689392089844 -0.9540638327598572 5.989409923553467 82 113 156
-1.1245689392089844 -0.9540638327598572 5.989409923553467 82 113 156
-1.393898367881775 -0.753201425075531 5.36674690246582 151 151 149
-1.123761534690857 -0.8841019868850708 5.996148586273193 191 190 187
-0.16658180952072144 1.5697789192199707 4.651058673858643 165 150 129
-0.36697593331336975 1.498194932937622 4.782726287841797 186 177 146
-1.1298226118087769 -0.9074821472167969 5.993509292602539 75 104 161
-1.2422689199447632 1.3141940832138062 5.455142974853516 155 137 98
-1.1333264112472534 -0.9499815106391907 5.98323392868042 83 109 145
0.09470020979642868 1.5184416770935059 4.984134197235107 59 50 36
-1.281205177307129 -0.9416602253913879 5.774577617645264 85 108 147
-0.5485635995864868 1.5355669260025024 5.670490741729736 176 162 129
-0.5485635995864868 1.5355669260025024 5.670490741729736 176 162 129
0.5115238428115845 1.5067799091339111 5.75976037979126 182 171 144
-1.0653462409973145 -1.4952051639556885 5.825316429138184 168 152 143
-1.8363277912139893 1.0534789562225342 5.924063682556152 164 150 121
-0.7480719685554504 1.5126464366912842 5.088550090789795 69 58 30
0.5495219826698303 1.5524513721466064 5.697186470031738 161 147 120
-0.5436493158340454 1.4589648246765137 7.706254005432129 155 139 113
-1.2759180068969727 -0.9280545711517334 5.775570869445801 89 106 147
-1.2759180068969727 -0.9280545711517334 5.775570869445801 89 106 147
-0.7286015152931213 1.5290676355361938 5.8584513664245605 22 22 21
-1.1834945678710938 1.0579673051834106 5.921555519104004 154 143 110
-2.4150073528289795 1.320303201675415 6.383446216583252 54 51 23
-0.2069014459848404 1.4943530559539795 5.040352821350098 37 29 11
-0.2069014459848404 1.4943530559539795 5.040352821350098 37 29 11
-0.36266469955444336 1.4930084943771362 4.787326335906982 66 58 41
-1.3739486932754517 -1.4643272161483765 5.291593551635742 173 170 174
-1.3739486932754517 -1.4643272161483765 5.291593551635742 173 170 174
-0.003632413689047098 1.501248836517334 5.0810723304748535 48 41 22
0.5387217998504639 1.525665044784546 5.7103681564331055 23 18 11
-1.4710332155227661 -1.6197261810302734 5.353871822357178 161 159 163
-1.4710332155227661 -1.6197261810302734 5.353871822357178 161 159 163
-2.3827733993530273 1.4202505350112915 6.37287712097168 143 130 109
-0.7422822713851929 1.5269871950149536 5.862209796905518 171 161 145
-0.15996651351451874 1.5743831396102905 4.657934188842773 55 48 26
-1.4348384141921997 -0.9704654216766357 5.395628452301025 76 106 143
-1.3883212804794312 -0.7623398303985596 5.380559921264648 161 159 162
-1.3371278047561646 1.0695182085037231 5.521512985229492 168 149 116
-6.2726311683654785 8.69340991973877 23.95442771911621 140 133 117
-1.070813536643982 -1.505018711090088 5.811375141143799 179 163 156
-1.3289947509765625 1.080304503440857 5.5186686515808105 25 16 1
-0.1929510235786438 1.5037816762924194 5.03439998626709 191 173 135
0.6940258741378784 1.5352885723114014 5.97100830078125 31 28 13
0.06955677270889282 1.5066375732421875 4.991549491882324 188 174 148
-0.024611100554466248 1.493581771850586 5.087533473968506 41 33 15
-1.361392855644226 -1.4533454179763794 5.293334007263184 50 60 97
-0.7543333768844604 1.524948000907898 5.859522819519043 35 26 12
-0.7543333768844604 1.524948000907898 5.859522819519043 35 26 12
-2.4173073768615723 1.236569881439209 6.394365310668945 46 34 19
-2.4173073768615723 1.236569881439209 6.394365310668945 46 34 19
-1.3513439893722534 1.5917149782180786 6.482062816619873 155 139 113
-1.1611874103546143 -0.8764008283615112 5.972134113311768 191 190 188
-0.25891104340553284 1.5276044607162476 4.721650123596191 77 68 47
-2.2115414142608643 3.3326992988586426 10.669524192810059 149 136 107
-2.2115414142608643 3.3326992988586426 10.669524192810059 149 136 107
-1.249691367149353 -1.5113005638122559 5.700033664703369 134 124 114
-2.403329372406006 1.2653921842575073 6.3955512046813965 156 145 114
-0.08550527691841125 1.5008536577224731 6.839783191680908 159 144 115
-0.08550527691841125 1.5008536577224731 6.839783191680908 159 144 115
-1.4339184761047363 -0.9936516880989075 5.407137393951416 82 98 125
-1.4339184761047363 -0.9936516880989075 5.407137393951416 82 98 125
-2.3990235328674316 1.2789733409881592 6.396283149719238 48 43 25
-1.3858375549316406 -0.7661122679710388 5.393866062164307 164 160 159
0.08304788172245026 1.5178561210632324 4.958577632904053 73 59 51
-2.3964033126831055 1.3024617433547974 6.398387432098389 40 32 38
-1.3252114057540894 1.0809733867645264 5.529659748077393 151 134 94
-1.3252114057540894 1.0809733867645264 5.529659748077393 151 134 94
-1.1485865116119385 -0.9677348136901855 5.933779239654541 82 110 149
0.5387149453163147 1.5403220653533936 5.69241189956665 29 26 23
-1.4588063955307007 -1.6432504653930664 5.364699363708496 165 163 171
-1.4588063955307007 -1.6432504653930664 5.364699363708496 165 163 171
-0.06616722792387009 1.7306939363479614 4.594252109527588 179 163 125
-2.3963325023651123 1.2907369136810303 6.403043746948242 162 144 116
-0.08250477910041809 1.6624360084533691 4.600342273712158 65 57 37
-1.2039471864700317 1.3969089984893799 5.467702865600586 149 132 109
-1.360853910446167 -0.791171133518219 5.378734588623047 62 73 87
-0.19393156468868256 1.5426573753356934 4.679520130157471 176 168 143
-0.4684661626815796 1.4897958040237427 4.892889022827148 72 59 44
0.09996616095304489 1.5521388053894043 4.93354606628418 154 140 111
0.09996616095304489 1.5521388053894043 4.93354606628418 154 140 111
-1.2728301286697388 -1.5172803401947021 5.736268997192383 152 137 134
-1.4920932054519653 -1.7127759456634521 5.389848709106445 160 159 166
-1.2528597116470337 -0.8832375407218933 5.798407554626465 78 91 117
-1.3368275165557861 -1.4286725521087646 5.297325611114502 59 68 123
-1.3368275165557861 -1.4286725521087646 5.297325611114502 59 68 123
-1.3446247577667236 1.0291718244552612 5.551632881164551 28 23 10
-1.3446247577667236 1.0291718244552612 5.551632881164551 28 23 10
-2.3831748962402344 1.3202178478240967 6.407200336456299 33 25 2
-1.0736867189407349 1.1553938388824463 6.0978498458862305 38 33 5
-1.0736867189407349 1.1553938388824463 6.0978498458862305 38 33 5
-1.260638952255249 -1.074674367904663 5.999767780303955 55 54 64
-1.260475516319275 1.5264947414398193 6.314482688903809 151 138 113
-1.307761549949646 1.8433598279953003 6.219913959503174 148 140 113
-1.19547700881958 -0.8640556335449219 5.952328205108643 191 188 188
-1.3016371726989746 -1.3841511011123657 5.282548427581787 167 164 170
-0.7855015993118286 1.5030843019485474 5.813778877258301 147 141 124
-1.2758378982543945 -1.2518202066421509 5.972989082336426 67 93 128
-0.06988479197025299 1.666006326675415 4.6021504402160645 36 30 18
-1.189211130142212 -0.9196588397026062 5.926870346069336 58 80 124
-1.3230431079864502 -1.4166057109832764 5.299516201019287 185 182 184
-0.5603392124176025 3.022961139678955 9.18740177154541 26 22 10
-1.4493590593338013 -1.665705919265747 5.37631368637085 161 159 166
-1.4493590593338013 -1.665705919265747 5.37631368637085 161 159 166
-2.06935977935791 4.460379123687744 11.204960823059082 170 162 117
-0.8400310277938843 -1.1067118644714355 5.390134811401367 55 72 98
-1.4411243200302124 -1.6291297674179077 5.375706672668457 172 168 172
-1.4411243200302124 -1.6291297674179077 5.375706672668457 172 168 172
-1.4015007019042969 -1.5694031715393066 5.354335784912109 158 157 161
-1.439199447631836 -1.591040015220642 5.37908411026001 158 157 164
-1.439199447631836 -1.591040015220642 5.37908411026001 158 157 164
-0.5174251198768616 1.65955650806427 4.971927642822266 73 64 42
-0.4454684555530548 1.5954760313034058 4.907859802246094 73 64 42
-1.2833843231201172 1.160632848739624 5.532725811004639 140 126 92
-1.2698330879211426 1.2844843864440918 6.270166873931885 159 144 112
-1.1663408279418945 -1.5038152933120728 5.80651330947876 144 128 132
-1.1965972185134888 -0.9248034358024597 5.912186622619629 187 187 187
-1.2026575803756714 -0.9431533217430115 5.911990165710449 53 76 111
-1.2026575803756714 -0.9431533217430115 5.911990165710449 53 76 111
-1.221004843711853 -0.9432154297828674 5.93073844909668 53 76 111
0.7386351823806763 1.083365559577942 5.132875442504883 170 163 144
-0.5516180992126465 3.0678577423095703 9.169307708740234 150 142 115
-1.2171669006347656 1.3115818500518799 5.501351356506348 148 134 98
-1.226000428199768 1.2915109395980835 5.508617877960205 34 27 18
-0.5647916793823242 -0.8492180109024048 5.164272308349609 76 97 130
-0.3852800726890564 1.6159666776657104 4.8697123527526855 193 184 158
-1.2811468839645386 1.1517938375473022 5.542104244232178 57 50 22
-1.1176578998565674 -1.5650928020477295 5.721827507019043 127 110 119
-1.2601603269577026 -0.9199481010437012 5.839345455169678 74 102 134
-0.49572789669036865 1.5352089405059814 5.4749298095703125 39 31 19
-1.0322344303131104 1.358792781829834 5.890349388122559 151 139 115
0.07909514755010605 1.5666502714157104 4.890560150146484 119 115 107
-1.2860193252563477 -0.8500621318817139 5.879768371582031 136 131 129
-0.07263299077749252 1.6292005777359009 4.618569374084473 64 56 29
-1.4315674304962158 -1.6508089303970337 5.387568950653076 170 164 174
-1.4315674304962158 -1.6508089303970337 5.387568950653076 170 164 174
-0.2529870569705963 1.5013422966003418 4.753567695617676 188 173 150
-1.0476893186569214 1.305118441581726 5.906824111938477 159 145 114
-1.491782307624817 -1.607102870941162 5.445770740509033 58 61 106
-1.3317054510116577 0.8184533715248108 6.130897045135498 170 154 133
-1.4284430742263794 -1.6327687501907349 5.38870906829834 52 64 110
-1.4284430742263794 -1.6327687501907349 5.38870906829834 52 64 110
-0.06632164865732193 1.6378170251846313 4.617259502410889 163 148 115
-2.1414294242858887 3.2952499389648438 12.642504692077637 151 143 130
-0.3833017647266388 1.613442063331604 4.878049373626709 84 74 46
-1.3997249603271484 -0.9288693070411682 5.444360733032227 69 96 139
-1.4630829095840454 -1.7231366634368896 5.412491798400879 155 158 169
-1.4630829095840454 -1.7231366634368896 5.412491798400879 155 158 169
-1.4604994058609009 -1.7084014415740967 5.414083480834961 53 65 102
-1.4604994058609009 -1.7084014415740967 5.414083480834961 53 65 102
-1.109297275543213 1.1620292663574219 5.9589104652404785 151 134 107
-1.2854487895965576 3.2172176837921143 9.30648136138916 150 143 112
-1.2823683023452759 -0.8466669917106628 5.8919758796691895 166 165 165
-0.11802729964256287 1.49562668800354 6.779410362243652 145 137 95
-1.5136454105377197 -1.8966829776763916 5.442902088165283 140 142 147
-1.5136454105377197 -1.8966829776763916 5.442902088165283 140 142 147
-0.07363910228013992 1.608746886253357 4.630321025848389 161 152 124
-0.07363910228013992 1.608746886253357 4.630321025848389 161 152 124
-1.2246756553649902 -1.4044907093048096 5.259127140045166 57 65 93
0.5111067891120911 1.5194532871246338 5.669164180755615 23 18 11
-1.237075686454773 0.9282048344612122 6.085464000701904 56 47 29
-0.9380922317504883 1.0198323726654053 5.291401386260986 44 33 11
-1.418868064880371 -1.559090495109558 5.409840106964111 160 160 157
-0.0762505903840065 1.5947496891021729 4.635972499847412 71 61 43
-1.2260993719100952 -0.8960122466087341 5.844914436340332 65 65 79
-1.4167853593826294 -1.5783710479736328 5.407683372497559 63 66 110
-1.4172502756118774 -1.6358848810195923 5.402406692504883 166 165 166
-1.4172502756118774 -1.6358848810195923 5.402406692504883 166 165 166
-0.7409296035766602 3.0442466735839844 9.413068771362305 33 29 15
-0.9338992834091187 1.6205589771270752 5.359671115875244 65 51 6
4.032622814178467 1.8100560903549194 8.559723854064941 164 157 93
3.5063557624816895 1.764008641242981 7.194744110107422 171 141 91
-1.3633977174758911 -0.7789509892463684 5.453839302062988 155 154 152
4.09820556640625 1.6403847932815552 9.029378890991211 162 151 93
2.5353705883026123 -2.4286463260650635 5.701221942901611 27 20 14
-1.4529777765274048 -1.729601502418518 5.426718235015869 59 65 99
3.9178707599639893 1.7798999547958374 8.611098289489746 163 162 114
3.391705274581909 1.754863977432251 7.068216323852539 173 162 110
3.8518013954162598 1.7772133350372314 8.631815910339355 168 164 109
2.9020752906799316 1.6704283952713013 5.5714216232299805 184 177 109
2.9020752906799316 1.6704283952713013 5.5714216232299805 184 177 109
3.1515395641326904 1.7287310361862183 6.4174299240112305 175 164 102
3.1515395641326904 1.7287310361862183 6.4174299240112305 175 164 102
4.319765567779541 1.5552611351013184 10.310876846313477 163 148 112
3.77728533744812 1.8123704195022583 8.533071517944336 170 159 108
-1.44656240940094 -1.7127482891082764 5.426135063171387 165 166 174
3.7196598052978516 1.8503012657165527 8.502331733703613 139 126 95
3.733198642730713 1.7616931200027466 8.630155563354492 176 162 108
-0.08479878306388855 1.5804420709609985 4.647714614868164 180 173 145
3.700523614883423 1.7698001861572266 8.611804962158203 175 157 96
3.676063060760498 1.8456189632415771 8.536473274230957 129 131 92
3.637948989868164 1.8467695713043213 8.47493839263916 145 142 97
-0.9481627345085144 1.6317743062973022 5.375078201293945 176 167 137
3.5008254051208496 1.7818881273269653 8.53916072845459 180 170 108
-2.068615674972534 1.363033652305603 6.2536940574646 23 17 6
-2.068615674972534 1.363033652305603 6.2536940574646 23 17 6
-1.4404990673065186 -1.6975075006484985 5.425689220428467 60 66 98
3.477861166000366 1.7436089515686035 8.586908340454102 168 164 117
3.477861166000366 1.7436089515686035 8.586908340454102 168 164 117
3.435091018676758 1.8266774415969849 8.506796836853027 149 137 90
3.435091018676758 1.8266774415969849 8.506796836853027 149 137 90
3.4315109252929688 1.826292872428894 8.544434547424316 160 143 99
3.5318546295166016 1.4338403940200806 9.638917922973633 148 140 95
3.1807405948638916 1.814507246017456 7.9628214836120605 153 147 113
3.1807405948638916 1.814507246017456 7.9628214836120605 153 147 113
3.247877359390259 1.8113563060760498 8.52989673614502 136 137 85
3.247877359390259 1.8113563060760498 8.52989673614502 136 137 85
2.663452386856079 1.6828699111938477 5.780130863189697 178 165 102
2.936359405517578 1.767000675201416 7.214710235595703 169 158 106
2.695605754852295 1.6996769905090332 6.059216499328613 180 176 125
2.200920820236206 -2.5585415363311768 6.099470138549805 37 27 16
3.080528974533081 1.7917941808700562 8.294575691223145 160 144 94
3.12559175491333 1.7799959182739258 8.583952903747559 149 140 114
3.12559175491333 1.7799959182739258 8.583952903747559 149 140 114
2.5757875442504883 1.68245530128479 5.675191879272461 189 176 118
3.0912208557128906 1.5327835083007812 8.798038482666016 167 158 99
-0.11735531687736511 1.6714071035385132 4.69742488861084 49 44 23
3.052321672439575 1.612837314605713 8.602424621582031 154 140 113
3.0461878776550293 1.7649188041687012 8.541020393371582 146 135 93
-1.3942561149597168 -0.8911394476890564 5.485371112823486 54 85 122
2.9453213214874268 1.5793570280075073 8.612792015075684 177 169 119
-1.408410668373108 -1.6022251844406128 5.420475482940674 56 65 105
-1.4554001092910767 -1.628312110900879 5.4578328132629395 56 65 105
-1.4140781164169312 -1.6557892560958862 5.419421195983887 161 159 170
2.4752509593963623 1.671942949295044 5.5881805419921875 186 178 116
2.866530418395996 1.6174979209899902 8.592389106750488 178 159 113
2.853611946105957 1.6372817754745483 8.571975708007812 188 173 116
2.853611946105957 1.6372817754745483 8.571975708007812 188 173 116
-0.33945029973983765 1.6128599643707275 4.8739705085754395 83 70 47
2.423128128051758 1.6816200017929077 5.687453746795654 182 170 117
2.4322104454040527 1.6763161420822144 5.853043079376221 182 177 123
-1.38016939163208 -0.8562898635864258 5.480253219604492 77 110 150
2.7523605823516846 1.626997947692871 8.572409629821777 176 163 114
2.492534875869751 1.7122989892959595 6.455463886260986 176 169 103
2.3679566383361816 1.6895781755447388 6.151970386505127 175 170 114
-0.8948889374732971 -2.647103786468506 8.121620178222656 70 56 56
-1.442387580871582 -1.7353456020355225 5.441934108734131 160 161 169
2.568368434906006 1.5611839294433594 9.564127922058105 23 20 5
2.568368434906006 1.5611839294433594 9.564127922058105 23 20 5
-1.4325156211853027 -1.71720552444458 5.437273979187012 52 61 92
-1.4325156211853027 -1.71720552444458 5.437273979187012 52 61 92
2.401144504547119 1.6672452688217163 7.419609546661377 169 159 121
2.5448451042175293 1.535752534866333 9.54931640625 35 29 11
2.5448451042175293 1.535752534866333 9.54931640625 35 29 11
-1.4867898225784302 -1.8911263942718506 5.465568542480469 150 153 159
-0.2009313404560089 1.710702657699585 4.799123287200928 67 58 48
2.3659892082214355 1.684484839439392 7.032388210296631 162 146 92
1.8120898008346558 -2.7036170959472656 6.578140735626221 56 42 39
-1.2307382822036743 1.2183035612106323 5.580620765686035 35 26 19
1.7834171056747437 -2.785982370376587 6.657576084136963 50 37 33
2.422114610671997 1.114796757698059 10.17563533782959 140 119 85
2.34420108795166 1.6233773231506348 7.994973182678223 166 153 86
2.4125020503997803 1.1298456192016602 10.1809720993042 96 73 48
2.4125020503997803 1.1298456192016602 10.1809720993042 96 73 48
-0.06605562567710876 1.5811749696731567 4.654790878295898 172 157 123
2.3065853118896484 1.5827205181121826 8.220861434936523 156 155 104
2.3418097496032715 1.5224360227584839 9.1434326171875 132 123 96
2.3400232791900635 1.5006017684936523 9.155436515808105 37 35 20
2.3410484790802 1.5463299751281738 9.129807472229004 141 130 104
2.305281162261963 1.5812571048736572 8.634810447692871 152 147 88
2.2431185245513916 1.6709634065628052 7.022757530212402 174 166 111
2.1745738983154297 1.6360552310943604 5.638626575469971 191 181 124
2.2864973545074463 1.5785272121429443 8.9800443649292 136 127 108
1.6563920974731445 -2.8642354011535645 6.8253889083862305 190 183 164
-1.3771581649780273 -0.9296891689300537 5.490166187286377 69 94 133
2.2263388633728027 1.5613468885421753 8.830955505371094 130 122 109
2.1418540477752686 1.671605110168457 6.189211368560791 183 174 132
-1.349368929862976 -1.4933860301971436 5.408581256866455 151 151 156
2.118589401245117 1.6583607196807861 5.377133369445801 196 188 125
2.116987466812134 1.6622307300567627 5.276071548461914 192 185 129
2.142005443572998 1.604945182800293 7.617133617401123 177 161 109
-0.09457233548164368 1.5415294170379639 4.679868221282959 189 181 143
2.112372398376465 1.646045446395874 5.779773712158203 184 175 122
2.113412857055664 1.6602628231048584 6.36704683303833 183 177 119
2.1157386302948 1.660581111907959 6.750197410583496 182 171 111
2.0970470905303955 1.642693281173706 5.447468280792236 190 182 121
2.0676071643829346 1.6510951519012451 5.394753456115723 184 180 117
2.064014434814453 1.6412285566329956 5.632180690765381 186 179 118
2.046921968460083 1.6451648473739624 5.468015670776367 195 190 132
2.046921968460083 1.6451648473739624 5.468015670776367 195 190 132
-1.4359785318374634 -1.7489691972732544 5.457381725311279 155 153 166
1.9972033500671387 1.5131251811981201 8.463395118713379 156 141 116
-1.4718507528305054 -1.8731228113174438 5.474733829498291 158 155 165
2.0664799213409424 2.839961290359497 12.405867576599121 25 22 8
1.9881283044815063 1.5218182802200317 8.926620483398438 129 123 94
2.0369253158569336 2.8237171173095703 12.348764419555664 155 142 116
2.0202889442443848 1.6388983726501465 5.635352611541748 186 177 127
1.9528545141220093 1.5127588510513306 8.39978313446045 115 114 100
2.0244922637939453 1.6587225198745728 5.210132598876953 80 79 96
1.446869134902954 -2.770285129547119 6.9704718589782715 34 28 23
2.00262713432312 1.6427619457244873 5.412865161895752 180 176 108
1.9297252893447876 1.5866568088531494 7.309498310089111 188 165 133
1.8795452117919922 1.5006027221679688 8.336079597473145 132 124 90
-0.1823543757200241 1.7245049476623535 4.802131652832031 185 173 133
1.9690606594085693 1.6491620540618896 5.74807596206665 197 188 122
1.8671189546585083 1.5198208093643188 8.198867797851562 157 145 129
1.8619436025619507 1.5017104148864746 8.205307960510254 38 30 19
1.8440052270889282 1.5064526796340942 8.199109077453613 156 142 112
-1.3229079246520996 -1.505852222442627 5.390532970428467 44 51 73
1.875970721244812 1.5736316442489624 7.454779148101807 170 171 100
1.955295443534851 1.6287554502487183 5.429381847381592 190 185 119
1.9170607328414917 1.6284987926483154 5.981264591217041 198 181 126
1.8592109680175781 1.6158034801483154 6.778011798858643 185 178 119
1.938359260559082 1.6401771306991577 5.252722263336182 198 190 129
-2.8192849159240723 1.4607876539230347 6.972426891326904 34 29 17
-2.8192849159240723 1.4607876539230347 6.972426891326904 34 29 17
0.6512882113456726 1.602537989616394 5.849754333496094 151 142 108
-1.400046467781067 -1.6259405612945557 5.449520111083984 155 154 154
1.7603188753128052 1.5605759620666504 7.599050521850586 178 158 111
1.8808834552764893 1.6381933689117432 5.779455661773682 192 186 138
1.688580870628357 1.518454670906067 7.849367618560791 35 34 24
1.7162977457046509 1.554610013961792 7.475444793701172 170 150 100
1.7162977457046509 1.554610013961792 7.475444793701172 170 150 100
1.6871792078018188 1.5316113233566284 7.832513809204102 149 132 103
-1.3578689098358154 -0.831884503364563 5.504752159118652 69 96 136
1.710999608039856 1.5749573707580566 7.382078170776367 183 170 108
1.6502631902694702 1.5191277265548706 7.7675347328186035 113 110 95
1.6478158235549927 1.5662224292755127 7.721298694610596 118 111 95
-4.474646091461182 -1.7025943994522095 8.034049034118652 30 20 31
1.7268277406692505 1.6179624795913696 6.584281921386719 174 155 116
1.7867131233215332 1.5923950672149658 5.809571743011475 200 190 135
1.7867131233215332 1.5923950672149658 5.809571743011475 200 190 135
1.5955625772476196 1.5264382362365723 7.655518054962158 113 110 86
1.6809345483779907 1.6109380722045898 6.50584077835083 187 177 122
-1.3776527643203735 -0.8703271150588989 5.524848461151123 74 86 110
1.5573914051055908 1.5310051441192627 7.585727214813232 39 32 23
-1.3676378726959229 -1.4956940412521362 5.450930118560791 39 48 84
1.7148960828781128 1.5912572145462036 5.709229946136475 204 188 133
1.0228347778320312 -0.7188637852668762 9.132186889648438 186 175 155
1.6975188255310059 1.6210864782333374 5.8472418785095215 191 182 127
-0.053807392716407776 1.585201382637024 4.6688666343688965 161 146 113
-1.3727422952651978 -0.9555772542953491 5.515575408935547 67 99 140
-1.3727422952651978 -0.9555772542953491 5.515575408935547 67 99 140
-1.4228577613830566 -1.7389856576919556 5.472445011138916 162 160 168
-1.440934181213379 -1.8923752307891846 5.471724033355713 145 146 154
1.6920331716537476 1.6148486137390137 5.529144763946533 198 188 132
1.367780089378357 1.4906171560287476 7.286019802093506 158 139 118
1.3795024156570435 1.5602431297302246 7.221982955932617 104 98 83
1.6529929637908936 1.6132756471633911 5.472373008728027 198 187 133
1.3501546382904053 1.4991168975830078 7.22999382019043 155 142 109
1.5732020139694214 1.6164318323135376 5.880521297454834 196 188 135
1.57295823097229 1.6160099506378174 5.879850387573242 196 188 135
-1.155008316040039 1.389805555343628 5.584831237792969 165 150 123
1.5778298377990723 1.612788438796997 5.790653228759766 205 194 139
0.6460987329483032 0.691614031791687 10.577998161315918 29 19 17
-1.4155421257019043 -1.524548888206482 5.501798629760742 170 167 170
1.2860057353973389 1.490182876586914 7.120869159698486 159 145 114
1.2820236682891846 1.505874752998352 7.084312915802002 151 136 114
-3.0261635780334473 1.5482631921768188 7.193482398986816 57 46 27
1.6041115522384644 1.6213146448135376 5.3529815673828125 200 190 136
-1.3633537292480469 -0.9255061149597168 5.527338981628418 84 109 125
0.20731812715530396 1.5147150754928589 6.702047824859619 169 155 121
1.595287799835205 1.6321640014648438 5.227451324462891 198 190 119
1.595287799835205 1.6321640014648438 5.227451324462891 198 190 119
1.476127028465271 1.6082953214645386 5.761200904846191 196 188 140
1.4025006294250488 1.5943533182144165 6.071638107299805 193 189 131
1.5288012027740479 1.608870267868042 5.426292896270752 196 185 125
1.4067373275756836 1.5958532094955444 5.951937198638916 195 186 139
1.3958196640014648 1.595518708229065 5.991353988647461 192 188 146
1.0041325092315674 1.5179953575134277 7.7273359298706055 148 138 108
1.0041325092315674 1.5179953575134277 7.7273359298706055 148 138 108
-1.661538004875183 -1.751753807067871 5.705328464508057 45 57 88
-1.7122957706451416 -1.7592029571533203 5.7461018562316895 45 57 88
0.9249957799911499 1.5032434463500977 7.661901950836182 27 18 7
1.10161292552948 1.527161955833435 6.738437175750732 149 135 97
1.10161292552948 1.527161955833435 6.738437175750732 149 135 97
1.2608039379119873 1.579089641571045 6.092652797698975 188 187 144
1.4026079177856445 1.5978702306747437 5.5283966064453125 196 193 146
-3.2831919193267822 1.6564890146255493 7.467748641967773 70 65 27
-3.2831919193267822 1.6564890146255493 7.467748641967773 70 65 27
1.081889271736145 1.510445475578308 6.702105522155762 25 16 10
-0.7252578735351562 3.1363065242767334 9.049072265625 172 155 127
0.8397203683853149 1.5088555812835693 7.500643730163574 159 144 114
1.056831955909729 1.5140142440795898 6.667003631591797 77 64 43
1.056831955909729 1.5140142440795898 6.667003631591797 77 64 43
0.8151054382324219 1.505558729171753 7.499289512634277 29 22 17
-0.8021360635757446 5.771816253662109 14.846741676330566 10 5 1
-0.27791789174079895 1.5225106477737427 4.883508205413818 61 52 32
-0.7795969843864441 5.645051002502441 14.652026176452637 166 151 131
-0.388577401638031 1.5050595998764038 4.977653980255127 47 35 10
-0.388577401638031 1.5050595998764038 4.977653980255127 47 35 10
-1.512154221534729 -1.7505300045013428 5.5927534103393555 162 160 163
1.2597346305847168 1.587795615196228 5.691356658935547 199 187 138
-1.5602514743804932 -1.769242763519287 5.638033866882324 166 166 178
-1.5602514743804932 -1.769242763519287 5.638033866882324 166 166 178
1.1745662689208984 1.573445439338684 5.954211235046387 194 193 140
-0.14496710896492004 1.6932154893875122 4.79038667678833 43 33 30
-0.0390671007335186 1.5820114612579346 4.6895036697387695 43 33 30
1.1432582139968872 1.568640112876892 5.973182678222656 201 194 140
0.6067980527877808 1.5124207735061646 5.839239120483398 138 130 105
0.6067980527877808 1.5124207735061646 5.839239120483398 138 130 105
-0.2158343493938446 1.7742124795913696 4.880784034729004 71 60 38
-3.4171359539031982 1.7118064165115356 7.609310150146484 159 136 112
-3.4171359539031982 1.7118064165115356 7.609310150146484 159 136 112
1.252394676208496 1.5967711210250854 5.532397747039795 200 190 139
-0.19156493246555328 1.782895565032959 4.850225448608398 47 38 28
1.2367981672286987 1.5961692333221436 5.563791275024414 200 190 144
1.2367981672286987 1.5961692333221436 5.563791275024414 200 190 144
-0.6659291982650757 -2.41949200630188 7.450051307678223 55 45 45
-1.4096813201904297 -1.8317590951919556 5.506887912750244 157 155 162
1.034639835357666 1.5581064224243164 6.06024694442749 190 187 141
0.025360576808452606 -1.5455734729766846 8.033040046691895 166 164 167
-0.056957025080919266 1.5419585704803467 4.707724571228027 45 37 30
0.9305998682975769 1.6080189943313599 6.358274459838867 19 13 6
-0.016014428809285164 -1.5887634754180908 7.970491409301758 191 225 253
-0.016014428809285164 -1.5887634754180908 7.970491409301758 191 225 253
0.9736735224723816 1.5552207231521606 6.085969924926758 198 190 140
0.8903465270996094 1.5959844589233398 6.294574737548828 44 33 27
0.8902224898338318 1.5960038900375366 6.29486608505249 44 33 27
-1.348427414894104 -0.8347548842430115 5.574482440948486 60 73 97
1.1337697505950928 1.0556479692459106 5.392381191253662 151 140 114
0.8527423143386841 1.4878507852554321 6.327904224395752 26 19 13
-0.18813276290893555 1.7749748229980469 4.855868339538574 45 34 24
-0.18813276290893555 1.7749748229980469 4.855868339538574 45 34 24
1.1312499046325684 1.5911470651626587 5.5432939529418945 194 186 134
0.3488095700740814 2.579406261444092 8.039730072021484 139 129 118
0.6230729818344116 1.5959718227386475 5.799179553985596 51 35 3
0.4338677227497101 1.5005598068237305 7.341557025909424 25 20 13
1.002333164215088 1.5608590841293335 5.795811176300049 191 183 132
0.9726340770721436 1.556486964225769 5.870842456817627 196 194 140
0.8374342322349548 1.5801122188568115 6.215086460113525 52 46 24
-1.2232420444488525 1.14252769947052 5.68910026550293 160 141 114
1.0021331310272217 1.565651774406433 5.690394878387451 202 195 138
0.8245466947555542 1.6066879034042358 6.170647621154785 47 41 29
0.2970806658267975 2.5194053649902344 7.804936408996582 26 18 11
-0.8516901135444641 1.4476031064987183 7.1982927322387695 155 143 120
-0.35033878684043884 1.5201802253723145 4.975844383239746 190 177 149
0.3425792157649994 1.5113420486450195 5.446117877960205 28 24 16
-1.393847942352295 -1.8007150888442993 5.525222301483154 171 164 172
0.3692735731601715 1.6197540760040283 5.3736572265625 27 20 10
0.7354229688644409 1.1470600366592407 4.78190279006958 27 20 10
0.34777724742889404 1.5227152109146118 5.388540267944336 129 125 98
-0.3896305561065674 1.491528034210205 5.010655879974365 184 173 142
0.3684486448764801 1.6073439121246338 5.370372772216797 126 117 87
-0.27047407627105713 1.8361960649490356 4.970672130584717 56 46 40
-1.392104983329773 -1.826896071434021 5.525345325469971 158 156 169
-1.392104983329773 -1.826896071434021 5.525345325469971 158 156 169
-0.9380568861961365 1.516150951385498 5.4925737380981445 166 155 125
0.72944176197052 1.150540828704834 4.775601863861084 139 130 112
0.09707264602184296 1.5078834295272827 5.726510047912598 176 169 138
-0.4241650402545929 2.0565900802612305 6.738026142120361 153 144 114
-1.3882566690444946 -1.8514068126678467 5.524274826049805 160 157 166
-1.3882566690444946 -1.8514068126678467 5.524274826049805 160 157 166
0.15377452969551086 1.5049225091934204 6.700102806091309 24 20 11
0.3500271439552307 1.5102037191390991 5.452757358551025 184 172 145
-1.3403496742248535 -0.8788509368896484 5.5963358879089355 66 94 131
-0.34812667965888977 1.5203335285186768 4.986012935638428 45 43 20
0.32775741815567017 1.5248756408691406 5.346634864807129 147 141 121
-0.4165681004524231 1.5082592964172363 6.386814117431641 54 48 25
0.31938478350639343 1.5229398012161255 5.337747573852539 48 42 26
-1.3857355117797852 -1.813161849975586 5.536619186401367 51 59 101
-1.3857355117797852 -1.813161849975586 5.536619186401367 51 59 101
-0.9375734925270081 1.512216329574585 5.506946086883545 44 36 19
0.47884082794189453 1.5578186511993408 5.096634864807129 206 198 144
0.30000758171081543 1.512964129447937 5.335261821746826 153 152 116
-1.3061227798461914 0.9475920796394348 5.78535795211792 67 54 28
0.2410467118024826 1.3507823944091797 5.355229377746582 40 32 19
-1.3804023265838623 -1.77252197265625 5.550169467926025 174 169 174
-1.3807955980300903 -1.7997602224349976 5.548861980438232 158 157 160
-1.3807955980300903 -1.7997602224349976 5.548861980438232 158 157 160
-1.1393523216247559 1.3101632595062256 5.680260181427002 28 22 10
-0.4347169101238251 1.4068883657455444 8.369749069213867 49 44 15
0.8121281266212463 1.613040566444397 6.144865989685059 31 21 11
1.1086593866348267 1.545798897743225 6.7352824211120605 142 132 105
-1.0940817594528198 1.4265645742416382 5.6999735832214355 130 116 86
-1.477536678314209 -1.7179007530212402 5.399415969848633 51 55 90
-1.4191385507583618 -0.9875556826591492 5.427048683166504 73 102 125
-1.4191385507583618 -0.9875556826591492 5.427048683166504 73 102 125
-1.4723889827728271 -1.4238128662109375 5.102404594421387 146 133 127
0.6198702454566956 1.5538142919540405 5.838997840881348 29 22 13
0.6198702454566956 1.5538142919540405 5.838997840881348 29 22 13
-1.3042720556259155 -1.0225746631622314 5.774027347564697 86 108 144
-1.6765332221984863 -1.1089125871658325 5.281475067138672 161 151 152
-1.42868173122406 -0.8832958936691284 5.4394917488098145 71 97 131
0.7114190459251404 1.5538886785507202 5.480533599853516 205 198 144
3.1893625259399414 1.7036527395248413 5.92930269241333 185 166 113
3.0403971672058105 1.7020937204360962 5.627587795257568 117 103 47
0.08680660277605057 1.0294468402862549 10.19558048248291 167 157 130
2.5629255771636963 -2.3976993560791016 5.6934332847595215 52 42 40
2.5705549716949463 -2.4126179218292236 5.724023342132568 50 40 38
2.535097599029541 -2.399982213973999 5.655157089233398 30 22 18
-0.15112970769405365 1.7223219871520996 4.728215217590332 159 147 120
-0.9831377863883972 -0.924635112285614 6.091342449188232 199 195 193
0.6165267825126648 2.529804229736328 8.681464195251465 90 81 54
0.6165267825126648 2.529804229736328 8.681464195251465 90 81 54
2.8012895584106445 1.666288137435913 5.424010276794434 191 182 123
2.894355297088623 1.7100844383239746 6.139101982116699 167 166 107
-0.10941556841135025 1.5582573413848877 4.667678356170654 73 62 45
2.3220510482788086 -2.440779447555542 6.040719509124756 119 112 104
0.6813114881515503 1.9195462465286255 5.175761699676514 170 178 176
2.6975998878479004 1.6886318922042847 5.726598739624023 183 177 115
-1.64773690700531 -1.0611045360565186 5.302833080291748 47 44 54
2.627025842666626 1.68148672580719 5.746408462524414 191 176 128
3.0450844764709473 1.762932300567627 8.589574813842773 131 129 91
3.0450844764709473 1.762932300567627 8.589574813842773 131 129 91
2.010589838027954 -2.7109999656677246 6.361733913421631 192 185 167
2.000121593475342 -2.716125726699829 6.337973594665527 193 186 168
-1.2655034065246582 1.1454881429672241 5.59307861328125 158 137 105
-1.2655034065246582 1.1454881429672241 5.59307861328125 158 137 105
-1.5709477663040161 -0.8933568000793457 5.276491641998291 86 114 153
-1.5709477663040161 -0.8933568000793457 5.276491641998291 86 114 153
2.539576292037964 1.5520118474960327 9.530603408813477 143 132 107
-1.391737937927246 -0.9786168932914734 5.489858627319336 81 97 127
-1.5240013599395752 1.0776201486587524 5.428304195404053 99 95 60
0.7566316723823547 1.513458490371704 6.111566066741943 129 111 84
2.3549859523773193 1.583420753479004 9.11192512512207 38 30 17
1.2396173477172852 1.0328000783920288 5.589388370513916 139 130 110
-1.352016568183899 -0.9847783446311951 5.747534275054932 72 93 125
-1.352016568183899 -0.9847783446311951 5.747534275054932 72 93 125
2.111464262008667 1.6339824199676514 5.5408406257629395 196 185 132
-1.5388827323913574 -0.8565528392791748 5.2737812995910645 70 68 76
2.021867275238037 1.6038259267807007 8.404004096984863 23 17 13
-1.3574166297912598 -1.7689340114593506 5.613903522491455 149 149 155
-1.4539915323257446 -1.9212889671325684 5.454489707946777 147 147 158
-1.4539915323257446 -1.9212889671325684 5.454489707946777 147 147 158
2.0361227989196777 1.6545401811599731 5.218360424041748 200 191 133
2.0361227989196777 1.6545401811599731 5.218360424041748 200 191 133
1.9581738710403442 1.5494335889816284 8.339448928833008 107 101 80
0.17850227653980255 1.5830914974212646 5.052823543548584 42 39 29
-1.4255980253219604 -1.7231186628341675 5.45413064956665 162 162 176
-1.343679666519165 -1.8043065071105957 5.596853256225586 52 56 97
-1.3633055686950684 -1.4978913068771362 5.428107738494873 177 175 176
-1.343679666519165 -1.8043065071105957 5.596853256225586 52 56 97
-1.332744836807251 -1.4303756952285767 5.410665512084961 60 67 110
-1.4758906364440918 0.7325165867805481 5.399796009063721 131 119 101
-1.434325098991394 -1.4583908319473267 5.499354362487793 52 59 103
1.716712474822998 1.5821481943130493 7.351408958435059 62 59 72
1.67123544216156 1.5116959810256958 7.830498218536377 138 127 99
1.6674104928970337 1.5222371816635132 7.806478977203369 37 34 23
-1.4679802656173706 0.9043179154396057 5.417947769165039 152 137 111
1.613244891166687 1.5875321626663208 7.640170574188232 128 119 103
-0.6202110648155212 -0.9734298586845398 4.8739447593688965 61 93 128
-0.6202110648155212 -0.9734298586845398 4.8739447593688965 61 93 128
1.5749258995056152 1.539299488067627 7.598083972930908 148 135 108
-1.0275256633758545 -0.9060683250427246 6.068170547485352 81 111 154
-1.0275256633758545 -0.9060683250427246 6.068170547485352 81 111 154
-1.7053072452545166 2.3380370140075684 10.879907608032227 151 137 104
-1.3260200023651123 -0.8621305227279663 5.752708435058594 77 101 133
-1.5060142278671265 -0.9767597317695618 5.293870449066162 92 116 149
1.3610433340072632 1.511388897895813 7.217432975769043 44 40 34
-1.0158125162124634 0.7829551696777344 5.667953968048096 66 61 34
-1.4336069822311401 -1.9158704280853271 5.468948841094971 152 152 156
-0.002408087719231844 1.4950551986694336 7.061634063720703 35 30 8
1.3297786712646484 1.5184358358383179 7.155067443847656 123 113 78
1.3235574960708618 1.563377857208252 7.105539798736572 104 103 90
1.3069987297058105 1.4996923208236694 7.155749797821045 40 33 23
1.3069987297058105 1.4996923208236694 7.155749797821045 40 33 23
0.6361362934112549 1.5801749229431152 5.839395523071289 42 35 25
-1.393522024154663 1.6586668491363525 6.8318986892700195 152 144 124
-1.1272847652435303 3.1550676822662354 8.470361709594727 55 44 24
-1.4850225448608398 -0.9344882965087891 5.2886762619018555 90 118 157
1.309659481048584 1.5627360343933105 7.0720648765563965 28 28 28
-1.4861271381378174 -0.9347017407417297 5.290115833282471 90 118 157
-0.13916082680225372 1.7220293283462524 4.76338529586792 45 38 26
-1.4469258785247803 -1.6890432834625244 5.512884140014648 49 58 92
-0.24116553366184235 1.773843765258789 4.888814926147461 96 85 61
-1.3594261407852173 -0.8935794830322266 5.527840614318848 67 95 131
-1.3967355489730835 -1.6086854934692383 5.480364799499512 45 49 92
-1.3967355489730835 -1.6086854934692383 5.480364799499512 45 49 92
-0.32096537947654724 1.513445496559143 4.899046421051025 192 180 148
-1.37517511844635 -1.6064718961715698 5.712183475494385 135 133 138
0.14063338935375214 1.5283912420272827 5.051135540008545 25 22 11
1.5632199048995972 1.6149237155914307 5.427401542663574 198 188 133
-1.1016043424606323 -1.1100797653198242 6.091873645782471 73 102 144
0.7502632737159729 1.628379464149475 6.0261921882629395 38 27 20
-1.4338035583496094 -1.372560977935791 5.226266384124756 39 30 54
-1.2263448238372803 1.175809621810913 5.64003849029541 34 32 34
0.6256288290023804 1.1795599460601807 9.218292236328125 155 126 82
-0.16641950607299805 1.7557969093322754 4.803045272827148 46 36 20
-1.51825749874115 -1.757190465927124 5.580705642700195 158 156 168
-0.0634111538529396 1.5492134094238281 4.693257808685303 64 56 26
-0.5098475813865662 1.5141905546188354 4.809837341308594 183 166 147
-1.372464895248413 -1.679748296737671 5.630645751953125 130 126 146
-1.419917106628418 -1.8863255977630615 5.487180233001709 153 151 157
-1.419917106628418 -1.8863255977630615 5.487180233001709 153 151 157
-0.9565389752388 -0.9230628609657288 6.131709098815918 90 121 160
-1.3371212482452393 -1.814919114112854 5.60621452331543 149 146 156
-1.1477453708648682 1.1741491556167603 5.829553127288818 113 108 84
0.17533911764621735 1.51693594455719 5.118122577667236 156 141 117
0.006689056288450956 1.5808801651000977 4.760043144226074 122 123 103
-1.0852481126785278 1.3910901546478271 5.733474254608154 132 120 99
-1.5325992107391357 0.8043821454048157 5.525957107543945 175 156 124
-1.4645112752914429 3.468766927719116 8.981678009033203 169 155 128
0.3078969717025757 1.5002726316452026 5.680393695831299 55 52 32
-1.369857907295227 -1.0607131719589233 5.730653285980225 181 177 177
-0.43415138125419617 1.509304165840149 4.761839389801025 147 138 104
-1.327390193939209 -1.141865849494934 5.731893539428711 181 179 179
-1.4055676460266113 -0.8417285680770874 5.275416374206543 188 188 191
-1.1644049882888794 2.9480512142181396 8.420157432556152 40 32 7
-1.7197096347808838 -1.7578743696212769 5.788897514343262 141 134 140
-1.3575071096420288 -1.7826337814331055 5.603255748748779 60 72 109
0.9095044732093811 1.5606881380081177 5.609837055206299 76 67 78
-1.372502326965332 -1.811208724975586 5.558116912841797 66 71 114
-1.3575071096420288 -1.7826337814331055 5.603255748748779 60 72 109
-1.4680229425430298 -0.8997182846069336 5.326192378997803 71 102 146
-0.24317389726638794 1.807112693786621 4.919412136077881 65 58 40
-1.3517086505889893 1.1148709058761597 5.432797431945801 38 30 9
0.138798788189888 1.5322660207748413 5.03395938873291 26 18 11
0.08669165521860123 1.549464225769043 4.918975830078125 50 49 29
-2.5031239986419678 1.255225419998169 6.3230485916137695 135 122 87
-1.3752214908599854 0.836769163608551 5.860054016113281 148 132 102
-1.1243952512741089 1.145789384841919 5.932234287261963 58 54 29
-1.3729832172393799 -1.7571231126785278 5.5628743171691895 58 69 99
-1.4993853569030762 0.8279854655265808 5.525473117828369 174 156 126
-1.3723552227020264 -1.7845253944396973 5.557507514953613 41 55 89
-0.03446265310049057 1.5795378684997559 4.69486141204834 149 138 105
-0.03446265310049057 1.5795378684997559 4.69486141204834 149 138 105
-1.3932772874832153 1.0104795694351196 5.4657745361328125 79 69 52
0.5739263296127319 1.522071361541748 7.2014875411987305 156 148 126
-1.2426714897155762 -0.8862372636795044 5.811586380004883 177 177 173
-1.1688209772109985 1.0139517784118652 6.13477897644043 164 148 116
-1.3172993659973145 1.1803557872772217 5.429189205169678 35 29 14
-0.756331205368042 0.7918515205383301 4.969430923461914 74 64 44
-0.4174750745296478 1.505014181137085 4.772913455963135 163 147 121
-0.16855032742023468 1.5115994215011597 5.034032821655273 182 171 142
-1.4335389137268066 -1.523592233657837 5.260584354400635 137 134 143
-0.6675027012825012 1.486561894416809 6.260197162628174 36 31 20
-0.04652570188045502 1.554678201675415 4.704156398773193 162 148 115
-0.22566697001457214 1.5154770612716675 5.016983509063721 157 149 113
-1.402955412864685 -1.03959059715271 5.72705602645874 73 86 99
0.7193531394004822 1.5315312147140503 6.021912097930908 29 20 16
0.7193531394004822 1.5315312147140503 6.021912097930908 29 20 16
-1.224481463432312 1.1025142669677734 5.740749359130859 26 22 16
-0.9864854216575623 1.3937077522277832 5.973903656005859 140 129 103
0.8837941288948059 1.6004287004470825 6.280650615692139 151 141 112
-0.017683640122413635 1.5798345804214478 4.724506378173828 148 140 121
0.042373716831207275 1.4943335056304932 5.124745845794678 176 169 147
-0.4023992419242859 1.5337406396865845 4.770383358001709 175 171 136
0.5758687853813171 1.4960713386535645 5.876257419586182 61 47 25
-0.9461208581924438 -1.422598123550415 6.175896167755127 173 163 168
0.017733460292220116 1.5204572677612305 4.853079795837402 151 144 108
0.08562546968460083 1.569872260093689 4.898623943328857 28 30 34
-1.020289421081543 1.4308398962020874 5.878326892852783 131 120 97
-1.4530352354049683 -0.9264342784881592 5.345320224761963 79 102 144
-1.5666238069534302 -1.785267949104309 5.346746444702148 158 152 162
0.848301351070404 1.4177736043930054 4.524970531463623 59 91 89
0.10658597201108932 1.566706895828247 4.926679611206055 43 38 29
-0.24016103148460388 1.8333683013916016 4.956238269805908 58 48 33
-1.3875832557678223 -1.6053000688552856 5.526312351226807 136 135 141
-1.3060733079910278 -0.9287874102592468 5.7547101974487305 64 87 118
-1.3875832557678223 -1.6053000688552856 5.526312351226807 136 135 141
0.008292058482766151 1.5256807804107666 5.691613674163818 44 38 17
0.9317489862442017 1.0959259271621704 5.069036483764648 83 73 49
-0.4044509828090668 1.5071401596069336 4.779107570648193 155 143 117
-0.1475856602191925 1.6718496084213257 4.804704189300537 56 48 33
0.8532500267028809 1.5271259546279907 6.260974407196045 30 23 8
-2.3450024127960205 -2.167541265487671 7.020082473754883 163 146 141
-1.1123765707015991 -1.4933027029037476 5.814186096191406 109 94 84
-0.40311312675476074 1.4970862865447998 4.7812581062316895 163 150 122
0.8555573225021362 1.5863633155822754 6.246618270874023 148 134 104
-2.4572582244873047 1.3273413181304932 6.353528022766113 141 134 106
-1.3044583797454834 1.18533194065094 5.45281982421875 127 117 80
-1.3044583797454834 1.18533194065094 5.45281982421875 127 117 80
-1.1607117652893066 -1.634054183959961 5.662342071533203 161 143 134
-1.3719146251678467 -0.8023815751075745 5.3155903816223145 79 101 133
0.26851898431777954 1.5498878955841064 5.223548889160156 24 18 14
0.0293483454734087 1.5071908235549927 4.920553207397461 55 47 8
0.029322069138288498 1.5067213773727417 4.920083045959473 61 52 18
-0.6403912305831909 -1.1188353300094604 5.219230651855469 185 176 172
-0.24519355595111847 1.5697015523910522 4.6768574714660645 62 52 31
-0.24519355595111847 1.5697015523910522 4.6768574714660645 62 52 31
-1.6712985038757324 -1.0466722249984741 6.244749546051025 77 94 124
-1.355541706085205 -1.7942522764205933 5.588670253753662 150 148 159
-1.355541706085205 -1.7942522764205933 5.588670253753662 150 148 159
-1.3801143169403076 1.0021417140960693 5.507552146911621 158 142 107
-1.5473675727844238 -1.7931804656982422 5.36271858215332 157 151 157
-1.3453755378723145 -0.9163064956665039 5.612475872039795 69 92 133
-1.3982419967651367 -1.8416818380355835 5.515144348144531 48 59 93
-1.3982419967651367 -1.8416818380355835 5.515144348144531 48 59 93
0.7239900231361389 1.629706859588623 5.97329568862915 41 31 26
-0.27095457911491394 1.8329346179962158 4.984780788421631 76 64 47
0.5167509913444519 1.557931900024414 5.65468168258667 26 19 12
0.05923392251133919 1.543485164642334 4.879519939422607 120 119 98
0.05923392251133919 1.543485164642334 4.879519939422607 120 119 98
0.5334312319755554 0.7388237118721008 5.500133991241455 41 34 6
-1.3241612911224365 1.1206951141357422 5.489763259887695 56 50 34
-1.3241612911224365 1.1206951141357422 5.489763259887695 56 50 34
-1.090557336807251 1.175301194190979 5.978609561920166 129 119 90
-1.090557336807251 1.175301194190979 5.978609561920166 129 119 90
-0.9883197546005249 1.3068265914916992 6.078348159790039 153 138 112
-1.119220495223999 1.1195590496063232 5.999390602111816 35 24 7
-1.05209481716156 1.4294995069503784 5.798684120178223 130 122 91
-1.4352902173995972 -0.9570552110671997 5.378252029418945 194 187 182
-1.3807870149612427 -1.8366341590881348 5.533039569854736 56 70 99
-1.5155763626098633 -1.7056041955947876 5.365274429321289 146 143 156
-1.3807870149612427 -1.8366341590881348 5.533039569854736 56 70 99
-1.0288922786712646 1.2186073064804077 6.113008499145508 161 150 105
0.4445457458496094 1.1902024745941162 4.551238536834717 116 116 113
-1.5148887634277344 0.7413950562477112 5.613892078399658 151 137 113
-1.1859252452850342 -1.5748709440231323 5.922400951385498 69 38 44
-1.3894691467285156 0.9686024785041809 5.53797721862793 61 54 34
-1.0717841386795044 -1.5164827108383179 5.806698322296143 69 38 44
-1.6008902788162231 -1.8505264520645142 5.422483444213867 146 146 151
-1.6008902788162231 -1.8505264520645142 5.422483444213867 146 146 151
0.8294352889060974 1.5978626012802124 6.183225154876709 137 125 100
0.03820161893963814 1.4636110067367554 8.253787994384766 61 53 36
0.8219494223594666 1.5681930780410767 6.1885905265808105 152 138 115
-1.375091791152954 -1.4403148889541626 5.290368556976318 143 146 149
0.8219494223594666 1.5681930780410767 6.1885905265808105 152 138 115
-1.0906530618667603 1.1896840333938599 5.957038879394531 141 129 92
0.31388595700263977 1.5427255630493164 4.796991348266602 210 197 158
-0.3499833643436432 1.5034897327423096 4.7767815589904785 182 169 130
-1.207067608833313 1.4666098356246948 5.4461236000061035 125 110 92
-0.2006434202194214 1.585214376449585 4.667734622955322 165 158 135
-1.5282193422317505 -1.8005648851394653 5.378175735473633 149 148 157
-1.5282193422317505 -1.8005648851394653 5.378175735473633 149 148 157
-1.2733830213546753 -1.379198431968689 5.310628414154053 44 45 64
-1.3093466758728027 -1.026875615119934 5.764626502990723 86 113 150
-1.3093466758728027 -1.026875615119934 5.764626502990723 86 113 150
-1.1073745489120483 -0.9921428561210632 6.007395267486572 83 115 162
-1.1072120666503906 -0.8975381255149841 6.018768787384033 197 193 190
-0.19244593381881714 1.579534649848938 4.668296813964844 156 145 120
-1.1784286499023438 1.432127594947815 5.513941287994385 133 118 94
-1.1217870712280273 1.2123985290527344 5.8504180908203125 150 134 100
0.2620224356651306 1.5516811609268188 5.200669765472412 137 128 106
-0.3147803246974945 1.6396567821502686 4.830024242401123 94 80 59
0.587566614151001 0.6405164003372192 4.00057315826416 79 60 22
-1.391176700592041 -1.8784223794937134 5.527981281280518 154 154 157
-1.3622130155563354 -0.7857420444488525 5.43406867980957 65 78 89
-1.1375203132629395 -0.896134078502655 5.983924388885498 91 117 164
-1.1375203132629395 -0.896134078502655 5.983924388885498 91 117 164
-2.4096758365631104 1.247399926185608 6.394650936126709 155 139 110
-1.1701010465621948 -1.0878111124038696 6.052946090698242 41 53 76
-1.2159974575042725 1.3636269569396973 5.46303129196167 143 135 111
-0.3014056384563446 1.5038862228393555 4.753330230712891 81 68 47
-1.4088226556777954 -0.894299328327179 5.455596923828125 77 104 134
-1.250060796737671 1.2231581211090088 5.533441543579102 158 141 97
-1.282738208770752 0.8931657075881958 5.989355564117432 123 110 91
-0.23442070186138153 1.5276728868484497 5.375288963317871 171 153 100
0.25799769163131714 1.561038851737976 5.192074775695801 132 124 108
-1.5753507614135742 -1.831025242805481 5.4402360916137695 158 155 173
-1.3732540607452393 -0.7711373567581177 5.427870273590088 154 150 148
-1.3581122159957886 -1.8074747323989868 5.577768325805664 48 61 96
-1.4306789636611938 -1.8024277687072754 5.6402411460876465 52 58 87
-1.4306789636611938 -1.8024277687072754 5.6402411460876465 52 58 87
-1.264204978942871 1.2014565467834473 5.532192230224609 142 126 92
-1.264204978942871 1.2014565467834473 5.532192230224609 142 126 92
-1.2742105722427368 0.8890595436096191 5.974766254425049 150 140 122
0.13310839235782623 1.5384737253189087 5.00405216217041 58 53 29
1.3931504487991333 1.5533795356750488 7.2479248046875 38 32 25
1.3931504487991333 1.5533795356750488 7.2479248046875 38 32 25
-1.34036386013031 -1.776121973991394 5.621176242828369 50 59 96
-1.34036386013031 -1.776121973991394 5.621176242828369 50 59 96
-1.0214791297912598 1.2344831228256226 6.100499629974365 50 44 22
1.1683876514434814 1.5097688436508179 8.598254203796387 20 16 5
1.5300544500350952 1.6107909679412842 6.1286420822143555 60 56 66
-1.0450960397720337 -1.1988811492919922 6.289532661437988 71 87 120
1.2984172105789185 1.5138442516326904 7.081724166870117 30 27 20
-1.3680895566940308 1.1140419244766235 5.3939948081970215 132 123 88
-0.16287651658058167 1.5760990381240845 4.669104099273682 148 137 113
-1.4269663095474243 -1.9009201526641846 5.477604389190674 54 68 107
-1.426400065422058 -1.1141321659088135 5.412267684936523 68 91 126
-1.426400065422058 -1.1141321659088135 5.412267684936523 68 91 126
-0.2676836848258972 1.523330569267273 4.884981155395508 196 180 154
-1.6070246696472168 -1.7669312953948975 5.320363998413086 146 145 163
-1.6070246696472168 -1.7669312953948975 5.320363998413086 146 145 163
-1.5477873086929321 0.757800817489624 5.520849227905273 132 123 99
-1.2619770765304565 -0.8746131062507629 5.791453838348389 181 177 178
-0.07503147423267365 1.6574982404708862 4.602333068847656 159 147 123
0.6554424166679382 1.495839238166809 6.004172325134277 26 23 17
-1.4550431966781616 0.8909314274787903 5.472231864929199 120 110 80
0.6554424166679382 1.495839238166809 6.004172325134277 26 23 17
-0.6467761993408203 1.4906812906265259 6.4015302658081055 155 135 103
0.9214498996734619 1.6088240146636963 6.34482479095459 142 130 110
-1.5066431760787964 -0.9842680096626282 5.337815761566162 91 111 138
-1.5066431760787964 -0.9842680096626282 5.337815761566162 91 111 138
-1.1027244329452515 1.1037839651107788 6.099206924438477 162 145 113
-0.9934110641479492 1.4433265924453735 6.7391204833984375 141 127 86
0.08664122223854065 1.5343506336212158 4.926374912261963 155 140 114
-1.2420802116394043 1.2509150505065918 5.521275520324707 150 129 88
-1.162862777709961 -1.6172049045562744 5.6673054695129395 161 145 138
-1.162862777709961 -1.6172049045562744 5.6673054695129395 161 145 138
-1.231202244758606 -0.8964253664016724 5.826456546783447 184 181 185
-1.1605945825576782 1.1410800218582153 5.851983070373535 142 126 102
-0.028774147853255272 1.5287998914718628 4.752986907958984 63 55 32
-1.2770206928253174 1.2563692331314087 5.438636302947998 152 135 97
-0.6799717545509338 1.4282993078231812 7.66917085647583 154 141 109
-1.1605945825576782 1.1410800218582153 5.851983070373535 142 126 102
-1.4305412769317627 -0.8954958915710449 5.41891622543335 66 87 117
-0.47985586524009705 -0.9078938364982605 4.6100263595581055 179 178 179
-1.264743685722351 -0.9552575349807739 5.7954816818237305 79 110 148
-0.38194921612739563 1.5330374240875244 6.007343769073486 167 153 108
-1.403779149055481 -1.8186182975769043 5.518993854522705 58 71 105
-1.1798949241638184 -0.9959865212440491 5.746484756469727 66 78 107
0.5081440806388855 1.4953453540802002 5.999006271362305 164 149 109
0.06645085662603378 1.5341434478759766 4.897970676422119 134 128 103
-1.4600934982299805 -0.9641366600990295 5.354228973388672 81 112 150
-1.0679737329483032 1.2639672756195068 5.913808345794678 49 44 25
-1.4197602272033691 -1.9130241870880127 5.489956378936768 146 149 153
-1.4197602272033691 -1.9130241870880127 5.489956378936768 146 149 153
-1.3688585758209229 -1.1219199895858765 5.5958967208862305 168 167 164
-1.5074862241744995 0.741176426410675 5.631161212921143 153 132 105
-1.4460593461990356 1.0256961584091187 5.329675674438477 39 34 18
-3.087244987487793 -1.34816312789917 7.457040309906006 94 102 115
2.338155508041382 -2.534389019012451 5.879790306091309 191 184 166
-1.661531925201416 -1.8672395944595337 5.486388206481934 67 76 106
-1.494765043258667 -1.6994959115982056 5.370867729187012 153 150 158
-1.494765043258667 -1.6994959115982056 5.370867729187012 153 150 158
-1.2434500455856323 1.0545588731765747 5.7669358253479 68 62 51
-0.08019629865884781 1.5755029916763306 4.651889801025391 70 63 56
2.690392255783081 1.5453898906707764 9.746554374694824 127 121 95
-1.4859501123428345 -0.9901577830314636 5.342527866363525 96 109 148
2.6660664081573486 1.5596250295639038 9.714157104492188 132 121 103
2.495070219039917 1.6005724668502808 9.358434677124023 122 112 93
-2.1460702419281006 3.312757968902588 11.16928768157959 55 48 31
2.358983278274536 1.6692895889282227 7.295675277709961 164 143 96
2.4042365550994873 1.4664605855941772 9.376883506774902 33 30 20
-1.3868380784988403 -1.4762903451919556 5.2930908203125 68 73 100
-1.5315874814987183 -1.7351027727127075 5.611441612243652 53 60 88
-1.537085771560669 -1.7597484588623047 5.617000579833984 53 60 88
1.0066032409667969 1.5445855855941772 6.540002822875977 46 41 19
-1.4268378019332886 -1.734376072883606 5.452367782592773 51 67 99
-0.9582855105400085 -1.5985273122787476 6.096512794494629 80 54 60
-1.411134123802185 0.9181841015815735 5.549449443817139 160 144 109
-0.35159537196159363 1.5104509592056274 4.773736953735352 72 64 37
1.9844659566879272 1.6524823904037476 5.962499141693115 61 62 68
1.7879140377044678 1.500051498413086 8.312792778015137 156 140 109
-1.2000738382339478 -1.3121387958526611 6.213492393493652 68 96 135
0.9544405937194824 1.076970100402832 5.09071159362793 40 30 12
1.5028046369552612 1.4903022050857544 7.679653644561768 160 147 111
1.5028046369552612 1.4903022050857544 7.679653644561768 160 147 111
-0.30129677057266235 1.507243275642395 4.896714687347412 198 189 158
2.57344126701355 1.6611367464065552 5.426021099090576 183 177 102
-1.406636357307434 -1.859158992767334 5.651207447052002 44 53 81
-1.3055412769317627 -1.3753838539123535 5.289238929748535 39 36 53
2.6013529300689697 1.3368656635284424 6.540500640869141 167 151 115
-2.258511781692505 1.4260894060134888 6.3328022956848145 57 51 33
2.3499956130981445 1.6424295902252197 5.184280872344971 192 173 117
0.36393606662750244 1.5963776111602783 5.364177227020264 25 20 12
0.16702429950237274 0.9174708724021912 6.7778801918029785 33 27 16
-1.2897182703018188 1.1394544839859009 5.536970615386963 158 142 108
-0.01811598613858223 1.5264582633972168 4.771341323852539 182 171 144
-1.2913163900375366 1.183372139930725 5.484500885009766 62 54 37
-1.079386591911316 1.2132121324539185 5.948624610900879 151 137 102
-1.3071757555007935 1.0521069765090942 5.632016658782959 25 16 7
-0.3217635452747345 1.6138174533843994 4.87406063079834 188 178 148
-0.3217635452747345 1.6138174533843994 4.87406063079834 188 178 148
2.293862819671631 1.5595768690109253 9.003792762756348 44 36 28
-0.456156849861145 1.4873780012130737 7.045985221862793 144 125 84
0.35252511501312256 1.5236791372299194 5.403830528259277 27 26 14
1.680777907371521 -2.7648673057556152 6.780983924865723 44 33 24
2.3817174434661865 2.8372514247894287 13.118253707885742 33 30 21
-0.2860572934150696 1.6198567152023315 4.675302505493164 122 111 94
0.8684331178665161 1.601840853691101 6.254735946655273 137 126 104
0.8645680546760559 1.5854228734970093 6.272317886352539 156 144 107
1.9188910722732544 1.570982575416565 8.249995231628418 114 101 79
1.9210039377212524 1.591267704963684 8.25121021270752 117 109 82
-1.2143012285232544 1.426130771636963 5.436940670013428 48 37 24
-1.3103824853897095 1.1439703702926636 5.4865827560424805 104 94 61
-1.266089677810669 -1.059646725654602 5.192499160766602 68 99 137
-1.6337475776672363 0.7874234914779663 5.636847496032715 139 126 95
-1.3103824853897095 1.1439703702926636 5.4865827560424805 104 94 61
0.9559239149093628 1.0722919702529907 5.096453666687012 134 127 94
-0.0398857444524765 1.5185545682907104 6.5108642578125 50 43 30
-1.370845913887024 -0.9214913249015808 5.510219097137451 188 184 175
-1.4771772623062134 -1.786646842956543 5.322105407714844 57 71 110
-2.487301826477051 1.265382170677185 6.331875801086426 47 44 24
-1.3647446632385254 -1.83302903175354 5.554081916809082 67 74 109
-1.3382604122161865 1.106289029121399 5.474176406860352 161 145 108
-1.2547944784164429 -0.9293069839477539 5.845600128173828 182 182 182
-0.7317914962768555 0.8252973556518555 4.9829277992248535 161 145 108
-0.028623174875974655 -1.4886430501937866 8.021897315979004 87 106 142
-0.028623174875974655 -1.4886430501937866 8.021897315979004 87 106 142
1.066846251487732 1.1011213064193726 9.358233451843262 49 48 34
-1.0280250310897827 1.3954811096191406 5.872502326965332 136 123 101
-1.5190564393997192 -1.6806758642196655 5.3625593185424805 142 141 154
-1.5397840738296509 0.7521744966506958 5.538520812988281 143 129 104
-0.6772906184196472 0.9515067338943481 4.906146049499512 26 17 2
-1.468588948249817 -1.7266960144042969 5.522312641143799 58 60 89
-0.9447742104530334 1.5003154277801514 5.676795482635498 57 44 27
-1.0552465915679932 -1.6673169136047363 5.9394121170043945 85 63 73
-1.4026780128479004 -1.4371871948242188 5.293086528778076 138 133 145
-0.49474117159843445 1.515698790550232 4.810392379760742 175 165 145
-1.002027153968811 -1.3378863334655762 6.097157001495361 61 74 98
-1.002027153968811 -1.3378863334655762 6.097157001495361 61 74 98
-1.2228983640670776 1.0579458475112915 5.807642459869385 155 137 106
-1.7864593267440796 1.1992186307907104 5.7116780281066895 66 61 42
-1.3162755966186523 1.2159335613250732 5.396443843841553 140 124 98
-1.0096409320831299 1.2689670324325562 6.081371307373047 58 51 29
1.0122171640396118 1.5146318674087524 8.218629837036133 41 33 19
-1.53899085521698 -1.7074881792068481 5.361334323883057 140 137 141
-1.9034690856933594 1.1007999181747437 6.241567611694336 159 144 114
-0.06044483184814453 1.559659481048584 4.684652328491211 159 149 122
-0.4464147984981537 1.5162782669067383 4.751087665557861 158 149 121
-1.2952066659927368 0.9648171663284302 5.774329662322998 49 36 26
-1.4658843278884888 -0.7688075304031372 5.306636333465576 184 183 192
-0.43320366740226746 1.4873473644256592 7.484707355499268 51 43 26
-0.05272558331489563 1.5710786581039429 4.6835103034973145 161 147 122
-1.0669206380844116 3.145683526992798 8.70762825012207 51 45 21
-1.3244305849075317 -1.8183379173278809 5.4546308517456055 59 68 108
3.1649832725524902 1.743800401687622 6.924418926239014 165 141 103
-0.4192061424255371 1.4323699474334717 8.182544708251953 37 32 21
-0.037204667925834656 1.5527247190475464 4.720029830932617 152 140 114
-0.4188062846660614 1.5010020732879639 4.912599086761475 25 23 10
0.33541837334632874 1.5424116849899292 5.3442769050598145 151 145 119
3.933025598526001 1.8685625791549683 8.477483749389648 112 108 62
-0.8313883543014526 1.4790537357330322 6.5918049812316895 51 44 25
-1.497327208518982 -1.942484974861145 5.422332286834717 124 125 148
-0.009577974677085876 1.5781724452972412 4.73891544342041 34 34 25
-1.4426605701446533 0.7686384320259094 5.902994155883789 134 123 84
0.7912595868110657 1.6172960996627808 6.1125969886779785 144 127 110
-0.6474735736846924 -1.3928232192993164 5.48164701461792 86 65 68
-1.5646532773971558 -1.8906739950180054 5.414329528808594 142 142 155
-0.8051183819770813 1.503526210784912 5.124659538269043 50 44 24
-1.1217012405395508 -0.9945970773696899 5.987737655639648 180 179 177
1.9978758096694946 1.5111486911773682 8.503251075744629 162 145 121
0.028392162173986435 0.79176265001297 5.4546003341674805 41 34 23
-1.209450602531433 -0.8572936654090881 5.970086097717285 201 196 199
0.02440514601767063 0.7908576726913452 5.493417739868164 45 33 16
0.6709847450256348 0.7069003582000732 10.712181091308594 42 32 23
-1.1541627645492554 -0.890754759311676 6.004076957702637 105 135 178
1.941995620727539 1.0611093044281006 6.377825736999512 193 176 138
-1.1473491191864014 -0.9012384414672852 6.013334274291992 87 121 171
-1.1380958557128906 -0.8790024518966675 6.0144524574279785 200 196 197
-1.143422245979309 -0.9472875595092773 6.00849723815918 94 125 170
-1.143422245979309 -0.9472875595092773 6.00849723815918 94 125 170
0.020731061697006226 0.7924791574478149 5.54781436920166 58 45 26
0.01304697711020708 0.7829777002334595 5.569530963897705 50 41 17
0.016273224726319313 0.7908287048339844 5.588296890258789 49 39 19
0.02033323235809803 0.7969570159912109 5.58518123626709 52 41 22
0.027917833998799324 0.8112136721611023 5.601873397827148 44 36 13
0.07156042754650116 1.065500259399414 10.523391723632812 189 178 156
1.2326960563659668 1.7473725080490112 7.586163520812988 46 43 31
-1.117754340171814 -0.999225378036499 6.157771110534668 98 127 175
4.090490341186523 1.6332579851150513 9.01408863067627 177 164 109
-1.0154424905776978 -2.6794373989105225 7.840676784515381 74 60 54
-1.0154424905776978 -2.6794373989105225 7.840676784515381 74 60 54
3.7140510082244873 2.83788800239563 9.957369804382324 52 51 39
2.062696933746338 -2.2462470531463623 5.772434711456299 119 107 91
-0.43603140115737915 2.27413010597229 8.85888385772705 20 18 3
2.554518938064575 1.523834466934204 9.66210651397705 166 152 124
-1.648810863494873 -1.8854142427444458 6.30088996887207 87 65 73
-1.3629591464996338 -0.9290067553520203 6.2971649169921875 87 118 159
1.6734414100646973 1.2643598318099976 7.152603626251221 150 133 107
2.3381636142730713 1.3156886100769043 10.031289100646973 107 91 56
-1.2054287195205688 -1.2082977294921875 5.970276832580566 83 111 157
2.1135623455047607 1.2900586128234863 9.61388874053955 140 134 106
1.0950653553009033 1.55057954788208 6.71712589263916 43 42 24
-0.8604499101638794 3.9341516494750977 12.134882926940918 156 141 110
-1.0352232456207275 -2.01459002494812 5.572959899902344 70 47 50
2.14060640335083 1.861701488494873 9.727357864379883 151 138 117
-1.2936036586761475 -0.8350812196731567 5.9138970375061035 185 179 180
0.8576269149780273 1.8492190837860107 7.00114631652832 157 140 111
-0.7685795426368713 -2.1314969062805176 6.03311014175415 68 49 42
-0.7685795426368713 -2.1314969062805176 6.03311014175415 68 49 42
1.9715402126312256 1.5115927457809448 8.482638359069824 46 44 26
1.8667351007461548 1.5224062204360962 8.235669136047363 177 161 127
-1.203172206878662 -0.8538322448730469 5.966425895690918 201 196 199
0.6438578963279724 0.7176957726478577 10.806989669799805 42 32 23
-1.1469902992248535 -0.8884223699569702 5.999707221984863 105 135 178
-1.1337218284606934 -0.8760644793510437 6.011936664581299 200 196 197
-0.5513914227485657 2.4831392765045166 8.468132972717285 33 19 2
-1.0940760374069214 -0.8825383186340332 6.033503532409668 205 201 204
-1.0881662368774414 -0.9178004264831543 6.047766208648682 93 125 168
-0.6655539870262146 1.926364541053772 7.213580131530762 29 19 9
-1.075879454612732 -0.9308382868766785 6.04688835144043 84 119 165
-1.0905002355575562 -1.0054494142532349 6.05159330368042 104 134 182
0.06040539592504501 1.08663809299469 10.563628196716309 189 178 156
-0.7051167488098145 5.060469150543213 13.520691871643066 161 150 118
-1.0549061298370361 -0.9379134774208069 6.066268444061279 93 126 163
-1.0254461765289307 -0.8948996663093567 6.097688674926758 192 187 184
0.3275023102760315 1.528537631034851 6.34061336517334 22 14 1
0.12265094369649887 0.7819352149963379 5.611347198486328 44 39 27
-1.1318721771240234 -1.0008541345596313 6.167995452880859 98 127 175
-1.1318721771240234 -1.0008541345596313 6.167995452880859 98 127 175
4.094644546508789 1.6384427547454834 9.026742935180664 177 164 109
4.094644546508789 1.6384427547454834 9.026742935180664 177 164 109
4.019326686859131 1.6531282663345337 8.883711814880371 184 172 109
4.019326686859131 1.6531282663345337 8.883711814880371 184 172 109
3.6970276832580566 1.7647862434387207 8.600444793701172 182 170 110
3.6690404415130615 1.793605923652649 8.532401084899902 177 172 106
-1.3669236898422241 -2.9048917293548584 8.264972686767578 74 60 54
0.6785383820533752 0.7273524403572083 5.246155738830566 158 145 118
3.473949432373047 1.7386958599090576 8.583585739135742 181 174 107
-1.0872538089752197 -1.1333142518997192 6.199405193328857 57 70 96
1.0667648315429688 1.4830944538116455 5.695901870727539 206 192 137
3.091278314590454 1.5397924184799194 8.850872993469238 180 168 110
3.0629234313964844 1.5394941568374634 8.77563762664795 183 170 111
3.0629234313964844 1.5394941568374634 8.77563762664795 183 170 111
2.9339494705200195 1.568395733833313 8.608695983886719 195 179 131
2.7511484622955322 1.6256742477416992 8.595902442932129 184 171 110
-0.7340736389160156 -2.0098133087158203 5.876786708831787 37 31 31
2.5567405223846436 1.5362690687179565 9.697311401367188 166 152 124
2.445366859436035 1.1325256824493408 10.392887115478516 152 123 90
2.5623373985290527 1.5704782009124756 9.658249855041504 158 143 118
2.3974311351776123 1.136417269706726 10.329296112060547 148 118 78
-0.9544106125831604 -1.4149678945541382 6.178140640258789 186 175 174
2.3515818119049072 1.5109622478485107 9.24605941772461 30 29 13
2.354182243347168 1.5575975179672241 9.220165252685547 151 137 117
-1.2044447660446167 -1.0247052907943726 6.372795581817627 190 186 193
-1.7761874198913574 -1.0323528051376343 6.8080668449401855 108 117 140
1.3485437631607056 1.5164666175842285 7.243276119232178 30 25 13
1.048719882965088 0.9235973358154297 5.6055169105529785 155 141 115
4.785711765289307 3.884913921356201 12.050676345825195 140 125 82
-1.0374482870101929 -0.9006389379501343 6.079805850982666 87 118 159
1.4895879030227661 1.7104477882385254 7.906207084655762 150 133 107
2.33909010887146 1.3327066898345947 10.091240882873535 107 91 56
0.8789915442466736 1.5917513370513916 6.262613773345947 147 133 107
1.291592001914978 1.5077344179153442 7.079022407531738 41 39 27
1.4370366334915161 1.2473180294036865 9.025474548339844 137 106 57
0.9018279314041138 0.848994255065918 5.609618663787842 54 43 14
2.3327529430389404 1.5388953685760498 9.202672958374023 34 34 18
0.8135796785354614 1.5382235050201416 6.177982330322266 154 139 117
0.5216440558433533 1.5146042108535767 5.648360729217529 33 30 21
2.339803457260132 1.600569486618042 9.189031600952148 130 119 94
-31.145526885986328 36.23930358886719 84.44316101074219 163 145 112
2.297499895095825 1.6033190488815308 9.095412254333496 137 123 98
2.1471893787384033 1.3226088285446167 9.7697172164917 132 128 114
-0.6923339366912842 1.4574700593948364 5.902329921722412 31 21 2
-1.2927608489990234 -0.8368785381317139 5.895946502685547 153 147 147
-1.4625271558761597 1.0442496538162231 6.289360523223877 171 156 133
2.2359554767608643 1.5860682725906372 8.948261260986328 146 131 112
1.0543360710144043 1.5375521183013916 6.591042995452881 43 35 15
-1.2916144132614136 -0.8344365954399109 5.912221431732178 185 179 180
0.7574604153633118 2.0346872806549072 7.215713024139404 157 140 111
0.5603653192520142 1.5464743375778198 5.674264430999756 149 135 106
-0.7568604946136475 -2.1413302421569824 6.026195526123047 68 49 42
-0.7568604946136475 -2.1413302421569824 6.026195526123047 68 49 42
-1.2802760601043701 1.3549134731292725 6.278913497924805 173 153 118
-1.2802760601043701 1.3549134731292725 6.278913497924805 173 153 118
1.8147403001785278 1.172946572303772 9.63971996307373 147 142 116
1.1056815385818481 1.544771671295166 5.888524055480957 205 190 134
-1.1082791090011597 -1.604469656944275 5.727022647857666 181 161 154
0.5657975673675537 1.527213454246521 5.708016395568848 156 141 115
1.9147882461547852 2.325468063354492 9.872668266296387 23 17 4
-2.483443260192871 4.094694137573242 10.819451332092285 162 145 109
1.844784140586853 2.0951578617095947 9.705574035644531 47 47 28
0.5593578815460205 1.51234769821167 5.722222328186035 170 150 122
1.8397198915481567 2.0659914016723633 9.702225685119629 168 152 125
-0.8232487440109253 -1.5138779878616333 5.587145805358887 163 141 138
0.8632259368896484 1.5786198377609253 6.2194671630859375 146 130 101
-1.8609110116958618 5.1917829513549805 12.677526473999023 156 147 119
0.9297313690185547 1.5212714672088623 7.704333782196045 35 29 18
1.8669099807739258 1.5293149948120117 8.247659683227539 177 161 127
1.8612200021743774 1.511521339416504 8.258320808410645 34 32 18
-1.4090734720230103 2.3802547454833984 7.566323757171631 180 170 152
-1.4090734720230103 2.3802547454833984 7.566323757171631 180 170 152
-1.1045278310775757 -1.5221245288848877 5.7856316566467285 185 170 144
-1.2002977132797241 -0.8542973399162292 5.964235305786133 201 196 199
-1.7148692607879639 2.4195644855499268 7.941343784332275 33 28 8
-1.1875821352005005 -0.9980229139328003 5.96110725402832 94 125 173
-3.0654232501983643 2.512007236480713 7.701125144958496 161 146 120
0.8981526494026184 1.589082956314087 6.268430709838867 46 47 26
-1.0765489339828491 -1.500058650970459 5.820943832397461 199 180 169
-58.26704025268555 65.510986328125 159.66490173339844 26 22 8
0.6278533935546875 0.722995400428772 10.86026382446289 42 32 23
1.6850091218948364 1.518576741218567 7.862095355987549 36 35 17
1.685383677482605 1.5351563692092896 7.853974342346191 153 138 117
-8.716475486755371 11.23922348022461 26.609724044799805 28 19 1
-1.070730447769165 -1.490369439125061 5.834124565124512 179 164 149
-3.1223909854888916 2.5550601482391357 7.784544467926025 164 147 125
-3.5316083431243896 2.630887031555176 8.066102027893066 169 155 134
1.1042089462280273 1.5185472965240479 6.711427688598633 144 133 113
1.1042089462280273 1.5185472965240479 6.711427688598633 144 133 113
-1.6968803405761719 -1.783850908279419 6.198230743408203 185 166 158
-1.1437052488327026 -0.8892968893051147 5.997318744659424 105 135 178
-11.077855110168457 18.852136611938477 41.19982147216797 157 142 106
-1.1353378295898438 -0.9008165597915649 6.005496978759766 87 121 171
-1.1296294927597046 -0.877510130405426 6.008957862854004 200 196 197
-1.1290136575698853 -0.9475317001342773 5.999114036560059 94 125 170
-1.1290136575698853 -0.9475317001342773 5.999114036560059 94 125 170
0.39079686999320984 1.5292397737503052 5.423551082611084 29 27 17
-1.1243205070495605 -1.0021687746047974 5.9916582107543945 81 98 146
-0.7329413294792175 4.587978363037109 12.881996154785156 155 138 107
-3.4834933280944824 2.7015674114227295 8.137104988098145 58 48 27
0.3928365111351013 1.5204734802246094 5.430276393890381 169 149 119
-1.3074296712875366 1.651105523109436 6.55583381652832 165 148 127
1.5545731782913208 1.528807282447815 7.5864362716674805 34 32 15
-3.272292375564575 2.650347948074341 8.002774238586426 39 31 9
-1.1057616472244263 -0.8704769611358643 6.030540943145752 187 181 178
-3.1106255054473877 2.446147918701172 7.892924785614014 115 99 82
-0.6214355230331421 2.5414793491363525 7.277348518371582 174 159 128
-8.81791877746582 19.412691116333008 45.93854522705078 140 129 95
-1.0918926000595093 -1.037123203277588 6.024073600769043 79 107 149
-9.004976272583008 19.515249252319336 45.48802185058594 22 16 1
-1.0990928411483765 2.3439366817474365 7.693114280700684 167 151 108
-1.0825198888778687 -0.9207541942596436 6.043732166290283 93 125 168
-1.069919466972351 -0.9332213997840881 6.042657852172852 84 119 165
-32.70083236694336 63.20234680175781 127.08345794677734 151 139 112
-1.0664517879486084 -0.8941348791122437 6.055325031280518 201 197 196
0.04607480764389038 1.119274616241455 10.62594985961914 189 178 156
0.42128250002861023 0.8539240956306458 6.003193378448486 151 138 110
-1.0492477416992188 -0.886799156665802 6.068978786468506 184 179 178
-1.0493950843811035 -0.9407119154930115 6.062340259552002 93 126 163
-1.260745882987976 -0.9986729025840759 6.206204414367676 97 127 168
1.359554648399353 1.5086827278137207 7.213284969329834 46 43 31
-1.2452876567840576 -1.0014111995697021 6.201361179351807 93 121 170
-1.2910761833190918 2.2142107486724854 6.8099141120910645 148 135 108
-1.1066077947616577 -1.106454610824585 6.1011457443237305 85 110 151
0.4420943856239319 1.5381861925125122 5.492269515991211 154 138 114
1.3794862031936646 1.5570040941238403 7.212923526763916 112 105 97
-1.019052505493164 -0.8981215357780457 6.093074321746826 192 187 184
0.7028481960296631 1.527909755706787 5.945188999176025 23 20 12
0.45602601766586304 1.5545709133148193 5.503594398498535 132 114 88
-1.1740784645080566 -1.0080223083496094 6.197152614593506 98 127 175
4.5292181968688965 1.6093792915344238 9.815530776977539 167 155 106
2.4537205696105957 -2.2601099014282227 5.4161882400512695 50 37 22
4.095536231994629 1.640403389930725 9.032885551452637 177 164 109
4.095536231994629 1.640403389930725 9.032885551452637 177 164 109
4.376148223876953 1.590787649154663 10.499428749084473 159 145 95
3.9197700023651123 1.7782199382781982 8.602036476135254 177 165 113
3.6998636722564697 1.768164038658142 8.604827880859375 182 170 110
-3.474449634552002 4.632606029510498 10.980576515197754 25 19 2
-1.0295753479003906 2.172128677368164 6.753036022186279 173 157 126
-2.0531113147735596 5.226953983306885 11.860612869262695 54 39 15
-3.0756897926330566 4.414275169372559 13.094389915466309 154 145 115
-1.0972394943237305 -1.1404615640640259 6.205931186676025 57 70 96
-3.2290492057800293 4.442430019378662 13.36204719543457 166 155 128
-0.41127273440361023 1.4429082870483398 8.387057304382324 64 45 7
3.1336214542388916 1.788797378540039 8.616863250732422 156 150 100
3.0904715061187744 1.5395584106445312 8.85842514038086 180 168 110
-0.49431103467941284 2.296724796295166 7.530857086181641 146 132 112
3.0661346912384033 1.5523755550384521 8.809531211853027 183 170 111
3.0661346912384033 1.5523755550384521 8.809531211853027 183 170 111
3.0498602390289307 1.616787314414978 8.639068603515625 159 146 103
3.051555871963501 1.7718455791473389 8.626349449157715 144 137 83
-0.9182592630386353 -0.911196231842041 6.177375793457031 206 204 209
-2.4681460857391357 4.228571891784668 12.409931182861328 37 31 13
3.007819414138794 1.7624609470367432 6.995110034942627 176 159 103
2.9356391429901123 1.576917052268982 8.630789756774902 195 179 131
-2.108320713043213 5.082282543182373 12.223398208618164 46 35 8
2.865061044692993 1.6227443218231201 8.634407997131348 194 170 131
2.752084732055664 1.6328856945037842 8.612966537475586 184 171 110
2.5906877517700195 1.5962501764297485 9.739492416381836 39 37 16
-1.6855709552764893 4.057563304901123 11.401252746582031 23 21 8
2.439833641052246 1.1427704095840454 10.480263710021973 152 123 90
2.561981439590454 1.588021993637085 9.710588455200195 158 143 118
2.4258177280426025 1.153612732887268 10.453509330749512 122 102 74
2.4258177280426025 1.153612732887268 10.453509330749512 122 102 74
-0.9573718309402466 -1.3980183601379395 6.178797245025635 181 169 170
2.391488790512085 1.1470692157745361 10.41523265838623 148 118 78
-0.945652961730957 -1.422350525856018 6.171876430511475 186 175 174
-0.9409335851669312 -1.4138598442077637 6.186075687408447 72 44 42
-0.4198037087917328 1.4801604747772217 8.64324951171875 63 55 33
2.367464065551758 1.5877763032913208 9.268819808959961 131 116 94
2.3500139713287354 1.5244358777999878 9.285550117492676 30 29 13
2.353671073913574 1.5728881359100342 9.2593412399292 151 137 117
-1.0757343769073486 -0.9631732702255249 5.74086856842041 182 179 187
1.8215283155441284 1.2076712846755981 9.34913444519043 140 133 107
-1.2728060483932495 -1.0748798847198486 5.859025001525879 162 149 149
-0.23459215462207794 1.7859283685684204 5.6988630294799805 155 137 92
0.1127069890499115 1.302481770515442 9.841890335083008 69 63 33
1.5201878547668457 1.583627700805664 6.073906421661377 86 66 68
-9.149645805358887 11.724123001098633 27.597015380859375 143 127 94
1.1113240718841553 1.5383325815200806 6.711466312408447 145 129 105
-0.9108967781066895 -1.5679209232330322 5.8357415199279785 165 141 143
-0.26512402296066284 1.8171700239181519 5.734283924102783 67 53 27
-1.2496622800827026 -0.870069146156311 5.905977725982666 183 177 177
-1.6059683561325073 4.042872905731201 11.631831169128418 33 23 4
0.42886707186698914 4.742331027984619 12.327252388000488 43 25 6
-1.3100887537002563 1.3732268810272217 6.314680576324463 59 51 34
-1.987839937210083 -1.9780863523483276 6.209089279174805 179 162 162
-1.987839937210083 -1.9780863523483276 6.209089279174805 179 162 162
3.7364439964294434 1.7630034685134888 8.632912635803223 185 175 109
1.4163825511932373 -0.9989290833473206 5.041458606719971 61 51 42
-1.0313302278518677 -0.9033596515655518 6.075442314147949 87 118 159
1.3057833909988403 1.4951057434082031 7.14519739151001 49 43 24
0.7489649057388306 2.3620855808258057 10.694594383239746 17 17 4
0.7272317409515381 1.5230295658111572 5.994629383087158 32 27 18
1.404942274093628 1.568358063697815 5.755640029907227 190 176 130
1.3681344985961914 1.5337673425674438 8.366860389709473 137 126 102
1.9211121797561646 1.582671046257019 8.30099105834961 123 114 90
0.44701310992240906 1.5509060621261597 5.497743129730225 28 25 20
-1.4780023097991943 4.575451850891113 13.855237007141113 147 131 100
2.4779763221740723 -2.319936990737915 5.489358901977539 57 43 51
0.6719099283218384 1.317176103591919 5.160391330718994 34 30 19
-4.283092021942139 5.690603733062744 13.792539596557617 131 119 86
0.8916739821434021 1.5944262742996216 6.256659984588623 147 133 107
-2.379695415496826 4.087446212768555 10.896173477172852 149 134 99
0.859074056148529 1.5195220708847046 6.2359819412231445 28 25 10
1.2980327606201172 1.511247992515564 7.076420783996582 41 39 27
4.003413200378418 1.8483843803405762 8.159233093261719 160 137 91
1.3109737634658813 1.5590163469314575 7.059262275695801 29 30 21
-1.0617663860321045 -1.2002615928649902 6.117118835449219 112 75 73
0.8239757418632507 1.5799530744552612 6.151254653930664 62 49 36
0.8258581161499023 1.6005487442016602 6.129860877990723 138 123 102
-1.8972995281219482 -1.0045549869537354 6.415206432342529 71 87 126
1.2807207107543945 1.5004637241363525 7.07171106338501 158 138 112
0.8216003179550171 1.6064845323562622 6.119176387786865 42 40 27
1.4285941123962402 1.259148359298706 9.065707206726074 137 106 57
2.432114362716675 -2.3008506298065186 5.4919819831848145 67 49 38
2.330923557281494 1.5518118143081665 9.239826202392578 34 34 18
-3.4838457107543945 2.775458574295044 8.079489707946777 132 118 89
-0.8363636136054993 -1.5248196125030518 6.173037052154541 47 35 37
2.1067259311676025 1.3130297660827637 9.712538719177246 140 134 106
0.5340204238891602 1.5482664108276367 5.6395263671875 127 112 84
0.5330082178115845 1.546142816543579 5.6374125480651855 134 116 90
2.137173652648926 1.510472059249878 9.007026672363281 162 145 108
0.8725224733352661 1.5763615369796753 6.241414546966553 140 132 111
-1.5152279138565063 -1.4900585412979126 6.45452356338501 107 66 78
0.8271315097808838 1.540084719657898 6.171262741088867 154 139 117
-1.3788282871246338 1.4122834205627441 6.395086288452148 158 138 96
1.8899238109588623 1.5068349838256836 8.424579620361328 19 18 7
1.1140216588974 1.5537039041519165 6.703273773193359 43 42 24
-1.1670655012130737 -1.085853934288025 6.077141761779785 169 168 176
3.8547656536102295 1.8644139766693115 8.4259672164917 150 136 84
-0.9600863456726074 -1.5975250005722046 6.0976643562316895 104 73 77
2.333545684814453 1.5604157447814941 9.368610382080078 25 24 1
1.0556117296218872 1.5277493000030518 6.558335304260254 152 137 105
2.3283116817474365 1.5488145351409912 9.382487297058105 137 126 105
2.3439788818359375 1.624354362487793 9.333024978637695 33 28 14
0.5401493310928345 1.514098882675171 5.641895771026611 33 30 21
0.5401493310928345 1.514098882675171 5.641895771026611 33 30 21
2.3537025451660156 1.6879255771636963 9.250495910644531 36 31 18
2.3176281452178955 1.5578265190124512 9.342768669128418 155 137 111
2.4491426944732666 1.644013524055481 8.227970123291016 172 159 121
1.0329583883285522 1.486644983291626 6.58293342590332 164 149 124
2.3741650581359863 1.6375025510787964 8.823450088500977 176 159 104
2.3295538425445557 1.6531089544296265 9.236739158630371 60 54 36
0.5299869179725647 2.995164155960083 8.917425155639648 144 127 108
2.276411771774292 1.5422570705413818 9.307498931884766 121 112 95
-11.546899795532227 7.326843738555908 13.017887115478516 158 145 127
2.3421504497528076 1.6342945098876953 8.771211624145508 166 157 106
0.5328071713447571 1.5091220140457153 5.652153968811035 38 30 10
-2.5856897830963135 5.1515936851501465 10.87765884399414 29 28 20
0.24437765777111053 1.5555634498596191 6.762762546539307 17 12 2
0.8292948603630066 1.5628050565719604 6.126140117645264 143 127 100
1.019132375717163 0.6904552578926086 5.668102741241455 166 155 114
2.2931509017944336 1.6383819580078125 9.178092956542969 137 123 98
0.23838308453559875 1.5516424179077148 6.7777276039123535 160 143 117
0.418478399515152 1.5458792448043823 6.5813422203063965 40 27 11
-2.5496692657470703 5.0934367179870605 10.854732513427734 163 150 119
0.15734368562698364 1.5407510995864868 5.404826641082764 175 162 128
0.006586062256246805 -1.5748710632324219 7.962094306945801 207 203 201
-0.7232336401939392 1.563516616821289 7.855154514312744 166 151 122
2.272448778152466 1.6205161809921265 9.161467552185059 139 134 99
1.038068175315857 1.4803496599197388 6.593138694763184 33 19 5
0.5617707371711731 1.5234057903289795 5.650294303894043 146 131 101
0.8499777913093567 1.5973321199417114 6.13605260848999 39 37 20
1.254776954650879 1.5266193151474 6.973718166351318 14 9 5
0.5444183349609375 2.966463088989258 8.918148040771484 14 9 5
2.231023073196411 1.6235682964324951 9.033812522888184 146 131 112
1.0558578968048096 1.50716233253479 6.585868835449219 34 23 6
1.0558578968048096 1.50716233253479 6.585868835449219 34 23 6
1.4300637245178223 0.895933985710144 5.827307224273682 43 35 15
-0.9009174704551697 -1.495861530303955 6.219499588012695 174 157 157
-0.1273835003376007 1.5602625608444214 5.578080177307129 151 141 114
-1.2451905012130737 -0.8888033628463745 5.8677825927734375 74 74 86
0.5571232438087463 1.5186768770217896 5.663180351257324 36 31 22
0.8349219560623169 1.5418063402175903 6.1507954597473145 27 21 10
2.3001792430877686 1.5930228233337402 8.265193939208984 171 164 107
0.5448160171508789 1.5054850578308105 5.673003673553467 29 27 22
2.178466558456421 1.5503623485565186 9.075627326965332 34 31 18
-0.05868200957775116 0.9832015633583069 6.0467143058776855 44 38 14
2.3149049282073975 1.602360725402832 8.140666007995605 169 161 121
2.18023681640625 1.5593233108520508 9.039225578308105 151 138 117
0.8949785232543945 1.5484877824783325 7.682140827178955 160 145 114
0.566680371761322 1.5337262153625488 5.664541721343994 26 25 21
0.566680371761322 1.5337262153625488 5.664541721343994 26 25 21
-1.3029899597167969 -0.8364503383636475 5.917276382446289 185 179 180
-2.3761463165283203 5.114009380340576 10.77859115600586 164 155 123
0.07562240213155746 2.4414844512939453 7.307419300079346 18 9 1
0.8144732117652893 1.4828168153762817 6.1702985763549805 174 159 139
0.5603918433189392 1.5162938833236694 5.671772003173828 164 150 123
-1.7091128826141357 1.4105786085128784 6.514388084411621 38 32 13
1.1462488174438477 1.5355844497680664 5.813807487487793 204 189 139
2.403719663619995 1.645396113395691 7.392085075378418 59 62 76
1.9275743961334229 3.2936127185821533 12.927742958068848 164 147 122
0.8480488061904907 1.5591952800750732 6.152891635894775 149 133 108
0.8480488061904907 1.5591952800750732 6.152891635894775 149 133 108
0.8480488061904907 1.5591952800750732 6.152891635894775 149 133 108
1.06982421875 1.5233345031738281 6.593197822570801 157 140 111
0.22331327199935913 1.5865427255630493 7.887262344360352 25 22 16
2.1608715057373047 1.570337176322937 8.91805648803711 141 132 114
-0.9356237649917603 -1.300863265991211 6.3152852058410645 76 56 49
0.580245316028595 1.5455206632614136 5.667144775390625 149 135 106
2.3985276222229004 1.6485254764556885 7.363394260406494 174 162 108
1.0432665348052979 1.4802172183990479 6.625147819519043 173 161 137
1.0765140056610107 1.538120985031128 6.593499660491943 149 137 113
-1.2732068300247192 -0.9971956014633179 5.890903949737549 74 98 130
-0.6001988053321838 1.5871422290802002 7.798775672912598 165 153 122
0.0832318514585495 1.559636116027832 6.065863132476807 44 34 12
0.5671865344047546 1.5182044506072998 5.680947303771973 27 24 11
-1.4516404867172241 1.4950493574142456 6.379617214202881 58 42 24
2.2285568714141846 1.6031811237335205 8.080297470092773 181 169 116
2.4282689094543457 1.654969573020935 6.8740644454956055 182 171 109
0.5656474232673645 1.5142484903335571 5.687901973724365 137 129 110
0.9126952886581421 1.550402045249939 7.679402828216553 26 26 8
0.5411845445632935 1.5004304647445679 5.707861423492432 187 170 137
-1.585873007774353 1.5790824890136719 6.491053581237793 167 152 120
2.393460512161255 1.661904215812683 6.966550827026367 181 161 108
0.5455531477928162 2.911102533340454 8.966654777526855 160 149 119
2.3777918815612793 1.6550401449203491 6.998887538909912 151 141 102
-5.228002071380615 6.166133880615234 14.393220901489258 169 154 138
0.5486774444580078 1.507674217224121 5.710031986236572 65 51 38
0.5486774444580078 1.507674217224121 5.710031986236572 65 51 38
-0.0030566074419766665 1.570855975151062 7.1458821296691895 47 43 26
-0.003830926725640893 1.5714279413223267 7.146800994873047 47 43 26
1.9876887798309326 1.5889931917190552 9.148743629455566 141 128 109
0.5748702883720398 1.5167343616485596 5.696308135986328 34 29 12
2.051325559616089 1.5741446018218994 8.6635103225708 19 15 7
1.2705955505371094 1.532283902168274 6.999947547912598 27 17 12
2.337067127227783 1.6271294355392456 6.987246513366699 185 168 114
1.6945618391036987 3.4602909088134766 12.4754638671875 20 14 7
1.0668762922286987 1.49971604347229 6.633002281188965 77 66 32
0.2867935299873352 1.5620112419128418 6.834048271179199 173 153 116
0.2867935299873352 1.5620112419128418 6.834048271179199 173 153 116
1.0668762922286987 1.49971604347229 6.633002281188965 77 66 32
0.8574547171592712 1.5511987209320068 6.183328151702881 71 62 34
0.8574547171592712 1.5511987209320068 6.183328151702881 71 62 34
2.038573741912842 1.6663986444473267 8.551399230957031 103 101 87
0.8447548747062683 1.504692792892456 6.192873954772949 46 40 18
2.024458408355713 1.6254026889801025 8.555071830749512 122 117 101
0.585322916507721 1.526784062385559 5.701009273529053 156 141 115
1.9864979982376099 1.5377931594848633 8.603302955627441 36 23 7
1.992069125175476 1.5479228496551514 8.581198692321777 162 145 121
-3.333211898803711 5.586483955383301 12.187112808227539 146 134 117
2.009411573410034 1.6083635091781616 8.545337677001953 131 120 100
2.009411573410034 1.6083635091781616 8.545337677001953 131 120 100
1.9963068962097168 1.5638176202774048 8.563732147216797 30 21 6
0.5604371428489685 1.5026838779449463 5.7188849449157715 68 63 45
0.5604371428489685 1.5026838779449463 5.7188849449157715 68 63 45
2.0099267959594727 1.618452548980713 8.5271577835083 23 17 4
-1.081308364868164 -1.6500118970870972 5.711455345153809 188 170 168
0.9934938549995422 1.5319353342056274 6.038571834564209 205 189 137
-0.688686728477478 1.5715938806533813 7.980464935302734 165 148 115
-0.41718024015426636 1.5974198579788208 5.803252220153809 31 29 13
-1.6905525922775269 1.6424555778503418 6.5850067138671875 35 29 15
-1.089916467666626 -1.6619558334350586 5.718078136444092 188 175 171
0.5792406797409058 1.5106498003005981 5.714241981506348 170 150 122
1.964821219444275 1.5291558504104614 8.576058387756348 168 152 125
1.9658098220825195 1.5429139137268066 8.548731803894043 46 44 26
0.15703363716602325 1.538978934288025 5.463419437408447 177 157 117
1.9467717409133911 1.5444597005844116 8.50723648071289 121 118 80
-1.5816951990127563 1.675680160522461 6.533661842346191 22 9 0
2.133004903793335 1.596069574356079 7.607791900634766 180 160 110
1.9543092250823975 1.5818356275558472 8.440447807312012 110 101 87
1.9543092250823975 1.5818356275558472 8.440447807312012 110 101 87
-1.1095812320709229 -1.596701741218567 5.747403144836426 163 141 138
-7.865101337432861 8.803390502929688 14.153247833251953 165 151 124
2.0731887817382812 1.5862149000167847 7.844237327575684 186 176 108
0.5902694463729858 1.5214884281158447 5.715482711791992 38 33 14
-4.844416618347168 6.0336456298828125 14.138495445251465 158 143 120
2.226331949234009 1.630026936531067 6.957973003387451 188 175 118
2.355161666870117 1.6388202905654907 6.349432945251465 181 170 123
2.355161666870117 1.6388202905654907 6.349432945251465 181 170 123
1.884511947631836 1.5443235635757446 8.36605167388916 131 129 118
0.8796412348747253 1.5744669437408447 6.208588123321533 146 130 101
1.8932366371154785 1.5714190006256104 8.336627006530762 140 132 107
0.8687791228294373 1.5270655155181885 6.211021900177002 28 17 7
1.8330258131027222 1.5348705053329468 8.4880952835083 152 135 114
0.07165200263261795 1.5620911121368408 6.158899784088135 170 153 112
1.861304759979248 1.5459344387054443 8.282415390014648 177 161 127
1.8548270463943481 1.529110312461853 8.296121597290039 34 32 18
1.8548270463943481 1.529110312461853 8.296121597290039 34 32 18
-1.1147260665893555 -1.538782000541687 5.773972511291504 176 156 147
1.2373619079589844 1.480886459350586 7.099534511566162 171 160 132
-1.2193243503570557 -0.9394047856330872 5.932130336761475 58 77 115
0.5933002829551697 1.512595772743225 5.731278896331787 36 31 27
-5.377230644226074 6.90641450881958 11.78797721862793 165 152 117
1.8610354661941528 1.567733883857727 8.241929054260254 27 19 5
1.8362605571746826 1.5303083658218384 8.280633926391602 171 154 120
-0.5016142725944519 -1.4502384662628174 5.422605514526367 171 151 152
-5.601800441741943 6.031880855560303 11.78686809539795 180 170 152
0.8753760457038879 1.5256011486053467 6.222215175628662 152 139 108
-2.129093647003174 1.911633849143982 6.956542491912842 36 23 9
0.8838091492652893 1.5592200756072998 6.221955299377441 31 26 14
0.22310693562030792 1.5480765104293823 6.0499725341796875 169 156 131
0.8838091492652893 1.5592200756072998 6.221955299377441 31 26 14
1.8332419395446777 1.568665862083435 8.18271255493164 137 128 110
-2.2417643070220947 5.135958671569824 11.004572868347168 162 149 127
0.879926860332489 1.5387985706329346 6.227588176727295 18 19 11
-1.1075208187103271 -1.5560551881790161 5.781036376953125 184 166 162
-1.1877553462982178 -0.9470239281654358 5.924179553985596 56 77 116
1.0918899774551392 1.5143964290618896 6.657650947570801 151 135 109
1.072371006011963 1.4809095859527588 6.678902626037598 180 164 143
0.604025661945343 1.5195657014846802 5.741348743438721 152 139 109
0.604025661945343 1.5195657014846802 5.741348743438721 152 139 109
-5.468811511993408 5.980180740356445 11.725614547729492 35 29 8
0.18092907965183258 1.5355829000473022 5.478090763092041 173 156 120
0.9371185898780823 1.543208122253418 7.751185894012451 162 153 115
-2.0299935340881348 5.042647838592529 10.76991081237793 36 27 19
1.2991975545883179 1.5504159927368164 7.034310340881348 154 139 113
1.2991975545883179 1.5504159927368164 7.034310340881348 154 139 113
0.8962828516960144 1.5821644067764282 6.234519004821777 41 34 14
0.8962828516960144 1.5821644067764282 6.234519004821777 41 34 14
1.790956974029541 1.6087418794631958 8.057560920715332 121 118 104
-3.6963589191436768 5.693880558013916 12.940303802490234 141 131 103
-1.0918680429458618 -1.6163254976272583 5.777126789093018 188 170 165
-1.0918680429458618 -1.6163254976272583 5.777126789093018 188 170 165
-1.1142578125 -1.3911293745040894 5.826438903808594 168 150 149
-1.2043161392211914 -0.8579630851745605 5.965095043182373 201 196 199
-1.0981019735336304 -1.5221571922302246 5.797582626342773 190 177 166
-2.013855218887329 5.0575642585754395 10.781904220581055 156 141 107
0.18758182227611542 1.5338969230651855 5.487498760223389 168 153 122
0.6289308667182922 1.5539261102676392 5.747377395629883 138 126 109
1.758612871170044 1.5351322889328003 8.073651313781738 26 27 25
0.6055102348327637 1.510225772857666 5.763422966003418 165 151 122
1.758612871170044 1.5351322889328003 8.073651313781738 26 27 25
1.9885128736495972 1.5812925100326538 7.223205089569092 190 177 122
-1.987260341644287 5.021600723266602 10.784993171691895 170 158 133
0.902381956577301 1.5715301036834717 6.245525360107422 152 138 103
-5.537035942077637 6.020142555236816 11.921855926513672 17 15 6
0.389447420835495 1.5428879261016846 5.377803802490234 151 136 102
-0.45842409133911133 1.5702719688415527 6.680664539337158 28 30 21
-3.472893476486206 5.263076305389404 10.021867752075195 162 149 128
0.32248568534851074 2.9033164978027344 8.394482612609863 158 143 117
-3.486849308013916 5.607528209686279 12.769424438476562 151 136 107
-0.1308446228504181 1.5676826238632202 5.699118137359619 30 27 18
0.36481335759162903 1.5867395401000977 7.874120712280273 174 160 129
1.599937915802002 1.5653455257415771 8.496784210205078 152 140 110
-0.023941880092024803 1.5378340482711792 9.728242874145508 160 145 109
-1.193320393562317 -1.0032089948654175 5.963000297546387 94 125 173
-1.193320393562317 -1.0032089948654175 5.963000297546387 94 125 173
-1.9490197896957397 5.037604331970215 10.789863586425781 37 31 20
-1.1643648147583008 -0.9649859666824341 5.9530792236328125 83 111 157
0.8767942786216736 1.481420874595642 6.270977973937988 23 22 8
-5.564846515655518 4.1313796043396 9.51640796661377 48 41 16
1.082423448562622 1.1411646604537964 9.943432807922363 158 149 126
1.085307240486145 1.483138084411621 6.705358982086182 54 40 21
1.2845561504364014 1.4913142919540405 7.0825090408325195 42 31 3
0.33178240060806274 1.554179072380066 6.949920177459717 131 129 96
-0.21151866018772125 1.577842354774475 5.758789539337158 171 154 121
-0.21151866018772125 1.577842354774475 5.758789539337158 171 154 121
1.8703243732452393 1.5618363618850708 7.435164928436279 181 172 117
-31.17900848388672 20.217845916748047 28.078330993652344 39 27 12
-0.1208459734916687 1.5727362632751465 5.703783988952637 180 163 140
-1.1724605560302734 -0.9466099143028259 5.968499183654785 85 107 143
-1.0781116485595703 -1.5080511569976807 5.820625305175781 199 180 169
-1.0781116485595703 -1.5080511569976807 5.820625305175781 199 180 169
-9.885568618774414 6.796337127685547 12.679580688476562 167 153 130
0.33337968587875366 2.9249818325042725 8.406472206115723 46 42 30
1.3093281984329224 1.3109203577041626 9.193208694458008 176 152 106
1.9580413103103638 1.5797826051712036 7.104869842529297 189 169 132
0.3329329192638397 2.9168882369995117 8.413037300109863 40 24 12
0.37777000665664673 1.5245224237442017 5.396695613861084 155 140 113
-0.018612420186400414 -2.3937814235687256 7.027331352233887 57 35 23
1.713501214981079 1.5717588663101196 7.915049076080322 24 16 0
-0.020513292402029037 -2.3951456546783447 7.031632900238037 57 35 23
-1.2736210823059082 -1.0706547498703003 6.016545295715332 51 50 54
0.8602978587150574 1.4746655225753784 6.305623531341553 172 156 135
-0.16093464195728302 1.5716044902801514 6.464264392852783 151 142 111
-0.16093464195728302 1.5716044902801514 6.464264392852783 151 142 111
1.4762321710586548 2.1993448734283447 9.089276313781738 151 144 116
-0.3384377062320709 1.5865753889083862 5.848201274871826 54 38 27
0.5689315795898438 0.7614133358001709 11.073668479919434 42 32 23
-0.33761879801750183 1.5745521783828735 5.84696626663208 183 160 127
-0.06535187363624573 1.566997766494751 6.389079570770264 168 155 126
1.702248215675354 1.6040942668914795 7.853769302368164 28 26 8
1.4845869541168213 2.161559581756592 9.008213996887207 23 18 0
-1.2852953672409058 1.7366158962249756 6.466263294219971 164 149 126
1.6824003458023071 1.5440596342086792 7.870173931121826 153 138 117
-8.212520599365234 5.837865352630615 11.49970817565918 28 17 1
-1.0712662935256958 -1.4990620613098145 5.833136081695557 179 164 149
-5.514660358428955 4.199486255645752 9.525771141052246 37 30 12
1.650377869606018 1.511908769607544 7.928317070007324 160 146 113
-0.103216253221035 1.5138474702835083 9.947184562683105 154 137 107
0.38884237408638 1.5802702903747559 7.885962963104248 26 17 3
1.4518201351165771 1.564565896987915 8.59412670135498 67 52 22
1.662622094154358 1.5220348834991455 7.870192527770996 164 150 128
0.3884746730327606 1.52431321144104 5.402379512786865 169 148 119
1.287265419960022 1.4835882186889648 7.1064453125 167 150 122
0.8748289346694946 1.4739549160003662 6.304922103881836 31 25 11
1.6609588861465454 1.5325894355773926 7.842410564422607 47 41 25
-4.28183126449585 5.508139133453369 10.934577941894531 171 154 124
-6.411128997802734 4.568347454071045 10.230917930603027 68 52 34
-14.242596626281738 9.295052528381348 15.929593086242676 68 52 34
-3.160576581954956 5.266077518463135 9.90600299835205 169 155 121
1.6760152578353882 1.6037412881851196 7.803607940673828 129 122 97
1.2981717586517334 1.4969913959503174 7.1005449295043945 164 151 127
1.6786003112792969 1.6146107912063599 7.803145408630371 138 122 99
-19.036291122436523 12.336978912353516 19.428447723388672 169 159 139
-14.523241996765137 16.081928253173828 22.146390914916992 169 153 129
0.6643451452255249 1.582765817642212 5.792900085449219 26 21 11
-0.6080508828163147 1.5850340127944946 6.8956379890441895 36 23 16
-0.5955092310905457 -1.509564757347107 5.544719219207764 185 166 158
-0.4449363648891449 1.5621036291122437 6.752926826477051 170 155 125
0.632573664188385 1.5055357217788696 5.81045389175415 126 115 84
1.6457479000091553 1.5778740644454956 7.750181674957275 111 104 84
-1.1498258113861084 -0.8943426012992859 5.999524116516113 105 135 178
-1.8635787963867188 4.97661018371582 10.8192720413208 169 157 121
1.7124700546264648 1.5506412982940674 7.471941947937012 181 163 106
1.7124700546264648 1.5506412982940674 7.471941947937012 181 163 106
-25.099567413330078 16.31273651123047 23.993682861328125 40 27 10
-47.11951446533203 30.200088500976562 40.313663482666016 164 150 134
1.6349544525146484 1.6069200038909912 7.709311008453369 140 118 98
0.3696647584438324 1.514512300491333 5.430084705352783 38 31 21
0.6701474785804749 1.5844513177871704 5.805292129516602 142 127 105
0.40932798385620117 1.5405468940734863 5.409864902496338 140 125 107
-0.40745872259140015 1.5739730596542358 6.7430596351623535 29 22 13
1.3894213438034058 1.5782841444015503 8.405539512634277 147 134 98
-0.4317910671234131 1.5688817501068115 6.765089988708496 23 20 4
0.05631963536143303 1.5696179866790771 7.369575500488281 165 149 121
-0.41663476824760437 1.569299340248108 6.753902912139893 180 166 126
-3.003667116165161 2.7554397583007812 7.803499698638916 168 150 122
-1.1400622129440308 -0.9063960313796997 6.006772518157959 87 121 171
1.7089295387268066 1.566082239151001 7.365011692047119 189 173 119
1.7089295387268066 1.566082239151001 7.365011692047119 189 173 119
-1.0695871114730835 -1.6600664854049683 5.841512680053711 178 160 157
1.5915336608886719 1.535293459892273 7.681159019470215 120 114 81
-1.1352628469467163 -0.8827191591262817 6.010863780975342 200 196 197
1.5915336608886719 1.535293459892273 7.681159019470215 120 114 81
1.5915336608886719 1.535293459892273 7.681159019470215 120 114 81
-1.1316112279891968 -0.9534867405891418 5.99904727935791 94 125 170
-1.1316112279891968 -0.9534867405891418 5.99904727935791 94 125 170
-0.5979526042938232 1.5821839570999146 6.930246829986572 173 157 134
-0.5979526042938232 1.5821839570999146 6.930246829986572 173 157 134
1.592358112335205 1.5560922622680664 7.655037879943848 139 126 109
0.36419761180877686 1.5129352807998657 6.0739665031433105 159 147 121
-1.1322928667068481 -1.0087306499481201 5.995000839233398 81 98 146
1.6009846925735474 1.5968129634857178 7.636171817779541 27 22 18
-0.8611447215080261 3.2246077060699463 9.107462882995605 43 36 13
-0.024568406865000725 1.53207266330719 9.920753479003906 156 144 116
-0.024568406865000725 1.53207266330719 9.920753479003906 156 144 116
-1.3364485502243042 0.8705532550811768 6.42266321182251 169 156 134
-1.3364485502243042 0.8705532550811768 6.42266321182251 169 156 134
1.5892558097839355 1.5583640336990356 7.631924629211426 43 33 16
1.8281766176223755 1.5708580017089844 6.948803901672363 189 168 115
-2.705667018890381 4.489655017852783 7.9302778244018555 146 135 112
1.2398492097854614 2.452652931213379 9.148929595947266 39 37 23
0.9992629289627075 1.5637257099151611 7.816269874572754 155 138 107
-1.1132162809371948 -1.6844207048416138 5.884927272796631 172 151 159
1.1888518333435059 2.5439138412475586 9.384053230285645 47 44 26
-1.1162182092666626 -0.9394513368606567 6.009708881378174 109 128 159
0.01021941564977169 1.569858193397522 5.688371181488037 150 141 103
0.945381760597229 3.117039442062378 10.284614562988281 39 27 10
-3.0591580867767334 5.469881057739258 12.571877479553223 33 19 2
0.8716109395027161 0.6982070207595825 4.992599964141846 43 39 20
1.5552301406860352 1.5212448835372925 7.615236759185791 152 138 114
-2.1330645084381104 2.26194167137146 7.215255260467529 167 154 130
-1.8689188957214355 2.1408886909484863 6.9992594718933105 158 143 122
0.35793620347976685 3.8830697536468506 8.961145401000977 94 94 65
-3.641983985900879 5.251993656158447 10.552326202392578 163 149 113
0.9481561183929443 1.5904202461242676 6.324924945831299 147 136 121
-1.1100836992263794 -0.8765400052070618 6.031556606292725 187 181 178
1.538498878479004 1.5169161558151245 7.588849067687988 28 17 13
-2.3122713565826416 5.586217403411865 14.148669242858887 139 128 101
1.303586483001709 1.5720045566558838 8.257179260253906 161 146 125
-0.013140013441443443 1.5642471313476562 6.457633018493652 170 154 132
1.3069294691085815 1.4861398935317993 7.180050849914551 171 154 125
-4.211855888366699 3.3644187450408936 8.784729957580566 150 136 107
0.8759081363677979 1.522773265838623 5.661679744720459 202 191 137
1.6917921304702759 1.571628212928772 6.406830310821533 186 173 120
1.5211701393127441 1.5071320533752441 7.582302570343018 34 25 10
1.8530994653701782 1.5775238275527954 6.710573673248291 197 185 127
-0.9341399073600769 -1.5736886262893677 5.812978267669678 185 165 150
1.5461597442626953 1.5773775577545166 7.535704612731934 138 124 101
1.5482040643692017 1.5879616737365723 7.526357650756836 42 28 22
-1.144666314125061 -0.8976091146469116 6.062773704528809 205 201 204
-0.3445954918861389 1.599538803100586 5.942505836486816 168 148 110
-0.34821707010269165 1.5666978359222412 7.99003791809082 207 207 204
-2.251225471496582 5.535707473754883 14.089940071105957 25 29 14
0.8989999294281006 1.4760749340057373 6.38264274597168 142 133 102
0.40674400329589844 1.5168417692184448 5.454814434051514 62 42 19
1.4986270666122437 1.505061388015747 7.527098178863525 161 150 134
0.02189783938229084 1.5593562126159668 5.708414077758789 162 145 120
0.013652132824063301 -2.3590192794799805 7.1463751792907715 32 27 23
0.8536756038665771 1.599743127822876 9.260228157043457 134 122 89
2.433169364929199 1.5381507873535156 9.69288444519043 124 118 103
1.32230544090271 1.4844411611557007 7.179938793182373 161 145 115
-0.026438837870955467 1.5617443323135376 6.503955364227295 157 145 116
1.1672406196594238 1.5700714588165283 6.75789737701416 19 14 12
1.1612738370895386 1.5529898405075073 6.762385368347168 22 17 13
-1.0938361883163452 -1.0443702936172485 6.023600101470947 79 107 149
0.6860088109970093 1.5442702770233154 5.864680290222168 131 120 97
1.2613979578018188 1.4960658550262451 7.334356784820557 150 140 114
-2.060169219970703 2.218881368637085 7.1916985511779785 164 151 125
0.914673924446106 1.577711820602417 8.113680839538574 110 104 71
-3.904418468475342 5.80100154876709 13.99307918548584 169 156 122
0.8021510243415833 1.5872241258621216 9.23846435546875 133 120 96
-1.0814037322998047 -0.9285605549812317 6.041024208068848 93 125 168
-0.9530674815177917 -1.5338083505630493 5.85518217086792 199 178 163
-3.988969564437866 6.740673065185547 14.43701171875 42 17 0
1.4844595193862915 1.538421630859375 7.436868190765381 21 21 16
0.09649864584207535 1.5602800846099854 5.6766533851623535 39 33 20
-2.052586078643799 2.2739665508270264 7.20708703994751 154 140 114
1.7108339071273804 1.5758001804351807 6.416937828063965 190 183 122
1.1673953533172607 1.5637223720550537 6.769766807556152 145 131 109
0.6917807459831238 1.5420169830322266 5.874802589416504 134 125 105
0.7830572724342346 1.54401433467865 7.413241386413574 168 159 120
-1.0730482339859009 -0.9398764967918396 6.042994976043701 84 119 165
1.5123748779296875 1.5892678499221802 7.363230228424072 180 156 114
0.5683820843696594 1.2772639989852905 9.564539909362793 170 140 103
0.6799598932266235 1.5101650953292847 5.884880065917969 130 121 106
0.044035036116838455 1.5529775619506836 5.714771747589111 187 169 135
-3.388807535171509 3.0994873046875 8.250679016113281 172 158 132
1.6228944063186646 1.5581262111663818 7.004154682159424 190 174 131
-1.087754487991333 -1.015925407409668 6.047682762145996 104 134 182
0.409196674823761 1.5135713815689087 5.476696491241455 182 170 145
-1.0674365758895874 -0.9012351632118225 6.054116725921631 201 197 196
-0.06644384562969208 1.1963379383087158 10.923991203308105 189 178 156
0.6968632936477661 1.5420539379119873 5.886363506317139 147 131 110
0.6968632936477661 1.5420539379119873 5.886363506317139 147 131 110
-2.236055374145508 2.67828369140625 7.429625988006592 132 123 106
1.417155146598816 1.491662621498108 7.400959491729736 72 62 42
-2.3011603355407715 2.7289164066314697 7.495211601257324 145 138 118
-0.6018584966659546 1.5864059925079346 7.104791164398193 32 24 17
0.6962301135063171 1.5283702611923218 5.89194393157959 138 125 102
1.1690590381622314 1.544408917427063 6.788508415222168 19 16 10
1.1690590381622314 1.544408917427063 6.788508415222168 19 16 10
-0.14744634926319122 1.571738362312317 5.860708713531494 176 157 128
0.9750568270683289 1.566979169845581 6.369019031524658 32 28 18
0.42607587575912476 1.51335871219635 5.479211330413818 39 34 30
-1.737268090248108 -1.810807704925537 6.3691086769104 180 156 143
1.4214285612106323 1.511381983757019 7.343343734741211 149 137 109
0.40412503480911255 1.510899543762207 5.495674133300781 39 33 22
1.3407186269760132 1.48731529712677 7.2268476486206055 166 152 130
-1.0508224964141846 -0.8938261866569519 6.068212985992432 184 179 178
-1.0364505052566528 -1.5680158138275146 5.944094657897949 189 176 168
-1.0364505052566528 -1.5680158138275146 5.944094657897949 189 176 168
1.6522481441497803 1.5695154666900635 6.807297229766846 197 178 120
0.7355605363845825 3.0491862297058105 9.666024208068848 26 20 12
0.7355605363845825 3.0491862297058105 9.666024208068848 26 20 12
-1.0666372776031494 -1.0696297883987427 6.058627128601074 100 125 163
0.6666074395179749 2.9743294715881348 9.41153621673584 160 145 122
0.43866005539894104 1.5218288898468018 5.484740257263184 182 159 124
-1.4954193830490112 -1.0193103551864624 6.361676216125488 97 127 168
0.6750606298446655 3.009307384490967 9.413549423217773 46 43 31
0.4497608244419098 1.5297691822052002 5.4803056716918945 31 30 29
0.4497608244419098 1.5297691822052002 5.4803056716918945 31 30 29
0.4497608244419098 1.5297691822052002 5.4803056716918945 31 30 29
1.581396222114563 1.5551602840423584 6.920803070068359 196 179 123
0.09865821897983551 1.5053648948669434 10.354290962219238 162 150 126
1.704600214958191 1.5743563175201416 6.641592979431152 192 174 128
0.3843609392642975 1.50344717502594 5.520388126373291 181 159 120
1.4132418632507324 1.5613313913345337 7.299487113952637 31 22 13
-23.996824264526367 29.411420822143555 35.972469329833984 26 20 5
-1.4667173624038696 -1.0216577053070068 6.348379611968994 93 121 170
-1.4667173624038696 -1.0216577053070068 6.348379611968994 93 121 170
-0.9618911147117615 1.48444402217865 6.433067321777344 162 147 119
-0.8438736200332642 -1.5284384489059448 5.839775562286377 171 152 148
1.1012153625488281 1.5623632669448853 8.009391784667969 128 117 101
-1.0757684707641602 -1.450400471687317 6.015636444091797 171 145 155
0.700161874294281 1.6005281209945679 8.910719871520996 18 17 1
0.7076795101165771 1.5134704113006592 5.927957057952881 31 23 3
0.7076795101165771 1.5134704113006592 5.927957057952881 31 23 3
0.700161874294281 1.6005281209945679 8.910719871520996 18 17 1
0.7037890553474426 1.506961703300476 5.931446075439453 163 155 118
-1.10862135887146 -1.1150500774383545 6.100623607635498 85 110 151
0.45751339197158813 1.5340981483459473 5.4885358810424805 144 132 109
0.10004964470863342 1.5619454383850098 6.519904136657715 161 147 115
-0.9389578104019165 1.4935425519943237 6.437313079833984 155 143 118
-0.943410336971283 1.4722167253494263 6.437070369720459 176 161 137
-0.9532293677330017 1.4666154384613037 6.443142414093018 55 46 33
1.3834894895553589 1.5575700998306274 7.210324287414551 112 105 97
-1.0569276809692383 -1.0566896200180054 6.0826568603515625 77 108 154
-1.0569276809692383 -1.0566896200180054 6.0826568603515625 77 108 154
0.7296466827392578 1.5620137453079224 5.927265644073486 124 116 99
-0.893754780292511 -1.6071094274520874 5.878762245178223 180 159 158
-0.6130885481834412 -1.4839612245559692 5.709231376647949 176 161 151
-0.6130885481834412 -1.4839612245559692 5.709231376647949 176 161 151
-5.211415767669678 5.3525567054748535 10.069416999816895 159 148 128
1.3878525495529175 1.5240923166275024 7.244102954864502 36 27 15
-1.020909309387207 -0.9060086607933044 6.092507362365723 192 187 184
0.7208019495010376 1.5245720148086548 5.935667514801025 23 20 12
-5.262162208557129 5.337245941162109 10.113911628723145 176 159 131
-4.161667823791504 4.971084117889404 9.321678161621094 28 25 9
1.466747760772705 1.5455762147903442 5.7658491134643555 195 180 128
-2.1251399517059326 5.564162731170654 14.304069519042969 31 26 12
0.7015652656555176 1.493909478187561 5.954831600189209 180 166 140
-4.0670599937438965 4.943169116973877 9.262419700622559 166 152 116
1.7324672937393188 1.5767372846603394 6.463099956512451 192 181 126
-5.725863933563232 6.634405612945557 17.1141300201416 20 16 1
0.4741063117980957 1.558800220489502 5.500518321990967 132 114 88
0.4741063117980957 1.558800220489502 5.500518321990967 132 114 88
-4.689560413360596 5.098127365112305 9.729931831359863 140 131 94
-0.6646420359611511 -2.439206123352051 7.372793197631836 166 137 105
-0.6646420359611511 -2.439206123352051 7.372793197631836 166 137 105
1.3812520503997803 1.532123327255249 7.229568004608154 138 131 104
0.7284961938858032 1.5311343669891357 5.942737579345703 138 127 109
-4.951402187347412 5.9961700439453125 12.54849910736084 26 21 1
-4.951402187347412 5.9961700439453125 12.54849910736084 26 21 1
-1.0297796726226807 -1.0246493816375732 6.094095230102539 98 127 175
-1.0297796726226807 -1.0246493816375732 6.094095230102539 98 127 175
0.7355193495750427 1.5477203130722046 5.942539691925049 133 122 105
-0.921990692615509 -1.5600612163543701 5.926416873931885 168 150 147
-1.7208750247955322 -1.7488738298416138 6.446846961975098 187 162 163
1.1467922925949097 1.5361430644989014 6.196958065032959 200 190 133
2.4365923404693604 -2.141343832015991 5.28847074508667 50 37 22
4.094465732574463 1.640683889389038 9.034940719604492 177 164 109
4.019993782043457 1.6558886766433716 8.891816139221191 184 172 109
4.019993782043457 1.6558886766433716 8.891816139221191 184 172 109
4.403944492340088 1.630812644958496 10.622723579406738 159 145 95
-5.1668853759765625 6.087372303009033 12.84470272064209 38 27 9
0.9937122464179993 1.5556751489639282 6.414763927459717 138 127 112
0.9937122464179993 1.5556751489639282 6.414763927459717 138 127 112
0.7098599672317505 1.490831971168518 5.971211910247803 160 148 126
3.777495861053467 1.7898677587509155 7.7329487800598145 159 145 94
0.9428536295890808 1.4775201082229614 6.464466571807861 30 21 11
3.9214937686920166 1.7765775918960571 8.597265243530273 177 165 113
-1.037753701210022 -1.0595126152038574 6.113775253295898 119 125 156
3.8963429927825928 1.857621669769287 8.484485626220703 142 128 84
-4.327878952026367 4.988821029663086 9.527615547180176 50 45 25
3.855710744857788 1.7761056423187256 8.624567031860352 179 168 113
-3.810746908187866 4.803281784057617 9.110689163208008 160 150 125
0.2729518711566925 1.5550856590270996 6.419367790222168 162 150 129
-3.915600299835205 4.854628086090088 9.228819847106934 161 151 126
0.3824138641357422 1.4983962774276733 5.577844142913818 191 177 144
0.020861834287643433 1.571825623512268 6.669859409332275 31 24 13
0.1131872907280922 1.551560878753662 6.5767364501953125 21 16 5
3.598806858062744 1.7791680097579956 7.624739170074463 161 150 95
3.7278451919555664 1.8483670949935913 8.489680290222168 152 141 87
3.4532647132873535 1.691292405128479 7.052361965179443 169 153 99
-4.88449239730835 5.963769912719727 12.604212760925293 164 154 117
3.584141254425049 1.8074426651000977 7.82202672958374 163 152 101
1.000151515007019 1.55668306350708 6.424261569976807 33 29 16
0.3836531937122345 1.4905977249145508 5.584068298339844 50 43 39
-1.0046989917755127 -1.5938758850097656 6.01806640625 178 154 153
-1.0046989917755127 -1.5938758850097656 6.01806640625 178 154 153
0.7214250564575195 1.496466040611267 5.980553150177002 152 144 110
-0.5269947648048401 1.5672067403793335 8.50076961517334 47 43 16
-3.857424736022949 4.845818042755127 9.21365737915039 160 148 125
0.01902085542678833 1.5706119537353516 6.686087608337402 168 150 118
3.7006072998046875 1.766898512840271 8.601410865783691 182 170 110
-1.0212942361831665 -1.0630910396575928 6.129710674285889 87 117 164
-0.6214544177055359 -2.432159185409546 7.368200302124023 74 60 54
-4.335752487182617 5.776369571685791 12.074142456054688 148 140 102
-3.9872868061065674 4.833635330200195 9.318846702575684 168 148 122
-0.9894545674324036 -0.9977688193321228 6.1221022605896 94 127 174
0.7336986064910889 1.5079408884048462 5.982072830200195 156 139 118
-5.2535529136657715 6.154134750366211 13.088248252868652 168 152 113
0.2685388922691345 1.5254671573638916 5.6803507804870605 58 49 35
3.645003318786621 1.8464528322219849 8.46750259399414 165 152 101
3.645003318786621 1.8464528322219849 8.46750259399414 165 152 101
0.8073000907897949 1.5511972904205322 7.543004512786865 158 144 106
3.33652925491333 1.6785922050476074 6.92348051071167 178 158 107
-0.10501118749380112 1.560738444328308 6.830744743347168 154 140 104
0.7332320213317871 1.499488115310669 5.989243984222412 167 155 131
-0.17977182567119598 1.5900781154632568 6.007981300354004 172 149 107
3.4410510063171387 1.793393611907959 7.693299293518066 169 151 107
-0.9958956241607666 -1.6116611957550049 6.0315728187561035 197 179 159
0.14737975597381592 1.5627330541610718 6.584281921386719 33 22 11
-1.069162368774414 -1.024314522743225 6.192040920257568 202 198 198
2.261280059814453 -2.1166677474975586 5.3797101974487305 42 31 28
-4.907564163208008 5.986832618713379 12.756916999816895 178 161 144
-0.9576369524002075 -0.9304144978523254 6.132274627685547 98 127 164
3.479461431503296 1.7479429244995117 8.599760055541992 181 174 107
0.2499358355998993 1.4349421262741089 6.473072052001953 48 40 14
0.7502538561820984 1.5264884233474731 5.987647533416748 131 122 102
0.7451252341270447 1.5131856203079224 5.993008136749268 159 144 121
-0.042904019355773926 1.5781751871109009 5.923377990722656 71 53 40
0.13151033222675323 1.5502299070358276 6.61478853225708 161 144 123
0.8378418684005737 1.4893925189971924 6.658651351928711 172 158 138
3.4428305625915527 1.7248109579086304 8.633353233337402 176 165 109
3.4428305625915527 1.7248109579086304 8.633353233337402 176 165 109
3.4447245597839355 1.834606647491455 8.521498680114746 169 151 96
-1.0788518190383911 -1.1474518775939941 6.1912360191345215 57 70 96
-1.0788518190383911 -1.1474518775939941 6.1912360191345215 57 70 96
3.200613021850586 1.6963539123535156 6.976068019866943 174 162 115
0.8189332485198975 1.5446298122406006 7.555486679077148 30 25 21
-0.08077208697795868 1.567134141921997 6.852366924285889 22 15 7
0.14047373831272125 1.548073649406433 6.626656532287598 28 26 9
0.7365091443061829 1.4923688173294067 6.017543792724609 156 143 116
3.3013298511505127 1.822373867034912 8.233769416809082 163 153 91
1.1532812118530273 1.537859559059143 6.258342266082764 197 193 142
0.1565994769334793 1.5631762742996216 6.621345043182373 28 21 10
-0.399824857711792 1.4589563608169556 8.383243560791016 64 45 7
3.2719995975494385 1.8291677236557007 8.60837173461914 40 40 31
3.263633966445923 1.8326107263565063 8.57845687866211 159 150 82
3.263633966445923 1.8326107263565063 8.57845687866211 159 150 82
3.233717679977417 1.725640892982483 8.621827125549316 174 158 115
-0.9618426561355591 -0.9923862814903259 6.159115314483643 92 127 170
0.7632042765617371 1.523446798324585 6.0108232498168945 141 134 120
0.7632042765617371 1.523446798324585 6.0108232498168945 141 134 120
-0.39543554186820984 1.5974586009979248 6.208505153656006 173 156 133
3.130521774291992 1.6181418895721436 8.665007591247559 188 175 128
3.0267863273620605 1.429695963859558 7.3338623046875 179 158 117
3.131570816040039 1.8084912300109863 8.29427433013916 148 145 99
0.7604025602340698 1.517077922821045 6.0190300941467285 32 27 22
3.1402738094329834 1.8040088415145874 8.642534255981445 156 150 100
1.2228975296020508 1.5627105236053467 6.874783039093018 152 144 122
0.7690879702568054 1.532118320465088 6.017068386077881 35 31 20
0.961188793182373 1.476385235786438 6.529672145843506 162 145 120
3.092092752456665 1.5561041831970215 8.902052879333496 180 168 110
3.092092752456665 1.5561041831970215 8.902052879333496 180 168 110
0.7680391669273376 1.5228567123413086 6.023318767547607 138 128 118
0.14783820509910583 1.548021674156189 6.66134786605835 146 132 112
3.083606719970703 1.7946460247039795 8.29817008972168 171 154 98
0.7530335187911987 1.494956612586975 6.037812232971191 158 148 128
3.0961337089538574 1.8006316423416138 8.613297462463379 161 149 97
3.0521950721740723 1.6295045614242554 8.667646408081055 159 146 103
3.061680316925049 1.795493245124817 8.619423866271973 164 152 102
1.2059526443481445 1.5090917348861694 6.898342609405518 138 131 119
-4.525154113769531 6.152969837188721 15.849993705749512 151 145 110
3.0570545196533203 1.787713885307312 8.654603004455566 144 137 83
3.0570545196533203 1.787713885307312 8.654603004455566 144 137 83
3.015249252319336 1.5788229703903198 8.671600341796875 185 173 120
-0.919341504573822 -0.921434223651886 6.176050662994385 206 204 209
-0.4893321096897125 -2.354566812515259 7.3309831619262695 86 69 62
2.9346883296966553 1.5820496082305908 8.6466064453125 195 179 131
1.231726884841919 1.5679699182510376 6.887160301208496 23 23 18
1.231726884841919 1.5679699182510376 6.887160301208496 23 23 18
2.9198241233825684 1.7027418613433838 8.610960006713867 177 171 118
2.90625 1.7098020315170288 7.103404521942139 174 161 98
1.0364739894866943 1.5709521770477295 6.483006000518799 18 17 7
2.8666911125183105 1.6373742818832397 8.666865348815918 194 170 131
1.9791920185089111 -2.357731342315674 5.794586658477783 210 203 189
2.811154365539551 1.6525180339813232 8.647880554199219 189 180 126
-0.8341516256332397 2.7111144065856934 6.811102867126465 62 51 21
-0.336204469203949 1.584842324256897 7.228134632110596 162 150 117
2.753044366836548 1.6470556259155273 8.64381217956543 184 171 110
0.17484961450099945 1.5505331754684448 6.689411640167236 150 137 102
2.698180675506592 1.6048918962478638 10.094917297363281 143 126 100
0.6841962337493896 1.5856270790100098 7.9247212409973145 170 151 125
-3.087975025177002 5.281808853149414 11.102941513061523 160 145 118
1.029445767402649 1.5389058589935303 6.503836154937744 147 131 111
2.695840358734131 1.6907134056091309 10.04902458190918 36 31 21
2.695840358734131 1.6907134056091309 10.04902458190918 36 31 21
-0.8988563418388367 -0.9359985589981079 6.19875955581665 205 201 199
0.1831352859735489 1.55471932888031 6.695872783660889 29 20 10
2.695945978164673 1.7548996210098267 10.034852027893066 124 117 92
0.7812069058418274 1.506024718284607 6.0686726570129395 151 137 108
2.7251017093658447 1.7151761054992676 8.037481307983398 54 52 41
1.0368186235427856 1.5478116273880005 6.507103443145752 30 22 15
0.17676900327205658 1.541135549545288 6.714644432067871 25 19 14
0.6854112148284912 1.579473614692688 7.942015171051025 31 24 12
-3.9106087684631348 5.723496437072754 12.173863410949707 66 48 14
2.5901803970336914 1.643563151359558 9.866819381713867 39 37 16
0.5839388966560364 1.5117202997207642 6.285480976104736 171 159 121
2.5901803970336914 1.643563151359558 9.866819381713867 39 37 16
2.625544309616089 1.557340383529663 8.775860786437988 188 184 124
1.048431158065796 1.57705557346344 6.508044242858887 17 14 3
2.5533955097198486 1.6035778522491455 9.89357852935791 166 152 124
0.19539856910705566 1.5500545501708984 6.7118821144104 30 26 17
2.425873279571533 1.1897358894348145 10.709874153137207 152 123 90
2.425873279571533 1.1897358894348145 10.709874153137207 152 123 90
2.560366153717041 1.6359310150146484 9.840469360351562 158 143 118
2.5297396183013916 1.5309427976608276 9.963396072387695 164 150 121
2.5297396183013916 1.5309427976608276 9.963396072387695 164 150 121
-4.387772083282471 6.216122150421143 15.983718872070312 14 8 2
-4.387772083282471 6.216122150421143 15.983718872070312 14 8 2
2.411792039871216 1.194216251373291 10.65703296661377 122 102 74
2.411792039871216 1.194216251373291 10.65703296661377 122 102 74
2.522380828857422 1.6145435571670532 9.843816757202148 146 136 115
2.5143816471099854 1.620333194732666 9.795119285583496 29 27 14
2.5262033939361572 1.663844347000122 9.73332691192627 31 26 18
0.860856831073761 1.5434739589691162 7.638050079345703 161 147 130
2.5762155055999756 5.355486869812012 19.96330451965332 160 153 127
2.5275449752807617 1.68975830078125 9.677200317382812 143 135 120
0.20314717292785645 1.5459926128387451 6.719922065734863 169 154 123
0.20314717292785645 1.5459926128387451 6.719922065734863 169 154 123
-0.9365355968475342 -1.4334810972213745 6.163758277893066 186 175 174
-1.044430136680603 -1.204769492149353 6.288844108581543 70 94 132
1.4111841917037964 1.5467689037322998 5.997095108032227 194 184 135
0.9702494144439697 1.4740018844604492 6.61329460144043 44 39 21
-4.060956954956055 6.038990497589111 15.531917572021484 164 152 134
-2.3476831912994385 5.115736484527588 10.443412780761719 150 139 118
1.085040807723999 1.5328398942947388 5.791809558868408 199 189 139
-1.7957837581634521 4.315608024597168 9.66067886352539 160 149 126
-1.7957837581634521 4.315608024597168 9.66067886352539 160 149 126
-2.280240058898926 5.101048469543457 10.387750625610352 185 173 148
0.28094229102134705 1.5939061641693115 7.655030250549316 29 20 10
2.6779887676239014 1.6765966415405273 6.761859893798828 186 165 119
2.543391466140747 1.6533015966415405 8.32855224609375 166 159 115
0.5680263042449951 1.5614209175109863 7.236539840698242 171 158 130
0.2296486645936966 1.5546116828918457 6.721702575683594 169 158 131
0.2296486645936966 1.5546116828918457 6.721702575683594 169 158 131
2.4710028171539307 1.6406327486038208 9.020981788635254 174 166 105
2.489229202270508 1.6424700021743774 8.761658668518066 173 158 89
-1.068466067314148 -1.1556309461593628 6.342442989349365 164 163 167
-1.068466067314148 -1.1556309461593628 6.342442989349365 164 163 167
-0.6859518885612488 1.7235207557678223 9.115723609924316 63 55 33
-2.328674793243408 5.0772576332092285 10.470941543579102 159 153 123
0.21815381944179535 2.8587844371795654 8.179959297180176 45 31 16
0.507423460483551 1.5049397945404053 5.645983695983887 148 136 113
0.5433768033981323 1.535956859588623 5.62639045715332 146 123 90
0.5433768033981323 1.535956859588623 5.62639045715332 146 123 90
0.2126380056142807 1.5408138036727905 6.7503180503845215 155 144 113
2.3715860843658447 1.5334482192993164 9.609671592712402 162 146 127
2.397625207901001 1.5976781845092773 9.4448881149292 33 27 15
-2.1052353382110596 4.713754177093506 10.156662940979004 164 154 133
2.4757590293884277 1.8014878034591675 8.562637329101562 158 153 128
2.38378643989563 1.6724308729171753 9.362788200378418 123 115 105
-2.644989252090454 5.221325397491455 10.89823055267334 160 148 129
2.3686540126800537 1.61087167263031 9.37612533569336 37 30 16
1.0290254354476929 1.4868597984313965 6.564261436462402 27 17 9
-4.919320583343506 10.91864013671875 23.155561447143555 157 146 117
-2.645655393600464 5.199313640594482 10.897774696350098 36 27 13
0.5297755599021912 1.5074529647827148 5.640641689300537 155 143 110
1.021274447441101 1.4808554649353027 6.579157829284668 31 24 13
2.6507925987243652 1.6592211723327637 6.505136966705322 183 158 109
-1.0637779235839844 -1.254868745803833 6.342015266418457 166 156 157
2.344377040863037 1.5593559741973877 9.379087448120117 30 29 13
2.296391248703003 3.745734453201294 14.02475643157959 21 17 4
-0.08072773367166519 -1.5976792573928833 8.118632316589355 209 216 235
2.348632335662842 1.6088907718658447 9.350995063781738 151 137 117
2.370579242706299 1.6962532997131348 9.287640571594238 133 118 100
-1.0527172088623047 -1.1653835773468018 6.3556108474731445 187 184 181
0.5500257611274719 1.5305583477020264 5.634151458740234 32 29 24
0.5500257611274719 1.5305583477020264 5.634151458740234 32 29 24
0.9623022079467773 1.5746628046035767 8.267542839050293 141 124 99
-0.28591006994247437 1.5811195373535156 6.614320755004883 160 138 89
-0.9346997737884521 -1.4401355981826782 6.1715087890625 184 171 173
1.262069582939148 1.5364840030670166 6.990006446838379 145 134 114
-0.9735573530197144 -1.5856550931930542 6.084804058074951 172 152 141
-1.0973068475723267 -0.917210042476654 6.035132884979248 211 207 209
-1.0973068475723267 -0.917210042476654 6.035132884979248 211 207 209
1.2825244665145874 1.5547335147857666 6.999828815460205 130 121 98
0.769849419593811 1.507414698600769 6.054833889007568 41 37 24
-1.1806479692459106 -1.0901997089385986 6.06613302230835 17 26 42
-0.10219211131334305 1.5614299774169922 5.553620338439941 161 140 108
-0.12308333814144135 1.5796470642089844 5.567424297332764 161 140 108
-4.74326753616333 5.188982963562012 10.238492012023926 168 149 116
1.1085481643676758 1.5310629606246948 5.705158233642578 206 192 133
-1.278702735900879 -0.9376149773597717 5.874940395355225 95 115 148
1.39659583568573 1.5529606342315674 7.241299629211426 42 42 28
-1.0487972497940063 -1.186164140701294 6.2429022789001465 83 99 126
-0.9476892948150635 -1.0034974813461304 6.200388431549072 108 117 140
0.3267296850681305 1.5280694961547852 6.059366703033447 155 141 112
-2.645380973815918 5.256977081298828 10.554738998413086 173 156 128
0.36290329694747925 1.5845887660980225 5.308785915374756 122 112 93
0.6979702711105347 1.5512175559997559 5.881953239440918 58 45 24
0.7704272866249084 0.7072520852088928 4.936164855957031 155 137 92
-0.8780211210250854 2.4717016220092773 6.185419082641602 155 137 92
0.7358390092849731 3.076828718185425 9.621973991394043 135 122 105
1.4089388847351074 1.5116384029388428 7.310808181762695 154 140 118
0.3282126188278198 1.522290825843811 5.324367046356201 159 144 112
1.5350946187973022 1.5608506202697754 6.050465106964111 86 66 68
1.121286153793335 1.5334320068359375 6.70064115524292 145 129 105
1.0004780292510986 1.5833698511123657 8.374408721923828 67 53 30
1.4167969226837158 1.503827691078186 7.355899333953857 56 45 24
3.1678695678710938 1.738568663597107 7.272037982940674 172 152 107
-1.0132254362106323 -1.6023621559143066 5.897983551025391 165 141 143
-0.775414764881134 -1.554417371749878 5.748683929443359 172 148 139
3.1678695678710938 1.738568663597107 7.272037982940674 172 152 107
1.10710608959198 1.5336893796920776 6.670315265655518 133 121 91
1.3771356344223022 1.5186821222305298 7.234652996063232 157 140 114
0.3473728597164154 1.5310360193252563 5.326081275939941 49 47 25
1.05423903465271 1.4797229766845703 6.646159648895264 166 154 130
1.1813135147094727 1.515324592590332 6.8507890701293945 48 42 26
1.0596683025360107 1.5215624570846558 6.580857753753662 152 134 105
0.6781787872314453 1.5381134748458862 5.876542568206787 38 36 21
2.0466909408569336 1.6156268119812012 8.623125076293945 116 109 87
0.35470902919769287 1.534072756767273 5.33644437789917 136 123 96
0.4506838619709015 1.5375516414642334 5.470375061035156 151 135 109
2.794851064682007 1.6761647462844849 6.700932025909424 184 161 119
0.5172433853149414 3.2720870971679688 9.697134971618652 119 113 90
1.4610720872879028 1.5059421062469482 7.660951137542725 141 130 103
-1.75679612159729 1.68333101272583 6.638694763183594 59 51 34
-1.1327276229858398 -1.1068214178085327 6.092839241027832 184 182 186
3.738138198852539 1.7645394802093506 8.634897232055664 185 175 109
1.2736629247665405 1.5429331064224243 6.997179985046387 139 129 109
2.3352434635162354 -2.5107719898223877 5.8486247062683105 204 194 176
1.3326160907745361 1.5131884813308716 7.140486717224121 115 108 81
2.276796579360962 1.595892071723938 9.227124214172363 100 99 80
-2.1026079654693604 1.6266703605651855 6.846111297607422 172 156 125
1.2648608684539795 1.5608400106430054 8.281502723693848 152 143 116
-1.0956155061721802 -1.6727038621902466 5.722076892852783 193 174 161
-1.0956155061721802 -1.6727038621902466 5.722076892852783 193 174 161
3.7203078269958496 1.847320318222046 8.52528190612793 140 125 82
-0.41948065161705017 1.578564167022705 8.378271102905273 161 147 113
1.553367018699646 1.5456446409225464 7.575908184051514 134 122 102
-1.1193764209747314 -1.546886682510376 5.760956764221191 165 145 143
-1.1193764209747314 -1.546886682510376 5.760956764221191 165 145 143
-1.1193764209747314 -1.546886682510376 5.760956764221191 165 145 143
0.675606369972229 1.532645583152771 5.855771541595459 150 137 111
-1.0332462787628174 -0.9107220768928528 6.0749688148498535 87 118 159
1.2976566553115845 2.252394676208496 8.768585205078125 150 133 107
0.3650352954864502 1.5341919660568237 5.348677635192871 135 123 94
1.3094290494918823 1.4943445920944214 7.141602039337158 49 43 24
1.3094290494918823 1.4943445920944214 7.141602039337158 49 43 24
0.6751577854156494 1.5401607751846313 5.852108478546143 41 30 19
0.8861644864082336 1.5419641733169556 7.69415283203125 53 51 39
2.443065643310547 1.5514765977859497 9.696345329284668 29 28 19
-1.0059716701507568 -1.6218972206115723 5.690127372741699 170 146 146
2.340512990951538 1.3680499792099 10.511977195739746 143 120 81
-0.28470128774642944 1.5815200805664062 8.009922981262207 55 50 41
2.6944363117218018 1.6722241640090942 6.61526346206665 184 161 114
0.7225927114486694 1.4889235496520996 6.002461910247803 173 157 131
1.7149447202682495 1.572142243385315 7.331667900085449 62 59 74
2.8797903060913086 1.7329224348068237 7.3051371574401855 175 154 109
2.8797903060913086 1.7329224348068237 7.3051371574401855 175 154 109
0.7447896599769592 1.5183485746383667 5.984121322631836 32 27 18
1.4235492944717407 1.5420048236846924 5.732422351837158 190 176 130
-1.8508518934249878 4.954550743103027 11.036661148071289 42 32 10
-1.841727375984192 4.973631858825684 11.026569366455078 148 136 117
1.9168057441711426 1.6014668941497803 8.337458610534668 123 114 90
0.464454710483551 1.5562106370925903 5.495363235473633 28 25 20
0.313398152589798 3.5673651695251465 10.098002433776855 28 26 8
-2.954702615737915 5.399953842163086 12.495031356811523 57 47 16
1.9324226379394531 1.6692728996276855 8.363530158996582 95 92 75
0.36836329102516174 1.5292121171951294 5.361483573913574 153 141 110
-1.2284342050552368 -0.8707579374313354 5.96079683303833 207 204 201
2.4118738174438477 1.5333662033081055 9.64864730834961 37 35 21
4.414278984069824 1.6191167831420898 9.575927734375 164 148 105
4.414278984069824 1.6191167831420898 9.575927734375 164 148 105
1.6204924583435059 1.5116688013076782 7.824648857116699 46 40 20
0.6577855348587036 1.5170499086380005 5.849308490753174 144 136 117
0.4001813530921936 1.6291619539260864 5.362177848815918 34 30 19
0.4001813530921936 1.6291619539260864 5.362177848815918 34 30 19
1.6255676746368408 1.5084325075149536 7.841139793395996 165 149 114
1.654129147529602 1.5577045679092407 7.786886215209961 113 107 90
1.6156795024871826 1.5098683834075928 7.902338981628418 157 145 120
-1.2042739391326904 -1.6887357234954834 6.099091053009033 165 140 130
0.9068597555160522 1.59170663356781 6.247188091278076 147 133 107
0.5125475525856018 2.994753837585449 8.914430618286133 35 29 15
0.8733118772506714 1.5154492855072021 6.2258782386779785 28 25 10
-1.0903500318527222 -1.6513686180114746 5.775064468383789 165 150 147
1.9478869438171387 1.6498959064483643 8.394319534301758 33 26 13
1.9478869438171387 1.6498959064483643 8.394319534301758 33 26 13
-0.12779447436332703 1.5693953037261963 5.686922073364258 161 147 117
-6.692105770111084 10.571061134338379 17.595684051513672 153 143 117
1.3019112348556519 1.5148446559906006 7.077216625213623 41 39 27
1.3326160907745361 1.5131884813308716 7.140486717224121 115 108 81
0.8678116202354431 1.5833131074905396 6.199648857116699 156 134 108
-1.3035603761672974 -1.667414903640747 5.919250011444092 170 151 148
1.3167630434036255 1.5587884187698364 7.054569721221924 29 30 21
0.35284507274627686 1.5127040147781372 5.399455547332764 148 132 97
-0.4389072060585022 1.5892881155014038 7.5974040031433105 70 59 38
2.1903467178344727 1.6214476823806763 9.695408821105957 95 91 74
1.2756357192993164 1.4832019805908203 7.086221694946289 166 152 126
1.2756357192993164 1.4832019805908203 7.086221694946289 166 152 126
0.7526383996009827 1.6250590085983276 5.944317817687988 36 33 21
0.8235636949539185 1.5333731174468994 6.13728141784668 29 21 11
-0.09188306331634521 1.5753123760223389 6.501039028167725 161 146 118
0.8235636949539185 1.5333731174468994 6.13728141784668 29 21 11
1.2758924961090088 1.4814304113388062 7.082705020904541 160 148 126
0.35817357897758484 1.517275333404541 5.406898021697998 78 62 36
-1.1634494066238403 -0.9686890840530396 5.962308406829834 71 87 126
1.2849421501159668 1.498910665512085 7.066991806030273 158 138 112
0.839705228805542 1.604740858078003 6.109921455383301 42 40 27
1.7800586223602295 1.607685923576355 8.042969703674316 22 19 10
-0.9778202176094055 -0.9421336054801941 6.118983745574951 117 141 169
-0.9778202176094055 -0.9421336054801941 6.118983745574951 117 141 169
1.7800586223602295 1.607685923576355 8.042969703674316 22 19 10
0.7384094595909119 1.5716331005096436 5.937300205230713 131 123 100
-1.0229624509811401 -1.6720616817474365 6.021912097930908 176 155 132
1.7808637619018555 1.6058179140090942 8.037046432495117 17 18 10
1.7808637619018555 1.6058179140090942 8.037046432495117 17 18 10
1.2546257972717285 1.4897338151931763 7.047572135925293 47 37 14
-1.153372883796692 -0.9945623278617859 5.960524082183838 110 129 157
-1.153372883796692 -0.9945623278617859 5.960524082183838 110 129 157
-3.7807209491729736 5.659601211547852 12.242208480834961 34 29 13
1.728054165840149 1.5327686071395874 8.253509521484375 143 130 103
-1.1913150548934937 -1.7132275104522705 5.871828079223633 171 151 151
1.2546257972717285 1.4897338151931763 7.047572135925293 47 37 14
0.6409127712249756 1.5027458667755127 5.833499431610107 37 34 20
-0.7337465286254883 1.5792635679244995 7.726192951202393 172 153 120
-1.0412898063659668 -1.5681309700012207 6.064337730407715 155 133 130
0.6588352918624878 1.5529366731643677 5.824385166168213 120 114 91
-0.02141333557665348 1.5747733116149902 6.927022933959961 161 145 118
1.7832258939743042 1.5333117246627808 8.236316680908203 161 146 131
3.940340280532837 1.8597426414489746 8.447918891906738 138 131 88
-2.779151678085327 4.616825580596924 9.123664855957031 59 46 21
0.7204720973968506 1.545378565788269 5.928782939910889 54 48 20
0.3979134261608124 1.5307049751281738 5.405704021453857 33 31 21
-1.236290693283081 -1.7118409872055054 5.92005729675293 174 160 158
-0.7725574374198914 -1.5198376178741455 5.658653259277344 156 136 134
0.40165767073631287 1.5292555093765259 5.4126176834106445 129 114 85
3.440652847290039 1.8328464031219482 8.555157661437988 156 143 83
-2.2792582511901855 4.078331470489502 8.53304386138916 174 157 123
0.5794254541397095 1.537409782409668 5.674822807312012 140 131 104
-0.10054812580347061 0.9788481593132019 6.10170316696167 52 49 33
0.6222597360610962 1.5557126998901367 5.735574245452881 134 123 100
0.8908466100692749 1.2164126634597778 5.455659866333008 134 123 100
-0.06568979471921921 1.5645703077316284 6.442590236663818 137 120 93
-0.187369242310524 1.2869508266448975 6.013236045837402 167 150 126
-0.8294600248336792 -1.5377832651138306 6.166504383087158 47 35 37
0.41724273562431335 1.540358543395996 5.423795700073242 136 125 93
0.41724273562431335 1.540358543395996 5.423795700073242 136 125 93
-0.9820809960365295 -1.5999585390090942 6.057724475860596 172 151 141
-4.481216907501221 6.4462504386901855 11.150437355041504 70 54 33
0.5500239729881287 1.5209532976150513 5.638767242431641 139 120 93
1.9897208213806152 1.5739624500274658 8.512652397155762 37 35 21
-0.08139512687921524 0.9908766746520996 6.018792152404785 162 143 110
0.5220895409584045 1.503527283668518 5.641335964202881 26 23 8
1.9833406209945679 1.4279230833053589 9.476311683654785 141 129 110
0.8897833228111267 1.569606900215149 6.2281084060668945 140 132 111
1.7269295454025269 1.6140865087509155 7.908726692199707 112 101 81
0.7790527939796448 1.4995689392089844 6.073890209197998 143 127 97
-36.82544708251953 23.942718505859375 32.530242919921875 148 133 103
-3.289538621902466 5.539017200469971 12.489419937133789 76 65 34
1.0060776472091675 1.5278749465942383 5.905479907989502 207 191 139
0.6679304242134094 1.5111935138702393 5.854714393615723 151 138 114
-3.791546106338501 4.778283596038818 9.215948104858398 44 37 19
-3.791546106338501 4.778283596038818 9.215948104858398 44 37 19
0.3485296964645386 1.5173959732055664 5.381825923919678 150 140 114
-13.043610572814941 13.720842361450195 19.8013973236084 164 144 115
0.44110235571861267 1.6145840883255005 5.43443489074707 120 112 93
-2.761594772338867 5.135849952697754 9.754368782043457 75 62 39
-1.2713407278060913 -1.0293558835983276 5.943190097808838 76 99 142
0.36576539278030396 1.5643826723098755 6.981700420379639 124 114 87
0.09832874685525894 1.575778603553772 7.051815986633301 42 37 17
0.09832874685525894 1.575778603553772 7.051815986633301 42 37 17
0.48771944642066956 2.2976794242858887 7.588687896728516 37 30 11
-1.0649694204330444 -1.652479887008667 5.932215213775635 102 77 83
0.779588520526886 1.6223362684249878 5.994500637054443 31 28 19
-5.880809783935547 6.962728023529053 12.0079345703125 78 62 40
1.5720025300979614 1.5610551834106445 6.105500221252441 86 68 76
1.126222848892212 1.5458273887634277 6.688391208648682 43 42 24
0.6043853759765625 1.5620040893554688 7.1505584716796875 163 144 103
-6.389641761779785 10.185806274414062 17.111831665039062 163 154 126
-0.9237106442451477 -1.6225272417068481 6.129062652587891 188 167 149
0.39743512868881226 1.5811115503311157 5.367437362670898 119 110 92
-0.9543324708938599 -1.607865571975708 6.09247350692749 104 73 77
-0.9543324708938599 -1.607865571975708 6.09247350692749 104 73 77
-10.081546783447266 14.56888484954834 20.763521194458008 154 140 116
2.373450517654419 1.5348260402679443 9.26999282836914 146 129 99
1.3180865049362183 0.9526501893997192 6.302507400512695 52 40 12
2.0096757411956787 1.5199223756790161 8.538484573364258 165 151 122
1.7302062511444092 1.3092670440673828 7.3432297706604 152 133 107
0.5749487280845642 2.0082435607910156 7.4277520179748535 26 23 8
-17.188425064086914 12.578882217407227 25.09952735900879 64 51 25
0.7575394511222839 1.6552221775054932 6.403541088104248 34 29 16
1.771652102470398 1.1741536855697632 8.062736511230469 30 23 4
2.739215612411499 1.5617120265960693 9.897547721862793 145 133 105
2.3988637924194336 1.3380508422851562 10.314090728759766 136 116 85
1.9332749843597412 1.3918492794036865 9.28792953491211 20 19 14
1.9384446144104004 1.4254539012908936 9.230466842651367 133 127 111
2.7005085945129395 1.557451844215393 9.868988037109375 54 48 29
2.7005085945129395 1.557451844215393 9.868988037109375 54 48 29
-0.6625748872756958 1.5715515613555908 9.128859519958496 111 103 70
-40.07087326049805 68.26293182373047 86.99119567871094 100 94 75
-40.07087326049805 68.26293182373047 86.99119567871094 100 94 75
-0.9917198419570923 2.8119282722473145 9.024953842163086 159 151 127
2.3711628913879395 1.546341061592102 9.287825584411621 146 129 99
-4.262278079986572 12.534893035888672 32.69430923461914 27 21 5
1.460264801979065 1.3788979053497314 9.617051124572754 187 163 127
-0.07584242522716522 1.9840645790100098 7.712301731109619 152 135 117
1.3934950828552246 1.5367203950881958 7.266722202301025 154 133 108
-0.3477649390697479 1.5766512155532837 10.63815975189209 38 36 11
-1.310066819190979 3.152538776397705 9.447591781616211 168 151 123
2.388498544692993 1.3611358404159546 10.37527847290039 136 116 85
2.579665422439575 1.5510197877883911 9.769472122192383 162 150 123
-0.8648422956466675 2.4927873611450195 7.665714740753174 143 132 99
2.3703389167785645 1.52410888671875 9.307960510253906 26 25 13
2.0786185264587402 1.352022409439087 9.661991119384766 148 139 101
-0.7885706424713135 2.413698196411133 7.929950714111328 138 124 105
-2.2052853107452393 -2.262578010559082 6.856399059295654 162 139 125
2.7662193775177 1.0633602142333984 6.7834248542785645 164 144 94
-2.2343575954437256 -2.3911750316619873 6.9162917137146 149 130 126
1.9908865690231323 2.1041579246520996 10.191576957702637 113 102 74
1.4003750085830688 2.489541530609131 12.045194625854492 12 12 6
4.952557563781738 5.67276668548584 14.686982154846191 140 133 84
-0.2680703103542328 3.1072216033935547 10.762124061584473 136 120 90
-0.2914384603500366 2.142683982849121 9.128913879394531 23 21 2
1.4828612804412842 0.90948885679245 6.182464599609375 154 141 116
0.7375732660293579 1.726765751838684 6.626800537109375 61 55 32
1.722372055053711 1.4401774406433105 9.01004409790039 18 15 6
0.807401716709137 1.5348237752914429 6.1720380783081055 156 137 111
0.0614648312330246 1.5734879970550537 6.786302089691162 158 142 118
1.0413492918014526 1.5108730792999268 6.5918498039245605 35 26 13
0.6138432621955872 2.4272613525390625 9.332484245300293 149 136 110
-1.9169453382492065 3.459792375564575 10.268328666687012 153 136 111
-2.027374505996704 4.2549729347229 10.43419361114502 28 25 4
-3.8553242683410645 7.313809394836426 18.841093063354492 148 132 103
3.015547752380371 1.4602246284484863 8.471908569335938 180 169 111
-0.08299767971038818 2.7539942264556885 7.736454963684082 171 153 124
2.364201307296753 1.557363748550415 9.311904907226562 146 129 99
2.364201307296753 1.557363748550415 9.311904907226562 146 129 99
2.3650004863739014 1.5832017660140991 9.291950225830078 158 142 117
1.8673065900802612 1.5191268920898438 8.282261848449707 32 23 3
0.7982820868492126 1.1626842021942139 6.556486129760742 169 149 113
-0.6018423438072205 1.9642107486724854 7.039740562438965 153 134 108
-10.441967964172363 10.571829795837402 24.535781860351562 155 140 100
-2.4517016410827637 3.413187026977539 9.11275863647461 154 140 115
-1.267694115638733 2.008685827255249 10.18679141998291 85 70 44
0.7517631649971008 2.2911813259124756 8.055604934692383 51 42 24
-9.511326789855957 9.148313522338867 24.051841735839844 31 24 7
-0.6598012447357178 1.5827176570892334 9.197580337524414 60 43 18
-1.738075613975525 2.2782492637634277 7.819440841674805 136 125 102
-1.169722318649292 -1.272719383239746 6.539118766784668 104 111 138
-14.262866020202637 12.093001365661621 28.5008602142334 40 30 8
0.3994002342224121 2.2314341068267822 7.235223293304443 61 48 20
-4.1368513107299805 5.894017696380615 15.072763442993164 142 126 90
-4.1368513107299805 5.894017696380615 15.072763442993164 142 126 90
-4.932484149932861 6.964541912078857 17.06955337524414 114 102 77
-1.5048002004623413 2.2868447303771973 8.610639572143555 145 132 100
-1.100753664970398 4.03973388671875 10.74972152709961 29 24 7
-6.865723609924316 6.93754243850708 17.602575302124023 64 49 21
-8.206398010253906 7.5106520652771 19.074474334716797 35 27 6
-4.6328325271606445 6.6707258224487305 17.017192840576172 161 141 108
0.5634880065917969 1.8691529035568237 6.453229904174805 137 125 97
0.887396514415741 1.591831922531128 6.2519659996032715 156 136 102
-3.8444485664367676 4.18131685256958 11.09521770477295 156 141 110
-3.847930908203125 4.213685512542725 11.117610931396484 52 45 17
4.095698356628418 1.4314709901809692 9.601930618286133 155 142 80
2.70641827583313 1.6075692176818848 9.933904647827148 150 135 113
2.70641827583313 1.6075692176818848 9.933904647827148 150 135 113
2.669926643371582 1.5635911226272583 9.927491188049316 142 128 106
-3.912519931793213 7.337149620056152 19.04904556274414 114 100 73
2.592282295227051 1.620133638381958 9.744237899780273 155 142 119
2.8244130611419678 -2.686490058898926 6.006458759307861 202 197 180
2.1719491481781006 1.3534951210021973 10.034035682678223 127 119 100
2.1316263675689697 1.3459769487380981 9.992180824279785 155 148 126
2.3631556034088135 1.5363227128982544 9.334129333496094 26 25 13
-1.0899714231491089 3.3490328788757324 8.152182579040527 46 36 16
-1.2734965085983276 3.1626229286193848 8.366094589233398 41 29 8
1.9178582429885864 1.4612926244735718 9.298917770385742 133 127 111
0.7328042387962341 1.8739670515060425 6.801852226257324 33 24 11
0.7328042387962341 1.8739670515060425 6.801852226257324 33 24 11
2.017781972885132 1.5661836862564087 8.524084091186523 136 121 96
-4.777249336242676 10.16368579864502 15.253479957580566 47 36 17
2.801586627960205 0.9285507798194885 6.650096893310547 164 144 94
1.172656536102295 1.3394694328308105 9.605998992919922 20 22 17
1.925841212272644 1.569909930229187 8.323525428771973 35 36 23
1.0168776512145996 1.369360089302063 9.819659233093262 153 131 106
1.8876372575759888 1.5711336135864258 8.257410049438477 147 131 106
-8.578536987304688 8.876887321472168 23.2249813079834 37 30 8
2.6266889572143555 1.62675142288208 9.79684066772461 131 120 95
0.8879790902137756 1.6054607629776 6.248202800750732 40 35 19
1.3107397556304932 1.5586576461791992 7.053170680999756 26 27 13
-0.0699821263551712 2.764394521713257 7.774972438812256 56 48 25
1.1126885414123535 1.5530897378921509 6.69814395904541 44 41 24
0.3525904715061188 2.218529462814331 7.120068073272705 144 130 99
-4.477319240570068 8.116691589355469 18.44740867614746 147 133 108
1.9141426086425781 1.7576292753219604 7.268816947937012 62 61 70
0.8686137795448303 1.5727617740631104 6.234570026397705 151 136 105
1.707520604133606 1.4621326923370361 9.049777030944824 18 15 6
0.8220801949501038 1.5372376441955566 6.169262409210205 156 137 111
0.259549081325531 1.9577957391738892 6.512005805969238 59 49 24
-2.89302921295166 -2.452718734741211 7.134479999542236 115 85 87
2.4088797569274902 1.5998386144638062 9.333745956420898 34 29 19
2.8423006534576416 1.1738606691360474 7.069985389709473 178 158 106
2.8585050106048584 1.588357925415039 8.274032592773438 44 53 59
-0.45944762229919434 2.9212777614593506 7.287583351135254 170 152 132
1.1687272787094116 1.543638825416565 6.786999702453613 29 25 18
1.1687272787094116 1.543638825416565 6.786999702453613 29 25 18
-3.8238165378570557 4.037535190582275 12.37990951538086 22 21 5
0.008136671967804432 1.6464617252349854 6.8338541984558105 158 142 118
-5.119793891906738 9.703084945678711 14.977933883666992 53 36 11
2.2326698303222656 1.1530994176864624 7.8607096672058105 31 24 10
-10.051285743713379 10.768549919128418 19.337581634521484 29 14 6
-9.897048950195312 10.685469627380371 19.079498291015625 148 130 103
-9.897048950195312 10.685469627380371 19.079498291015625 148 130 103
-23.706768035888672 28.86254119873047 35.35846710205078 44 31 5
1.2700930833816528 1.5328601598739624 7.001784324645996 26 22 16
-34.2303466796875 38.01527786254883 46.31071090698242 28 25 4
1.2541297674179077 1.5273078680038452 6.976016044616699 22 13 6
-10.074527740478516 8.858285903930664 15.679183959960938 159 144 120
0.05387727916240692 1.6539605855941772 6.90414571762085 27 25 10
1.7941933870315552 1.607657551765442 8.047231674194336 133 127 112
0.05396351218223572 1.6385595798492432 6.944414138793945 27 24 15
0.07553508132696152 1.646790623664856 6.938077926635742 36 24 6
1.2321549654006958 1.5659675598144531 6.882314682006836 23 22 24
-5.6214599609375 10.933334350585938 20.74580192565918 28 16 3
2.4410669803619385 1.2243239879608154 11.025430679321289 169 137 92
2.4410669803619385 1.2243239879608154 11.025430679321289 169 137 92
2.4274144172668457 1.2319002151489258 10.981040000915527 119 88 57
2.4274144172668457 1.2319002151489258 10.981040000915527 119 88 57
1.5206400156021118 1.7944267988204956 8.210613250732422 29 26 16
3.0148565769195557 1.4112350940704346 8.411149024963379 180 169 111
1.5208793878555298 1.7928544282913208 8.20683479309082 29 26 16
-1.7960573434829712 4.530704498291016 8.629135131835938 166 156 131
-1.6493133306503296 4.742364406585693 9.321084022521973 167 151 121
-1.6493133306503296 4.742364406585693 9.321084022521973 167 151 121
2.350813388824463 1.5811418294906616 9.359620094299316 146 129 99
2.3311655521392822 1.546353816986084 9.379852294921875 141 132 107
2.35176157951355 1.6068209409713745 9.338982582092285 158 142 117
2.3466877937316895 1.6209837198257446 9.316418647766113 29 26 13
2.3208229541778564 1.5563589334487915 9.340725898742676 151 136 113
2.2796242237091064 1.5429868698120117 9.316713333129883 126 120 98
1.5509405136108398 3.0114097595214844 11.480317115783691 24 25 9
1.848300814628601 1.5441346168518066 7.622278690338135 182 166 111
1.8797348737716675 2.293199062347412 10.141426086425781 20 9 8
1.8617206811904907 2.3100192546844482 10.103225708007812 25 13 6
1.8579641580581665 1.5332107543945312 8.305071830749512 36 32 14
1.8579641580581665 1.5332107543945312 8.305071830749512 36 32 14
1.8577059507369995 1.5317720174789429 8.302022933959961 32 23 3
1.8577059507369995 1.5317720174789429 8.302022933959961 32 23 3
1.7444531917572021 2.254926919937134 9.919488906860352 21 14 6
1.7444531917572021 2.254926919937134 9.919488906860352 21 14 6
1.8640761375427246 1.547847032546997 8.285279273986816 176 159 129
0.9546175003051758 1.2790272235870361 10.830586433410645 147 141 114
2.0543477535247803 1.570996880531311 8.65112018585205 28 23 12
0.5012082457542419 4.562620162963867 13.125926971435547 23 19 14
1.5483083724975586 1.5758144855499268 7.528520107269287 145 125 101
1.384140133857727 1.1594690084457397 6.211612701416016 18 17 17
-4.968038558959961 9.573343276977539 17.19220542907715 161 146 113
1.5394654273986816 1.5174342393875122 7.591060638427734 21 14 6
0.845687210559845 2.622953414916992 8.763032913208008 21 15 7
2.004601240158081 1.1226118803024292 7.3800835609436035 12 5 5
0.18570443987846375 1.6470659971237183 7.0744147300720215 25 22 9
-43.57930374145508 35.61353302001953 72.98043823242188 153 146 126
1.5162711143493652 1.5821305513381958 7.341650485992432 175 150 87
-10.571700096130371 9.774269104003906 15.47624397277832 161 151 125
1.421237587928772 1.511627197265625 7.3466901779174805 154 133 111
1.851076602935791 1.57666015625 8.199520111083984 12 5 1
-37.08926010131836 37.43795394897461 55.55511474609375 140 128 103
-7.357511520385742 10.431891441345215 18.348533630371094 164 151 125
1.1610136032104492 1.5524433851242065 6.760705947875977 24 15 13
1.3873194456100464 1.5256720781326294 7.2491278648376465 32 29 10
-7.450174808502197 10.48993968963623 18.39389419555664 18 10 2
0.1747463047504425 3.132974147796631 8.873712539672852 51 42 24
1.3815501928329468 1.531632661819458 7.2291035652160645 148 133 105
-4.932295799255371 9.020030975341797 15.413248062133789 34 27 4
-11.270169258117676 10.314166069030762 16.239551544189453 158 138 114
0.14953118562698364 3.1168718338012695 8.813807487487793 45 34 17
-11.153409957885742 10.275617599487305 16.165483474731445 158 143 118
-11.153409957885742 10.275617599487305 16.165483474731445 158 143 118
1.8363227844238281 1.5677742958068848 8.176074028015137 143 127 101
-0.25346335768699646 3.0299501419067383 7.713293552398682 167 151 125
-1.839416742324829 3.1877572536468506 8.041815757751465 159 146 112
1.6566063165664673 2.355997085571289 9.662946701049805 60 48 29
1.0755599737167358 1.5363719463348389 6.591515064239502 157 142 113
1.6636563539505005 2.3413150310516357 9.610677719116211 29 25 13
0.3293939232826233 3.2208139896392822 9.41032600402832 39 28 10
2.042278289794922 1.662828803062439 8.5284423828125 109 103 86
2.012826442718506 1.6053972244262695 8.529502868652344 149 132 105
0.8771917223930359 2.5570831298828125 8.663735389709473 154 139 115
1.9681808948516846 1.5429797172546387 8.551334381103516 53 50 33
1.5548220872879028 1.545622706413269 7.5744099617004395 137 122 97
-10.050321578979492 8.839348793029785 15.640708923339844 59 43 23
1.065069317817688 1.4981251955032349 6.634511470794678 90 76 36
-0.21462883055210114 3.0149128437042236 7.82881498336792 61 48 20
-8.226946830749512 9.27093505859375 15.26357364654541 159 140 100
0.8242247700691223 1.561545491218567 6.128675937652588 151 133 96
-5.163389682769775 10.878767967224121 20.86855697631836 127 110 89
-8.626341819763184 9.294050216674805 14.892745018005371 125 112 80
-5.078029155731201 8.461142539978027 12.28271770477295 35 25 8
-29.92693328857422 25.77915382385254 48.96144485473633 144 127 85
0.8452881574630737 1.5978519916534424 6.139315128326416 45 45 36
-2.8067421913146973 4.16641902923584 9.87143325805664 148 133 99
-13.038348197937012 14.774901390075684 27.028596878051758 138 129 98
1.1195142269134521 1.5210453271865845 9.99097728729248 113 87 48
1.9574998617172241 1.5802303552627563 8.43138313293457 101 97 70
0.977924644947052 2.1131722927093506 8.06728744506836 47 38 13
1.6882106065750122 1.3446987867355347 7.404299259185791 157 140 110
0.8428442478179932 1.5612549781799316 6.15831184387207 161 140 111
-8.244708061218262 -2.4611153602600098 9.816068649291992 141 125 133
0.7419473528862 2.114844799041748 7.42240571975708 147 137 115
1.9359409809112549 1.6689718961715698 8.3507080078125 118 111 94
1.9359409809112549 1.6689718961715698 8.3507080078125 118 111 94
-10.386588096618652 12.725812911987305 22.54875946044922 147 135 108
0.9584319591522217 2.1667590141296387 7.947770118713379 145 126 108
1.3074321746826172 1.9494441747665405 8.10859489440918 36 34 18
1.1808793544769287 1.5139034986495972 6.850067615509033 41 35 22
1.401990532875061 1.540024757385254 7.263696193695068 154 133 108
-0.1723356395959854 1.667365550994873 6.736950397491455 151 137 109
0.8750712275505066 1.5737813711166382 6.2112226486206055 154 135 103
0.8647139072418213 1.5250463485717773 6.212376594543457 35 29 14
1.9700068235397339 1.1489673852920532 7.292306900024414 141 132 106
1.2813960313796997 1.956658959388733 8.177931785583496 44 40 23
0.7757022380828857 2.1503920555114746 7.494909286499023 33 28 6
0.8789863586425781 1.560114860534668 6.2268266677856445 37 28 15
0.7874695658683777 2.1546483039855957 7.503070831298828 149 131 110
1.1679750680923462 1.561715841293335 6.7645745277404785 140 122 93
0.8919713497161865 1.582141637802124 6.237403869628906 56 50 29
-0.479181706905365 3.0291833877563477 7.1779375076293945 137 125 97
-15.386991500854492 19.51127052307129 25.371265411376953 42 32 2
-8.1456880569458 15.781274795532227 31.018075942993164 35 27 8
-7.65826416015625 10.572966575622559 18.40195083618164 150 135 101
-1.0377051830291748 3.850656032562256 9.461130142211914 57 44 22
0.903420627117157 1.590609073638916 6.247607231140137 156 136 102
0.8989269137382507 1.571609616279602 6.247673034667969 160 144 112
0.3220866322517395 4.268661975860596 11.907842636108398 149 133 114
-33.743492126464844 37.51261520385742 45.773719787597656 42 34 7
-6.968403339385986 9.355525016784668 17.316423416137695 18 8 0
-3.2317638397216797 3.965794801712036 12.20599365234375 150 129 86
-18.99723243713379 23.535011291503906 29.67214584350586 148 137 101
-1.3942667245864868 3.453159809112549 10.260175704956055 21 17 1
1.3043079376220703 1.4893752336502075 7.193092346191406 168 148 111
-6.627175331115723 10.208268165588379 15.877097129821777 156 142 124
0.8266860246658325 2.21024751663208 7.827249050140381 113 105 77
1.6626137495040894 1.5323078632354736 7.842037677764893 50 47 28
-0.621971070766449 1.8123451471328735 8.7164945602417 76 70 53
0.3708456754684448 2.0981786251068115 6.689707279205322 34 29 16
0.3708456754684448 2.0981786251068115 6.689707279205322 34 29 16
-11.226408958435059 17.449840545654297 35.70353317260742 132 120 101
-15.268044471740723 13.117424964904785 22.110679626464844 58 41 9
1.2914785146713257 2.4188694953918457 9.329473495483398 39 34 14
-4.289772987365723 4.16172981262207 12.924396514892578 155 139 105
-2.9186227321624756 3.4339473247528076 8.704261779785156 25 21 4
1.3461769819259644 1.4624054431915283 7.053358554840088 118 111 86
1.2997853755950928 1.5489816665649414 7.030492305755615 157 139 107
1.2997853755950928 1.5489816665649414 7.030492305755615 157 139 107
1.3118841648101807 1.5644795894622803 7.032169818878174 152 143 106
0.8183927536010742 2.0905609130859375 7.627263069152832 164 148 114
4.071031093597412 1.3629623651504517 9.499380111694336 155 142 80
-1.4176744222640991 4.09246826171875 14.08455753326416 19 17 3
2.7172625064849854 1.6189948320388794 10.027547836303711 145 133 105
2.6967647075653076 1.5904213190078735 10.040976524353027 145 134 112
2.693997383117676 1.6374400854110718 10.001241683959961 150 135 113
2.6942861080169678 1.741307020187378 9.970330238342285 137 120 94
0.978520929813385 1.5572631359100342 6.379312515258789 144 131 113
0.6201818585395813 2.142036199569702 7.1391191482543945 149 130 98
-0.512118399143219 3.103372573852539 7.513336658477783 158 144 120
-0.3570080101490021 2.9168624877929688 7.387959957122803 158 144 120
2.3517210483551025 1.414637565612793 10.806775093078613 163 132 70
-3.832223653793335 6.012380123138428 11.083623886108398 158 139 111
2.533285617828369 1.5299263000488281 9.976515769958496 163 155 132
0.6165456175804138 2.1143476963043213 7.152090549468994 161 145 116
1.78402841091156 1.6051208972930908 8.02810001373291 19 15 6
0.9926906824111938 1.5529941320419312 6.411016941070557 128 115 96
-0.5484980940818787 3.1398613452911377 7.637607574462891 154 143 118
-0.2700294852256775 1.694102168083191 7.215445518493652 173 154 127
1.6847761869430542 1.5445568561553955 7.868679523468018 156 137 110
-0.34672993421554565 2.9563138484954834 7.526534557342529 67 54 37
-0.33715519309043884 2.98401141166687 7.542809009552002 47 40 22
-1.7788784503936768 4.564545154571533 8.696650505065918 47 40 22
1.0286797285079956 1.5791152715682983 6.46726655960083 128 119 107
2.399268627166748 1.589908480644226 9.41678524017334 31 26 9
1.0363423824310303 1.5685995817184448 6.478395938873291 31 28 15
1.1200562715530396 1.5328481197357178 6.700893878936768 145 131 100
2.370844841003418 1.6074175834655762 9.361183166503906 48 40 21
2.348567008972168 1.560818076133728 9.384946823120117 26 25 13
2.3359129428863525 1.5566749572753906 9.359990119934082 42 28 10
2.3724989891052246 1.6870875358581543 9.24487018585205 136 121 93
1.7046173810958862 1.605041265487671 7.849450588226318 37 35 23
2.2902557849884033 1.5674914121627808 9.276265144348145 115 109 86
2.2902557849884033 1.5674914121627808 9.276265144348145 115 109 86
-0.28669655323028564 2.9704642295837402 7.630343437194824 43 34 23
-9.83006763458252 9.666287422180176 14.995002746582031 158 145 123
1.9809777736663818 1.4704968929290771 9.684426307678223 134 124 106
-9.901061058044434 9.692569732666016 15.101645469665527 158 143 120
0.6752544641494751 1.8509384393692017 7.123063564300537 159 145 110
1.664540410041809 1.5232524871826172 7.875814914703369 160 144 112
-1.730380654335022 4.582067966461182 8.91059398651123 42 33 21
0.5529235601425171 2.155924081802368 6.996682167053223 50 39 21
-3.4319469928741455 4.361705303192139 9.990657806396484 23 20 8
-8.168550491333008 9.265037536621094 15.092633247375488 56 44 15
-15.509493827819824 12.13190746307373 19.4115047454834 131 119 90
-13.287514686584473 17.153411865234375 34.02238845825195 122 111 83
-13.523547172546387 11.370078086853027 18.021461486816406 166 149 118
0.6559362411499023 2.146449327468872 7.203920364379883 22 18 2
-9.811429977416992 9.642114639282227 15.303658485412598 151 137 105
-76.67561340332031 57.806861877441406 124.72059631347656 150 133 94
-0.9508664011955261 1.7282110452651978 6.9006876945495605 137 116 85
-76.67561340332031 57.806861877441406 124.72059631347656 150 133 94
1.2735493183135986 1.5428441762924194 6.99675178527832 142 128 101
-2.069066286087036 5.012628555297852 9.451555252075195 54 39 17
-2.069066286087036 5.012628555297852 9.451555252075195 54 39 17
-13.53701400756836 20.51921844482422 30.012638092041016 135 121 102
1.2826191186904907 1.5545248985290527 6.998628616333008 141 125 102
-0.5474069118499756 2.97741436958313 6.989388942718506 35 33 16
-0.2825336456298828 2.9531307220458984 7.648156642913818 81 64 35
0.6893283128738403 2.1461644172668457 7.283394813537598 148 131 105
1.0727814435958862 1.4906972646713257 6.660660266876221 165 146 114
1.0727814435958862 1.4906972646713257 6.660660266876221 165 146 114
-8.798033714294434 9.412997245788574 15.029319763183594 25 19 2
1.5165330171585083 1.1247082948684692 6.466055393218994 50 42 23
-1.361854076385498 5.384314060211182 11.739032745361328 134 121 104
-1.361854076385498 5.384314060211182 11.739032745361328 134 121 104
-0.6515122652053833 1.8353500366210938 8.782774925231934 41 35 14
2.3048806190490723 1.6243202686309814 9.215479850769043 36 38 24
-3.019761323928833 5.947775363922119 9.87649154663086 141 126 103
1.0365052223205566 1.544508695602417 6.501920700073242 59 47 30
-2.7660980224609375 8.908854484558105 18.129104614257812 151 129 80
-0.4189513325691223 2.962951183319092 7.372190475463867 70 55 34
0.41220220923423767 2.100937604904175 6.764715194702148 128 118 99
1.028630018234253 1.5360603332519531 6.500162601470947 148 129 95
0.5191407799720764 2.1565194129943848 6.940605163574219 148 129 95
-1.8337879180908203 4.514688968658447 8.462099075317383 45 42 25
1.3124749660491943 1.1508357524871826 6.097660064697266 55 48 27
1.330243468284607 1.5599539279937744 7.088420867919922 89 84 64
2.6527202129364014 1.643829107284546 9.966748237609863 35 28 13
1.472122311592102 2.2600650787353516 9.138893127441406 139 120 104
-1.7999048233032227 4.522463798522949 8.591643333435059 136 124 107
1.175333023071289 1.535990834236145 6.808162689208984 49 39 17
1.2881698608398438 1.5085538625717163 7.058398246765137 155 138 109
-0.461797833442688 2.922442674636841 7.269223690032959 123 110 85
1.8352869749069214 1.578889012336731 8.166609764099121 28 26 8
1.8352869749069214 1.578889012336731 8.166609764099121 28 26 8
2.419816493988037 1.6736531257629395 9.371289253234863 108 100 87
-2.3604586124420166 4.243364334106445 14.263962745666504 23 21 9
-2.3604586124420166 4.243364334106445 14.263962745666504 23 21 9
1.317980170249939 1.5572484731674194 7.048932075500488 26 27 13
-0.5831296443939209 2.4872238636016846 7.364905834197998 135 121 89
-8.790794372558594 9.35954761505127 15.367266654968262 51 43 17
-5.654994010925293 11.70599365234375 22.735980987548828 124 112 85
-3.477916955947876 3.809826612472534 10.444043159484863 150 135 113
1.082344889640808 1.4822642803192139 6.708937644958496 56 48 25
1.1253094673156738 1.5482251644134521 6.691140651702881 44 41 24
1.2583200931549072 1.5213083028793335 6.989484786987305 148 132 105
1.7739819288253784 2.242680311203003 10.128016471862793 151 136 107
0.7699493169784546 2.073340892791748 7.533237457275391 145 133 95
1.2393074035644531 1.518875241279602 6.957332611083984 46 38 23
1.13107168674469 1.4972277879714966 6.774404525756836 147 133 105
-4.373081684112549 7.951830863952637 14.712847709655762 41 35 11
-4.373081684112549 7.951830863952637 14.712847709655762 41 35 11
2.0498273372650146 1.6121586561203003 8.606094360351562 119 110 82
1.6953401565551758 1.1504403352737427 6.889379978179932 31 21 7
-9.451682090759277 9.619800567626953 15.139806747436523 56 48 22
1.7298704385757446 1.611458659172058 7.895402431488037 115 102 86
-5.593611240386963 9.672392845153809 17.093929290771484 44 36 15
0.6537290215492249 2.1338980197906494 7.205670356750488 133 113 81
0.8866543173789978 1.5685240030288696 6.22853946685791 151 136 105
-3.2094810009002686 3.3272252082824707 8.13361644744873 145 129 111
-0.5593494176864624 2.958097219467163 6.947542190551758 35 30 14
0.5377175211906433 1.8080666065216064 6.46569299697876 55 53 38
-16.973636627197266 26.77623176574707 36.83635711669922 122 110 81
-1.8532123565673828 4.50534725189209 8.417858123779297 124 113 89
-5.09707498550415 8.522502899169922 12.321562767028809 139 125 100
-0.44593507051467896 1.5561676025390625 9.703388214111328 78 68 40
-10.814970970153809 13.82296371459961 25.67731285095215 43 38 13
-0.5553787350654602 2.951636791229248 6.953616142272949 120 106 89
1.0145719051361084 1.5172216892242432 6.492586135864258 135 125 98
1.0145719051361084 1.5172216892242432 6.492586135864258 135 125 98
1.762972354888916 1.554050326347351 8.263155937194824 52 36 20
-33.373329162597656 39.2956428527832 49.6754035949707 27 16 3
-32.21110153198242 37.79384994506836 48.17509078979492 147 134 109
-32.92124557495117 38.79178237915039 49.096534729003906 27 16 3
1.216861367225647 1.4859635829925537 6.45244836807251 199 184 125
-0.09347347915172577 1.7996939420700073 6.897007465362549 150 139 114
-0.09347347915172577 1.7996939420700073 6.897007465362549 150 139 114
1.0159794092178345 1.4845632314682007 6.587584972381592 31 28 11
1.171708345413208 1.5421103239059448 6.784936904907227 29 25 18
1.171708345413208 1.5421103239059448 6.784936904907227 29 25 18
0.614588737487793 1.7192857265472412 7.830533027648926 155 140 107
1.0800440311431885 1.7281336784362793 8.436511993408203 152 140 111
-0.1053103506565094 1.792404294013977 6.923908233642578 158 142 118
2.3213274478912354 1.4729846715927124 7.878062725067139 161 152 104
0.623885989189148 3.4524190425872803 10.16877555847168 16 11 6
1.991523265838623 1.5678898096084595 8.573491096496582 36 39 14
1.4066662788391113 1.0993726253509521 5.990262508392334 33 33 22
0.5974140167236328 1.7204903364181519 7.760509967803955 14 11 0
0.09192802011966705 1.9227370023727417 8.265946388244629 152 137 103
1.3262815475463867 1.4380240440368652 6.090322494506836 196 184 140
2.0462677478790283 1.440381407737732 7.123934745788574 183 164 106
1.7569470405578613 -0.018007444217801094 5.600003242492676 167 153 133
0.8298339247703552 1.8208186626434326 8.848767280578613 152 131 96
1.032645344734192 1.4854508638381958 6.60255241394043 39 32 23
0.5708556771278381 2.005279779434204 10.273283958435059 155 136 98
1.630985140800476 1.4995476007461548 7.69171667098999 135 127 111
1.6007062196731567 1.6064262390136719 9.321189880371094 190 188 182
1.2985244989395142 1.5289050340652466 7.040492534637451 55 44 18
-58.62097930908203 84.72346496582031 119.5996322631836 31 27 2
2.0100491046905518 1.6138437986373901 8.512796401977539 31 24 10
1.9762990474700928 1.5624535083770752 8.548620223999023 148 137 117
0.32921281456947327 1.9918824434280396 9.594141006469727 161 143 107
0.2971278727054596 2.631105661392212 10.885340690612793 140 132 96
1.69805908203125 1.44539475440979 6.633305549621582 195 176 120
1.6052619218826294 1.5760570764541626 9.267874717712402 151 153 141
1.1044151782989502 1.7163381576538086 8.498350143432617 169 155 119
1.2844648361206055 1.5470043420791626 7.0080885887146 28 19 16
1.2844648361206055 1.5470043420791626 7.0080885887146 28 19 16
1.5979174375534058 1.585747241973877 9.26479434967041 21 20 10
0.5723593831062317 2.0189554691314697 10.210622787475586 147 137 107
0.5723593831062317 2.0189554691314697 10.210622787475586 147 137 107
1.6080520153045654 1.6003668308258057 9.24537181854248 14 17 3
1.6723510026931763 1.5326939821243286 7.931031227111816 160 145 119
1.2695655822753906 1.5336560010910034 7.002363681793213 26 22 16
1.24666166305542 1.5098042488098145 7.009812355041504 36 30 9
0.399955689907074 1.99955153465271 9.546638488769531 22 18 9
1.9396765232086182 1.5539133548736572 8.531108856201172 131 127 92
1.2533894777297974 1.5283088684082031 6.976767539978027 22 13 6
0.1409049779176712 1.821794033050537 7.718548774719238 159 144 114
0.8733106255531311 1.8306162357330322 8.884420394897461 26 21 11
1.7811037302017212 1.566161036491394 8.075326919555664 151 138 112
0.8614358305931091 1.8273049592971802 8.900030136108398 162 148 116
1.7811037302017212 1.566161036491394 8.075326919555664 151 138 112
-0.055920474231243134 1.7970362901687622 6.994738578796387 27 25 10
1.7706537246704102 1.5583748817443848 8.082592010498047 19 10 5
0.8344609141349792 1.5587881803512573 6.1403398513793945 43 35 23
-24.575359344482422 28.386306762695312 34.64216613769531 18 15 2
-24.575359344482422 28.386306762695312 34.64216613769531 18 15 2
0.22614824771881104 1.8278799057006836 7.839322566986084 175 166 137
0.42359963059425354 1.7635326385498047 7.649829387664795 170 156 129
0.46203482151031494 1.7225457429885864 7.608297348022461 170 156 129
-95.14581298828125 81.39208984375 88.7249984741211 166 154 126
-0.049829643219709396 1.7977467775344849 7.014991760253906 13 15 1
-17.305700302124023 21.93720817565918 26.875112533569336 175 155 137
1.7521867752075195 1.5402319431304932 8.08711051940918 20 20 10
1.7924591302871704 1.6078189611434937 8.050261497497559 133 127 112
-94.59385681152344 87.60205841064453 101.68409729003906 160 143 108
2.019218683242798 1.6857037544250488 7.470119476318359 185 168 114
0.2926066517829895 1.8168964385986328 7.728531360626221 139 125 94
-0.019885998219251633 1.9083610773086548 8.000653266906738 34 22 9
2.2391135692596436 1.489383339881897 7.851961135864258 180 168 119
-0.06027606129646301 1.7844789028167725 7.039459705352783 27 24 15
0.18979601562023163 1.8218063116073608 7.797408103942871 168 152 126
-15.958884239196777 20.757829666137695 25.23070526123047 161 146 121
1.8043943643569946 1.5944920778274536 8.713895797729492 65 48 10
1.2364585399627686 1.5626499652862549 6.878779888153076 23 22 24
0.836409866809845 1.5397357940673828 6.150914192199707 40 32 25
-0.03578983619809151 1.790687084197998 7.031310081481934 36 24 6
1.2364585399627686 1.5626499652862549 6.878779888153076 23 22 24
1.150031328201294 1.542251706123352 9.905746459960938 188 158 105
1.639918327331543 1.5378870964050293 7.818909645080566 116 109 87
1.5961779356002808 1.6942964792251587 9.134056091308594 143 134 101
1.5961779356002808 1.6942964792251587 9.134056091308594 143 134 101
-0.02546653337776661 1.7833870649337769 7.037424087524414 170 151 117
1.6629208326339722 1.5266659259796143 7.9170427322387695 23 19 13
0.01144170481711626 1.789489984512329 7.03135871887207 171 153 127
0.01144170481711626 1.789489984512329 7.03135871887207 171 153 127
2.873188018798828 1.7146886587142944 10.357090950012207 116 111 100
2.395284414291382 1.2855195999145508 11.226201057434082 169 137 92
2.395284414291382 1.2855195999145508 11.226201057434082 169 137 92
2.7501814365386963 1.6681480407714844 9.989462852478027 158 148 136
2.3807060718536377 1.2960532903671265 11.186163902282715 119 88 57
2.3807060718536377 1.2960532903671265 11.186163902282715 119 88 57
2.744626045227051 1.6878970861434937 9.956048965454102 29 20 11
2.722909450531006 1.6518371105194092 10.014425277709961 47 36 16
2.065152645111084 1.4736888408660889 7.519173622131348 186 172 118
2.7236838340759277 1.680960774421692 9.990897178649902 147 139 125
0.022250862792134285 1.7860453128814697 7.038187026977539 19 15 9
2.6936728954315186 1.599419116973877 10.039140701293945 36 22 11
2.6936728954315186 1.599419116973877 10.039140701293945 36 22 11
1.674820065498352 1.5379072427749634 7.899535179138184 29 26 16
2.7000393867492676 1.6522314548492432 10.014303207397461 13 6 0
1.674820065498352 1.5379072427749634 7.899535179138184 29 26 16
-60.9183464050293 56.24201583862305 61.25110626220703 156 143 114
-41.89591598510742 36.95538330078125 38.19889831542969 150 134 101
2.342801332473755 1.2944437265396118 11.16507339477539 146 114 64
2.6733312606811523 1.581898808479309 10.045671463012695 55 46 19
2.6733312606811523 1.581898808479309 10.045671463012695 55 46 19
2.730165481567383 1.7195149660110474 9.920787811279297 40 26 9
2.3565030097961426 1.4209166765213013 11.039305686950684 161 153 132
1.6756705045700073 1.5352263450622559 7.894710540771484 29 26 16
1.6756705045700073 1.5352263450622559 7.894710540771484 29 26 16
2.593749761581421 1.5437359809875488 10.061592102050781 145 137 120
2.6004550457000732 1.5668526887893677 9.98432731628418 32 15 4
0.02724723517894745 1.784868836402893 7.050546169281006 143 122 80
2.5298588275909424 1.538694143295288 10.051288604736328 42 27 12
2.5298588275909424 1.538694143295288 10.051288604736328 42 27 12
2.3247523307800293 -3.0970282554626465 6.721321105957031 196 187 161
2.580203056335449 1.6733818054199219 9.778592109680176 43 17 5
2.4993338584899902 1.6296820640563965 10.030804634094238 155 146 117
2.5136172771453857 1.594239592552185 9.922958374023438 16 7 1
2.5550591945648193 1.6463255882263184 9.80932903289795 34 24 13
2.5550591945648193 1.6463255882263184 9.80932903289795 34 24 13
2.5167019367218018 1.6168073415756226 9.8554048538208 152 140 120
1.9347960948944092 1.6119080781936646 8.354227066040039 32 31 11
1.9347960948944092 1.6119080781936646 8.354227066040039 32 31 11
2.2199645042419434 1.470497727394104 10.721636772155762 15 14 10
2.189847707748413 1.48594069480896 7.825030326843262 173 160 95
1.6706328392028809 1.5398627519607544 8.102485656738281 163 149 129
-50.162750244140625 41.282474517822266 44.41096878051758 172 154 119
0.3908367156982422 2.0078980922698975 9.858929634094238 17 15 3
1.5458570718765259 1.6924775838851929 9.07076644897461 130 122 103
1.0845869779586792 1.4901176691055298 6.701803207397461 167 151 121
2.423154592514038 1.555922269821167 9.683671951293945 134 127 109
1.7999273538589478 1.7671555280685425 11.683854103088379 7 8 2
1.7999273538589478 1.7671555280685425 11.683854103088379 7 8 2
0.1466972976922989 1.7845170497894287 7.439103603363037 159 145 127
2.4493331909179688 1.7185990810394287 9.372559547424316 122 112 105
2.434425115585327 1.7009028196334839 9.377789497375488 125 119 107
0.3672782778739929 2.007394552230835 9.87887191772461 153 137 122
2.1320106983184814 1.736045002937317 10.224855422973633 15 8 1
2.1320106983184814 1.736045002937317 10.224855422973633 15 8 1
1.8144477605819702 1.4282761812210083 10.914496421813965 9 8 4
0.8438312411308289 1.4963356256484985 6.198331356048584 157 142 115
2.1254587173461914 1.7404102087020874 10.178439140319824 25 16 2
1.8200827836990356 1.3405323028564453 10.71778678894043 4 3 0
2.3200762271881104 1.554132342338562 9.406956672668457 141 132 107
2.3756375312805176 1.671260952949524 9.317339897155762 5 2 0
0.06503669172525406 1.7878303527832031 7.09236478805542 30 24 17
1.882651448249817 1.5590230226516724 8.335780143737793 158 146 110
2.345088481903076 1.61204195022583 9.357236862182617 158 142 117
2.3800880908966064 1.6833051443099976 9.282041549682617 17 15 2
2.3410215377807617 1.6244299411773682 9.331040382385254 29 26 13
2.4886627197265625 1.5683295726776123 8.861342430114746 51 45 16
2.310296058654785 1.564473032951355 9.367241859436035 151 136 113
1.8427327871322632 1.2237355709075928 10.37747859954834 10 9 3
1.8427327871322632 1.2237355709075928 10.37747859954834 10 9 3
1.7967666387557983 1.5544986724853516 8.46191120147705 171 155 116
2.061417818069458 1.7348157167434692 10.046433448791504 12 8 0
2.2692534923553467 0.9061978459358215 8.91738510131836 14 14 4
2.2675020694732666 1.5534353256225586 9.34715461730957 126 120 98
1.8787314891815186 1.2189730405807495 10.185014724731445 16 17 6
-22.17424964904785 23.01218032836914 24.710063934326172 161 144 116
2.5545687675476074 1.4731686115264893 8.387391090393066 163 169 124
2.302032232284546 1.6569880247116089 9.088558197021484 126 118 102
1.698330044746399 1.3784602880477905 10.445195198059082 151 143 120
2.3762869834899902 1.5687209367752075 8.658812522888184 178 163 107
1.1482388973236084 1.5679599046707153 6.7034502029418945 141 129 95
2.036106824874878 1.6676775217056274 9.570121765136719 136 130 105
3.2808454036712646 1.3961234092712402 9.900979042053223 162 149 87
2.2286975383758545 1.6085333824157715 8.998459815979004 151 130 109
2.340122699737549 1.5662208795547485 8.689722061157227 178 161 107
2.153097629547119 1.5589878559112549 9.139501571655273 144 128 109
2.153097629547119 1.5589878559112549 9.139501571655273 144 128 109
2.5770483016967773 1.4898813962936401 8.023710250854492 164 158 105
2.3449676036834717 1.5707229375839233 8.619271278381348 171 161 97
1.4184772968292236 3.548569679260254 12.009303092956543 20 9 8
1.4062750339508057 3.503563642501831 12.001790046691895 22 15 5
2.460948944091797 1.495054841041565 8.237436294555664 173 158 102
2.174990653991699 1.5779181718826294 8.946823120117188 25 13 6
2.174990653991699 1.5779181718826294 8.946823120117188 25 13 6
2.0476038455963135 1.5463712215423584 7.979969024658203 192 173 107
1.8475971221923828 1.5423150062561035 8.32373332977295 36 32 14
1.8475971221923828 1.5423150062561035 8.32373332977295 36 32 14
1.968091368675232 1.6662235260009766 9.342449188232422 149 134 110
1.8480256795883179 1.5393465757369995 8.318643569946289 32 23 3
1.8480256795883179 1.5393465757369995 8.318643569946289 32 23 3
2.493858814239502 1.4938856363296509 7.942787170410156 177 161 107
1.682281732559204 1.4574509859085083 9.595881462097168 172 143 95
2.1849629878997803 1.594815969467163 8.450066566467285 190 178 128
2.052973985671997 1.5658667087554932 8.686829566955566 142 129 99
1.8561244010925293 1.5539575815200806 8.298949241638184 176 159 129
2.407914400100708 1.495085597038269 7.896520137786865 172 165 118
0.5348386764526367 2.016073703765869 9.908784866333008 17 15 1
2.047699213027954 1.5734145641326904 8.662485122680664 28 23 12
1.151574730873108 1.5623613595962524 6.718071460723877 58 48 26
2.02457332611084 1.5693057775497437 8.630146026611328 23 19 14
2.02457332611084 1.5693057775497437 8.630146026611328 23 19 14
2.3618991374969482 1.4919085502624512 7.883900165557861 169 154 98
2.0058038234710693 1.5538649559020996 8.624183654785156 21 14 13
2.0058038234710693 1.5538649559020996 8.624183654785156 21 14 13
1.5478883981704712 1.5744833946228027 7.528601169586182 145 125 101
1.4924488067626953 1.510067343711853 7.5656023025512695 25 17 1
-23.240755081176758 35.585506439208984 47.13087463378906 159 150 124
0.07740272581577301 1.7902976274490356 7.148734092712402 171 153 119
-98.63812255859375 87.41201782226562 97.86858367919922 174 153 131
-98.63812255859375 87.41201782226562 97.86858367919922 174 153 131
-28.808334350585938 41.31668472290039 53.96611785888672 161 146 113
0.8692571520805359 1.7176483869552612 8.231687545776367 146 142 113
1.4924694299697876 1.541134238243103 7.463860988616943 151 136 110
1.497039556503296 1.550331711769104 7.45761775970459 141 126 95
-61.64818572998047 75.79273223876953 100.67874145507812 150 145 123
-1.6379384994506836 -2.3398616313934326 11.033407211303711 121 115 115
-25.701269149780273 37.24256134033203 48.42513656616211 22 13 1
1.4586783647537231 1.5143365859985352 7.446667194366455 162 147 117
1.8489598035812378 1.5547419786453247 8.259778022766113 18 13 3
0.8905754089355469 1.7317231893539429 8.12929916381836 156 136 101
1.858046293258667 1.5702729225158691 8.245878219604492 20 16 4
0.8905754089355469 1.7317231893539429 8.12929916381836 156 136 101
0.8905754089355469 1.7317231893539429 8.12929916381836 156 136 101
1.4676164388656616 1.5264750719070435 7.428390026092529 140 128 103
1.5686932802200317 1.5728764533996582 7.581361770629883 21 15 7
-0.8400844931602478 2.569610595703125 10.230631828308105 148 135 110
1.5207633972167969 1.5736713409423828 7.334875106811523 175 150 87
1.728978157043457 1.4974875450134277 7.380153656005859 183 164 97
0.9976056814193726 1.7252265214920044 8.355280876159668 35 29 14
1.5592947006225586 1.5336989164352417 7.609699249267578 29 16 4
1.5592947006225586 1.5336989164352417 7.609699249267578 29 16 4
-51.67395782470703 63.06398010253906 81.73954772949219 16 16 3
0.8358170986175537 1.7269469499588013 8.059812545776367 15 15 7
0.19378456473350525 1.7915031909942627 7.504794597625732 154 137 102
1.4166425466537476 1.5136967897415161 7.350554466247559 154 133 111
-54.586181640625 64.89730834960938 84.36589050292969 30 31 24
-54.2349853515625 45.791343688964844 50.178165435791016 155 136 114
-48.05735778808594 57.98551559448242 74.84268188476562 27 22 7
1.403757095336914 1.509793996810913 7.334080696105957 19 19 5
-47.324623107910156 56.88463592529297 73.31648254394531 165 149 116
1.3978557586669922 1.517403483390808 7.30338716506958 20 19 9
1.716576099395752 1.0846397876739502 6.8469767570495605 22 16 4
0.7430657148361206 1.7177720069885254 8.014936447143555 158 144 115
0.7633670568466187 1.7286708354949951 7.992757320404053 23 17 2
0.7505021095275879 1.7246462106704712 8.00275707244873 157 145 115
0.7505021095275879 1.7246462106704712 8.00275707244873 157 145 115
-50.31619644165039 58.51287841796875 75.50371551513672 14 10 1
1.5885059833526611 1.5611084699630737 7.634006500244141 31 23 6
-45.445030212402344 53.463233947753906 68.63996124267578 21 9 0
-43.797271728515625 51.674251556396484 66.2206802368164 164 151 125
-45.127742767333984 52.79356002807617 67.81896209716797 157 146 118
-0.7468246817588806 2.048893451690674 7.224390029907227 149 139 109
1.3839606046676636 1.528425693511963 7.252496242523193 32 29 10
-73.58235168457031 60.0179557800293 65.8915786743164 152 142 107
-73.58235168457031 60.0179557800293 65.8915786743164 152 142 107
1.1647928953170776 1.550842046737671 6.758362293243408 24 15 13
1.1647928953170776 1.550842046737671 6.758362293243408 24 15 13
-72.16571044921875 59.09164810180664 64.83889770507812 162 149 117
0.7370598912239075 1.726640224456787 7.942987442016602 18 10 2
-15.847155570983887 19.864089965820312 23.443599700927734 40 24 5
1.3800309896469116 1.5317505598068237 7.230045318603516 148 133 105
1.5920312404632568 1.5555356740951538 7.652642250061035 141 127 99
0.35649415850639343 1.8690053224563599 8.292450904846191 154 140 114
-62.06060028076172 52.59111022949219 57.32021713256836 154 140 106
1.8308031558990479 1.5702378749847412 8.184316635131836 143 127 101
0.687949001789093 1.7306544780731201 7.876713752746582 23 23 12
1.8950185775756836 1.4644572734832764 7.268460273742676 184 171 115
-84.75749206542969 68.6969985961914 75.62297821044922 164 143 117
-18.093463897705078 24.905132293701172 31.66987419128418 172 154 128
1.7219915390014648 1.5868533849716187 7.907093524932861 43 35 16
0.19966718554496765 1.8037420511245728 7.465238571166992 153 136 99
1.0697306394577026 1.5268718004226685 6.573336124420166 44 38 13
1.7074190378189087 1.5610615015029907 7.918024063110352 140 124 91
-83.84029388427734 104.32672119140625 140.39251708984375 134 120 96
-28.72156524658203 30.437339782714844 34.598411560058594 156 139 101
-15.399762153625488 18.38933563232422 20.846641540527344 47 32 8
1.5496829748153687 1.586792230606079 7.521264553070068 35 23 8
0.7574682831764221 1.8129149675369263 8.57810115814209 111 104 83
0.9459911584854126 1.716649055480957 8.324151992797852 58 45 13
0.32373547554016113 1.6797808408737183 7.350807189941406 153 136 99
1.0263291597366333 1.4784250259399414 5.986275672912598 199 184 148
0.711682915687561 1.8104504346847534 8.557711601257324 151 136 106
1.4836558103561401 1.509140133857727 7.550533294677734 160 141 112
0.1470939815044403 2.5823781490325928 7.681106090545654 160 144 117
1.0733239650726318 1.5198280811309814 6.5886712074279785 165 146 113
1.0800535678863525 1.5338366031646729 6.588512897491455 157 142 113
2.019028663635254 1.60753333568573 8.559660911560059 29 25 13
1.5368621349334717 1.5820623636245728 7.4928879737854 34 13 0
1.9862396717071533 1.5540367364883423 8.596880912780762 165 151 122
0.2374943345785141 1.9774127006530762 9.119043350219727 23 20 0
0.2374943345785141 1.9774127006530762 9.119043350219727 23 20 0
1.9862396717071533 1.5540367364883423 8.596880912780762 165 151 122
2.042229175567627 1.6608846187591553 8.52936840057373 109 103 86
1.6943854093551636 1.547537922859192 7.920248031616211 141 128 102
2.024757146835327 1.618941068649292 8.537724494934082 132 118 94
-15.681639671325684 19.59202766418457 22.871374130249023 152 140 111
1.528904914855957 1.5795828104019165 7.485883712768555 146 128 97
0.9139066934585571 1.7219609022140503 8.237648010253906 155 139 116
2.008796453475952 1.6062251329421997 8.536479949951172 149 132 105
-28.86619758605957 41.53424835205078 54.35736083984375 146 134 98
0.6796601414680481 1.804189682006836 8.513162612915039 154 137 104
0.9050543904304504 1.7231189012527466 8.226652145385742 33 23 2
0.9050543904304504 1.7231189012527466 8.226652145385742 33 23 2
2.032470226287842 1.6651952266693115 8.511445999145508 9 11 0
2.0214645862579346 1.6434284448623657 8.500872611999512 25 23 10
1.9888004064559937 1.583917260169983 8.52621078491211 32 32 22
1.9584615230560303 1.5491819381713867 8.568076133728027 53 50 33
1.1983612775802612 1.7217085361480713 8.578925132751465 158 145 110
1.5516901016235352 1.5468577146530151 7.577757358551025 137 122 97
-15.806614875793457 19.657976150512695 23.010766983032227 151 138 121
1.063919186592102 1.497564435005188 6.634219646453857 90 76 36
1.4545711278915405 1.5082424879074097 7.487346172332764 39 26 5
1.4599542617797852 1.591536045074463 7.499909400939941 128 117 93
2.3884775638580322 -0.1862325370311737 5.389788627624512 37 29 6
-25.87729263305664 37.48182678222656 48.90974426269531 142 128 79
1.0561310052871704 1.4867265224456787 6.642106056213379 61 48 20
1.995680332183838 1.6050854921340942 8.489068984985352 134 118 93
-74.44739532470703 68.62998962402344 76.32271575927734 159 140 100
1.9241812229156494 1.5484869480133057 8.58148193359375 148 139 109
0.8315548300743103 1.560775637626648 6.125965118408203 151 133 96
0.1421174705028534 1.7886698246002197 7.335721015930176 160 142 110
1.6243274211883545 1.6984246969223022 9.169097900390625 30 26 17
-0.8723353147506714 2.5833911895751953 10.320582389831543 142 122 87
-0.8723353147506714 2.5833911895751953 10.320582389831543 142 122 87
1.5011550188064575 1.5030670166015625 7.3945207595825195 145 128 102
1.060482382774353 1.8059889078140259 8.882000923156738 143 132 94
0.8727182745933533 1.829977035522461 9.155938148498535 22 19 2
0.8533949851989746 1.5982272624969482 6.1370415687561035 45 45 36
1.0920675992965698 1.5125060081481934 6.657045841217041 152 133 101
-1.9719107151031494 7.115591049194336 13.659729957580566 130 115 87
0.4003477394580841 1.7686548233032227 7.562665939331055 167 152 118
0.2729090750217438 1.8105971813201904 7.675318717956543 134 117 90
0.6501159071922302 1.7970256805419922 8.373005867004395 159 144 111
0.8654519319534302 1.720253586769104 8.111250877380371 146 141 110
1.231455683708191 1.5658202171325684 6.861282825469971 142 131 109
1.951671838760376 1.5828807353973389 8.441136360168457 101 97 70
-14.748032569885254 18.812875747680664 22.127233505249023 150 137 100
0.8193833827972412 1.5095412731170654 6.152195453643799 144 132 105
1.2290937900543213 1.5574373006820679 6.864509582519531 142 128 102
0.4179564118385315 1.766183853149414 7.567137241363525 168 153 112
0.6011163592338562 1.7087150812149048 7.407174110412598 58 55 30
-57.601905822753906 69.70157623291016 90.50025939941406 155 141 109
0.8339493870735168 1.523181438446045 6.15609884262085 47 33 23
0.6110987663269043 1.7881492376327515 6.3063201904296875 47 33 23
1.1477129459381104 1.7126141786575317 8.637993812561035 146 139 108
1.5514224767684937 1.5216028690338135 7.618654727935791 157 140 110
1.5514224767684937 1.5216028690338135 7.618654727935791 157 140 110
0.8499493598937988 1.5636216402053833 6.156960964202881 161 140 111
0.8499493598937988 1.5636216402053833 6.156960964202881 161 140 111
0.8499493598937988 1.5636216402053833 6.156960964202881 161 140 111
0.8499493598937988 1.5636216402053833 6.156960964202881 161 140 111
1.220882773399353 1.5446796417236328 6.880662441253662 138 126 96
0.2666378617286682 1.808249831199646 7.660627365112305 60 54 30
0.4298689067363739 1.7668381929397583 7.579508304595947 171 158 127
1.5719349384307861 1.5467995405197144 7.612243175506592 152 133 107
1.5719349384307861 1.5467995405197144 7.612243175506592 152 133 107
-0.7620183825492859 2.5128767490386963 9.948982238769531 48 36 10
-53.26409149169922 64.16377258300781 83.21780395507812 19 17 8
1.2032849788665771 1.5120385885238647 6.903636455535889 147 137 115
1.9418357610702515 1.6069527864456177 8.380538940429688 132 121 99
1.9508085250854492 1.6469151973724365 8.379716873168945 30 19 6
1.1677190065383911 1.493780493736267 6.867746829986572 148 142 122
0.8515899181365967 1.7211042642593384 8.002252578735352 27 24 12
-12.238587379455566 17.262924194335938 21.0068359375 162 148 129
1.6527528762817383 1.5589525699615479 7.787342548370361 112 104 73
0.9994618892669678 1.5691347122192383 10.044766426086426 183 153 112
1.6193181276321411 1.6355305910110474 7.8623738288879395 112 104 73
0.2559942901134491 1.8004364967346191 7.649439811706543 181 163 128
1.3957303762435913 1.5061026811599731 7.342913627624512 167 152 119
-11.062004089355469 13.025390625 13.800433158874512 75 62 37
0.9432841539382935 1.583645224571228 10.10105037689209 165 139 90
1.4042479991912842 1.5147583484649658 7.3186564445495605 156 140 112
1.9362311363220215 1.66898512840271 8.352499008178711 118 111 94
-2.749725818634033 4.512907028198242 10.856523513793945 31 24 8
1.8594805002212524 1.5558795928955078 8.432668685913086 129 134 91
-26.1168270111084 35.04493713378906 45.09523010253906 156 136 92
1.4069567918777466 1.5245238542556763 7.302814483642578 145 126 108
0.8572101593017578 1.5414572954177856 6.189248085021973 38 34 10
-46.950096130371094 55.6795768737793 71.86241912841797 162 149 129
1.5733987092971802 1.5317103862762451 7.640331745147705 36 34 18
1.3599203824996948 1.4968215227127075 7.316633701324463 155 147 112
1.3599203824996948 1.4968215227127075 7.316633701324463 155 147 112
0.8523552417755127 1.5113471746444702 6.198759078979492 146 131 107
1.7209100723266602 1.294798731803894 6.475436210632324 196 174 127
1.1805388927459717 1.5128779411315918 6.849511623382568 41 35 22
0.5405498147010803 0.573654055595398 6.199793338775635 163 146 131
1.3604507446289062 1.495316982269287 7.294377326965332 173 155 120
1.748123049736023 1.0251944065093994 6.767580986022949 154 133 108
0.8597831726074219 1.510695457458496 6.202119827270508 30 30 12
1.8956470489501953 1.5924066305160522 8.296464920043945 21 13 3
-21.67736053466797 29.883134841918945 38.2913932800293 143 126 103
1.8956470489501953 1.5924066305160522 8.296464920043945 21 13 3
0.88210129737854 1.5731672048568726 6.208561897277832 154 135 103
0.33571091294288635 1.6124677658081055 7.384706497192383 145 135 106
0.8706609606742859 1.5234755277633667 6.209559440612793 35 29 14
0.905195951461792 0.9815012216567993 7.582783222198486 133 121 90
1.8886890411376953 1.596784234046936 8.273263931274414 40 31 15
1.5409249067306519 1.5118600130081177 7.690834045410156 44 40 23
1.038809061050415 1.2990257740020752 6.098080635070801 140 124 97
0.8768238425254822 1.5227268934249878 6.221397876739502 154 139 109
1.2422951459884644 1.5285221338272095 6.9513349533081055 33 28 6
0.8839304447174072 1.561560034751892 6.225490093231201 37 28 15
0.8836941123008728 1.5339690446853638 6.224007606506348 34 31 21
1.5172722339630127 1.6971772909164429 7.988850116729736 95 84 56
0.8629359006881714 1.8352793455123901 8.99553394317627 148 136 104
0.718129575252533 1.9267337322235107 9.294673919677734 149 138 115
1.335084319114685 1.4943242073059082 7.268911838531494 33 26 9
0.9336731433868408 2.6277270317077637 8.825366020202637 136 123 98
1.2522573471069336 1.533429503440857 6.958586692810059 149 131 110
0.8606419563293457 1.4904855489730835 6.234999656677246 150 136 110
1.173311471939087 1.5581088066101074 6.760739803314209 140 122 93
0.8990916013717651 1.5819365978240967 6.23491096496582 56 50 29
0.2218571901321411 1.805145263671875 7.529088973999023 161 145 118
1.827576756477356 1.5413501262664795 8.308478355407715 176 159 134
-10.724885940551758 13.109308242797852 14.059408187866211 69 52 26
1.827576756477356 1.5413501262664795 8.308478355407715 176 159 134
1.3427188396453857 1.50226628780365 7.237717628479004 166 145 116
0.888035237789154 1.5364387035369873 6.238406658172607 137 125 97
0.888035237789154 1.5364387035369873 6.238406658172607 137 125 97
1.332770824432373 1.496138572692871 7.244642734527588 166 145 117
1.3847607374191284 1.5554760694503784 7.20652961730957 102 95 73
0.8636440634727478 1.490545392036438 6.246956825256348 141 128 111
0.9124759435653687 1.588597059249878 6.243987560272217 156 136 102
0.9055663347244263 1.5713592767715454 6.245392322540283 160 144 112
0.9055663347244263 1.5713592767715454 6.245392322540283 160 144 112
1.1195987462997437 1.7173421382904053 8.506858825683594 161 146 117
-40.73207473754883 47.66981887817383 60.629188537597656 158 143 116
1.8477227687835693 1.5609740018844604 8.243414878845215 149 133 114
-16.857601165771484 17.27161407470703 18.051651000976562 58 46 17
0.20840632915496826 1.7957035303115845 7.545302391052246 154 139 115
1.229624629020691 1.4928301572799683 6.999848365783691 36 23 6
1.350908637046814 1.5161761045455933 7.1962809562683105 115 109 89
0.9185178279876709 1.5829401016235352 6.2555155754089355 61 52 37
1.83437979221344 0.849001407623291 6.543529987335205 149 130 98
-23.659040451049805 28.073585510253906 34.77867126464844 165 151 112
1.6461572647094727 1.5773028135299683 7.746257305145264 111 102 74
1.5885330438613892 1.5357717275619507 7.683384418487549 113 111 86
-32.807220458984375 28.041872024536133 28.29783821105957 31 31 9
1.5885330438613892 1.5357717275619507 7.683384418487549 113 111 86
-37.926151275634766 43.72500991821289 55.7834587097168 144 127 92
-36.23612594604492 30.156892776489258 30.519861221313477 153 141 112
1.2969409227371216 1.4953324794769287 7.199884414672852 168 148 111
-38.121524810791016 43.767616271972656 55.730655670166016 29 18 3
1.3269392251968384 1.507283091545105 7.160882472991943 113 105 77
0.8433133363723755 1.828573226928711 8.891502380371094 66 56 26
1.6564695835113525 1.5349619388580322 7.849165916442871 50 47 28
-0.11695767939090729 1.7966082096099854 6.871499538421631 149 136 109
1.2484897375106812 1.4997735023498535 7.017082214355469 167 147 112
1.670081615447998 1.5558133125305176 7.836620330810547 122 109 82
1.7720677852630615 1.5489641427993774 8.274942398071289 163 147 123
1.123331069946289 1.7229232788085938 8.47800350189209 143 130 99
0.9010545015335083 1.4995619058609009 6.300088882446289 34 29 16
1.314560055732727 1.5073570013046265 7.139037132263184 133 122 108
0.6546227335929871 1.7302443981170654 7.804409980773926 21 16 2
1.8168073892593384 1.564753532409668 8.166257858276367 39 34 14
1.8168073892593384 1.564753532409668 8.166257858276367 39 34 14
-15.405137062072754 19.749032974243164 23.645139694213867 162 145 110
0.2775292694568634 1.835014820098877 8.156330108642578 33 29 16
-34.19134521484375 39.287071228027344 49.55842208862305 142 130 104
0.6470816135406494 1.7277429103851318 7.785141944885254 142 130 104
0.9078553915023804 1.493466854095459 6.317745685577393 142 128 103
0.08056442439556122 1.108721137046814 7.981364727020264 65 50 16
-78.66783142089844 79.4592056274414 96.65011596679688 148 134 101
-78.66783142089844 79.4592056274414 96.65011596679688 148 134 101
1.2509753704071045 1.4920660257339478 7.05379581451416 38 31 13
0.9153319001197815 1.4964641332626343 6.3222270011901855 36 33 23
-0.11037508398294449 1.7896076440811157 6.934634208679199 142 129 102
1.964300513267517 0.5939148664474487 6.204174518585205 35 20 6
1.3018938302993774 1.5468579530715942 7.02841854095459 157 139 107
1.3018938302993774 1.5468579530715942 7.02841854095459 157 139 107
1.6158819198608398 1.4678095579147339 6.7932233810424805 196 180 110
-2.537550449371338 5.463173866271973 11.537303924560547 123 112 85
1.287818193435669 1.5022013187408447 7.087709903717041 149 139 123
0.2831452488899231 1.826283574104309 8.079668998718262 15 14 11
-16.549449920654297 22.568086624145508 28.444669723510742 158 148 113
1.3083078861236572 1.5387791395187378 7.06496524810791 126 113 88
-1.0195536613464355 2.327237129211426 8.63828182220459 157 142 112
1.183131217956543 1.5466567277908325 6.799803256988525 141 125 99
1.4715040922164917 1.461587905883789 6.891596794128418 196 165 129
-23.329431533813477 28.671504974365234 35.895286560058594 18 18 7
0.8849570751190186 1.827556848526001 8.991321563720703 150 133 102
1.280436635017395 1.4981749057769775 7.071437358856201 160 141 111
1.775413155555725 1.5431984663009644 8.11500072479248 33 23 1
-0.0906597152352333 1.7912476062774658 6.978750228881836 156 141 114
2.858832597732544 1.78654944896698 10.268998146057129 109 105 101
2.837597608566284 1.6980494260787964 10.32011890411377 10 11 3
2.8636136054992676 1.6041574478149414 10.118050575256348 111 105 94
-6.030070781707764 16.218305587768555 26.15671157836914 108 100 81
2.6785333156585693 1.542669653892517 10.22425651550293 123 115 96
2.8988327980041504 1.7390543222427368 10.386092185974121 101 98 91
2.7448558807373047 1.659907341003418 10.002150535583496 39 32 19
2.7601048946380615 1.6840111017227173 9.941208839416504 43 31 9
2.6787350177764893 1.5564910173416138 10.14179515838623 27 24 11
2.690037965774536 1.5892479419708252 10.056473731994629 145 134 112
0.484811007976532 2.019007921218872 10.272078514099121 14 10 3
1.311937928199768 1.7050418853759766 8.862157821655273 29 25 14
0.9330043792724609 1.4905898571014404 6.3807525634765625 146 131 108
2.6627886295318604 1.5615692138671875 10.082058906555176 151 139 121
0.9255682826042175 1.4865450859069824 6.390766620635986 61 54 31
2.635646343231201 1.5618001222610474 10.082165718078613 142 136 108
-0.04663088545203209 1.800459623336792 7.002068042755127 154 143 109
2.6370463371276855 1.5591864585876465 10.060820579528809 144 135 106
2.6867921352386475 1.7017128467559814 9.98336410522461 26 21 9
2.694369316101074 1.7345930337905884 9.966562271118164 137 120 94
2.635395050048828 1.5667246580123901 10.035804748535156 149 138 111
2.6832497119903564 1.7417290210723877 9.959328651428223 23 21 7
-15.34561538696289 18.79001808166504 21.75849723815918 158 138 106
-15.34561538696289 18.79001808166504 21.75849723815918 158 138 106
2.313891887664795 1.478258490562439 10.971702575683594 163 132 70
2.5946054458618164 1.5864598751068115 9.953619956970215 29 22 6
-0.0537930466234684 1.7906337976455688 7.030856132507324 28 25 13
2.580488920211792 1.5913171768188477 9.914432525634766 40 31 5
0.9858800768852234 1.5352493524551392 6.390817642211914 141 130 105
2.620532274246216 1.689542531967163 9.789199829101562 26 27 15
2.6089625358581543 1.6632633209228516 9.810493469238281 144 134 110
-11.012625694274902 13.856512069702148 15.547978401184082 152 137 108
2.5193915367126465 1.5428214073181152 10.020785331726074 163 155 132
2.5193915367126465 1.5428214073181152 10.020785331726074 163 155 132
2.564561128616333 1.6035500764846802 9.878061294555664 43 37 11
2.564561128616333 1.6035500764846802 9.878061294555664 43 37 11
0.9779858589172363 1.4343138933181763 6.382270336151123 58 51 30
2.29937481880188 1.512489914894104 10.774523735046387 136 116 85
2.5953612327575684 1.6700857877731323 9.790398597717285 160 148 124
2.547273635864258 1.6053352355957031 9.90524673461914 162 150 123
1.784557580947876 1.5966473817825317 8.040392875671387 131 124 103
1.1019846200942993 1.511483907699585 6.680417060852051 161 145 116
-0.05667361989617348 1.7810404300689697 7.0522894859313965 161 143 114
2.5975944995880127 1.695330262184143 9.737257957458496 25 18 9
2.556058883666992 1.6313221454620361 9.827614784240723 160 145 122
2.5409629344940186 1.6127889156341553 9.86572551727295 169 156 128
2.567443609237671 1.6630324125289917 9.777777671813965 150 145 122
1.7024718523025513 1.5982190370559692 7.870411396026611 40 29 17
1.0007810592651367 1.5488337278366089 6.406538486480713 128 115 96
1.0007810592651367 1.5488337278366089 6.406538486480713 128 115 96
2.9042394161224365 1.5156368017196655 8.43586540222168 170 165 136
3.071294069290161 1.2785073518753052 7.639001369476318 155 143 97
-23.920026779174805 23.791053771972656 25.036293029785156 43 36 17
2.524915933609009 1.6242032051086426 9.819461822509766 146 134 115
-24.855009078979492 27.979022979736328 26.381221771240234 42 31 10
-17.220813751220703 20.395183563232422 23.56715965270996 166 149 121
2.51167631149292 1.6322548389434814 9.822792053222656 16 14 6
2.552788734436035 1.694564700126648 9.630424499511719 29 28 16
-0.007747180759906769 1.7786438465118408 7.055633544921875 23 16 7
0.9454197883605957 1.483835220336914 6.441206932067871 61 49 24
2.4975075721740723 1.6402891874313354 9.723462104797363 22 23 13
0.016913829371333122 1.7852872610092163 7.050416469573975 147 129 92
0.007636514957994223 1.779193639755249 7.055784702301025 17 17 9
2.8546223640441895 1.5670613050460815 8.43193244934082 172 164 118
0.050720032304525375 1.7891744375228882 7.037431716918945 27 20 14
2.488070249557495 1.6422585248947144 9.647723197937012 17 15 8
2.424198627471924 1.5537201166152954 9.750439643859863 119 111 92
2.6507880687713623 1.1819618940353394 8.680609703063965 20 15 7
1.6793615818023682 1.5475133657455444 7.875879764556885 156 137 110
0.9580810070037842 1.4825255870819092 6.465982913970947 67 54 37
2.455989360809326 1.6248993873596191 9.527889251708984 126 112 94
0.9724829196929932 1.4900895357131958 6.469438552856445 47 40 22
-46.46910858154297 40.76465606689453 42.47138595581055 28 20 4
1.2738523483276367 1.714834451675415 8.737488746643066 153 137 111
2.5793495178222656 1.0229065418243408 8.566911697387695 133 125 99
2.4201924800872803 1.5955884456634521 9.476590156555176 128 115 97
2.178593635559082 1.7459774017333984 10.32576847076416 105 98 71
0.0336805060505867 1.7978204488754272 7.107793807983398 150 135 103
2.179856777191162 1.7455254793167114 10.317909240722656 100 92 62
0.543282151222229 -4.299766540527344 10.944478988647461 35 20 12
2.091413736343384 1.466083288192749 10.31165885925293 127 119 100
2.4136240482330322 1.619881272315979 9.42651081085205 40 31 16
2.431138038635254 1.652389407157898 9.395251274108887 121 118 102
2.3928539752960205 1.5908817052841187 9.43028736114502 31 26 9
2.4097633361816406 1.6383947134017944 9.396988868713379 17 14 2
2.133286714553833 1.7360588312149048 10.270613670349121 102 93 73
2.422135829925537 1.701696515083313 9.370654106140137 12 9 1
2.0760114192962646 1.4883514642715454 10.218056678771973 8 8 4
1.9652329683303833 1.41293203830719 10.488751411437988 13 14 8
2.0206682682037354 1.4429997205734253 10.344371795654297 149 145 122
2.0444133281707764 1.4662258625030518 10.285368919372559 155 148 126
2.370042324066162 1.591739296913147 9.402174949645996 24 19 12
2.3641207218170166 1.582926869392395 9.408500671386719 17 13 3
2.0626375675201416 1.4848119020462036 10.208827018737793 138 135 114
1.1227068901062012 1.5318914651870728 6.6991496086120605 145 131 100
1.1144695281982422 1.5137155055999756 6.701172828674316 153 134 110
2.3654446601867676 1.6104950904846191 9.374862670898438 48 40 21
2.337289810180664 1.5720789432525635 9.416936874389648 26 25 13
2.3855206966400146 1.6829869747161865 9.315367698669434 125 113 93
2.3265464305877686 1.5622276067733765 9.381892204284668 42 28 10
1.8574196100234985 1.326731562614441 10.503923416137695 14 15 4
1.2850602865219116 1.7186120748519897 8.683732986450195 147 136 116
2.319722890853882 1.5927165746688843 9.34826946258545 35 33 20
2.3714139461517334 1.6831729412078857 9.245938301086426 136 121 93
2.669055938720703 1.480554461479187 8.218893051147461 171 160 115
2.668290376663208 1.4767303466796875 8.212675094604492 176 160 116
1.7041308879852295 1.6059914827346802 7.851519584655762 37 35 23
2.322723388671875 1.6392250061035156 9.245004653930664 155 140 115
2.322099447250366 1.6436152458190918 9.222921371459961 34 23 2
2.8151519298553467 0.8448427319526672 7.346757888793945 171 160 118
2.8150322437286377 0.844497799873352 7.346227645874023 160 157 116
0.2499421089887619 1.0822046995162964 6.912777423858643 149 137 110
2.338003396987915 1.6755353212356567 9.144891738891602 29 24 13
1.9837234020233154 1.4881269931793213 9.9675874710083 148 139 101
2.2717444896698 1.6021238565444946 9.243688583374023 106 100 69
1.8457927703857422 1.3886332511901855 10.243256568908691 104 102 89
1.8752638101577759 1.107165813446045 9.983203887939453 14 13 4
2.325838327407837 1.6722800731658936 9.117015838623047 129 118 100
2.2911858558654785 1.6322734355926514 9.15999698638916 147 132 107
2.299558401107788 1.646830439567566 9.138566970825195 29 21 6
1.5741589069366455 3.7742409706115723 12.415507316589355 29 21 6
2.2855899333953857 1.634970784187317 9.136637687683105 146 134 108
2.26393723487854 1.6252158880233765 9.086782455444336 126 114 94
2.2511720657348633 1.616963267326355 9.106009483337402 122 107 83
1.9414105415344238 1.514768362045288 9.815787315368652 12 7 0
1.9449373483657837 1.5252779722213745 9.791838645935059 134 124 106
0.16960464417934418 1.785672903060913 7.452315807342529 162 139 109
2.0671207904815674 1.6599311828613281 9.546028137207031 117 109 86
1.9435672760009766 1.551188349723816 9.77109432220459 143 140 123
-27.406734466552734 29.34845542907715 33.1383056640625 164 148 113
2.171886920928955 1.5649757385253906 9.113898277282715 34 32 20
2.171886920928955 1.5649757385253906 9.113898277282715 34 32 20
1.5252615213394165 1.600973129272461 8.23670482635498 143 135 101
2.0485806465148926 1.669927954673767 9.461837768554688 131 120 96
-57.70615768432617 48.88306427001953 53.142486572265625 158 143 120
2.213890790939331 1.6031324863433838 8.995221138000488 24 19 3
2.1273796558380127 1.5605206489562988 9.174491882324219 31 27 2
2.166043758392334 1.5676074028015137 9.045637130737305 154 138 114
2.1169967651367188 1.5631873607635498 9.154566764831543 163 143 108
2.1208078861236572 1.5653856992721558 9.097219467163086 156 137 102
2.0996763706207275 1.5715858936309814 9.149239540100098 52 42 13
-17.847171783447266 20.092588424682617 22.276357650756836 28 26 11
1.999260425567627 1.6638046503067017 9.371888160705566 13 14 1
-17.13943862915039 19.66133689880371 21.796829223632812 35 30 11
1.0782580375671387 1.5714178085327148 6.538322448730469 33 26 11
1.8529809713363647 1.536019206047058 9.577482223510742 16 12 1
1.8529809713363647 1.536019206047058 9.577482223510742 16 12 1
1.8206439018249512 1.4972890615463257 9.571077346801758 158 129 86
0.34490257501602173 3.8929312229156494 10.762521743774414 62 51 26
1.268870234489441 3.485508680343628 11.745079040527344 29 26 13
2.120255947113037 1.5949641466140747 8.77170181274414 131 121 105
1.2475125789642334 1.506726622581482 10.551684379577637 48 47 25
1.4676971435546875 1.440568208694458 9.788192749023438 47 37 21
1.5434807538986206 1.4502243995666504 9.636190414428711 166 140 92
2.038691997528076 1.580078125 8.641051292419434 135 129 104
1.7429529428482056 1.593982458114624 9.247509956359863 90 87 77
-0.1321260780096054 1.5364066362380981 7.416642665863037 40 30 4
1.4006179571151733 3.5419023036956787 11.961237907409668 147 131 114
2.0253682136535645 1.6079697608947754 8.579713821411133 126 111 84
-14.705423355102539 21.630905151367188 27.750411987304688 42 32 7
2.1699841022491455 1.5674909353256226 8.989823341369629 145 126 106
1.4050582647323608 3.5056560039520264 11.956932067871094 145 126 106
-2.9340498447418213 6.072826385498047 15.842351913452148 34 28 2
1.1391279697418213 1.5146934986114502 6.742628574371338 143 124 92
-5.6855244636535645 7.39291524887085 18.84526824951172 49 43 25
-16.69856834411621 21.083040237426758 25.736465454101562 70 57 25
-5.6855244636535645 7.39291524887085 18.84526824951172 49 43 25
-0.17672698199748993 2.2837717533111572 8.788993835449219 31 23 7
-0.7755374312400818 2.5935535430908203 10.36201286315918 132 114 83
1.0394365787506104 1.4824727773666382 6.631265640258789 168 147 113
1.274695634841919 1.542387843132019 6.995945453643799 142 128 101
1.5646662712097168 2.415215015411377 10.999898910522461 111 107 91
-36.734188079833984 49.97793960571289 65.42889404296875 126 115 92
-0.8263471722602844 2.5937767028808594 10.401201248168945 49 41 14
2.2282445430755615 1.620908260345459 8.97008991241455 22 16 2
0.8427876234054565 1.6066638231277466 6.111806869506836 42 42 30
2.4065909385681152 0.10110705345869064 6.003057956695557 71 54 13
1.2843217849731445 1.5537124872207642 6.997424125671387 141 125 102
-14.781610488891602 18.098695755004883 20.727649688720703 147 128 103
1.9441380500793457 1.5536085367202759 9.741792678833008 65 57 47
-15.247870445251465 19.1866512298584 22.494853973388672 64 47 31
-15.247870445251465 19.1866512298584 22.494853973388672 64 47 31
0.8106831908226013 1.5117371082305908 6.130110263824463 128 115 87
-9.782075881958008 26.30277442932129 42.42809295654297 38 36 23
1.6506110429763794 1.3593534231185913 10.43248176574707 163 158 139
0.605872392654419 1.6786975860595703 7.239756107330322 157 145 123
1.903551459312439 1.5494104623794556 8.543194770812988 128 117 88
1.9630367755889893 1.5421090126037598 9.795104026794434 129 123 104
1.0567753314971924 1.5448176860809326 6.515318870544434 66 49 31
1.1615389585494995 1.4482461214065552 5.977603435516357 100 64 74
0.6412165760993958 1.7219825983047485 7.830212116241455 20 13 2
0.6412165760993958 1.7219825983047485 7.830212116241455 20 13 2
-24.32493019104004 25.689537048339844 43.09762954711914 49 46 28
1.8365353345870972 1.4109948873519897 10.158318519592285 169 162 141
1.305585265159607 1.4956049919128418 7.1469035148620605 40 37 17
-0.17126981914043427 1.7953555583953857 6.674332141876221 124 110 80
2.001288414001465 0.7664677500724792 6.915497303009033 161 141 107
1.334616780281067 1.416776180267334 5.911125659942627 189 167 135
1.334616780281067 1.416776180267334 5.911125659942627 189 167 135
-16.500200271606445 20.448131561279297 24.33340835571289 154 135 98
-61.21568298339844 58.320838928222656 66.5087890625 59 45 31
-22.82730484008789 24.98814582824707 28.126476287841797 164 147 121
0.7969778776168823 1.4877690076828003 6.185248374938965 62 55 34
2.3091015815734863 1.6311806440353394 9.230743408203125 18 18 8
0.8309788107872009 1.5000263452529907 6.1819167137146 33 29 15
1.043702244758606 1.539717435836792 6.497252941131592 59 47 30
0.6664197444915771 1.7925031185150146 6.56132173538208 70 55 34
0.8934372067451477 1.4846054315567017 6.3797736167907715 41 40 28
2.880612850189209 1.7771975994110107 10.317499160766602 106 101 82
1.8109192848205566 1.5568325519561768 8.498859405517578 159 146 111
1.034741759300232 1.5321534872055054 6.4961628913879395 148 129 95
0.8717190027236938 1.6041308641433716 10.184157371520996 153 131 106
1.034741759300232 1.5321534872055054 6.4961628913879395 148 129 95
2.429863452911377 -3.175957679748535 6.613646984100342 209 197 182
2.291353225708008 0.12991276383399963 6.72343635559082 16 14 2
-14.644771575927734 18.27573585510254 21.124311447143555 41 39 26
1.0557913780212402 1.3413612842559814 6.276612758636475 45 42 25
1.6363407373428345 -0.15515448153018951 5.537833213806152 96 87 59
0.967932939529419 1.5333709716796875 6.376582622528076 124 112 98
2.706723690032959 1.7559409141540527 9.920166015625 119 113 97
1.8997339010238647 1.4181675910949707 10.414566993713379 38 38 29
0.11489849537611008 1.7265770435333252 6.624459743499756 136 125 94
2.0865769386291504 1.7364307641983032 10.111872673034668 115 105 92
0.873322069644928 1.5141595602035522 6.226986408233643 43 37 22
-14.426451683044434 16.447589874267578 18.018896102905273 32 29 11
0.9158596396446228 1.601442813873291 6.239429473876953 40 35 19
1.7696746587753296 1.4993913173675537 8.023364067077637 17 12 1
2.574129104614258 1.6810394525527954 9.758110046386719 135 123 96
1.84807288646698 1.5697824954986572 8.224339485168457 139 120 104
2.560351610183716 1.6333285570144653 9.737361907958984 142 133 100
1.84807288646698 1.5697824954986572 8.224339485168457 139 120 104
1.84807288646698 1.5697824954986572 8.224339485168457 139 120 104
-24.9189453125 24.495649337768555 25.780811309814453 45 37 17
-0.0795399621129036 1.6029181480407715 6.777069568634033 74 66 37
0.8716641664505005 1.4847729206085205 6.278371334075928 54 46 33
0.9527083039283752 1.4853742122650146 6.4297943115234375 136 124 107
0.9527083039283752 1.4853742122650146 6.4297943115234375 136 124 107
0.8700112104415894 1.4812711477279663 6.291111469268799 155 141 115
1.0241237878799438 1.8553385734558105 9.25252914428711 49 45 27
-82.38301086425781 73.35612487792969 80.70525360107422 45 34 13
-82.38301086425781 73.35612487792969 80.70525360107422 45 34 13
0.8594491481781006 1.485212802886963 6.301268577575684 50 41 33
2.203075408935547 1.5081709623336792 10.684566497802734 122 108 83
0.8878883719444275 1.492992877960205 6.288731098175049 56 50 31
-6.873534679412842 10.856800079345703 15.039216995239258 143 131 101
0.8760872483253479 1.4803036451339722 6.308884620666504 123 110 85
2.5334243774414062 1.721316933631897 9.55271053314209 108 101 91
1.321465253829956 1.7171207666397095 8.703838348388672 140 124 100
1.3211168050765991 1.5545145273208618 7.046181678771973 26 27 13
-0.9921786785125732 8.58275318145752 24.477516174316406 9 9 5
2.3506672382354736 1.541361689567566 9.512924194335938 153 137 105
2.629887104034424 1.1882883310317993 8.663884162902832 22 18 7
1.7549285888671875 1.595864176750183 7.98891019821167 122 113 88
1.820076584815979 1.6082465648651123 8.125347137451172 23 25 13
-0.07133889943361282 1.8004088401794434 6.923334121704102 35 31 16
-10.961808204650879 13.616962432861328 14.952800750732422 150 135 99
1.1282578706741333 1.5497201681137085 6.690717697143555 44 41 24
-15.754727363586426 19.32259178161621 22.455446243286133 152 134 101
-16.996538162231445 19.50930404663086 21.629169464111328 49 35 15
0.8874748349189758 1.8331917524337769 8.840242385864258 47 31 2
0.8008353114128113 1.8213915824890137 8.773980140686035 132 119 76
0.8008353114128113 1.8213915824890137 8.773980140686035 132 119 76
1.6957017183303833 1.4054405689239502 9.93913459777832 69 54 25
2.0746009349823 1.5740776062011719 9.095711708068848 155 144 117
1.3770341873168945 1.450749158859253 6.323992729187012 165 107 77
0.37409070134162903 1.7836514711380005 7.5229926109313965 181 163 131
0.7939590811729431 1.5538654327392578 6.729417324066162 144 130 100
-16.27910041809082 20.25019073486328 23.878921508789062 161 141 96
1.8887865543365479 1.6563504934310913 9.188165664672852 30 26 14
-11.548890113830566 15.289714813232422 17.500205993652344 33 27 9
-55.492916107177734 52.60786819458008 58.52426528930664 70 57 18
-24.645471572875977 32.67928695678711 41.79677200317383 41 35 11
1.0858100652694702 1.5772912502288818 6.557984352111816 129 113 93
-42.40776824951172 50.99278259277344 65.40015411376953 22 19 3
2.3457915782928467 0.7452973127365112 7.5419816970825195 39 32 13
-13.918818473815918 17.984996795654297 21.188060760498047 88 67 39
1.0617421865463257 1.5188648700714111 6.578267574310303 155 140 98
1.18682062625885 1.5204848051071167 6.849952220916748 34 26 8
1.18682062625885 1.5204848051071167 6.849952220916748 34 26 8
-56.54878616333008 77.4618148803711 104.05137634277344 51 43 24
1.4807981252670288 1.5116145610809326 7.573482990264893 146 128 104
1.7302299737930298 1.6091172695159912 7.894655227661133 115 102 86
-5.652177333831787 8.573379516601562 13.153539657592773 150 133 109
0.9904698133468628 1.5418264865875244 6.390794277191162 48 37 19
1.4411015510559082 1.654924988746643 8.417269706726074 141 127 106
1.2248806953430176 1.5056146383285522 6.959967136383057 138 128 97
0.8317906856536865 1.495020866394043 6.1956682205200195 42 37 18
2.4227960109710693 1.400404930114746 11.18089771270752 54 50 35
0.894544780254364 1.5668606758117676 6.225419044494629 151 136 105
1.7180854082107544 1.4255350828170776 9.861122131347656 98 77 39
1.7180854082107544 1.4255350828170776 9.861122131347656 98 77 39
1.2020621299743652 1.4976983070373535 7.001715660095215 61 45 20
1.2020621299743652 1.4976983070373535 7.001715660095215 61 45 20
-12.62255573272705 15.943458557128906 18.254703521728516 90 76 39
0.8430286645889282 1.5368980169296265 6.163509368896484 156 137 111
0.9952355623245239 1.3398253917694092 6.148681163787842 61 50 35
-83.8111343383789 77.3674545288086 87.56076049804688 160 141 107
1.7394068241119385 1.553464651107788 8.004046440124512 119 109 81
0.28734421730041504 1.075559377670288 8.724628448486328 78 68 40
2.623966693878174 1.1940737962722778 8.650043487548828 95 88 81
1.5782114267349243 1.5768167972564697 8.215320587158203 32 27 5
1.7394068241119385 1.553464651107788 8.004046440124512 119 109 81
1.7394068241119385 1.553464651107788 8.004046440124512 119 109 81
-10.448516845703125 14.292778968811035 16.319150924682617 67 53 40
0.8267236351966858 1.5233216285705566 6.152876853942871 132 119 92
-1.9320052862167358 8.206706047058105 15.916193962097168 113 107 86
-10.164444923400879 9.875460624694824 16.144153594970703 61 47 22
2.3782873153686523 1.5385186672210693 9.31141185760498 158 142 114
-0.0009172559366561472 1.1196168661117554 8.169443130493164 66 53 29
0.5798265933990479 1.9682929515838623 7.2063398361206055 45 41 24
1.9324983358383179 1.3925930261611938 9.365717887878418 20 22 21
-0.26173466444015503 1.6535030603408813 7.611937046051025 67 55 35
-0.6497633457183838 3.2454540729522705 9.149871826171875 176 159 128
-3.8033103942871094 9.650179862976074 15.108460426330566 33 18 8
2.373816967010498 1.5512526035308838 9.32519817352295 158 142 114
1.8215361833572388 4.1084418296813965 10.444093704223633 186 182 150
1.9415533542633057 1.4333841800689697 9.412120819091797 154 147 130
1.3580881357192993 1.954129934310913 7.045868873596191 90 89 65
0.4373880624771118 1.8475548028945923 7.506723403930664 51 44 33
0.4373880624771118 1.8475548028945923 7.506723403930664 51 44 33
-0.8570643067359924 4.284627437591553 8.726447105407715 163 142 110
1.165212869644165 2.6595375537872314 9.189146995544434 155 134 111
2.3526618480682373 1.5563308000564575 9.29242992401123 44 42 20
-0.3827489912509918 1.3386142253875732 8.291443824768066 80 64 39
1.9437047243118286 1.4354628324508667 9.401644706726074 109 98 83
-47.90816116333008 -31.21443748474121 121.67108154296875 71 41 33
-1.7318974733352661 3.607163429260254 14.039772987365723 57 51 20
-1.0135772228240967 2.976231098175049 9.326881408691406 172 151 115
-1.773073673248291 4.375275611877441 10.855120658874512 160 146 112
2.048920154571533 1.375924825668335 9.791815757751465 161 151 123
1.5932881832122803 2.967423915863037 11.286408424377441 49 41 18
-0.1954074203968048 1.6178474426269531 11.792658805847168 93 79 35
0.7086170315742493 2.145618438720703 7.394679069519043 58 48 24
2.0798473358154297 1.9478634595870972 9.435979843139648 140 124 100
-0.7851526141166687 4.259122848510742 12.414788246154785 151 139 116
-2.8022749423980713 4.299659252166748 9.508939743041992 45 29 5
0.8111475110054016 2.1412150859832764 7.6206865310668945 57 46 25
-2.9359240531921387 4.853536605834961 13.835515975952148 22 19 3
-3.275848388671875 5.130731105804443 14.04265022277832 159 146 120
1.9299949407577515 1.59437096118927 8.325115203857422 148 130 103
2.6069111824035645 1.6127575635910034 9.799220085144043 37 38 21
2.6069111824035645 1.6127575635910034 9.799220085144043 37 38 21
3.2778561115264893 2.312882661819458 8.906804084777832 191 176 128
2.3645598888397217 1.5623191595077515 9.341066360473633 158 142 114
2.3645598888397217 1.5623191595077515 9.341066360473633 158 142 114
-2.70094895362854 5.212743282318115 12.730951309204102 67 60 38
-5.661953926086426 9.801097869873047 22.02083396911621 180 168 150
0.5517081618309021 1.4062707424163818 10.331239700317383 164 145 104
1.9123170375823975 1.4675766229629517 9.353728294372559 164 155 137
2.7109861373901367 1.6152749061584473 9.971790313720703 152 141 110
1.3121438026428223 1.5568857192993164 7.047103404998779 37 37 26
2.669936418533325 1.5677560567855835 9.961743354797363 147 132 100
2.669936418533325 1.5677560567855835 9.961743354797363 147 132 100
1.3952879905700684 1.5517200231552124 7.235919952392578 48 42 28
-1.7513773441314697 3.211796522140503 12.136139869689941 31 27 8
2.411902904510498 1.6062673330307007 9.364018440246582 29 25 13
1.933435320854187 1.6159614324569702 8.325937271118164 147 129 100
-5.213718414306641 8.8228120803833 16.470563888549805 147 134 108
2.5972161293029785 1.6279135942459106 9.776865005493164 170 154 128
2.3433830738067627 1.5677999258041382 9.30837631225586 44 42 20
2.559652090072632 1.5557020902633667 9.598621368408203 32 31 20
0.4673740267753601 2.0206117630004883 8.015335083007812 58 43 20
0.5500070452690125 1.5970615148544312 7.523584365844727 78 63 41
1.2131620645523071 2.6822190284729004 9.537195205688477 137 128 90
1.4969935417175293 1.5046513080596924 7.531216621398926 173 153 118
1.5510261058807373 1.5772433280944824 7.526757717132568 151 135 112
1.5380858182907104 1.727016806602478 8.03432846069336 37 34 14
-3.1894750595092773 5.1687798500061035 11.083906173706055 172 151 115
-1.0012588500976562 2.872767448425293 9.28636360168457 168 149 108
1.688446044921875 1.562499761581421 7.854775905609131 58 49 27
-2.7103524208068848 5.831241130828857 11.035781860351562 33 24 8
1.555389404296875 1.5372453927993774 7.602692127227783 56 50 28
1.1716220378875732 1.2294163703918457 7.737222671508789 178 160 127
-1.1968752145767212 2.6697704792022705 8.095938682556152 49 34 15
-9.827260971069336 9.307144165039062 16.168956756591797 166 149 119
1.2524046897888184 1.5267082452774048 6.977470874786377 33 31 20
0.8854013681411743 1.9789612293243408 7.197547912597656 33 31 20
1.2688815593719482 1.5322420597076416 7.002495288848877 31 28 29
-9.870165824890137 13.278939247131348 18.306346893310547 156 143 111
2.331650733947754 1.4028513431549072 10.811683654785156 172 135 83
1.299680233001709 1.5489814281463623 7.030970573425293 175 156 124
1.299680233001709 1.5489814281463623 7.030970573425293 175 156 124
-1.3115017414093018 3.5833323001861572 8.458141326904297 45 35 12
-7.105252742767334 8.902524948120117 15.227944374084473 143 135 106
0.3933994472026825 2.5709471702575684 7.607512950897217 58 48 24
-1.9497047662734985 3.51249623298645 10.379595756530762 169 155 131
-3.147947072982788 5.341653823852539 11.559381484985352 154 139 108
-3.147947072982788 5.341653823852539 11.559381484985352 154 139 108
1.2793068885803223 1.4898792505264282 7.089229106903076 72 57 33
-3.8018226623535156 7.400330543518066 12.696924209594727 170 151 127
-5.207979202270508 36.3875617980957 55.49607849121094 178 164 120
1.7043349742889404 2.1218385696411133 9.031241416931152 33 26 8
-3.40305757522583 5.991018295288086 15.032838821411133 153 134 101
-13.532309532165527 17.424558639526367 28.53362464904785 155 148 119
2.244715929031372 1.2419917583465576 8.176626205444336 37 33 14
1.957593560218811 1.5831671953201294 8.438748359680176 127 116 85
0.4988391697406769 2.5674757957458496 7.856926441192627 57 46 25
-3.480832815170288 5.149227619171143 10.245031356811523 19 12 1
-27.073997497558594 26.714385986328125 42.36253356933594 173 163 139
1.9427000284194946 1.6771620512008667 8.35905933380127 129 114 96
-11.370028495788574 15.32851505279541 23.469234466552734 165 148 110
-12.921359062194824 -8.55268669128418 16.52678871154785 222 212 192
-0.8664173483848572 3.599367141723633 8.926817893981934 169 156 130
-0.8664173483848572 3.599367141723633 8.926817893981934 169 156 130
1.8361924886703491 1.5702989101409912 8.182376861572266 150 135 114
-8.80923080444336 8.819315910339355 14.007568359375 150 135 113
2.3790409564971924 1.6955950260162354 9.25738525390625 152 136 110
2.5911099910736084 1.635849118232727 9.832874298095703 37 38 21
-4.906919956207275 6.3301873207092285 14.351431846618652 48 28 1
1.9698246717453003 1.4721932411193848 9.711817741394043 154 143 123
2.347818374633789 1.6248399019241333 9.326258659362793 35 31 18
-1.225562572479248 4.8154449462890625 11.091741561889648 41 27 11
-14.796794891357422 16.915178298950195 24.183454513549805 34 33 16
2.31697416305542 1.5562877655029297 9.349645614624023 160 146 117
2.31697416305542 1.5562877655029297 9.349645614624023 160 146 117
-14.220755577087402 16.549911499023438 23.6561336517334 51 35 5
2.331981897354126 1.5560109615325928 9.366841316223145 43 39 19
2.348830461502075 1.5823981761932373 9.367864608764648 158 142 114
2.3262524604797363 1.5446714162826538 9.385237693786621 155 139 115
2.0004959106445312 1.2081702947616577 7.662817001342773 21 15 11
-6.738750457763672 8.112857818603516 16.650474548339844 174 153 121
0.866239070892334 1.9861055612564087 7.173231601715088 53 42 18
0.8782097697257996 1.9906165599822998 7.180825710296631 163 140 109
0.8727394938468933 1.939423680305481 7.226230621337891 171 150 125
0.9245755076408386 2.018815517425537 7.434080123901367 125 116 81
0.7573246359825134 3.4128856658935547 11.557207107543945 164 155 137
2.694399118423462 1.639493465423584 10.009212493896484 152 141 110
1.3193291425704956 1.556064486503601 7.0456342697143555 37 37 26
-3.424072027206421 5.107648849487305 9.73355770111084 35 33 13
2.698141574859619 1.6823310852050781 9.99986457824707 43 37 20
1.374504566192627 1.7949403524398804 7.777198791503906 173 155 117
1.1648578643798828 1.9891189336776733 7.892648696899414 167 146 114
2.4247360229492188 1.6801670789718628 9.381669998168945 126 115 83
2.4247360229492188 1.6801670789718628 9.381669998168945 126 115 83
0.6418729424476624 2.6098155975341797 8.245745658874512 44 37 12
1.926049828529358 1.6268178224563599 8.33537483215332 147 129 100
1.4176579713821411 1.5492595434188843 7.270235538482666 42 34 28
2.3713247776031494 1.6103378534317017 9.369424819946289 49 38 21
1.416679859161377 1.5522421598434448 7.277384281158447 41 35 26
1.0426613092422485 1.9901715517044067 7.570146560668945 141 124 96
-0.9983137249946594 4.461538314819336 10.779781341552734 47 41 21
1.523818016052246 3.168700933456421 11.924330711364746 42 34 5
-36.48233413696289 49.188438415527344 54.53107452392578 36 22 1
1.523546814918518 2.0578360557556152 8.628478050231934 153 136 110
1.788299322128296 1.6097252368927002 8.030671119689941 35 30 18
1.788299322128296 1.6097252368927002 8.030671119689941 35 30 18
-18.388465881347656 21.273374557495117 30.233272552490234 146 130 107
-1.6396656036376953 3.4538590908050537 9.277519226074219 39 26 8
-1.162371039390564 4.728443622589111 11.24807357788086 164 150 118
1.2561373710632324 1.52018404006958 6.990586757659912 162 142 112
1.2826987504959106 1.5545331239700317 6.998908519744873 154 137 115
1.2827777862548828 1.5549113750457764 6.999408721923828 154 137 115
-19.382736206054688 19.927566528320312 22.29533576965332 107 82 52
1.5525808334350586 1.6961911916732788 7.991740703582764 172 151 112
1.2366877794265747 1.5174050331115723 6.958407878875732 64 53 32
1.2366877794265747 1.5174050331115723 6.958407878875732 64 53 32
2.079075574874878 0.9727277755737305 7.4800262451171875 22 15 13
1.8021804094314575 1.2975811958312988 10.627457618713379 22 20 12
2.3629627227783203 1.5766533613204956 9.400811195373535 16 13 2
1.2342039346694946 1.5670620203018188 6.884751796722412 21 24 17
1.5514776706695557 1.5742956399917603 7.525595664978027 151 135 112
1.8436329364776611 1.1876208782196045 10.234859466552734 16 17 12
2.1555206775665283 1.5673848390579224 8.918744087219238 156 136 104
2.8709335327148438 1.668352723121643 10.276695251464844 121 109 97
2.6038150787353516 1.7012286186218262 9.74539852142334 36 35 18
-0.9603974223136902 2.231342077255249 9.080432891845703 32 28 8
2.3571653366088867 1.322820782661438 11.011551856994629 156 152 138
2.403701066970825 1.6437550783157349 9.38836669921875 134 127 96
-0.2564350366592407 3.9908998012542725 9.150882720947266 30 24 20
1.1998878717422485 1.5109502077102661 6.905146598815918 151 137 116
0.5341254472732544 2.3716344833374023 7.30176305770874 151 137 116
-0.9952769875526428 2.2259225845336914 9.114017486572266 223 219 216
-1.0245474576950073 2.22560715675354 9.130730628967285 229 226 222
-1.0245474576950073 2.22560715675354 9.130730628967285 229 226 222
1.5642942190170288 1.5809400081634521 7.544720649719238 32 26 21
0.9953835606575012 1.7483842372894287 8.36819076538086 40 36 18
2.397397756576538 1.6247880458831787 9.40574836730957 27 23 12
1.7959870100021362 1.3608958721160889 10.796457290649414 22 22 12
-1.0075879096984863 2.220508098602295 9.1533842086792 61 47 22
1.039302945137024 2.4023568630218506 8.508621215820312 52 46 26
2.184695243835449 1.5850067138671875 8.945964813232422 158 142 117
2.4415056705474854 1.7088195085525513 9.388071060180664 155 152 140
-19.956876754760742 27.570755004882812 26.203474044799805 174 160 130
0.5564733743667603 1.3911975622177124 10.690167427062988 61 49 27
1.5719116926193237 1.5723116397857666 7.578281879425049 26 18 8
2.842977285385132 1.6372357606887817 10.23181438446045 110 103 87
0.8986634016036987 2.430433988571167 8.183235168457031 24 20 16
0.8986634016036987 2.430433988571167 8.183235168457031 24 20 16
1.030434250831604 2.4100143909454346 8.485267639160156 175 155 122
-6.1793742179870605 6.320579528808594 10.564626693725586 171 151 116
2.4579691886901855 1.729114294052124 9.386012077331543 145 145 146
1.3504841327667236 2.5275869369506836 11.264348030090332 16 16 5
1.5641016960144043 1.5537816286087036 7.588412284851074 32 24 18
-1.4600622653961182 2.396589517593384 9.525982856750488 172 158 131
1.6845107078552246 2.5182552337646484 9.957254409790039 24 20 12
2.333745241165161 1.3777414560317993 10.945298194885254 182 174 155
1.5598419904708862 1.5306832790374756 7.606002330780029 40 34 12
1.5598419904708862 1.5306832790374756 7.606002330780029 40 34 12
0.9419717788696289 1.7404826879501343 8.338903427124023 50 43 11
0.9419717788696289 1.7404826879501343 8.338903427124023 50 43 11
-0.6181532144546509 3.7086451053619385 8.099532127380371 37 24 5
1.2514177560806274 1.528049111366272 6.978011131286621 33 31 20
0.5944669842720032 2.394066095352173 7.392462253570557 33 31 20
1.2514177560806274 1.528049111366272 6.978011131286621 33 31 20
1.3669703006744385 2.701878070831299 11.6127290725708 18 16 15
2.2141828536987305 1.6029642820358276 8.997488975524902 37 25 10
2.4350547790527344 1.6539041996002197 9.397542953491211 140 134 116
0.9156324863433838 2.411332130432129 8.234448432922363 73 61 28
2.025118112564087 0.9716970324516296 7.413036346435547 126 120 86
1.5924773216247559 1.5573259592056274 7.626049518585205 42 40 22
1.5742758512496948 1.528653860092163 7.636573791503906 40 36 22
-6.570478916168213 10.801187515258789 15.621686935424805 154 142 105
-1.0351076126098633 3.370431900024414 10.029929161071777 172 158 132
1.1838281154632568 2.113375186920166 8.026586532592773 154 136 109
1.2833592891693115 1.5490295886993408 7.01115083694458 29 27 18
1.2833592891693115 1.5490295886993408 7.01115083694458 29 27 18
2.295258045196533 1.4421886205673218 10.88803482055664 172 135 83
-0.9580045342445374 3.2762014865875244 9.919608116149902 160 147 121
0.6102501153945923 2.3652865886688232 7.446891784667969 69 60 37
0.6102501153945923 2.3652865886688232 7.446891784667969 69 60 37
-49.122066497802734 56.56535720825195 54.97047805786133 167 156 134
1.3011581897735596 1.5479416847229004 7.030358791351318 175 156 124
1.3011581897735596 1.5479416847229004 7.030358791351318 175 156 124
1.296944499015808 1.528900384902954 7.0417799949646 60 47 24
-3.361488103866577 4.816383361816406 9.546534538269043 167 149 117
1.8712939023971558 1.3692392110824585 10.591042518615723 11 10 2
1.8712939023971558 1.3692392110824585 10.591042518615723 11 10 2
1.2757937908172607 1.4956059455871582 7.071960926055908 173 150 119
2.237946033477783 1.0426647663116455 9.432291984558105 20 20 15
1.6038322448730469 1.5206893682479858 7.767631530761719 150 141 120
0.19625616073608398 1.8350428342819214 7.591180324554443 166 152 112
0.6259499788284302 2.3448612689971924 7.5287766456604 72 57 33
0.9084104299545288 1.748665690422058 8.256720542907715 170 151 127
2.6721389293670654 1.5386301279067993 10.11346435546875 36 31 12
0.8661788105964661 1.7407310009002686 8.243494987487793 175 154 128
0.6402447819709778 2.3561136722564697 7.550239086151123 179 158 123
2.1506707668304443 1.5947370529174805 8.82033634185791 147 136 116
0.9914923906326294 1.5698388814926147 10.012693405151367 189 162 115
1.7392886877059937 1.5888468027114868 9.230805397033691 101 96 89
1.5500540733337402 2.473111152648926 9.741998672485352 22 17 2
1.5740039348602295 2.517538547515869 9.734010696411133 153 138 111
1.5740039348602295 2.517538547515869 9.734010696411133 153 138 111
2.691288709640503 1.5888296365737915 10.023472785949707 31 27 16
2.6574487686157227 1.5446773767471313 10.054676055908203 169 152 133
-0.3189835548400879 2.0175397396087646 7.927662372589111 172 157 131
1.5699259042739868 2.386270761489868 9.61795425415039 152 136 109
1.5994908809661865 1.5731106996536255 9.253144264221191 140 140 132
1.591161847114563 1.5806288719177246 9.248823165893555 16 18 5
1.8448817729949951 1.5236471891403198 9.550820350646973 18 10 6
0.2472831904888153 1.8460588455200195 7.675647735595703 180 165 126
2.052544116973877 1.5608772039413452 8.681312561035156 156 139 109
2.190659761428833 1.57337486743927 9.170337677001953 138 129 102
2.6697092056274414 1.5680993795394897 10.02330493927002 73 59 19
1.5954406261444092 1.7053121328353882 9.136406898498535 160 145 121
2.0167293548583984 1.658522129058838 8.685063362121582 133 120 102
2.0183959007263184 1.5537647008895874 8.633026123046875 157 142 117
2.0244662761688232 1.5664783716201782 8.627917289733887 20 16 5
2.7161242961883545 1.687996745109558 9.993619918823242 34 27 14
1.4524049758911133 2.4918577671051025 9.519791603088379 171 152 118
2.6429779529571533 1.550544023513794 10.032889366149902 39 16 19
1.4689445495605469 2.5718960762023926 9.457569122314453 51 38 13
2.0276453495025635 1.6225377321243286 8.542370796203613 141 128 105
2.011585235595703 1.6074079275131226 8.537365913391113 149 134 112
1.9762070178985596 1.5584203004837036 8.54389476776123 164 149 122
2.0386993885040283 1.6734956502914429 8.52017879486084 16 12 3
-0.46191665530204773 3.8819847106933594 8.527605056762695 62 50 26
-35.51523208618164 31.014453887939453 52.91475296020508 64 48 26
-0.5107741951942444 1.531883716583252 8.057391166687012 181 160 129
0.1799846589565277 1.8705846071243286 7.825547218322754 167 157 122
-7.306159973144531 7.411141872406006 12.37458610534668 168 150 112
2.20251727104187 1.439299464225769 10.654136657714844 17 16 3
-3.2277493476867676 4.074344158172607 13.974926948547363 60 52 27
-69.53324890136719 85.5426254272461 101.63253021240234 23 18 3
-41.98942184448242 55.39253616333008 66.48197174072266 145 135 106
2.284989356994629 1.0086419582366943 7.944541931152344 127 116 85
-0.4371808171272278 3.903681516647339 8.58873462677002 57 46 25
2.68558406829834 1.7157537937164307 9.976716041564941 141 135 113
1.3842872381210327 1.5247714519500732 7.248013019561768 62 54 36
1.9447284936904907 1.607082486152649 8.379919052124023 149 130 103
0.2171306014060974 1.8762134313583374 7.867336750030518 166 149 116
2.2133727073669434 0.8725405931472778 7.875672340393066 187 170 128
1.9379100799560547 1.6154112815856934 8.358465194702148 32 29 9
1.9379100799560547 1.6154112815856934 8.358465194702148 32 29 9
2.2941043376922607 1.6346068382263184 9.163615226745605 158 141 113
-2.294847249984741 7.95731782913208 14.068778038024902 53 32 14
-2.356243371963501 7.9441142082214355 14.077120780944824 43 28 4
1.9194340705871582 1.6043459177017212 8.335906982421875 148 130 103
1.3097459077835083 1.7214552164077759 8.86970329284668 28 26 13
1.3178166151046753 2.4843502044677734 9.11740779876709 163 149 120
2.595546245574951 1.5534378290176392 9.964743614196777 20 15 4
1.4082390069961548 1.5280925035476685 7.285745143890381 24 20 14
-1.0013748407363892 6.224803924560547 12.23188304901123 30 25 3
1.8974493741989136 1.5955427885055542 8.301021575927734 17 14 2
0.7487927079200745 2.4032816886901855 7.803969860076904 30 23 7
1.3979694843292236 1.5129294395446777 7.298237323760986 30 23 7
1.3979694843292236 1.5129294395446777 7.298237323760986 30 23 7
1.288595199584961 2.4728970527648926 9.064520835876465 188 172 137
1.288595199584961 2.4728970527648926 9.064520835876465 188 172 137
2.3276987075805664 1.4587799310684204 7.862545490264893 172 162 107
-1.5218544006347656 4.899692535400391 12.108539581298828 158 140 112
1.2737928628921509 2.451308012008667 9.052312850952148 43 26 5
1.2737928628921509 2.451308012008667 9.052312850952148 43 26 5
0.8337815403938293 3.1469321250915527 9.588088989257812 32 28 25
-2.3942573070526123 8.053900718688965 13.759469032287598 61 45 20
0.7575104832649231 2.3904011249542236 7.839395523071289 29 25 12
-10.393388748168945 14.02247428894043 15.973562240600586 52 42 12
1.8317276239395142 1.5693506002426147 8.183850288391113 150 135 114
-23.161895751953125 29.932321548461914 26.007600784301758 39 25 6
1.4221185445785522 -3.0441484451293945 6.936595439910889 20 16 15
0.8628665208816528 1.857603669166565 8.909597396850586 160 138 103
1.1458218097686768 1.7316131591796875 8.646801948547363 164 147 126
0.6075347065925598 1.7506822347640991 7.850780010223389 173 157 134
-42.32115173339844 60.155433654785156 59.1997184753418 173 156 121
1.7564690113067627 1.5374211072921753 8.098855972290039 16 13 7
1.1998627185821533 2.4697937965393066 8.79660701751709 155 143 117
2.338176965713501 1.6375787258148193 9.26833724975586 152 136 109
1.1717417240142822 1.7395012378692627 8.584851264953613 27 22 8
2.4806506633758545 1.5469053983688354 9.975822448730469 166 149 120
1.7728097438812256 1.552795648574829 8.075180053710938 21 14 0
1.770025610923767 1.5505564212799072 8.076152801513672 14 10 2
1.190537452697754 2.4618427753448486 8.782755851745605 14 10 2
2.5451180934906006 1.5961936712265015 9.889874458312988 169 152 128
2.2640414237976074 1.543649673461914 9.333773612976074 128 119 98
1.1811670064926147 2.4558534622192383 8.761847496032715 153 139 113
1.7961584329605103 1.6096370220184326 8.050415992736816 134 127 106
2.612485647201538 1.6635934114456177 9.810579299926758 157 144 126
-0.3486984670162201 3.939190626144409 8.896371841430664 165 152 121
1.7711668014526367 1.4842463731765747 8.022587776184082 168 152 128
1.7873766422271729 1.5986021757125854 8.041547775268555 143 132 110
2.586683988571167 1.6294220685958862 9.831557273864746 37 38 21
1.7873766422271729 1.5986021757125854 8.041547775268555 143 132 110
1.9350591897964478 1.514182448387146 9.76935863494873 154 143 123
2.3863039016723633 1.6893385648727417 9.289002418518066 10 8 0
2.599522590637207 1.6728042364120483 9.794852256774902 174 161 142
2.419161796569824 1.5411165952682495 9.731389999389648 110 108 87
2.052675485610962 1.4220407009124756 7.108188152313232 197 178 120
2.3426308631896973 1.6233100891113281 9.329124450683594 35 31 18
1.4847095012664795 1.5386877059936523 7.436524868011475 22 23 17
1.4847095012664795 1.5386877059936523 7.436524868011475 22 23 17
1.9546585083007812 1.5255273580551147 9.794466972351074 15 14 9
-0.34118908643722534 2.488231658935547 9.712703704833984 149 136 117
2.3076846599578857 1.5557153224945068 9.355627059936523 160 146 117
-37.69876480102539 46.94057083129883 49.42268371582031 16 13 0
-45.09721755981445 54.37861251831055 56.98988723754883 29 17 0
-41.32624053955078 50.55302810668945 53.152652740478516 50 39 4
-49.78644943237305 59.053009033203125 61.80698013305664 13 11 1
2.028202533721924 1.441867470741272 10.238889694213867 169 162 143
-58.615867614746094 67.82596588134766 70.46027374267578 153 135 93
1.5001070499420166 1.547650933265686 7.452068328857422 142 133 102
2.0627496242523193 1.4649208784103394 10.170873641967773 10 13 5
2.0749714374542236 1.442694902420044 10.269201278686523 144 138 115
1.7363522052764893 1.5756943225860596 7.968899250030518 145 130 105
1.8961365222930908 1.3238734006881714 10.411055564880371 11 10 3
2.323843479156494 1.5536539554595947 9.370650291442871 43 39 19
2.36159086227417 1.6226671934127808 9.3551664352417 162 147 122
2.388624906539917 1.6728609800338745 9.348822593688965 129 115 87
2.316741704940796 1.5428199768066406 9.390382766723633 155 139 115
1.0789247751235962 1.7488093376159668 8.446824073791504 171 152 124
0.7302380204200745 1.7564479112625122 7.963510036468506 31 27 15
2.0990519523620605 1.4733757972717285 7.634525775909424 189 178 118
1.7142637968063354 1.5717170238494873 7.912559986114502 20 16 14
2.5155160427093506 1.6106371879577637 9.845620155334473 166 148 133
1.2256580591201782 1.5624680519104004 6.8727006912231445 150 137 119
1.7979249954223633 1.544255256652832 8.15949821472168 133 126 98
0.5179545283317566 2.3624298572540283 7.282191276550293 46 38 17
1.2186625003814697 1.5476878881454468 6.885435104370117 149 133 107
0.8093753457069397 4.570820331573486 12.570674896240234 126 116 84
1.670545220375061 2.5150418281555176 9.923619270324707 156 139 114
1.6700520515441895 2.5001518726348877 9.945488929748535 151 135 101
1.2394394874572754 1.5284708738327026 6.953477382659912 53 42 18
2.4169883728027344 1.3608779907226562 11.111516952514648 130 126 114
2.2782950401306152 1.636633276939392 9.064682006835938 117 107 88
-3.9512405395507812 14.523282051086426 20.451379776000977 78 73 39
1.250123143196106 1.5342069864273071 6.960903167724609 163 140 109
1.6703925132751465 1.6758556365966797 9.296131134033203 19 19 5
2.252866744995117 1.6145374774932861 9.102161407470703 129 115 89
-4.972489356994629 5.722433090209961 10.67905330657959 171 151 111
1.2622605562210083 1.5336893796920776 6.9872212409973145 161 139 100
1.2256559133529663 1.4911137819290161 7.000847816467285 62 49 21
0.1609150618314743 1.8283320665359497 7.474438667297363 154 138 111
0.5787188410758972 2.350292682647705 7.423704147338867 171 150 125
0.5787188410758972 2.350292682647705 7.423704147338867 171 150 125
0.5908944010734558 2.3623411655426025 7.426695823669434 68 51 22
0.2911546528339386 1.7421684265136719 7.421471118927002 170 156 121
-0.46998080611228943 4.661769390106201 12.283910751342773 143 129 96
-35.95458221435547 32.64775466918945 57.1228141784668 114 106 72
2.034658908843994 1.5642956495285034 8.649898529052734 152 136 109
-1.0239263772964478 2.3852767944335938 11.892607688903809 60 56 27
0.20041179656982422 1.8482953310012817 7.524882793426514 27 29 19
0.20041179656982422 1.8482953310012817 7.524882793426514 27 29 19
2.0486505031585693 1.6153541803359985 8.616532325744629 133 118 99
1.3226999044418335 1.5531800985336304 7.04410457611084 37 37 26
-0.35653719305992126 2.002018928527832 7.804018497467041 168 155 121
-1.059058427810669 3.9739348888397217 8.722779273986816 151 138 108
0.21472696959972382 1.8496946096420288 7.552762985229492 168 154 115
0.2000730335712433 1.8407878875732422 7.569293975830078 163 150 119
1.3000279664993286 1.5119044780731201 7.0759053230285645 52 45 28
-77.57566833496094 97.27068328857422 120.06336212158203 147 129 105
2.027679443359375 1.608583927154541 8.58006477355957 143 124 92
-43.52419662475586 58.824485778808594 73.01863098144531 12 9 0
1.718468427658081 2.5009963512420654 10.07829761505127 122 111 90
1.718468427658081 2.5009963512420654 10.07829761505127 122 111 90
-7.432320594787598 7.1052045822143555 14.743165016174316 74 64 32
2.6956827640533447 1.6743942499160767 9.99589729309082 43 37 20
1.634723424911499 1.4938808679580688 7.694060802459717 125 114 93
1.6496273279190063 1.5770493745803833 7.743353843688965 118 104 76
-0.48155030608177185 3.870142698287964 8.527305603027344 174 155 125
-0.5290111303329468 4.01083517074585 9.592495918273926 161 146 112
1.9898813962936401 1.582613229751587 8.525496482849121 40 38 21
1.5896735191345215 1.530470848083496 7.6761555671691895 131 120 96
1.3864232301712036 1.5548322200775146 7.204578876495361 119 109 81
1.6082916259765625 1.59896719455719 7.629835605621338 22 24 19
-0.13461853563785553 3.94096040725708 9.604235649108887 155 141 107
2.392070770263672 1.58621084690094 9.425817489624023 33 25 8
2.392070770263672 1.58621084690094 9.425817489624023 33 25 8
2.692317485809326 1.7055398225784302 9.988621711730957 21 18 8
1.5742526054382324 1.5434534549713135 7.606922149658203 173 155 117
1.5742526054382324 1.5434534549713135 7.606922149658203 173 155 117
2.0863327980041504 1.7422398328781128 10.106378555297852 114 110 84
2.3270294666290283 1.0399428606033325 7.9464287757873535 143 127 102
-0.2631596326828003 3.9726836681365967 9.224692344665527 80 61 30
0.8221210241317749 2.790576219558716 8.719712257385254 132 116 88
1.6721655130386353 1.5528337955474854 7.831350803375244 132 116 88
1.553412914276123 1.544387698173523 7.573531627655029 142 122 97
2.651812791824341 1.3519185781478882 9.11322021484375 17 18 15
0.8850800395011902 2.4236114025115967 8.166158676147461 167 146 114
1.9587268829345703 0.9994783997535706 7.196849822998047 162 141 117
1.4007736444473267 1.5501582622528076 7.234308242797852 48 42 28
1.3948670625686646 2.545621871948242 9.2447509765625 136 123 97
1.9474515914916992 1.4494526386260986 9.918950080871582 188 177 147
-0.9411962628364563 2.240220546722412 9.108007431030273 93 86 69
1.7071020603179932 1.5963274240493774 7.863527774810791 44 35 15
-6.60209846496582 6.999057769775391 17.63545799255371 152 132 90
-55.297794342041016 63.5797004699707 63.83475112915039 145 125 98
1.7192574739456177 1.5941557884216309 7.879472732543945 64 51 29
2.4285268783569336 1.7079612016677856 9.378790855407715 14 9 2
2.3694701194763184 1.5871200561523438 9.396595001220703 28 21 8
-130.00003051757812 138.10513305664062 135.76962280273438 147 132 97
0.8416333794593811 2.3995115756988525 8.099385261535645 44 37 12
-0.4134253263473511 3.9180314540863037 8.644073486328125 91 69 29
1.2559959888458252 2.4324662685394287 9.16784381866455 38 40 19
2.4270074367523193 1.7245546579360962 9.356523513793945 21 21 16
-50.81503677368164 51.09941864013672 57.81464385986328 152 140 110
-0.08074190467596054 2.0846564769744873 9.295811653137207 59 47 23
2.106358289718628 0.9972062110900879 7.4968719482421875 136 120 95
2.3663992881774902 1.6086641550064087 9.371943473815918 49 38 21
1.5329407453536987 1.5799344778060913 7.482775688171387 150 120 89
1.9086612462997437 1.6103609800338745 8.31872272491455 37 35 20
1.4206106662750244 1.5439547300338745 7.2732720375061035 41 35 26
2.0488905906677246 1.461055040359497 10.160588264465332 153 147 127
-2.6724681854248047 4.921097755432129 10.490862846374512 151 130 95
1.3586314916610718 1.4907480478286743 7.310210227966309 168 152 120
-0.0002046435693046078 4.04327917098999 9.89584732055664 145 134 105
0.3709743320941925 3.383761405944824 9.437562942504883 156 144 109
-0.414733350276947 3.9095728397369385 8.692656517028809 70 54 34
1.4547709226608276 1.5012708902359009 7.478726387023926 52 38 8
1.6337255239486694 1.2546393871307373 7.136903762817383 146 129 101
1.430018424987793 1.5639010667800903 7.301155090332031 138 120 96
1.4938158988952637 1.5366922616958618 7.457744598388672 139 124 89
-0.9008946418762207 2.3107175827026367 10.04042911529541 58 46 15
-62.4692497253418 75.3390884399414 85.35787963867188 133 121 96
2.592148542404175 1.5752559900283813 9.934892654418945 13 15 0
2.2719404697418213 1.5991041660308838 9.239755630493164 101 90 61
1.7450177669525146 1.5719529390335083 7.984114170074463 28 24 4
1.121081829071045 1.7431756258010864 8.490381240844727 164 154 117
1.5064688920974731 1.5763707160949707 7.437712669372559 135 116 85
2.3191802501678467 1.587339997291565 9.340471267700195 44 42 20
2.498436212539673 1.637090802192688 9.717042922973633 32 31 20
2.1321330070495605 1.739475965499878 10.260693550109863 110 96 75
2.5397493839263916 1.6066699028015137 9.857605934143066 175 161 135
-3.6599228382110596 4.000383377075195 10.6139554977417 146 139 106
-2.413193464279175 8.014359474182129 13.736526489257812 171 157 127
1.8492968082427979 1.5675171613693237 8.221023559570312 153 136 110
1.8492968082427979 1.5675171613693237 8.221023559570312 153 136 110
1.8492968082427979 1.5675171613693237 8.221023559570312 153 136 110
2.5595967769622803 1.6998790502548218 9.636893272399902 42 36 22
1.786873698234558 1.6083065271377563 8.030975341796875 35 30 18
1.786873698234558 1.6083065271377563 8.030975341796875 35 30 18
1.900395154953003 0.9477105140686035 7.059169769287109 143 128 93
2.6263976097106934 1.6933073997497559 9.793722152709961 34 29 11
2.3114681243896484 1.6335439682006836 9.234716415405273 21 18 7
1.7641323804855347 1.5111773014068604 8.049932479858398 18 19 15
1.7641323804855347 1.5111773014068604 8.049932479858398 18 19 15
0.6330705285072327 1.7553465366363525 7.853538513183594 42 31 8
0.5725933909416199 1.747144103050232 7.493630886077881 91 71 43
0.09760504961013794 1.831580638885498 7.344934940338135 149 134 106
-13.358983039855957 18.630630493164062 16.86542320251465 89 72 52
1.3136354684829712 1.502869725227356 7.135068416595459 139 123 91
2.231093168258667 1.621293544769287 8.97049617767334 30 28 10
0.1307365596294403 1.835525393486023 7.362470626831055 172 151 126
1.9360283613204956 1.5425394773483276 9.717578887939453 78 73 71
1.6036748886108398 2.4295496940612793 9.565509796142578 138 122 85
1.3292779922485352 1.5097336769104004 7.139887809753418 123 110 74
1.3292779922485352 1.5097336769104004 7.139887809753418 123 110 74
-1.760464072227478 4.271513938903809 8.671002388000488 149 130 101
1.5219167470932007 2.5292394161224365 9.612859725952148 32 27 12
-6.150718688964844 7.693718910217285 15.748462677001953 52 37 8
1.7158960103988647 0.9809096455574036 6.722099781036377 154 137 115
-0.1268617957830429 1.474367380142212 9.686941146850586 71 60 25
-2.322266101837158 4.513388156890869 8.965668678283691 176 156 118
1.2255228757858276 2.3316078186035156 8.663492202758789 51 45 21
0.5979471206665039 2.344362258911133 7.454853534698486 90 75 50
1.739648461341858 1.5507668256759644 8.001724243164062 130 122 91
1.739648461341858 1.5507668256759644 8.001724243164062 130 122 91
1.739648461341858 1.5507668256759644 8.001724243164062 130 122 91
1.8881418704986572 0.9812363982200623 7.108752250671387 21 21 14
1.7576054334640503 1.5968983173370361 7.988298416137695 130 121 91
1.8881418704986572 0.9812363982200623 7.108752250671387 21 21 14
0.01019655354321003 3.3997302055358887 8.383386611938477 159 145 117
0.37508776783943176 3.382098436355591 9.452174186706543 154 143 103
1.5035710334777832 1.5460835695266724 7.463314056396484 49 36 14
-81.36111450195312 87.09883880615234 80.93245697021484 36 30 7
2.5257837772369385 1.6324423551559448 9.789619445800781 146 132 102
-0.8184159994125366 4.324005603790283 8.772329330444336 157 136 107
2.0691211223602295 0.965904712677002 7.471948146820068 144 131 102
1.319668173789978 2.816101312637329 11.76681137084961 8 6 2
-49.68819808959961 57.54874801635742 56.70594024658203 43 41 25
1.3745067119598389 1.5138963460922241 7.231717586517334 163 143 109
-0.28051847219467163 3.962611675262451 9.225610733032227 166 145 112
-5.808143615722656 -5.370347023010254 21.148738861083984 129 105 89
1.1511504650115967 1.2203540802001953 7.1842041015625 130 120 97
2.4265174865722656 1.729016661643982 9.376375198364258 126 123 114
0.821666419506073 1.7512117624282837 8.531755447387695 22 20 5
1.9690008163452148 1.335985779762268 10.157416343688965 18 15 2
-0.09765101969242096 1.8541964292526245 8.454657554626465 158 142 114
1.4963479042053223 1.4991743564605713 7.529406547546387 173 153 118
1.953304648399353 1.399652361869812 9.859086036682129 74 51 29
-0.7228630185127258 1.9014344215393066 7.597050189971924 179 157 130
1.304863452911377 1.2040067911148071 10.611716270446777 18 18 9
2.5105323791503906 1.7140191793441772 9.5657958984375 127 122 112
-0.6604942679405212 1.8872567415237427 7.57516622543335 180 157 128
1.8249701261520386 1.2179591655731201 10.549370765686035 22 20 12
1.8249701261520386 1.2179591655731201 10.549370765686035 22 20 12
2.3633341789245605 1.5837655067443848 9.406881332397461 16 13 2
1.2289561033248901 1.5735764503479004 6.887669563293457 21 24 17
0.7522498369216919 1.679748773574829 7.98042631149292 23 22 10
1.5553852319717407 1.572695255279541 7.523032188415527 151 135 112
1.9532356262207031 1.3297966718673706 10.162553787231445 43 41 33
1.787892460823059 1.2507667541503906 10.35374641418457 16 17 12
0.7682280540466309 1.6821601390838623 7.978797435760498 177 161 129
2.8619654178619385 1.747262716293335 10.33115005493164 133 125 105
2.839378595352173 1.7025974988937378 10.344023704528809 121 109 97
2.6038269996643066 1.7168329954147339 9.755284309387207 36 35 18
1.6777111291885376 1.5305759906768799 7.888551235198975 37 34 14
2.4962832927703857 1.6287003755569458 9.76257038116455 21 13 1
1.8990471363067627 1.1068227291107178 10.352128028869629 188 185 177
-0.058444876223802567 1.86029052734375 8.470492362976074 22 17 9
1.5761393308639526 1.2148187160491943 10.280375480651855 45 37 21
0.7584123611450195 1.6747407913208008 7.99215030670166 176 159 128
0.7584123611450195 1.6747407913208008 7.99215030670166 176 159 128
2.40437650680542 1.6548094749450684 9.395047187805176 134 127 96
1.5897053480148315 1.5801109075546265 7.51953125 197 176 119
-0.34299135208129883 1.8250731229782104 7.48185396194458 163 148 109
2.331955671310425 1.1488304138183594 10.944293975830078 172 137 92
2.331955671310425 1.1488304138183594 10.944293975830078 172 137 92
1.4917820692062378 1.5044684410095215 7.561567783355713 30 24 20
2.584430456161499 1.7289925813674927 9.689120292663574 117 111 99
1.8510644435882568 1.8075309991836548 10.515378952026367 155 153 145
1.19546377658844 1.5148643255233765 6.907837390899658 151 137 116
1.19546377658844 1.5148643255233765 6.907837390899658 151 137 116
-0.33085089921951294 1.830674409866333 7.484748840332031 159 146 109
-0.7630266547203064 1.9155261516571045 8.870323181152344 223 219 216
2.3355472087860107 1.1651623249053955 10.937553405761719 174 151 112
1.8510644435882568 1.8075309991836548 10.515378952026367 155 153 145
2.363900899887085 1.572007417678833 9.413461685180664 147 139 127
2.3965749740600586 1.5368627309799194 9.612125396728516 24 12 0
2.5244085788726807 1.6341426372528076 9.829679489135742 152 139 116
-0.05200966075062752 1.852674126625061 8.480246543884277 168 149 108
2.043407678604126 0.862565279006958 9.755891799926758 145 143 137
1.5682886838912964 1.5798481702804565 7.542226791381836 32 26 21
0.7835447192192078 1.738673448562622 8.506830215454102 35 18 1
2.119905710220337 1.6991831064224243 10.073877334594727 38 37 18
2.558201551437378 1.6959881782531738 9.714897155761719 20 14 2
1.6336840391159058 1.4771606922149658 6.754414081573486 207 190 138
1.962260127067566 1.6331952810287476 9.184494972229004 15 12 2
1.962260127067566 1.6331952810287476 9.184494972229004 15 12 2
0.7781770825386047 1.742895483970642 8.496721267700195 165 144 107
0.8599602580070496 1.6851600408554077 7.961422920227051 170 155 125
1.7075601816177368 1.3428046703338623 10.933220863342285 176 173 165
1.0163544416427612 1.6808793544769287 8.32418155670166 40 36 18
2.388737201690674 1.6145159006118774 9.405351638793945 27 23 12
1.770448088645935 1.2324260473251343 10.668992042541504 173 172 168
1.6878763437271118 1.562166690826416 7.854613304138184 58 49 27
2.375342607498169 1.589806318283081 9.41497802734375 152 144 119
0.0619787722826004 1.8685837984085083 8.974653244018555 174 156 130
2.1745262145996094 1.5818263292312622 8.949037551879883 24 20 6
2.1745262145996094 1.5818263292312622 8.949037551879883 24 20 6
0.7535889744758606 1.7364052534103394 8.496920585632324 163 149 122
-0.667433500289917 1.9355590343475342 9.452824592590332 66 56 25
-0.31936267018318176 1.8342543840408325 7.510279178619385 29 16 4
1.799729585647583 1.242756962776184 10.708539962768555 174 170 163
2.5883710384368896 1.5190074443817139 9.316043853759766 119 113 105
1.1661889553070068 1.3422353267669678 9.958064079284668 66 51 27
1.7363452911376953 1.2187411785125732 10.360488891601562 16 13 7
1.6659330129623413 1.4798909425735474 6.7582573890686035 203 186 131
1.6659330129623413 1.4798909425735474 6.7582573890686035 203 186 131
-0.05846065655350685 1.8015905618667603 7.420912265777588 171 150 117
1.989161729812622 1.362884759902954 10.077160835266113 68 64 52
1.989161729812622 1.362884759902954 10.077160835266113 68 64 52
-0.32543420791625977 1.831341028213501 7.520336151123047 159 148 116
2.076784372329712 1.564486026763916 9.061993598937988 57 38 12
1.41731595993042 -1.1875263452529907 8.60193920135498 205 194 174
2.441185235977173 1.7248848676681519 9.397046089172363 155 152 140
0.8186032176017761 1.682119607925415 8.007351875305176 32 26 16
2.004540205001831 1.4664955139160156 9.857948303222656 133 134 128
2.004540205001831 1.4664955139160156 9.857948303222656 133 134 128
1.3958185911178589 1.5281803607940674 7.656067848205566 39 28 3
1.3958185911178589 1.5281803607940674 7.656067848205566 39 28 3
2.341646671295166 1.5388814210891724 9.447291374206543 49 35 13
2.3894450664520264 1.6057614088058472 9.415891647338867 141 134 116
2.1471540927886963 1.473409652709961 7.2264556884765625 199 181 120
2.1471540927886963 1.473409652709961 7.2264556884765625 199 181 120
2.581965446472168 1.7200098037719727 9.701940536499023 45 40 26
1.470691442489624 0.9985566735267639 7.831230163574219 62 47 12
0.5314931273460388 1.8130717277526855 8.634873390197754 160 146 112
-0.09510502219200134 1.8166228532791138 7.456888675689697 84 63 31
0.9805080890655518 1.674411654472351 8.306456565856934 34 26 4
1.9315603971481323 1.3268219232559204 10.125476837158203 42 36 23
-0.31311556696891785 1.8300256729125977 7.539972305297852 40 33 17
1.5753737688064575 1.5714160203933716 7.576202392578125 26 18 8
1.6275562047958374 1.5202239751815796 7.848370552062988 175 155 122
2.4547243118286133 1.6376973390579224 9.544302940368652 134 122 97
2.4547243118286133 1.6376973390579224 9.544302940368652 134 122 97
0.7588905096054077 1.7419168949127197 8.454367637634277 170 152 111
2.153280019760132 1.5596942901611328 8.999733924865723 163 145 116
0.8126407861709595 1.6815921068191528 8.041067123413086 27 25 22
1.3835071325302124 1.204531192779541 10.567706108093262 103 99 92
2.292065143585205 1.1430118083953857 10.925827980041504 138 117 75
0.8078476786613464 1.6757704019546509 8.053333282470703 178 160 131
1.9735102653503418 0.9846340417861938 7.239857196807861 56 50 28
1.9735102653503418 0.9846340417861938 7.239857196807861 56 50 28
-0.4466293752193451 1.8626782894134521 11.971854209899902 140 128 89
0.8538533449172974 1.6845623254776 8.0336275100708 31 27 19
2.484766960144043 1.7133376598358154 9.532905578613281 21 15 4
1.7906125783920288 1.2697066068649292 10.28476619720459 23 24 19
1.7906125783920288 1.2697066068649292 10.28476619720459 23 24 19
1.8728022575378418 1.1754542589187622 10.445469856262207 160 156 152
1.9821537733078003 1.4128732681274414 9.883580207824707 161 151 123
1.6997194290161133 1.6161608695983887 7.813628196716309 42 35 28
2.183396577835083 1.5795108079910278 8.997608184814453 24 20 12
2.3492586612701416 1.3045454025268555 10.868865966796875 182 174 155
1.5612260103225708 1.5307834148406982 7.605803489685059 40 34 12
1.5612260103225708 1.5307834148406982 7.605803489685059 40 34 12
0.4006129503250122 1.713195562362671 7.304755687713623 49 35 11
-0.974325954914093 1.9508105516433716 9.579071044921875 144 136 97
0.9620922207832336 1.6727312803268433 8.295969009399414 50 43 11
2.3395299911499023 1.3160663843154907 10.846518516540527 154 134 111
1.5511680841445923 1.517704963684082 7.6150736808776855 178 157 126
0.881885290145874 1.6888654232025146 8.03554630279541 166 149 112
-0.30690717697143555 1.8304823637008667 7.592434883117676 49 34 15
0.881885290145874 1.6888654232025146 8.03554630279541 166 149 112
0.7554188966751099 1.7434130907058716 8.438708305358887 154 138 109
1.248776912689209 1.5304057598114014 6.979647636413574 33 31 20
1.248776912689209 1.5304057598114014 6.979647636413574 33 31 20
3.0556561946868896 1.5921037197113037 8.029850959777832 49 58 65
1.98722505569458 0.7038015127182007 7.366145133972168 38 19 6
-0.30269062519073486 1.835341453552246 7.605076313018799 174 158 126
-12.605877876281738 12.454870223999023 14.220763206481934 172 153 138
0.18376752734184265 1.7237945795059204 7.4095869064331055 168 153 128
0.8597612977027893 1.6856881380081177 8.059505462646484 158 149 121
2.4502127170562744 1.5302191972732544 9.880959510803223 160 148 122
1.98722505569458 0.7038015127182007 7.366145133972168 38 19 6
2.3511557579040527 1.5450544357299805 9.462553977966309 160 155 135
0.8855003118515015 1.6818749904632568 8.048469543457031 24 22 7
1.9923744201660156 1.42937433719635 9.885725975036621 10 10 2
2.2125375270843506 1.6122832298278809 9.004860877990723 37 25 10
2.4351065158843994 1.6685603857040405 9.406964302062988 140 134 116
1.5455747842788696 1.5056041479110718 7.636049747467041 73 61 28
0.7621780037879944 1.74262535572052 8.419412612915039 159 140 107
1.642638087272644 1.5327004194259644 7.812139987945557 126 120 86
1.642638087272644 1.5327004194259644 7.812139987945557 126 120 86
1.8323136568069458 1.5079303979873657 9.393481254577637 19 11 1
1.6760812997817993 1.4793658256530762 6.824260711669922 202 186 128
1.9639863967895508 1.3468350172042847 10.069528579711914 25 22 6
2.4419069290161133 1.6171435117721558 9.534518241882324 17 10 2
1.7958266735076904 1.2400072813034058 10.708727836608887 167 162 156
1.5984817743301392 1.5533250570297241 7.62189245223999 42 40 22
1.021813154220581 1.6957391500473022 8.236173629760742 146 131 103
1.021813154220581 1.6957391500473022 8.236173629760742 146 131 103
2.605435848236084 1.7264227867126465 9.740340232849121 139 131 123
1.883404016494751 1.2215436697006226 10.577168464660645 197 196 189
1.883404016494751 1.2215436697006226 10.577168464660645 197 196 189
1.5756398439407349 1.5300039052963257 7.6368560791015625 40 36 22
1.6833786964416504 1.3765692710876465 9.516814231872559 193 160 114
-0.8583348393440247 1.9231796264648438 9.11388111114502 170 159 137
0.3098714351654053 1.8327206373214722 8.71097469329834 163 150 128
0.2784169316291809 1.8212014436721802 8.72459888458252 172 158 132
2.761702060699463 1.6508773565292358 10.203836441040039 129 115 93
0.650551438331604 1.7287625074386597 8.223917961120605 166 148 106
2.0345804691314697 1.4179335832595825 9.999061584472656 18 15 7
2.5368857383728027 1.651250958442688 9.80390453338623 23 4 0
-0.9737693667411804 1.9479151964187622 7.917838096618652 175 155 120
1.5972490310668945 1.5529663562774658 7.647006511688232 154 136 109
1.167538046836853 0.40388622879981995 7.793036937713623 163 152 120
2.7763266563415527 1.6757880449295044 10.18179702758789 27 15 3
2.7525622844696045 0.8905709385871887 8.74199104309082 16 7 1
1.2806462049484253 1.5527455806732178 7.012933254241943 29 27 18
1.2806462049484253 1.5527455806732178 7.012933254241943 29 27 18
-0.2727217972278595 1.8373357057571411 7.649329662322998 177 152 114
2.3117551803588867 1.3663952350616455 10.807161331176758 172 135 83
-0.8475595116615295 1.9343920946121216 9.14903450012207 144 129 97
1.9679255485534668 1.3535202741622925 10.054064750671387 182 177 153
0.019002137705683708 1.7998597621917725 7.541662693023682 40 30 6
2.222478151321411 1.6001747846603394 9.024728775024414 60 44 20
-14.006311416625977 13.978955268859863 20.20585060119629 38 23 13
1.258413553237915 1.5092064142227173 7.025514602661133 69 60 37
-0.40966925024986267 1.9241487979888916 8.910174369812012 175 158 129
2.7594406604766846 1.6660012006759644 10.158296585083008 124 108 87
2.00178599357605 1.4257854223251343 9.913070678710938 13 13 3
2.00178599357605 1.4257854223251343 9.913070678710938 13 13 3
1.3068976402282715 1.5634784698486328 7.024659633636475 32 34 24
2.3895795345306396 1.5438356399536133 9.558683395385742 144 130 107
2.5638163089752197 1.681560754776001 9.77370548248291 25 17 1
2.418626308441162 1.6144366264343262 9.44564151763916 145 142 107
-0.5386379957199097 1.9094762802124023 9.210114479064941 182 173 152
2.121337652206421 1.5425046682357788 9.127802848815918 175 153 121
2.41790509223938 1.5738921165466309 9.530720710754395 141 131 109
0.9007384181022644 1.6998202800750732 8.115273475646973 165 143 108
0.9007384181022644 1.6998202800750732 8.115273475646973 165 143 108
1.2992143630981445 1.5510812997817993 7.0318498611450195 175 156 124
1.2992143630981445 1.5510812997817993 7.0318498611450195 175 156 124
0.8949087262153625 1.6867177486419678 8.117384910583496 54 38 13
0.22863391041755676 1.734569787979126 7.477118968963623 163 148 117
0.07001224160194397 1.858048677444458 8.638543128967285 159 146 108
0.21639609336853027 1.7295215129852295 7.484552383422852 49 28 4
2.6653072834014893 1.5141701698303223 10.222307205200195 146 133 120
-0.48409536480903625 1.7815519571304321 12.142024040222168 93 79 35
2.0976879596710205 1.6939386129379272 10.024740219116211 19 14 5
2.375730514526367 1.5501891374588013 9.47874641418457 141 127 100
1.5967351198196411 1.3343126773834229 9.646771430969238 60 41 29
1.2946748733520508 1.5311893224716187 7.04329776763916 60 47 24
1.2946748733520508 1.5311893224716187 7.04329776763916 60 47 24
2.002134323120117 1.3236744403839111 10.383172988891602 108 108 96
-0.26299846172332764 1.8421765565872192 7.699617385864258 38 22 4
-0.26299846172332764 1.8421765565872192 7.699617385864258 38 22 4
0.22010919451713562 1.7300975322723389 7.495195388793945 178 165 131
-0.0064020343124866486 1.808376431465149 7.602105617523193 178 155 114
-0.5768887400627136 1.919392466545105 9.041038513183594 177 165 134
2.390338659286499 1.5641272068023682 9.473711013793945 146 137 126
1.5262559652328491 1.5220892429351807 7.836095333099365 175 156 118
0.4442228376865387 1.711026906967163 7.413261413574219 35 21 4
2.5402677059173584 1.6616908311843872 9.778763771057129 36 24 3
0.5255100131034851 1.697670817375183 7.37979793548584 174 156 123
2.5402677059173584 1.6616908311843872 9.778763771057129 36 24 3
2.4173192977905273 1.6041752099990845 9.45658016204834 29 20 13
2.4037106037139893 1.5789705514907837 9.471735000610352 151 142 121
2.375359535217285 1.5447301864624023 9.495543479919434 23 9 0
2.3995566368103027 1.5550340414047241 9.535087585449219 145 133 111
-0.9236524105072021 1.9557628631591797 9.42782974243164 174 156 121
2.3880624771118164 1.558683156967163 9.489169120788574 18 7 1
2.0035417079925537 1.6436831951141357 9.328011512756348 150 142 108
2.3880624771118164 1.558683156967163 9.489169120788574 18 7 1
2.032838821411133 1.491397500038147 7.498682498931885 195 183 129
2.032838821411133 1.491397500038147 7.498682498931885 195 183 129
0.06645350903272629 1.8620517253875732 8.796563148498535 27 22 10
0.012497205287218094 1.802466869354248 7.613051891326904 38 25 14
0.012497205287218094 1.802466869354248 7.613051891326904 38 25 14
2.4287867546081543 1.6022520065307617 9.505772590637207 19 16 1
-0.44000962376594543 1.8759790658950806 7.807389736175537 169 152 123
2.563995361328125 1.6923726797103882 9.751367568969727 24 11 3
1.2714266777038574 1.4966471195220947 7.074274063110352 173 150 119
1.2714266777038574 1.4966471195220947 7.074274063110352 173 150 119
-0.9151936173439026 1.9424073696136475 8.006697654724121 179 161 138
2.168656826019287 1.4752575159072876 7.34954833984375 197 177 120
2.011624574661255 1.4240128993988037 9.943720817565918 20 20 15
0.28005167841911316 1.8209134340286255 8.562973022460938 154 139 108
-2.6574366092681885 5.712149620056152 11.514028549194336 152 135 108
-2.6574366092681885 5.712149620056152 11.514028549194336 152 135 108
0.9101200699806213 1.6886026859283447 8.161262512207031 165 152 115
2.3832132816314697 1.5369269847869873 9.53441047668457 27 15 0
2.5765559673309326 1.709608554840088 9.737422943115234 20 11 4
2.3832132816314697 1.5369269847869873 9.53441047668457 27 15 0
1.7123570442199707 1.2380189895629883 10.26250171661377 173 164 135
2.5149641036987305 1.6419981718063354 9.781598091125488 28 14 5
2.4016175270080566 1.5715370178222656 9.487074851989746 27 24 11
2.661579132080078 1.5270450115203857 10.153753280639648 144 137 121
2.4016175270080566 1.5715370178222656 9.487074851989746 27 24 11
-0.1314777284860611 2.643583297729492 9.059880256652832 172 155 130
2.0721821784973145 1.689724326133728 9.9885892868042 28 23 12
2.420577049255371 1.5975756645202637 9.474392890930176 144 127 108
0.6954215168952942 1.7323514223098755 8.368605613708496 170 149 120
0.9261729121208191 1.6834672689437866 8.216889381408691 170 151 127
0.9408046007156372 1.692368745803833 8.159488677978516 166 147 115
0.0023966319859027863 1.8557236194610596 8.760455131530762 146 131 110
2.4143564701080322 1.5871793031692505 9.485391616821289 25 18 7
-0.011233126744627953 1.847206711769104 8.768465995788574 40 33 15
2.4143564701080322 1.5871793031692505 9.485391616821289 25 18 7
0.8507623076438904 1.6620208024978638 8.212873458862305 176 163 125
0.6826308369636536 1.736059546470642 8.3303804397583 175 160 133
2.378000497817993 1.5415593385696411 9.515459060668945 151 143 128
1.8934797048568726 1.6803613901138306 10.284509658813477 155 153 146
1.8638886213302612 1.524015188217163 7.596583366394043 197 180 125
1.497330665588379 1.4849449396133423 7.007943153381348 209 184 123
2.674983501434326 1.5414568185806274 10.117206573486328 36 31 12
0.236746683716774 1.7759405374526978 8.695178985595703 171 161 133
0.013341077603399754 1.8578475713729858 8.802995681762695 171 161 133
2.7115023136138916 1.5892956256866455 10.078278541564941 137 130 118
1.8360480070114136 1.2741515636444092 10.643810272216797 19 16 11
0.02569873072206974 1.869500994682312 8.796152114868164 165 149 116
-0.27074578404426575 1.8386642932891846 7.784338474273682 36 29 12
-0.25681573152542114 1.8424474000930786 7.7798967361450195 167 151 130
0.8899779915809631 1.668737530708313 8.198502540588379 175 154 128
1.8360480070114136 1.2741515636444092 10.643810272216797 19 16 11
1.7831107378005981 1.2504764795303345 10.682342529296875 193 189 185
2.399766683578491 1.5638642311096191 9.50050163269043 139 132 111
2.391641616821289 1.5506840944290161 9.517426490783691 13 10 0
0.9088274240493774 1.6762425899505615 8.210841178894043 170 154 125
2.755666732788086 1.6640675067901611 10.031291961669922 130 124 112
2.5682618618011475 1.6988381147384644 9.735466003417969 156 145 115
2.6863863468170166 1.5595991611480713 10.087591171264648 146 141 131
0.2732880115509033 1.8178080320358276 8.611572265625 163 144 119
0.8800615072250366 1.6641736030578613 8.223468780517578 168 155 123
0.8654118180274963 1.6626603603363037 8.221041679382324 172 156 125
2.699843406677246 1.5834977626800537 10.06908130645752 18 15 7
2.7319116592407227 1.6424167156219482 10.037845611572266 9 8 1
0.7507954239845276 1.6987992525100708 8.306373596191406 168 151 125
0.7507954239845276 1.6987992525100708 8.306373596191406 168 151 125
2.725041389465332 1.6294522285461426 10.038209915161133 170 156 128
2.0153746604919434 1.6443759202957153 9.3583402633667 149 139 115
0.6997056007385254 1.7350995540618896 8.34500789642334 169 156 128
0.6997056007385254 1.7350995540618896 8.34500789642334 169 156 128
0.6890890002250671 1.731738567352295 8.349898338317871 156 141 121
1.0572105646133423 1.3665006160736084 9.984894752502441 54 42 32
1.8593659400939941 1.6409908533096313 9.236205101013184 21 20 10
2.504615068435669 1.1924809217453003 10.682963371276855 139 137 125
2.724350929260254 1.6285533905029297 10.03742790222168 173 156 126
2.367830753326416 1.15251624584198 10.968866348266602 147 121 76
2.367830753326416 1.15251624584198 10.968866348266602 147 121 76
2.755652666091919 1.6864293813705444 10.001520156860352 174 167 150
0.6179984211921692 1.6742757558822632 7.428507328033447 174 156 123
2.3530771732330322 1.5875873565673828 8.665905952453613 42 55 71
2.3530771732330322 1.5875873565673828 8.665905952453613 42 55 71
2.880112648010254 1.7350772619247437 10.37362289428711 113 103 86
2.7645061016082764 1.7115122079849243 9.995617866516113 122 110 83
2.3500475883483887 1.5967763662338257 8.633872032165527 183 168 101
2.382591485977173 1.1402209997177124 11.002995491027832 189 154 96
2.688722848892212 1.5866020917892456 10.047325134277344 156 142 105
1.8924790620803833 1.6291178464889526 9.117365837097168 159 145 107
2.725196123123169 1.6642519235610962 10.024102210998535 70 58 33
2.1465721130371094 1.5881366729736328 8.832711219787598 148 137 121
-0.9698731899261475 1.961573839187622 8.134243965148926 174 160 134
1.1850309371948242 1.4121583700180054 9.75988483428955 204 175 105
0.42236077785491943 1.724579930305481 7.527855396270752 55 40 23
2.774507522583008 1.7263238430023193 9.97137451171875 159 146 125
1.0463392734527588 1.4264826774597168 9.879233360290527 189 162 115
-0.5036244988441467 1.8699791431427002 11.61716079711914 169 152 126
1.7504277229309082 1.5450034141540527 9.196517944335938 101 96 89
1.7529035806655884 1.5534073114395142 9.185693740844727 26 22 17
2.7654457092285156 1.7180250883102417 9.978062629699707 46 43 20
1.7505217790603638 1.5720140933990479 9.175175666809082 26 14 1
0.06744134426116943 1.8046798706054688 7.6968183517456055 183 162 113
0.06744134426116943 1.8046798706054688 7.6968183517456055 183 162 113
0.06744134426116943 1.8046798706054688 7.6968183517456055 183 162 113
1.836884617805481 1.4809377193450928 9.517191886901855 22 22 21
1.836884617805481 1.4809377193450928 9.517191886901855 22 22 21
0.19558212161064148 1.7637897729873657 7.639562129974365 53 41 13
1.7282354831695557 1.5489776134490967 9.171257019042969 143 142 129
1.7282354831695557 1.5489776134490967 9.171257019042969 143 142 129
2.692997455596924 1.5992296934127808 10.032841682434082 31 27 16
2.0861690044403076 1.5523853302001953 8.798484802246094 148 138 114
2.6605775356292725 1.5491770505905151 10.058947563171387 169 152 133
1.7402632236480713 1.595657467842102 9.15599250793457 163 164 154
1.7402632236480713 1.595657467842102 9.15599250793457 163 164 154
1.711916208267212 1.5395222902297974 9.162731170654297 164 160 151
-0.22665831446647644 1.8516144752502441 7.832348823547363 172 157 131
2.783151149749756 1.7482283115386963 9.96069049835205 141 130 107
1.7148903608322144 1.5621380805969238 9.154800415039062 168 166 155
-0.5775478482246399 1.9094817638397217 7.987367153167725 33 29 11
0.5575534105300903 1.2899049520492554 10.90973949432373 81 77 67
2.64416241645813 1.5336617231369019 10.077642440795898 153 140 118
1.6578363180160522 1.5103285312652588 9.18503475189209 160 157 149
1.7184972763061523 1.584732174873352 9.14659595489502 155 154 144
1.7184972763061523 1.584732174873352 9.14659595489502 155 154 144
1.7374621629714966 1.6088742017745972 9.137639045715332 163 159 151
1.6961992979049683 1.5424106121063232 9.153031349182129 24 24 13
-0.44648459553718567 1.8745827674865723 11.391460418701172 171 157 130
1.7023602724075317 1.5647002458572388 9.144774436950684 22 18 8
1.6136889457702637 1.5148097276687622 9.20860481262207 140 140 132
1.712287425994873 1.6011674404144287 9.132988929748535 135 130 126
1.6041926145553589 1.5248175859451294 9.207435607910156 16 18 5
-0.19775697588920593 1.853272795677185 7.83423376083374 181 166 136
2.9153459072113037 1.57369863986969 7.868877410888672 168 153 94
1.8561128377914429 1.473142147064209 9.510791778564453 18 10 6
1.6403257846832275 1.6589510440826416 9.158503532409668 181 167 137
2.626422166824341 1.5116157531738281 10.07634162902832 150 134 112
0.28882935643196106 1.7456902265548706 7.622467041015625 180 165 126
1.648245096206665 1.6586320400238037 9.13427448272705 153 143 116
2.8990402221679688 1.571228265762329 7.855064868927002 48 50 40
2.7475550174713135 1.7205106019973755 9.993515014648438 50 41 13
1.3291116952896118 1.7445732355117798 9.449725151062012 146 133 101
2.05275297164917 1.5666086673736572 8.685340881347656 156 139 109
1.6315617561340332 1.6572061777114868 9.106679916381836 156 140 117
0.6291037201881409 1.6791361570358276 7.4771504402160645 55 38 16
0.45066311955451965 1.7233400344848633 7.5610761642456055 187 168 137
0.6030011177062988 1.8309189081192017 10.125222206115723 23 17 0
-0.6537091135978699 1.8752602338790894 11.321832656860352 48 43 19
2.6724672317504883 1.5747126340866089 10.028851509094238 73 59 19
1.608201265335083 1.6527286767959595 9.094651222229004 160 145 121
2.7564244270324707 1.7256513833999634 9.969303131103516 165 156 127
0.6269328594207764 1.83473539352417 10.086989402770996 21 13 0
1.5726804733276367 1.6428929567337036 9.118229866027832 145 141 113
1.5726804733276367 1.6428929567337036 9.118229866027832 145 141 113
2.7621500492095947 1.731400728225708 9.958162307739258 38 21 9
4.07312536239624 1.3050364255905151 9.32967472076416 179 165 101
-0.22847019135951996 1.852402687072754 7.8808488845825195 45 29 5
2.0459649562835693 1.6129266023635864 8.630575180053711 23 14 6
-0.7348633408546448 1.9382758140563965 8.112221717834473 174 152 109
2.017679214477539 1.5598417520523071 8.637781143188477 157 142 117
0.28566551208496094 1.743620753288269 7.654473781585693 166 149 123
2.0238585472106934 1.573195219039917 8.632654190063477 20 16 5
2.0238585472106934 1.573195219039917 8.632654190063477 20 16 5
0.6354138255119324 1.847265362739563 10.03060531616211 149 130 94
1.5788393020629883 1.6462395191192627 9.076356887817383 138 130 111
2.7169995307922363 1.7046277523040771 10.005459785461426 34 27 14
-1.0433344841003418 1.972872018814087 8.256475448608398 170 151 126
0.46879443526268005 1.7216362953186035 7.577145576477051 187 173 132
2.7114269733428955 1.6915040016174316 10.006146430969238 143 136 124
0.18959450721740723 1.9059181213378906 10.45390796661377 22 19 10
0.6038139462471008 1.8401191234588623 10.043575286865234 23 17 13
1.181112289428711 1.7886706590652466 9.486258506774902 147 133 105
1.181112289428711 1.7886706590652466 9.486258506774902 147 133 105
0.6316244006156921 1.8516730070114136 10.008681297302246 23 16 10
2.1886582374572754 1.6209022998809814 8.467720031738281 193 178 118
2.3078181743621826 1.6718884706497192 9.096517562866211 144 127 104
-0.2063453048467636 1.8554240465164185 7.8986968994140625 175 159 117
1.90485417842865 1.6709321737289429 9.569628715515137 113 113 84
2.027761936187744 1.6120957136154175 8.612444877624512 33 24 6
1.3017215728759766 1.4816739559173584 7.189744472503662 185 162 128
1.2999087572097778 1.4828120470046997 7.191137313842773 186 163 129
-1.2803398370742798 3.0421109199523926 8.615276336669922 163 147 109
1.5498878955841064 1.6468180418014526 9.06934642791748 128 120 100
1.5498878955841064 1.6468180418014526 9.06934642791748 128 120 100
0.6001535654067993 1.83817720413208 10.013230323791504 157 141 115
3.2782723903656006 1.4369221925735474 9.946976661682129 177 164 114
2.6453022956848145 1.5546255111694336 10.037513732910156 39 16 19
2.6301252841949463 1.53817617893219 10.05357551574707 160 149 130
1.6007144451141357 1.6633104085922241 9.01915454864502 152 142 113
2.7526488304138184 1.7478787899017334 9.953969955444336 162 152 125
2.616100311279297 1.5284090042114258 10.061887741088867 169 159 136
2.601408004760742 1.5121197700500488 10.077287673950195 55 39 23
0.15934570133686066 1.8942899703979492 10.406418800354004 14 13 5
-0.22275292873382568 1.8549022674560547 7.9271745681762695 181 161 136
2.71124529838562 1.7295026779174805 10.004372596740723 43 30 21
-0.16317801177501678 1.8553045988082886 7.906259059906006 170 156 124
2.7610180377960205 1.7606076002120972 9.937190055847168 31 20 9
2.02313232421875 1.614603042602539 8.561663627624512 33 26 8
0.529497504234314 1.7078641653060913 7.5871124267578125 181 164 129
1.572494626045227 1.6507819890975952 8.969938278198242 130 123 104
2.0268359184265137 1.6313170194625854 8.54678726196289 141 128 105
0.23131640255451202 1.7663533687591553 7.733120441436768 27 15 6
-2.051267623901367 4.5703125 9.362092971801758 32 30 13
2.0118610858917236 1.6150039434432983 8.540733337402344 149 134 112
-0.24252600967884064 1.8565332889556885 7.961050033569336 191 172 150
1.9766638278961182 1.5623866319656372 8.54641056060791 164 149 122
2.038519859313965 1.6848573684692383 8.524283409118652 16 12 3
0.24801990389823914 1.7656686305999756 7.735012054443359 159 148 120
0.4399998188018799 1.8678674697875977 10.02295970916748 155 148 119
1.330182433128357 1.4856905937194824 7.2148051261901855 62 50 26
2.012644052505493 1.6261030435562134 8.520974159240723 37 33 14
2.5555965900421143 1.5257612466812134 7.985794544219971 182 167 111
1.0487340688705444 1.7727574110031128 9.430556297302246 159 143 109
-0.19125409424304962 1.8539495468139648 7.948510646820068 169 154 123
0.22703267633914948 1.7609444856643677 7.75326681137085 55 43 22
0.22703267633914948 1.7609444856643677 7.75326681137085 55 43 22
-0.7104390263557434 1.8905977010726929 11.01099681854248 170 156 130
-0.7179458141326904 1.877650499343872 10.997308731079102 64 48 26
1.0638000965118408 1.7739734649658203 9.377647399902344 170 152 121
2.6212027072906494 1.543531894683838 10.03099536895752 29 18 4
0.2285837084054947 1.7583705186843872 7.763480186462402 167 157 122
0.2285837084054947 1.7583705186843872 7.763480186462402 167 157 122
2.6324965953826904 1.5552120208740234 10.016590118408203 155 148 124
2.587829113006592 1.5143028497695923 10.063486099243164 146 135 112
2.2912757396698 1.6391303539276123 9.132551193237305 158 143 115
1.778438687324524 1.7630771398544312 8.7080717086792 146 137 109
0.6381654739379883 1.8564085960388184 9.75186824798584 161 144 112
-0.19442500174045563 1.8477755784988403 7.971656799316406 167 148 107
1.894771695137024 1.548092007637024 8.531609535217285 104 92 56
2.2168612480163574 1.369415044784546 10.585283279418945 17 16 3
2.5957553386688232 1.529239296913147 10.045564651489258 167 157 130
0.2083655595779419 1.8677695989608765 10.10246467590332 21 15 1
1.029407262802124 1.7640942335128784 9.343133926391602 140 127 98
0.2452078014612198 1.7716530561447144 7.773152828216553 160 144 112
0.602665901184082 1.860563039779663 9.743184089660645 8 7 0
2.511619806289673 1.5343353748321533 7.954035758972168 183 168 119
0.19613653421401978 1.8679161071777344 10.086408615112305 163 149 117
0.5149729251861572 1.705980658531189 7.643956184387207 168 150 115
1.5564223527908325 1.627062201499939 8.819891929626465 180 160 121
2.0757956504821777 0.0065446277149021626 6.5816802978515625 174 158 120
1.427548885345459 1.6509407758712769 8.922828674316406 167 157 128
0.6347382664680481 1.8510658740997314 9.669026374816895 25 23 7
1.9336870908737183 1.56441330909729 8.453843116760254 142 132 112
1.9336870908737183 1.56441330909729 8.453843116760254 142 132 112
2.4919683933258057 1.606402039527893 8.892450332641602 75 64 41
1.9524531364440918 1.588625431060791 8.444266319274902 127 116 85
2.319155216217041 1.6798170804977417 9.130496978759766 20 15 10
2.319155216217041 1.6798170804977417 9.130496978759766 20 15 10
0.16748729348182678 1.8053679466247559 7.831735610961914 68 51 29
1.269606351852417 1.7363121509552002 9.065667152404785 150 133 104
0.18876512348651886 1.876296877861023 10.032999992370605 155 137 105
2.1966941356658936 1.4966421127319336 8.181529998779297 176 160 134
1.3500951528549194 1.4914219379425049 7.247807502746582 57 46 25
2.0537068843841553 1.6486949920654297 9.437334060668945 150 139 110
0.5628341436386108 1.7115000486373901 7.645143508911133 34 24 10
2.184244155883789 2.9805400371551514 11.537337303161621 141 135 113
0.17859850823879242 1.8713630437850952 10.018919944763184 25 19 7
2.5887842178344727 1.523655891418457 10.033807754516602 152 145 116
2.595736026763916 1.532160997390747 10.022817611694336 28 9 0
2.302957773208618 1.6606253385543823 9.148199081420898 22 18 7
2.302957773208618 1.6606253385543823 9.148199081420898 22 18 7
2.595736026763916 1.532160997390747 10.022817611694336 28 9 0
2.3061716556549072 1.5211927890777588 8.056209564208984 183 167 112
1.3866820335388184 1.5210318565368652 7.246331214904785 62 54 36
1.3975414037704468 1.6627296209335327 8.868989944458008 162 147 117
2.33231782913208 1.6915783882141113 9.129622459411621 140 126 97
1.9454110860824585 1.6148942708969116 8.3831205368042 149 130 103
0.5008992552757263 1.8467340469360352 9.671806335449219 27 20 16
0.4817729592323303 1.8415380716323853 9.684757232666016 164 149 120
0.4817729592323303 1.8415380716323853 9.684757232666016 164 149 120
-0.8906005024909973 1.9599542617797852 8.350717544555664 176 156 131
0.9994422793388367 1.7451838254928589 9.205193519592285 162 143 109
0.41169434785842896 0.7591857314109802 7.54112434387207 178 156 111
0.9994422793388367 1.7451838254928589 9.205193519592285 162 143 109
2.7683422565460205 1.5915958881378174 9.760547637939453 21 17 5
1.4622743129730225 1.6709949970245361 8.79220962524414 153 147 116
0.26481109857559204 1.7653743028640747 7.805063247680664 166 149 116
2.600438117980957 1.5454481840133667 10.002227783203125 19 8 0
1.7837557792663574 1.5597922801971436 8.480798721313477 187 170 128
0.22762224078178406 1.7521909475326538 7.824028015136719 167 154 116
0.37967225909233093 1.7567888498306274 7.757915496826172 167 149 123
0.4804825782775879 1.6994216442108154 7.704380989074707 162 153 129
1.9372079372406006 1.6247057914733887 8.362777709960938 32 29 9
1.9372079372406006 1.6247057914733887 8.362777709960938 32 29 9
2.6075360774993896 1.5515257120132446 9.986992835998535 162 151 126
-0.18560786545276642 1.8624956607818604 8.036105155944824 160 145 117
2.2935702800750732 1.6450530290603638 9.170129776000977 158 141 113
1.3819549083709717 1.6682231426239014 8.826722145080566 156 146 117
1.9431500434875488 1.6848665475845337 8.361374855041504 129 114 96
1.3580923080444336 1.6568756103515625 8.839203834533691 163 145 118
0.2533104717731476 1.7570897340774536 7.826772212982178 176 157 118
0.2793910503387451 1.770854115486145 7.822831153869629 170 154 128
-0.21319542825222015 1.8719440698623657 8.066723823547363 40 27 7
2.5735418796539307 1.5251097679138184 10.015810012817383 41 25 6
2.6124584674835205 1.576115608215332 9.979576110839844 37 28 15
-0.6494972109794617 1.9315886497497559 8.273219108581543 57 43 12
1.3585662841796875 1.6604377031326294 8.824528694152832 47 31 6
2.5646965503692627 1.5156148672103882 10.02096939086914 169 150 120
0.9832994937896729 1.7487472295761108 9.143525123596191 156 140 121
1.3486047983169556 1.6546823978424072 8.813130378723145 158 147 121
-0.4543074071407318 1.91606605052948 10.361642837524414 40 31 20
0.5639219880104065 1.6985124349594116 7.689380168914795 174 150 103
0.5639219880104065 1.6985124349594116 7.689380168914795 174 150 103
0.5639219880104065 1.6985124349594116 7.689380168914795 174 150 103
1.3268380165100098 1.6575533151626587 8.822945594787598 28 26 13
1.9432072639465332 1.6531143188476562 9.616671562194824 18 12 2
1.3666476011276245 1.6720775365829468 8.788503646850586 159 152 117
1.8969340324401855 1.5730549097061157 8.319265365600586 154 138 105
1.340875267982483 1.6588290929794312 8.795684814453125 161 148 117
-0.24686108529567719 1.9093561172485352 8.106850624084473 36 17 4
1.3548049926757812 1.6609047651290894 8.774519920349121 31 14 3
2.5971667766571045 1.5573832988739014 9.96976375579834 20 15 4
2.344125509262085 1.6957485675811768 9.159231185913086 24 17 6
1.3404332399368286 1.665337085723877 8.787184715270996 23 7 0
-0.18511398136615753 1.8618688583374023 8.079607009887695 172 163 120
2.3758585453033447 1.5231260061264038 7.890440940856934 180 166 108
-0.6790223717689514 1.9022350311279297 10.478363990783691 169 152 106
-0.6790223717689514 1.9022350311279297 10.478363990783691 169 152 106
1.8960306644439697 1.6033636331558228 8.305185317993164 17 14 2
2.151130437850952 1.321284532546997 10.55463695526123 155 152 145
-0.08157876133918762 1.849711537361145 8.03994369506836 49 34 7
2.151130437850952 1.321284532546997 10.55463695526123 155 152 145
-0.8596745133399963 1.8900511264801025 10.602725982666016 91 75 30
2.1561670303344727 1.5333539247512817 8.067081451416016 194 181 115
1.3301433324813843 1.6607117652893066 8.777448654174805 162 146 118
-0.6874896883964539 1.8999403715133667 10.45997142791748 47 34 8
1.3786345720291138 1.6180757284164429 8.714640617370605 42 27 12
-0.8541272282600403 1.9612195491790771 8.418113708496094 176 160 130
1.7858772277832031 1.7500693798065186 11.342391014099121 163 159 151
1.4002408981323242 1.509664535522461 7.296844482421875 30 23 7
2.1531076431274414 1.3510384559631348 10.545975685119629 167 163 160
2.1531076431274414 1.3510384559631348 10.545975685119629 167 163 160
2.053309917449951 1.4966490268707275 10.738433837890625 175 172 165
1.3429733514785767 1.6742132902145386 8.751017570495605 156 146 124
1.8108487129211426 1.5314946174621582 8.328201293945312 66 47 21
1.8574095964431763 1.5520744323730469 8.29464340209961 188 172 137
2.568756341934204 1.470951795578003 9.941699028015137 148 141 111
2.538034439086914 1.5182337760925293 10.00985050201416 148 141 111
2.333407402038574 1.4983134269714355 7.880316257476807 172 162 107
1.8221420049667358 1.5338398218154907 8.303557395935059 188 169 136
1.8221420049667358 1.5338398218154907 8.303557395935059 188 169 136
2.526057243347168 1.5099575519561768 10.010912895202637 49 31 20
0.9121359586715698 1.7498104572296143 9.08392333984375 36 26 6
1.2913691997528076 1.658581018447876 8.749200820922852 160 142 122
0.5276170372962952 1.8545563220977783 9.40776538848877 165 148 110
1.279371976852417 1.655796766281128 8.751949310302734 179 155 123
-2.7284469604492188 5.680327415466309 13.383188247680664 156 139 111
1.8480032682418823 1.557375431060791 8.261454582214355 32 28 25
1.8705341815948486 1.5927153825759888 8.25284481048584 28 21 0
1.8705341815948486 1.5927153825759888 8.25284481048584 28 21 0
1.8587608337402344 1.5740904808044434 8.247206687927246 18 17 10
1.8587608337402344 1.5740904808044434 8.247206687927246 18 17 10
1.2828211784362793 1.6575515270233154 8.724774360656738 167 147 124
0.9801536798477173 1.763311743736267 8.9928617477417 152 136 100
0.9801536798477173 1.763311743736267 8.9928617477417 152 136 100
-0.8873611092567444 2.2664599418640137 8.603404998779297 175 153 120
0.49772733449935913 1.857196569442749 9.393315315246582 30 20 3
2.0448429584503174 1.3011128902435303 10.650716781616211 13 12 6
1.4061028957366943 1.5003092288970947 7.326261043548584 29 25 12
0.4397177994251251 1.8381239175796509 9.422411918640137 177 163 127
2.5301568508148193 1.5215684175491333 9.983845710754395 62 42 18
2.5301568508148193 1.5215684175491333 9.983845710754395 62 42 18
1.2913627624511719 1.6690142154693604 8.698692321777344 166 149 115
1.8272610902786255 1.551182508468628 8.236949920654297 53 38 12
3.008395195007324 1.3572313785552979 8.245346069335938 193 181 126
3.008395195007324 1.3572313785552979 8.245346069335938 193 181 126
1.728292465209961 1.5458513498306274 8.310181617736816 67 49 10
0.2284473329782486 2.2638895511627197 12.14200210571289 86 81 74
0.6095069646835327 1.6768182516098022 7.756909370422363 183 164 118
2.630601644515991 1.6681827306747437 9.886635780334473 27 22 13
2.5663180351257324 1.5496749877929688 9.926654815673828 70 45 13
2.5663180351257324 1.5496749877929688 9.926654815673828 70 45 13
1.2680764198303223 1.663485050201416 8.67951488494873 161 149 113
0.16472403705120087 1.8748085498809814 9.582438468933105 155 139 109
1.7626093626022339 1.5477606058120728 8.257683753967285 38 23 12
2.247030735015869 1.5199111700057983 7.863417625427246 183 171 125
-0.32772302627563477 1.8977065086364746 8.265093803405762 174 162 129
1.2829147577285767 1.6755292415618896 8.641143798828125 170 153 116
0.9381163716316223 1.7558820247650146 8.926229476928711 46 26 9
0.4008815884590149 1.8360711336135864 9.356290817260742 126 120 97
1.8312957286834717 1.5755348205566406 8.187158584594727 150 135 114
-0.8354986906051636 1.9529634714126587 8.523065567016602 27 21 11
2.3283510208129883 1.6417633295059204 9.238703727722168 156 143 112
1.6609314680099487 1.2522568702697754 9.902701377868652 90 86 71
1.27970290184021 1.6735854148864746 8.619564056396484 55 40 13
1.2155447006225586 1.657244086265564 8.663363456726074 29 18 5
2.579763650894165 1.5833672285079956 9.8992280960083 52 49 31
0.922956645488739 1.7507710456848145 8.897876739501953 51 39 11
0.10122007876634598 1.8343899250030518 8.069121360778809 171 153 121
1.2460352182388306 1.67300283908844 8.62840747833252 163 147 116
2.363748550415039 1.507872462272644 7.724669456481934 187 167 106
0.918224573135376 1.7499165534973145 8.881599426269531 157 144 116
0.9064961671829224 1.744502067565918 8.88023853302002 38 19 1
0.9064961671829224 1.744502067565918 8.88023853302002 38 19 1
2.19852352142334 1.5092856884002686 7.8297343254089355 185 172 106
0.8817991018295288 1.6506567001342773 7.66307258605957 164 146 114
1.0837726593017578 1.2488019466400146 10.613883018493652 47 41 27
2.484164237976074 1.5337635278701782 9.996435165405273 48 29 1
2.484164237976074 1.5337635278701782 9.996435165405273 48 29 1
2.5154216289520264 1.5572232007980347 9.955605506896973 178 162 141
0.906847357749939 1.7470494508743286 8.824636459350586 160 138 103
1.8711313009262085 1.39240562915802 9.725728988647461 173 146 114
0.910988986492157 1.758906602859497 8.822382926940918 33 22 8
0.9579228162765503 1.247965693473816 10.785762786865234 180 174 151
0.7404077053070068 1.6896519660949707 7.754317760467529 169 159 122
0.6585473418235779 1.6905817985534668 7.795999050140381 161 148 115
1.1660677194595337 1.663825273513794 8.599410057067871 164 147 126
1.2162234783172607 1.2346842288970947 10.474028587341309 56 47 49
-12.71752643585205 13.980052947998047 17.379432678222656 180 159 111
0.6309160590171814 1.677966833114624 7.810941696166992 173 157 134
0.44376546144485474 1.7634695768356323 7.920156002044678 26 19 10
1.2162234783172607 1.2346842288970947 10.474028587341309 56 47 49
0.7279426455497742 1.687987208366394 7.768768787384033 28 19 8
0.11258748173713684 1.8648927211761475 9.407644271850586 158 141 106
0.9159138798713684 1.754096508026123 8.78987979888916 176 157 114
2.662660598754883 1.1520280838012695 8.639372825622559 122 115 108
0.9159138798713684 1.754096508026123 8.78987979888916 176 157 114
1.2125296592712402 1.6818656921386719 8.549917221069336 174 152 119
0.12371250987052917 1.8655850887298584 9.375208854675293 162 146 117
0.12371250987052917 1.8655850887298584 9.375208854675293 162 146 117
2.473111391067505 1.5148431062698364 9.976099014282227 172 158 130
0.7079211473464966 1.6924477815628052 7.788679599761963 157 141 115
0.6391212940216064 1.6735360622406006 7.819487571716309 40 34 12
2.483200788497925 1.5393173694610596 9.970609664916992 166 149 120
0.8528496623039246 1.7421237230300903 8.800299644470215 48 30 8
0.36384016275405884 1.7599009275436401 7.97935152053833 161 140 112
2.564260721206665 1.6014264822006226 9.87088680267334 46 39 10
1.774948239326477 1.559445858001709 8.077681541442871 21 14 0
1.208748698234558 1.678673267364502 8.521242141723633 43 27 6
2.547276020050049 1.5978357791900635 9.89072322845459 169 152 128
0.870489776134491 1.745442509651184 8.782203674316406 163 141 109
0.870489776134491 1.745442509651184 8.782203674316406 163 141 109
1.7372150421142578 1.5088492631912231 7.252912998199463 204 188 126
1.1610864400863647 1.6678606271743774 8.54597282409668 172 159 123
1.1709673404693604 1.6707186698913574 8.531787872314453 156 146 116
1.7696545124053955 1.5577822923660278 8.067082405090332 151 134 109
2.265353202819824 1.5426082611083984 9.334190368652344 128 119 98
2.377251148223877 1.7055299282073975 9.263916015625 152 136 110
1.7978224754333496 1.6139699220657349 8.05078411102295 134 127 106
2.613173007965088 1.677164912223816 9.81983757019043 157 144 126
-0.881872832775116 1.9510390758514404 8.650240898132324 24 20 8
1.7283809185028076 1.5350397825241089 8.078125953674316 162 149 128
1.4201195240020752 1.4908735752105713 7.420804500579834 165 152 121
-15.593047142028809 26.812753677368164 52.62367630004883 177 173 170
0.420831561088562 1.8542629480361938 9.090010643005371 165 148 112
0.420831561088562 1.8542629480361938 9.090010643005371 165 148 112
1.7881016731262207 1.6032809019088745 8.042691230773926 143 132 110
-0.255151629447937 1.894165277481079 8.346054077148438 170 151 122
0.6814575791358948 1.6887366771697998 7.841312885284424 42 28 12
2.509320020675659 1.5744324922561646 9.915690422058105 129 119 100
0.11027766764163971 1.8642735481262207 9.306163787841797 18 12 0
-0.9953972101211548 1.9418789148330688 10.10173225402832 85 78 60
1.960469365119934 1.4925810098648071 9.717496871948242 56 48 35
-0.8794797658920288 1.9501818418502808 8.670243263244629 165 148 110
2.509320020675659 1.5744324922561646 9.915690422058105 129 119 100
1.4733575582504272 1.53248929977417 7.416566371917725 150 135 105
1.9435633420944214 1.4651414155960083 9.730575561523438 154 143 123
2.599522352218628 1.672980785369873 9.814676284790039 24 14 10
1.8702003955841064 1.1077744960784912 10.332841873168945 131 127 119
2.5436959266662598 1.6911838054656982 9.673169136047363 18 15 3
2.599522352218628 1.672980785369873 9.814676284790039 24 14 10
2.459860324859619 1.5793911218643188 9.744083404541016 112 105 76
-0.22146755456924438 1.8863701820373535 8.349815368652344 179 163 131
3.0297703742980957 1.3552299737930298 8.314955711364746 192 180 122
0.372708797454834 1.8395601511001587 9.076866149902344 21 19 2
0.372708797454834 1.8395601511001587 9.076866149902344 21 19 2
3.0297703742980957 1.3552299737930298 8.314955711364746 192 180 122
2.4051401615142822 1.5295199155807495 9.76435375213623 142 141 112
2.3865137100219727 1.702772855758667 9.295816421508789 10 8 0
2.3865137100219727 1.702772855758667 9.295816421508789 10 8 0
2.124565601348877 1.2892311811447144 10.357894897460938 173 172 158
0.7112661600112915 1.6847620010375977 7.849122524261475 31 28 18
2.0554683208465576 1.1745986938476562 10.105072975158691 11 13 8
2.5456736087799072 1.7089470624923706 9.637877464294434 143 140 133
1.8594970703125 1.0965152978897095 10.328227996826172 153 150 145
1.8594970703125 1.0965152978897095 10.328227996826172 153 150 145
2.5994489192962646 1.687377691268921 9.805213928222656 174 161 142
2.6114962100982666 1.7022687196731567 9.79187297821045 145 138 121
1.0900251865386963 1.7230336666107178 8.526490211486816 37 25 4
2.4211723804473877 1.5374071598052979 9.729684829711914 110 108 87
1.1358665227890015 1.6738759279251099 8.474695205688477 168 152 112
1.9654449224472046 1.247960090637207 10.203015327453613 138 136 126
1.4618771076202393 1.5047147274017334 7.4379472732543945 163 152 112
2.6114962100982666 1.7022687196731567 9.79187297821045 145 138 121
2.4481451511383057 1.5568077564239502 9.757346153259277 143 132 112
2.0591959953308105 1.4623146057128906 7.122913360595703 197 178 120
2.0591959953308105 1.4623146057128906 7.122913360595703 197 178 120
2.343123435974121 1.6304174661636353 9.33344841003418 35 31 18
0.8485279083251953 1.7478530406951904 8.675705909729004 27 24 14
1.1210989952087402 1.6724951267242432 8.466285705566406 182 164 129
1.1314605474472046 1.6752561330795288 8.45941162109375 41 27 11
2.4414634704589844 1.557186484336853 9.703221321105957 118 113 99
1.7734999656677246 1.1700620651245117 10.554734230041504 199 197 185
1.774605631828308 1.213476538658142 10.494068145751953 13 10 2
1.1535626649856567 1.6870428323745728 8.443692207336426 40 33 19
0.384422242641449 1.7797847986221313 8.05281925201416 152 140 112
0.11106115579605103 1.8719093799591064 9.20997142791748 34 33 16
2.507359743118286 1.5894855260849 9.890580177307129 151 144 113
0.31766611337661743 1.836145043373108 9.055959701538086 149 136 117
0.7182528376579285 1.6963577270507812 7.872194766998291 175 156 114
1.7734999656677246 1.1700620651245117 10.554734230041504 199 197 185
2.30863881111145 1.5583274364471436 9.358590126037598 160 146 117
0.7098447680473328 1.7823266983032227 8.771002769470215 16 13 0
-0.6970041990280151 1.9307658672332764 8.638773918151855 173 158 119
0.5347750186920166 1.7421820163726807 7.978794574737549 154 137 95
2.039884328842163 1.3779723644256592 10.184226036071777 169 162 143
2.3809080123901367 1.6875641345977783 9.328908920288086 14 7 0
1.8967766761779785 1.2845468521118164 10.34153938293457 179 178 172
1.4822884798049927 1.518933892250061 7.448666572570801 152 135 98
2.3809080123901367 1.6875641345977783 9.328908920288086 14 7 0
1.8967766761779785 1.2845468521118164 10.34153938293457 179 178 172
2.5585238933563232 1.6337591409683228 9.82373332977295 175 164 128
1.9522124528884888 1.4427307844161987 9.77263069152832 12 12 3
0.34119001030921936 1.7627803087234497 8.087186813354492 17 14 6
2.5509753227233887 1.7305455207824707 9.610148429870605 114 106 96
2.582092523574829 1.6714941263198853 9.80412769317627 30 12 0
1.1324325799942017 1.68487548828125 8.436455726623535 27 13 3
1.5047566890716553 1.5443447828292847 7.449054718017578 142 133 102
1.9714635610580444 1.4737021923065186 9.770379066467285 110 110 104
1.7737433910369873 1.1702039241790771 10.55465316772461 194 193 179
2.535551071166992 1.709685206413269 9.611119270324707 139 132 123
-0.4736078083515167 1.9182370901107788 8.540299415588379 178 165 129
2.3466484546661377 1.6152645349502563 9.356476783752441 171 156 127
2.0746896266937256 1.4076786041259766 10.120348930358887 10 13 5
2.084368944168091 1.3843615055084229 10.220603942871094 144 138 115
2.120316743850708 1.489797592163086 10.092710494995117 8 8 3
2.472689390182495 2.0635786056518555 10.172247886657715 128 123 109
2.472689390182495 2.0635786056518555 10.172247886657715 128 123 109
2.1966869831085205 1.4560818672180176 7.075847148895264 189 175 116
2.600931167602539 1.7002651691436768 9.780613899230957 22 16 3
2.5368685722351074 1.721480369567871 9.598530769348145 47 36 22
1.6665228605270386 1.5316358804702759 8.002949714660645 160 144 114
2.3246872425079346 1.5561960935592651 9.373676300048828 43 39 19
2.5335144996643066 1.617978811264038 9.842377662658691 48 26 3
2.5335144996643066 1.617978811264038 9.842377662658691 48 26 3
-1.0773500204086304 1.9687343835830688 8.873706817626953 77 60 45
-0.3902755379676819 0.2816384434700012 13.030512809753418 105 86 65
-0.12412377446889877 1.8548027276992798 8.368650436401367 159 146 111
1.338489294052124 1.2295020818710327 10.492615699768066 165 160 147
-0.3902755379676819 0.2816384434700012 13.030512809753418 105 86 65
2.5170109272003174 1.689391016960144 9.60887336730957 150 135 112
0.3351919949054718 1.8458882570266724 8.989532470703125 23 19 7
-0.118155837059021 1.868605613708496 8.372783660888672 24 19 1
1.986025094985962 1.3323078155517578 10.194426536560059 176 172 160
-0.5568147301673889 1.9146394729614258 8.615777969360352 36 31 17
-0.5568147301673889 1.9146394729614258 8.615777969360352 36 31 17
-0.11082784086465836 1.8528523445129395 8.374783515930176 172 158 112
2.389012575149536 1.683733582496643 9.354382514953613 129 115 87
1.3663443326950073 1.2291826009750366 10.466011047363281 175 168 155
2.342299222946167 1.583984375 9.374510765075684 158 142 114
2.342299222946167 1.583984375 9.374510765075684 158 142 114
0.31338879466056824 1.8307877779006958 8.986685752868652 146 126 94
2.3188180923461914 1.5423922538757324 9.390645980834961 155 139 115
1.0989394187927246 1.6842923164367676 8.403501510620117 171 152 124
-0.530963659286499 1.9178953170776367 8.619096755981445 172 157 127
-0.530963659286499 1.9178953170776367 8.619096755981445 172 157 127
0.8482664823532104 1.7573546171188354 8.587251663208008 31 19 10
0.33382606506347656 1.7735921144485474 8.14958381652832 19 17 3
-0.09319167584180832 1.8447333574295044 8.386567115783691 27 26 13
1.877084732055664 1.3504936695098877 9.886062622070312 24 20 7
2.5213444232940674 1.7141932249069214 9.59021282196045 139 131 117
2.557569980621338 1.6534721851348877 9.812152862548828 43 19 8
-0.7879833579063416 1.9510115385055542 8.774253845214844 172 153 125
1.8566060066223145 1.2792680263519287 10.320594787597656 192 190 176
-0.916876494884491 1.9650325775146484 8.846796989440918 163 148 120
1.8566060066223145 1.2792680263519287 10.320594787597656 192 190 176
0.7499028444290161 1.6885591745376587 7.925408840179443 31 27 15
0.7499028444290161 1.6885591745376587 7.925408840179443 31 27 15
2.063394069671631 1.4147295951843262 10.09239673614502 9 8 4
0.7418516874313354 1.6812630891799927 7.929147720336914 178 161 126
0.08955768495798111 1.8716857433319092 9.10721492767334 178 161 125
-0.4226752817630768 1.8989883661270142 9.450414657592773 176 160 113
0.3383999168872833 1.839040994644165 8.926484107971191 42 28 2
2.135215997695923 1.6966558694839478 10.121206283569336 22 10 1
1.7114461660385132 1.5616852045059204 7.930362701416016 36 27 11
-0.10829265415668488 1.849401593208313 8.416848182678223 28 21 0
2.415292978286743 1.5466135740280151 9.646197319030762 22 12 2
0.7422739267349243 1.6750253438949585 7.937134265899658 57 44 24
1.9774311780929565 1.2947709560394287 10.357035636901855 131 132 122
1.4373122453689575 1.2226579189300537 10.411225318908691 170 164 144
2.3814172744750977 1.5310494899749756 9.684235572814941 168 154 129
1.6500576734542847 1.2381449937820435 10.146184921264648 174 164 147
-0.09073875844478607 1.859106183052063 8.4146089553833 169 153 118
-76.62632751464844 71.95813751220703 81.37581634521484 169 159 117
-0.3980231285095215 1.9087767601013184 9.415969848632812 169 159 117
0.7527517676353455 1.6810698509216309 7.935517311096191 179 159 125
-0.9042333960533142 1.958982229232788 8.860213279724121 65 50 20
1.735012412071228 1.5018844604492188 7.375716209411621 193 176 107
1.7154310941696167 1.5745999813079834 7.913084030151367 20 16 14
-0.5362547636032104 1.9142590761184692 8.668532371520996 181 165 128
-0.07678056508302689 1.8542712926864624 8.417230606079102 190 169 135
-0.07678056508302689 1.8542712926864624 8.417230606079102 190 169 135
1.6733088493347168 1.527825951576233 7.925629138946533 167 151 117
2.5369744300842285 1.6351884603500366 9.828015327453613 37 22 0
2.5167741775512695 1.61392080783844 9.848139762878418 166 148 133
1.4643384218215942 1.2284976243972778 10.398658752441406 169 163 141
1.8444429636001587 1.2784056663513184 10.307624816894531 21 17 14
0.7425651550292969 1.6800804138183594 7.957658290863037 150 135 103
2.391547918319702 1.5337941646575928 9.657686233520508 21 22 5
2.8925325870513916 1.8094886541366577 10.346478462219238 122 118 101
1.2170321941375732 1.5756878852844238 6.878464221954346 150 137 119
2.342013359069824 1.1530722379684448 10.96737289428711 191 156 100
1.7844611406326294 1.5444430112838745 8.177611351013184 30 20 4
2.1591620445251465 1.5810441970825195 8.909305572509766 31 24 10
0.14018870890140533 1.7480334043502808 7.279326915740967 156 142 118
1.7962743043899536 1.5509651899337769 8.164258003234863 133 126 98
1.213771104812622 1.554124116897583 6.8884053230285645 149 133 107
2.878091812133789 1.7989164590835571 10.335914611816406 30 24 11
2.878091812133789 1.7989164590835571 10.335914611816406 30 24 11
0.5204206705093384 1.6697039604187012 7.149504661560059 47 39 16
1.4963934421539307 1.4879250526428223 6.784704208374023 207 181 126
1.4963934421539307 1.4879250526428223 6.784704208374023 207 181 126
1.7854690551757812 1.5575989484786987 8.098104476928711 44 41 21
-0.319872111082077 1.8310086727142334 7.462287425994873 148 133 110
1.9383606910705566 1.632971167564392 9.188544273376465 12 2 0
0.5204225778579712 1.6714965105056763 7.159115314483643 161 141 106
1.1841949224472046 1.504866123199463 6.904133319854736 51 46 27
1.872117519378662 1.397628903388977 9.712039947509766 72 43 15
2.5877158641815186 1.5954933166503906 9.888514518737793 129 122 105
-0.49592044949531555 1.9143520593643188 9.871735572814941 84 75 49
2.5636398792266846 1.567916989326477 9.912270545959473 173 160 122
2.8432674407958984 1.7108879089355469 10.324448585510254 8 8 1
1.8181657791137695 1.580568552017212 8.143194198608398 45 31 13
2.6464810371398926 2.381843328475952 11.137354850769043 20 18 6
1.1165541410446167 1.5924885272979736 6.9499430656433105 151 136 118
2.871943473815918 1.803301453590393 10.317313194274902 111 105 94
2.863800287246704 1.782270073890686 10.319942474365234 110 98 85
1.8094133138656616 1.5785980224609375 8.135969161987305 137 121 89
1.7515599727630615 1.3129726648330688 9.844535827636719 91 62 24
1.8156052827835083 1.6218012571334839 8.108407020568848 126 117 96
0.15452244877815247 1.7365692853927612 7.3093438148498535 169 149 115
1.7996501922607422 1.5207602977752686 9.314230918884277 133 114 85
-0.6484463810920715 1.891943335533142 7.611832618713379 36 30 16
-0.8433574438095093 1.920738935470581 7.684140205383301 160 144 118
1.891068935394287 1.4064197540283203 9.71207332611084 68 49 26
2.37746000289917 1.7201138734817505 9.22839069366455 20 19 12
2.4880459308624268 1.512126088142395 9.992234230041504 186 168 133
2.3146870136260986 1.6246360540390015 9.273982048034668 35 37 23
1.2013071775436401 1.5132825374603271 6.92023229598999 55 47 34
0.7977119088172913 1.2373321056365967 10.973164558410645 177 168 151
0.186067134141922 1.748866319656372 7.3156304359436035 74 62 38
0.186067134141922 1.748866319656372 7.3156304359436035 74 62 38
-0.7035012245178223 1.8938789367675781 7.6470255851745605 29 26 13
2.392656087875366 1.6105531454086304 8.72194766998291 53 44 46
2.871807813644409 1.8274987936019897 10.30931282043457 112 105 92
1.7889066934585571 1.5354758501052856 9.271692276000977 132 110 82
2.8573873043060303 1.796955943107605 10.313016891479492 19 18 8
1.262492299079895 1.4882209300994873 7.1306939125061035 182 162 129
1.8414493799209595 1.465943694114685 9.49289321899414 20 22 21
1.39671790599823 1.3746126890182495 9.606802940368652 29 20 6
2.172337293624878 1.5748971700668335 8.969326972961426 156 139 114
1.1744518280029297 1.3841440677642822 9.832409858703613 95 70 35
2.902968168258667 1.8011599779129028 10.361773490905762 19 18 12
2.3807787895202637 1.1752641201019287 10.975125312805176 198 163 132
2.4138846397399902 1.277996301651001 10.994091033935547 42 40 19
2.324272871017456 1.5993685722351074 8.692214012145996 58 64 83
2.324272871017456 1.5993685722351074 8.692214012145996 58 64 83
1.254078984260559 1.5628520250320435 6.938635349273682 136 126 106
1.254078984260559 1.5628520250320435 6.938635349273682 136 126 106
0.667224109172821 1.413283109664917 10.33883285522461 60 43 22
1.219720721244812 1.4056209325790405 9.753731727600098 178 147 94
2.1351470947265625 1.5687981843948364 8.861467361450195 136 121 90
2.158205032348633 1.6007814407348633 8.848516464233398 46 38 20
2.1534974575042725 1.5968470573425293 8.846344947814941 21 12 0
2.1534974575042725 1.5968470573425293 8.846344947814941 21 12 0
2.4321072101593018 1.3173445463180542 11.019783973693848 138 132 117
2.9069244861602783 1.7716858386993408 10.386783599853516 19 17 12
1.8534342050552368 1.489877462387085 9.492687225341797 147 139 122
2.1376383304595947 1.575381875038147 8.835967063903809 32 27 2
1.132264256477356 1.3276581764221191 10.03775691986084 72 56 32
1.2353887557983398 1.532336711883545 6.9559736251831055 53 42 18
-0.11707224696874619 1.8080114126205444 7.490106105804443 166 151 117
-1.1529453992843628 6.612093448638916 14.31126594543457 139 128 96
1.8184198141098022 1.4352197647094727 9.513678550720215 182 146 89
1.9127780199050903 1.625428557395935 9.483765602111816 11 6 1
2.4432103633880615 1.321785569190979 11.03542423248291 145 141 127
-0.31408852338790894 2.452929735183716 12.5081787109375 95 90 80
2.803992509841919 1.6821156740188599 10.262616157531738 118 110 87
1.2469158172607422 1.5371015071868896 6.962728977203369 163 140 109
1.0190619230270386 1.4362599849700928 9.888611793518066 29 24 15
2.842411518096924 1.8356120586395264 10.270621299743652 111 97 89
1.7361252307891846 1.5475023984909058 9.187549591064453 17 16 5
2.154737710952759 1.720900297164917 8.806986808776855 97 89 79
-0.30317604541778564 1.8319817781448364 7.581571102142334 172 149 131
-0.8482367396354675 1.9253071546554565 7.794984340667725 172 148 117
2.7689459323883057 1.6540837287902832 10.26474666595459 115 103 98
2.948012590408325 1.8120925426483154 10.419675827026367 97 93 89
0.292140930891037 1.736006498336792 7.356823444366455 163 146 120
2.7861433029174805 1.6578409671783447 10.22620677947998 103 96 74
1.6380722522735596 1.3742246627807617 9.535512924194336 169 141 94
0.16645395755767822 1.7268491983413696 7.407897472381592 61 46 20
2.3390071392059326 1.3735417127609253 10.85539722442627 165 132 94
-0.2895694971084595 1.837734341621399 7.596107006072998 90 75 58
2.74579119682312 1.7005600929260254 9.99588680267334 160 154 138
-0.5238821506500244 1.8385584354400635 12.096745491027832 162 145 121
1.8387012481689453 1.4503906965255737 9.515783309936523 167 139 94
2.7730793952941895 1.656428337097168 10.222923278808594 22 20 8
-0.5450432300567627 1.852811574935913 12.134444236755371 168 153 120
1.264067530632019 1.546358585357666 6.987008094787598 55 43 16
2.253725051879883 1.6225075721740723 9.106670379638672 129 115 89
2.9963741302490234 1.8303359746932983 10.471661567687988 106 101 98
2.253725051879883 1.6225075721740723 9.106670379638672 129 115 89
1.8924119472503662 1.676738977432251 9.549163818359375 118 112 85
2.0869088172912598 1.595717430114746 8.71299934387207 27 19 1
1.4015275239944458 1.2858712673187256 9.959240913391113 188 155 102
-0.5677996277809143 1.8898147344589233 7.733903408050537 40 33 13
4.10081672668457 1.3074415922164917 9.320425033569336 139 118 76
0.20385749638080597 1.7279237508773804 7.424992561340332 154 138 111
-0.28621891140937805 1.8335515260696411 7.626182556152344 65 58 31
1.863170862197876 1.4851411581039429 9.51187515258789 154 147 130
2.06719970703125 1.5769715309143066 8.69390869140625 32 24 5
-0.2978673577308655 1.8308255672454834 7.63551664352417 39 29 6
2.076809883117676 1.620840072631836 8.69642162322998 122 115 88
2.2092573642730713 1.6050227880477905 9.022048950195312 166 151 117
2.077155590057373 1.6321834325790405 8.693389892578125 156 143 116
1.6082135438919067 1.648669958114624 9.147714614868164 138 123 82
-0.8865194916725159 1.9539120197296143 8.150150299072266 59 44 14
1.2433786392211914 1.5065008401870728 7.008917808532715 68 51 22
-70.42508697509766 98.18611145019531 118.06807708740234 134 121 93
2.753648281097412 1.7074570655822754 9.966007232666016 52 40 14
0.21773666143417358 1.7395882606506348 7.4408159255981445 165 147 125
2.5321412086486816 1.645132303237915 10.604032516479492 148 136 109
2.7406258583068848 1.6382653713226318 10.223995208740234 103 93 81
0.23057037591934204 1.7485378980636597 7.44111442565918 166 149 119
2.198885440826416 1.591626524925232 9.038800239562988 153 136 105
1.2424275875091553 1.498753309249878 7.018823623657227 180 161 129
2.010394334793091 1.4371167421340942 6.8488545417785645 202 178 127
2.722329616546631 1.6898589134216309 10.00925350189209 39 25 16
1.5736149549484253 1.6434143781661987 9.142385482788086 143 129 96
2.0281729698181152 1.5430225133895874 8.665318489074707 65 53 20
1.464938998222351 1.311842679977417 9.760379791259766 83 68 42
2.0281729698181152 1.5430225133895874 8.665318489074707 65 53 20
1.8921149969100952 1.672886610031128 9.563603401184082 21 18 4
1.3546215295791626 1.5325837135314941 7.1502227783203125 138 128 98
3.037052869796753 1.585961937904358 8.083826065063477 156 144 91
2.8754196166992188 1.3744356632232666 8.193502426147461 184 173 127
-0.5566272735595703 1.8907749652862549 11.233622550964355 114 106 72
1.7245570421218872 0.7218679785728455 9.173480987548828 59 44 15
1.3264038562774658 1.5023303031921387 7.157435894012451 125 116 81
-1.504547357559204 2.4462523460388184 8.296775817871094 135 129 92
1.6275289058685303 1.3423614501953125 9.604951858520508 64 51 27
2.270232677459717 1.4103026390075684 10.616377830505371 56 46 21
-0.7779319286346436 1.9241565465927124 7.876193046569824 86 71 40
1.7895246744155884 1.3918818235397339 9.572159767150879 64 44 13
0.6084166169166565 1.6233410835266113 7.300876140594482 76 53 24
-1.2558473348617554 2.3852450847625732 8.204361915588379 148 134 107
2.062337636947632 1.6427165269851685 8.647893905639648 23 19 7
2.062337636947632 1.6427165269851685 8.647893905639648 23 19 7
-0.048577189445495605 1.8085598945617676 7.590162754058838 80 62 32
-0.21026189625263214 1.8524198532104492 7.86968994140625 158 143 113
0.4416239857673645 1.7119112014770508 7.390847682952881 61 48 14
-0.5483803749084473 1.9001471996307373 7.803381443023682 80 72 45
2.054487466812134 1.6272820234298706 8.637106895446777 135 121 101
0.2076428085565567 1.7241517305374146 7.48660135269165 168 150 118
0.6161752343177795 1.6692017316818237 7.321977138519287 65 52 18
2.054487466812134 1.6272820234298706 8.637106895446777 135 121 101
1.273019790649414 1.505357027053833 7.040182590484619 56 42 26
0.31869202852249146 1.7482441663742065 7.454655647277832 42 36 16
2.5949294567108154 1.513813853263855 10.111272811889648 149 133 104
0.2907412350177765 1.7507990598678589 7.648848056793213 77 61 45
2.256004810333252 1.6270843744277954 9.129158020019531 149 134 107
1.8586064577102661 1.5031484365463257 9.419307708740234 164 155 137
-0.4028209149837494 1.8759958744049072 7.763652801513672 73 58 28
2.6912076473236084 1.644546389579773 10.016867637634277 152 141 110
1.7671401500701904 1.3721191883087158 9.598779678344727 72 52 15
-0.28213629126548767 1.8290153741836548 7.7142181396484375 168 151 119
2.0476889610290527 1.6246532201766968 8.621650695800781 133 118 99
1.324597716331482 1.553138256072998 7.043589115142822 37 37 26
-0.7770752906799316 1.7802090644836426 8.107001304626465 44 32 10
1.5558903217315674 1.650167465209961 9.088570594787598 36 34 13
1.5558903217315674 1.650167465209961 9.088570594787598 36 34 13
1.8090388774871826 1.4046956300735474 9.57201862335205 88 64 30
-0.26437798142433167 1.8392332792282104 7.713618755340576 168 155 121
1.2487415075302124 1.4842277765274048 7.065445423126221 92 76 53
-0.7185379862785339 1.9335845708847046 8.12319278717041 67 54 18
0.29476621747016907 1.7443748712539673 7.663836479187012 64 53 31
0.25774484872817993 1.7499535083770752 7.501594543457031 168 154 115
2.0119106769561768 1.5647833347320557 8.621158599853516 159 139 113
-0.7491564154624939 1.9390532970428467 8.138946533203125 173 152 117
-0.07961485534906387 1.8249356746673584 7.651330471038818 42 30 6
2.3960461616516113 -0.5586152076721191 10.201473236083984 111 94 81
3.323369264602661 1.264314889907837 8.880237579345703 169 154 100
0.24484789371490479 1.7364647388458252 7.515901565551758 163 150 119
1.3077820539474487 1.5372122526168823 7.064198970794678 144 126 103
2.7996859550476074 1.7748754024505615 10.077065467834473 95 91 81
2.722017288208008 1.60166597366333 10.093376159667969 23 17 7
2.350318193435669 -0.5572872161865234 10.355779647827148 109 94 84
-0.6963962912559509 1.9222980737686157 7.945733070373535 167 148 113
0.7611226439476013 1.6333280801773071 7.321928977966309 92 77 55
-0.46415188908576965 1.9035345315933228 8.032307624816895 169 150 115
2.699795722961426 1.5708577632904053 10.106343269348145 37 31 15
1.2628636360168457 1.4843765497207642 7.095915794372559 175 152 103
1.5920270681381226 1.6564711332321167 9.015157699584961 27 21 9
0.3702801465988159 1.7361297607421875 7.498921871185303 77 60 34
2.140592098236084 1.5374377965927124 9.150713920593262 47 46 27
2.7241222858428955 1.602217197418213 10.067687034606934 115 107 100
-0.461302250623703 1.7718878984451294 12.183207511901855 96 81 43
0.464043527841568 1.7060575485229492 7.462747097015381 54 48 32
1.5407453775405884 1.6434422731399536 9.05570125579834 37 31 13
1.7914695739746094 1.4190303087234497 9.508709907531738 147 118 82
2.2812976837158203 1.3675270080566406 10.692745208740234 125 102 71
-0.9365440011024475 1.9573124647140503 8.087631225585938 188 168 135
0.607155442237854 1.6865205764770508 7.544684886932373 154 140 109
0.6066272258758545 1.6733605861663818 7.425766468048096 71 58 30
0.7681015729904175 1.3167325258255005 10.650443077087402 191 184 165
-0.5121824741363525 1.9159923791885376 9.113036155700684 166 142 95
2.41190505027771 1.57663094997406 9.497455596923828 125 118 93
2.052238941192627 1.6796692609786987 8.55557918548584 117 110 92
0.9139329791069031 1.6887575387954712 8.211313247680664 44 35 9
2.052238941192627 1.6796692609786987 8.55557918548584 117 110 92
-2.876028299331665 5.62364387512207 11.583900451660156 143 129 96
2.0032196044921875 1.590743064880371 8.562495231628418 145 128 103
1.9573822021484375 1.367738962173462 10.008003234863281 182 178 159
1.6529161930084229 1.5771846771240234 7.741514205932617 118 104 76
1.6529161930084229 1.5771846771240234 7.741514205932617 118 104 76
2.605198621749878 1.518231749534607 10.064547538757324 151 139 120
0.3091467618942261 1.7553503513336182 7.696597099304199 54 47 28
2.4768855571746826 1.5669007301330566 9.81285285949707 103 98 68
2.4768855571746826 1.5669007301330566 9.81285285949707 103 98 68
-0.9785529375076294 1.9443515539169312 9.348637580871582 150 134 93
1.3000636100769043 1.4834400415420532 7.217992782592773 64 52 28
2.2338733673095703 1.5987011194229126 9.171552658081055 43 32 5
-0.8992446064949036 1.9549657106399536 9.390893936157227 180 165 133
2.7171008586883545 1.7337526082992554 9.993269920349121 149 141 119
-0.0649973526597023 1.8469094038009644 8.76711368560791 155 134 84
-2.9894649982452393 4.457308769226074 9.715856552124023 79 74 46
1.2228789329528809 1.6141417026519775 7.951160430908203 160 144 118
2.0103871822357178 1.319180965423584 10.39765453338623 10 11 4
1.9568202495574951 1.5452996492385864 8.564123153686523 54 50 31
1.6319044828414917 1.5750044584274292 7.687973976135254 124 109 85
2.506986141204834 1.6296546459197998 9.784120559692383 129 121 91
1.6399319171905518 1.5408421754837036 7.760258197784424 138 121 104
2.44830584526062 1.6335440874099731 9.50008773803711 24 22 8
2.438385248184204 1.6425514221191406 9.457111358642578 24 20 10
0.7831601500511169 1.8276742696762085 9.712480545043945 47 41 19
-0.7178720235824585 1.8665004968643188 11.064024925231934 71 62 32
1.313578724861145 1.4861466884613037 7.218644142150879 174 155 125
1.313578724861145 1.4861466884613037 7.218644142150879 174 155 125
1.8632146120071411 1.2793991565704346 10.140266418457031 186 173 148
1.553556203842163 1.5092986822128296 7.712429523468018 136 127 89
1.553556203842163 1.5092986822128296 7.712429523468018 136 127 89
1.565842866897583 1.5078238248825073 7.70315408706665 71 60 25
2.37746524810791 1.5374614000320435 9.562439918518066 47 38 17
1.9289530515670776 1.6812617778778076 9.566474914550781 108 103 82
1.5682467222213745 1.5177175998687744 7.811455726623535 68 60 32
2.4407598972320557 1.6477818489074707 9.442538261413574 123 116 99
1.9893277883529663 1.5910753011703491 8.530577659606934 40 38 21
2.0461206436157227 1.6816341876983643 9.987191200256348 4 2 1
1.592860460281372 1.528688669204712 7.674596786499023 131 120 96
1.592860460281372 1.528688669204712 7.674596786499023 131 120 96
2.0193819999694824 1.6416370868682861 8.517455101013184 134 119 95
1.3887537717819214 1.5529974699020386 7.203124046325684 119 109 81
1.6202586889266968 1.5826103687286377 7.665854454040527 47 44 25
1.996239185333252 1.4121356010437012 9.92082691192627 168 165 143
2.027033567428589 1.6566882133483887 8.50758171081543 32 24 12
0.6617652177810669 1.683579921722412 7.548907279968262 159 147 116
2.406315326690674 1.596791386604309 9.446603775024414 117 114 95
-0.15075650811195374 1.9035027027130127 10.527995109558105 29 20 1
-0.28041645884513855 1.9112529754638672 9.066349029541016 145 136 100
1.7892611026763916 1.5260510444641113 7.53708028793335 66 35 45
1.7896065711975098 1.5251898765563965 7.536189079284668 66 35 45
2.042283296585083 1.686030387878418 9.962918281555176 106 95 74
0.6513586640357971 1.723503828048706 8.235625267028809 31 26 8
2.434312343597412 1.6022419929504395 9.529338836669922 137 126 105
1.6354542970657349 1.533243179321289 7.7977800369262695 122 116 92
1.6354542970657349 1.533243179321289 7.7977800369262695 122 116 92
1.6075489521026611 1.571311116218567 7.6398444175720215 147 130 103
2.61557936668396 1.7415531873703003 9.729596138000488 117 107 85
2.006739377975464 1.448108196258545 9.893774032592773 11 12 5
2.7378387451171875 1.7534432411193848 9.954911231994629 55 36 16
-1.2312195301055908 1.9902489185333252 9.34661865234375 72 62 35
1.0205141305923462 1.5743536949157715 7.375614166259766 153 136 109
1.2567143440246582 1.4981313943862915 7.257697582244873 62 49 40
0.9673494696617126 1.673293113708496 8.261750221252441 135 120 79
0.026770949363708496 1.8629770278930664 8.894818305969238 46 41 19
-0.7049340605735779 1.8875467777252197 10.968421936035156 64 49 15
0.3184884786605835 1.8465754985809326 8.718234062194824 61 51 25
1.8924200534820557 1.2947490215301514 10.141453742980957 187 182 153
1.123095989227295 1.5435409545898438 7.331063747406006 51 41 9
2.3916962146759033 1.5955474376678467 9.433985710144043 33 25 8
1.9773651361465454 1.5864800214767456 8.49901294708252 126 116 88
-0.30406221747398376 1.902377724647522 10.61092758178711 21 17 1
-0.9772965908050537 1.9494673013687134 9.552824020385742 34 31 7
2.493622303009033 1.7355897426605225 9.51937484741211 111 106 85
2.4572978019714355 1.7319581508636475 9.401520729064941 16 18 14
1.0306121110916138 1.7644810676574707 9.38267993927002 21 16 4
2.648308753967285 1.5899101495742798 10.003552436828613 147 132 100
2.6927647590637207 1.7215090990066528 9.999516487121582 21 18 8
-0.6792962551116943 1.9365907907485962 8.197467803955078 180 164 135
1.8523706197738647 1.2734163999557495 10.192880630493164 155 147 127
1.5773812532424927 1.5437047481536865 7.605888843536377 173 155 117
1.5773812532424927 1.5437047481536865 7.605888843536377 173 155 117
1.8360637426376343 1.4207960367202759 9.584405899047852 88 61 28
1.3459187746047974 1.4917982816696167 7.229297161102295 181 160 130
-0.21514464914798737 1.8479481935501099 7.982872009277344 61 53 34
1.930110216140747 1.6702277660369873 9.577532768249512 7 4 0
2.095829725265503 1.6936794519424438 10.058174133300781 114 110 84
2.38346004486084 1.4627572298049927 7.117791652679443 178 161 103
2.38346004486084 1.4627572298049927 7.117791652679443 178 161 103
2.4723551273345947 2.102607011795044 10.140717506408691 33 22 8
2.5791807174682617 1.6966460943222046 9.76957893371582 155 142 114
0.7324674129486084 1.7457733154296875 8.464337348937988 46 45 21
1.5958187580108643 1.659214973449707 9.09326457977295 26 26 7
1.7874516248703003 -0.07044492661952972 14.028213500976562 134 111 101
1.9953778982162476 1.64262056350708 8.458285331726074 143 127 102
2.578932762145996 1.6970412731170654 9.770416259765625 155 142 114
-0.48613038659095764 1.9173654317855835 9.280147552490234 158 143 111
2.3896970748901367 1.5298974514007568 9.580221176147461 138 130 112
2.4376604557037354 1.6920136213302612 9.39842700958252 23 20 14
2.4376604557037354 1.6920136213302612 9.39842700958252 23 20 14
2.000427007675171 1.6588860750198364 8.454943656921387 28 20 7
2.441371202468872 1.5965090990066528 9.54433536529541 25 19 5
3.063347816467285 -2.2143144607543945 9.423321723937988 134 103 104
0.7692283391952515 1.7516580820083618 8.458492279052734 155 141 109
0.6537666916847229 0.6755625605583191 8.25369930267334 179 164 130
1.5234981775283813 1.5120396614074707 7.59161376953125 161 143 106
1.9967997074127197 1.3719539642333984 10.059700012207031 165 156 137
-0.609442412853241 1.923616647720337 8.178744316101074 69 60 31
1.0341254472732544 1.695752739906311 8.28565502166748 78 64 37
1.8157958984375 1.5617046356201172 8.572105407714844 167 147 113
2.356062412261963 1.3654279708862305 8.945894241333008 121 114 85
0.15901197493076324 1.8077675104141235 7.826689720153809 166 149 122
2.5048582553863525 1.7500749826431274 9.536101341247559 17 18 15
2.5048582553863525 1.7500749826431274 9.536101341247559 17 18 15
-0.7180880904197693 1.9317458868026733 8.903661727905273 46 36 22
2.5512959957122803 1.6590576171875 9.79436206817627 158 139 127
-0.1756289154291153 1.8572561740875244 7.985681533813477 160 138 106
0.9565938711166382 1.6040648221969604 7.438264846801758 174 149 95
1.517354965209961 1.2799333333969116 9.912717819213867 73 61 31
0.3212876617908478 1.7601982355117798 7.751720428466797 147 136 94
1.0453863143920898 1.7579532861709595 9.271424293518066 144 129 112
2.4169981479644775 1.6697382926940918 9.399378776550293 20 17 6
0.9933417439460754 1.671434998512268 8.32498836517334 168 152 120
1.540902018547058 1.522430181503296 7.562778472900391 136 120 94
1.9280414581298828 1.3723398447036743 9.906923294067383 186 179 153
1.9280414581298828 1.3723398447036743 9.906923294067383 186 179 153
0.7788408994674683 1.7525323629379272 8.489619255065918 44 36 11
1.5159045457839966 1.2850761413574219 9.921432495117188 72 59 30
1.9822150468826294 1.4358810186386108 9.859992980957031 16 15 10
1.9392646551132202 1.6803197860717773 9.585310935974121 114 106 87
1.0409215688705444 1.6949409246444702 8.312423706054688 156 143 115
1.79497492313385 1.5589923858642578 8.549562454223633 80 64 28
-0.7161718606948853 1.9353054761886597 8.868900299072266 93 86 69
-0.35672202706336975 1.9136370420455933 9.267171859741211 46 38 15
1.5095807313919067 1.5009158849716187 7.564199447631836 169 150 121
-1.0499829053878784 1.9527573585510254 9.726136207580566 167 159 119
-0.37745606899261475 1.9135921001434326 9.290970802307129 164 150 116
2.506983995437622 1.7386538982391357 9.543996810913086 121 113 104
1.7130924463272095 1.5921701192855835 7.858396530151367 44 35 15
2.3857169151306152 1.5260024070739746 9.617615699768066 163 142 112
-0.663912832736969 1.9111473560333252 10.719792366027832 152 132 90
-0.663912832736969 1.9111473560333252 10.719792366027832 152 132 90
1.0454379320144653 1.6689813137054443 8.31597900390625 172 153 120
1.6811158657073975 1.5473663806915283 7.873486042022705 163 145 115
1.024774193763733 1.6839076280593872 8.339325904846191 173 153 122
0.30706116557121277 1.8239469528198242 8.83818244934082 60 55 32
0.30706116557121277 1.8239469528198242 8.83818244934082 60 55 32
2.488145589828491 1.6156651973724365 9.777828216552734 127 120 89
2.2319905757904053 1.6778926849365234 9.914289474487305 105 99 70
1.9298689365386963 1.306779146194458 10.161825180053711 173 166 153
1.3334194421768188 1.4860917329788208 7.264449596405029 45 36 11
2.6271939277648926 1.5797882080078125 9.991345405578613 154 140 109
1.9155423641204834 1.5697300434112549 8.398185729980469 122 116 93
-6.346869945526123 17.433488845825195 28.935302734375 109 98 75
2.3927907943725586 1.635635495185852 9.400583267211914 29 25 13
1.8238824605941772 0.8028110265731812 7.186792373657227 47 35 2
2.4868569374084473 1.6796396970748901 9.574149131774902 128 116 90
2.4868569374084473 1.6796396970748901 9.574149131774902 128 116 90
1.9578871726989746 1.6579331159591675 8.383406639099121 32 24 10
2.4732680320739746 1.6429435014724731 9.577174186706543 20 21 10
1.9098690748214722 1.6565693616867065 9.619731903076172 106 101 80
2.1189143657684326 1.6903657913208008 10.10237979888916 119 108 84
1.9098690748214722 1.6565693616867065 9.619731903076172 106 101 80
2.6271939277648926 1.5797882080078125 9.991345405578613 154 140 109
2.3697242736816406 1.5937570333480835 9.402022361755371 28 21 8
2.685330390930176 1.752292513847351 9.980550765991211 138 126 99
1.93802809715271 1.6114150285720825 8.37256145477295 137 120 100
0.7640014886856079 1.7418447732925415 8.558381080627441 163 141 99
2.4538381099700928 1.6144485473632812 9.598563194274902 122 114 98
0.29258993268013 1.7726079225540161 7.79407262802124 175 158 133
2.3399107456207275 1.7017415761947632 9.134809494018555 129 122 101
1.9440160989761353 1.6684602499008179 9.595527648925781 33 26 5
0.9888706207275391 2.4921202659606934 8.6232271194458 146 133 104
1.6901936531066895 1.5467830896377563 7.905465602874756 146 134 108
1.9124480485916138 1.5902460813522339 8.354307174682617 40 38 17
2.529067277908325 1.751846194267273 9.56908893585205 32 30 18
1.6393057107925415 1.5195130109786987 7.9455647468566895 175 161 127
1.668674349784851 1.2456382513046265 10.141250610351562 187 180 164
1.955922245979309 1.6595348119735718 9.59771728515625 142 129 103
-0.027036456391215324 1.8668078184127808 8.393494606018066 126 118 83
1.3318297863006592 1.651078224182129 8.83862590789795 147 134 90
1.3715736865997314 1.4907678365707397 7.27598762512207 91 69 29
1.9173731803894043 1.3761483430862427 9.86883544921875 171 162 136
1.9173731803894043 1.3761483430862427 9.86883544921875 171 162 136
-1.0049070119857788 1.9457335472106934 9.818036079406738 175 155 127
2.145484447479248 1.7102630138397217 10.099562644958496 132 117 94
-1.0345752239227295 1.9391099214553833 9.840922355651855 83 67 29
-0.08626244217157364 1.8508329391479492 8.012396812438965 159 141 106
0.10103928297758102 1.8504208326339722 8.307734489440918 142 127 98
1.4146016836166382 1.5536376237869263 7.2725300788879395 42 34 28
2.584071636199951 1.7394083738327026 9.678035736083984 13 9 0
2.584071636199951 1.7394083738327026 9.678035736083984 13 9 0
2.3669722080230713 1.6141301393508911 9.375345230102539 49 38 21
1.4901809692382812 1.4954074621200562 7.494085311889648 156 144 100
0.836930513381958 1.7523009777069092 8.575583457946777 137 114 72
2.2028164863586426 1.41112220287323 10.551228523254395 129 109 84
0.06677849590778351 1.8583687543869019 9.119505882263184 151 129 94
0.06677849590778351 1.8583687543869019 9.119505882263184 151 129 94
1.3630666732788086 1.4842205047607422 7.285552024841309 181 160 126
1.9091272354125977 1.6185121536254883 8.32178020477295 37 35 20
0.991207480430603 1.7464781999588013 9.107759475708008 151 139 99
2.6464357376098633 1.6594880819320679 9.954191207885742 121 110 85
0.34930357336997986 1.8422510623931885 8.937599182128906 151 132 105
0.34930357336997986 1.8422510623931885 8.937599182128906 151 132 105
-0.4565950632095337 1.893242597579956 9.489572525024414 158 142 102
2.536663770675659 1.728116512298584 9.580791473388672 118 110 94
1.478384017944336 1.50290846824646 7.488536357879639 154 133 99
1.7485485076904297 1.2749706506729126 10.007216453552246 198 186 162
2.06158185005188 1.4001667499542236 10.106841087341309 153 147 127
0.40124204754829407 1.7787508964538574 8.107213973999023 150 130 87
0.2968835234642029 1.8275299072265625 8.9894437789917 58 49 28
-0.3701789081096649 1.903635025024414 9.465084075927734 154 135 93
2.383469820022583 1.5288732051849365 9.716229438781738 129 123 104
2.2794322967529297 1.6221864223480225 9.222511291503906 136 122 92
2.2794322967529297 1.6221864223480225 9.222511291503906 136 122 92
1.9091877937316895 1.480675458908081 9.62106704711914 56 56 32
1.367360234260559 1.4908554553985596 7.3083415031433105 70 54 34
1.9167039394378662 1.4914758205413818 9.61913013458252 149 146 127
1.4090218544006348 1.5193781852722168 7.29814338684082 141 124 96
2.3586466312408447 1.721267819404602 9.181135177612305 17 16 7
1.1100038290023804 1.683846116065979 8.42352294921875 73 64 46
1.1100038290023804 1.683846116065979 8.42352294921875 73 64 46
1.4585288763046265 1.4957585334777832 7.476055145263672 52 38 8
3.034782648086548 1.2992885112762451 8.149884223937988 178 172 125
1.4202760457992554 1.52974534034729 7.296183109283447 146 129 101
-1.4370754957199097 4.259716510772705 9.665840148925781 27 23 11
1.5881471633911133 1.239060878753662 10.176907539367676 188 187 164
0.20065979659557343 1.8812003135681152 9.723155975341797 149 127 80
1.680955410003662 1.2906495332717896 9.823647499084473 71 52 25
1.4428348541259766 1.4941527843475342 7.480813980102539 144 134 104
2.000964403152466 1.3416070938110352 10.1851224899292 70 64 55
1.4971394538879395 1.5340181589126587 7.455885410308838 139 124 89
1.87545907497406 1.5830801725387573 8.278904914855957 165 148 122
1.87545907497406 1.5830801725387573 8.278904914855957 165 148 122
0.5569481253623962 1.8551533222198486 9.408902168273926 133 121 96
2.053999662399292 1.6447035074234009 9.524227142333984 29 32 8
2.5947108268737793 1.5796709060668945 9.93797779083252 13 15 0
-0.22019769251346588 1.897350549697876 9.415548324584961 144 129 101
2.569664478302002 1.6655250787734985 9.813923835754395 171 159 142
0.8310965895652771 1.7397998571395874 8.6571683883667 159 137 92
0.5403287410736084 1.6932471990585327 7.750328540802002 164 142 98
2.272306442260742 1.604337215423584 9.243431091308594 101 90 61
0.8586784601211548 1.756576418876648 8.647005081176758 55 47 12
2.272306442260742 1.604337215423584 9.243431091308594 101 90 61
-0.476173460483551 1.9167449474334717 8.26765251159668 149 136 108
2.5957117080688477 1.69447660446167 9.796269416809082 162 151 125
1.9260765314102173 1.4104933738708496 9.793525695800781 64 47 23
2.465050458908081 1.600178837776184 9.674273490905762 33 26 8
2.445254325866699 1.5304601192474365 9.94963550567627 19 16 4
2.563685655593872 1.543463110923767 9.968744277954102 167 150 120
1.1372356414794922 1.6848857402801514 8.451517105102539 164 154 117
2.5797007083892822 1.6549806594848633 9.814624786376953 170 154 128
1.3175972700119019 1.5171382427215576 7.522685527801514 50 35 14
1.5344302654266357 1.4723838567733765 7.383216857910156 37 30 12
1.7107429504394531 1.26884126663208 9.97991943359375 206 200 177
-0.15942862629890442 1.9067128896713257 9.413335800170898 31 23 14
2.062609910964966 1.367995023727417 10.231701850891113 179 172 156
1.8827452659606934 1.629886507987976 8.254990577697754 134 118 103
2.312330961227417 1.6481331586837769 9.217185020446777 147 132 105
-0.6733754873275757 1.8965632915496826 10.332813262939453 159 142 107
-0.550892174243927 1.931180715560913 9.694602012634277 58 49 30
2.47763729095459 1.6056149005889893 9.735099792480469 20 12 5
1.006927490234375 1.7700769901275635 8.978271484375 27 23 2
2.320221424102783 1.5913430452346802 9.343269348144531 44 42 20
2.5663156509399414 1.757336139678955 9.621644973754883 104 101 87
2.47763729095459 1.6056149005889893 9.735099792480469 20 12 5
2.4999313354492188 1.6413829326629639 9.718968391418457 32 31 20
0.09875333309173584 1.8678175210952759 9.25046443939209 43 29 3
2.2876551151275635 1.5075091123580933 7.87782096862793 149 148 113
2.1420607566833496 1.6881276369094849 10.2086181640625 110 96 75
1.8462013006210327 1.566512942314148 8.248213768005371 152 136 111
2.1977243423461914 1.5262196063995361 10.344890594482422 14 14 14
1.9082145690917969 1.4758495092391968 9.64217758178711 162 154 132
1.3000394105911255 1.6652036905288696 8.705819129943848 152 132 99
2.5413243770599365 1.6109706163406372 9.858426094055176 175 161 135
1.7016090154647827 1.2981250286102295 9.823331832885742 60 38 7
1.0266238451004028 1.618079423904419 7.678936958312988 155 140 113
2.5403099060058594 1.6140626668930054 9.864354133605957 175 161 135
3.2930760383605957 -1.2801998853683472 12.447660446166992 132 115 125
3.2930760383605957 -1.2801998853683472 12.447660446166992 132 115 125
1.634384036064148 1.2584234476089478 7.990872859954834 45 34 14
2.630469799041748 1.719936490058899 9.789517402648926 118 113 103
2.0321590900421143 1.3506604433059692 10.22313404083252 158 151 126
1.2776535749435425 1.6598429679870605 8.701047897338867 162 147 119
-0.8777449131011963 1.9046103954315186 10.437383651733398 63 59 27
0.6112905144691467 1.6796079874038696 7.743008613586426 40 30 17
2.3947391510009766 1.7230887413024902 9.282044410705566 23 22 8
0.6911120414733887 1.6880239248275757 7.847665786743164 148 133 105
1.8503477573394775 1.5708967447280884 8.222235679626465 153 136 110
1.8503477573394775 1.5708967447280884 8.222235679626465 153 136 110
1.8503477573394775 1.5708967447280884 8.222235679626465 153 136 110
2.5601022243499756 1.7169899940490723 9.647029876708984 42 36 22
1.7902579307556152 1.6094318628311157 8.0286283493042 35 30 18
0.18466536700725555 1.874392032623291 9.242945671081543 36 20 3
1.6132383346557617 1.252326250076294 10.050619125366211 91 82 71
1.4755653142929077 1.6232441663742065 8.525274276733398 162 145 121
1.481555461883545 1.5416676998138428 7.413181781768799 143 128 93
1.7676949501037598 1.5460933446884155 8.275299072265625 172 155 133
1.3176052570343018 1.6767940521240234 8.65945816040039 174 157 124
0.39949917793273926 1.8448600769042969 9.094243049621582 155 139 108
1.1504082679748535 1.669242024421692 8.51511287689209 165 149 121
2.627054452896118 1.7094273567199707 9.803865432739258 34 29 11
1.3577723503112793 1.2484115362167358 10.357770919799805 53 50 38
-1.0616320371627808 1.9608633518218994 8.75690746307373 175 163 122
0.9862691760063171 1.2300939559936523 10.80971622467041 137 129 108
2.534724235534668 1.5930010080337524 9.896159172058105 174 160 124
0.6011595726013184 1.8366879224777222 9.254843711853027 151 136 112
2.11895751953125 1.6346098184585571 9.471056938171387 45 33 17
2.3107361793518066 1.6425328254699707 9.2406644821167 21 18 7
2.3241398334503174 1.656359076499939 9.233386993408203 40 27 2
1.3509176969528198 1.25856351852417 10.253613471984863 92 78 68
1.3237767219543457 1.6813679933547974 8.640185356140137 148 135 111
0.6355251669883728 1.6781835556030273 7.854074001312256 52 43 18
2.5148489475250244 1.5177992582321167 9.987378120422363 181 164 143
1.2716621160507202 1.2419805526733398 10.440510749816895 63 60 42
1.2716621160507202 1.2419805526733398 10.440510749816895 63 60 42
2.5148489475250244 1.5177992582321167 9.987378120422363 181 164 143
-0.7422833442687988 1.9112833738327026 10.255938529968262 190 170 148
2.221480131149292 1.5119264125823975 7.868869781494141 46 53 61
0.1718192845582962 1.888574242591858 9.309924125671387 52 38 15
-0.3366103768348694 1.8986495733261108 9.679853439331055 74 56 17
2.3446927070617676 1.673017144203186 9.225944519042969 72 60 32
2.3446927070617676 1.673017144203186 9.225944519042969 72 60 32
0.12184719741344452 1.8651056289672852 9.345658302307129 69 59 37
2.425372362136841 2.164355754852295 10.384051322937012 125 122 111
2.5229573249816895 1.5774188041687012 9.919651985168457 31 24 10
2.4985172748565674 1.5465681552886963 9.946940422058105 37 34 18
0.3320850133895874 1.7616506814956665 7.939736843109131 165 146 116
1.2868024110794067 1.68143892288208 8.615731239318848 169 154 125
0.3816237449645996 1.8371522426605225 9.343935012817383 155 144 109
1.1455456018447876 1.6625818014144897 8.574896812438965 164 150 118
0.653845489025116 1.6850390434265137 7.81529426574707 42 31 8
0.08926115930080414 1.865443468093872 9.563882827758789 156 143 106
1.9476474523544312 1.485048770904541 9.693568229675293 153 147 127
0.9124847650527954 1.7470070123672485 8.90983772277832 162 146 116
-0.6933803558349609 1.9349067211151123 8.518085479736328 163 140 90
1.9609404802322388 1.5278160572052002 9.6930570602417 41 40 34
1.0841091871261597 1.735459804534912 8.770037651062012 68 57 34
1.8193206787109375 1.634653091430664 8.08090591430664 110 106 91
1.9319149255752563 1.461413860321045 9.700478553771973 54 44 29
2.172431707382202 1.5903733968734741 8.894715309143066 124 118 86
2.820847511291504 1.9273473024368286 10.58834171295166 102 96 81
0.16387267410755157 1.7461352348327637 7.276077747344971 73 63 33
0.4504893124103546 1.6879754066467285 7.173441410064697 163 142 114
0.11802155524492264 1.7262691259384155 7.30279541015625 56 46 20
0.1374809443950653 1.735944151878357 7.299810409545898 149 134 106
0.13607695698738098 1.7315809726715088 7.300805568695068 116 105 75
-0.3184450566768646 1.835494041442871 7.476396560668945 79 68 37
2.3354783058166504 1.3650230169296265 10.869455337524414 58 43 18
1.1742451190948486 1.5011364221572876 6.914604663848877 134 121 99
1.3143430948257446 1.5011725425720215 7.134922027587891 139 123 91
2.2312262058258057 1.6319447755813599 8.976541519165039 30 28 10
0.16886839270591736 1.7408496141433716 7.317739963531494 172 151 126
-0.32965198159217834 1.8952311277389526 9.769916534423828 66 56 31
1.9454855918884277 1.495285987854004 9.679141998291016 78 73 71
-0.18794064223766327 1.9052934646606445 9.660017967224121 74 64 35
2.8196372985839844 -2.9299094676971436 7.237646579742432 57 38 26
1.8229122161865234 1.6198692321777344 8.131641387939453 34 30 19
0.8646271824836731 1.7418454885482788 8.84210205078125 168 150 112
1.7719119787216187 1.5485996007919312 8.120344161987305 57 49 26
1.638007640838623 0.7046085596084595 9.222014427185059 75 60 37
1.1772738695144653 1.3176501989364624 10.042755126953125 75 60 37
2.7892098426818848 1.6834912300109863 10.196364402770996 110 101 83
2.0795326232910156 1.6130754947662354 9.568268775939941 29 26 14
1.366756796836853 1.6155693531036377 9.448774337768555 18 17 11
2.374295949935913 1.3906193971633911 10.767696380615234 147 120 79
1.2522684335708618 1.5232398509979248 6.9926838874816895 162 142 112
1.2522684335708618 1.5232398509979248 6.9926838874816895 162 142 112
0.7381023168563843 1.8929176330566406 10.1879243850708 18 16 9
1.7883665561676025 1.567870855331421 8.091160774230957 50 41 14
2.6297378540039062 1.6714258193969727 9.864272117614746 122 113 88
1.943750262260437 1.5125701427459717 9.666131973266602 146 139 111
1.943750262260437 1.5125701427459717 9.666131973266602 146 139 111
-0.23193922638893127 1.8990070819854736 9.641944885253906 160 146 104
0.7569307088851929 1.6211202144622803 7.20067834854126 87 68 34
1.6377497911453247 1.3589189052581787 9.559301376342773 178 143 97
2.0566670894622803 1.5615805387496948 8.711615562438965 45 37 11
2.283433675765991 1.221577525138855 8.370119094848633 32 27 12
0.414048433303833 1.8513234853744507 9.149297714233398 144 128 92
0.3840879201889038 1.7190942764282227 7.362689971923828 169 147 110
-0.17460398375988007 1.9029316902160645 9.566794395446777 52 37 8
1.2826815843582153 1.5564206838607788 6.999602317810059 154 137 115
1.2823237180709839 1.5572950839996338 7.000314712524414 154 137 115
-0.839600145816803 1.9089926481246948 10.318659782409668 71 60 25
2.0775363445281982 1.6396732330322266 8.676658630371094 123 112 87
2.396944761276245 1.7378895282745361 9.258370399475098 31 29 17
1.2384675741195679 1.6590359210968018 8.69422435760498 159 145 111
1.7669315338134766 1.559606671333313 8.057552337646484 39 32 13
0.23992572724819183 1.7680160999298096 7.446328639984131 64 56 38
2.0943639278411865 2.0197956562042236 9.646035194396973 136 128 101
-0.53700852394104 1.9271719455718994 8.352023124694824 71 59 36
2.0128026008605957 1.4383150339126587 6.849467754364014 201 177 127
2.363851547241211 1.6927869319915771 9.287768363952637 144 128 103
2.363851547241211 1.6927869319915771 9.287768363952637 144 128 103
1.190463900566101 1.307080864906311 10.065380096435547 175 148 101
0.8842924237251282 1.751298189163208 8.720142364501953 88 69 26
1.2935850620269775 1.485083818435669 7.168461322784424 168 147 114
-0.04024341702461243 1.8259987831115723 7.7910919189453125 69 56 27
1.1413629055023193 1.230126142501831 10.63149356842041 169 162 147
0.5671365857124329 1.6835917234420776 7.3307061195373535 164 149 116
3.715210437774658 -1.9820377826690674 8.534150123596191 57 33 27
2.7644500732421875 1.6809015274047852 10.153149604797363 21 19 10
0.26576468348503113 1.7640315294265747 7.467071056365967 137 121 92
1.6922918558120728 1.260359287261963 9.984249114990234 194 183 161
1.8597986698150635 1.58737313747406 8.233354568481445 139 124 95
2.2631382942199707 1.6793408393859863 10.083049774169922 114 109 88
1.7335941791534424 1.39423668384552 9.516568183898926 137 117 77
-0.3792443573474884 1.8980505466461182 11.005175590515137 57 48 14
0.8477229475975037 1.7396105527877808 8.69896411895752 155 134 90
0.8477229475975037 1.7396105527877808 8.69896411895752 155 134 90
2.6109917163848877 1.6297539472579956 9.92685604095459 117 109 94
2.5426855087280273 1.525517463684082 9.985755920410156 178 163 137
1.7393779754638672 1.5559377670288086 8.004630088806152 130 122 91
1.7393779754638672 1.5559377670288086 8.004630088806152 130 122 91
1.7393779754638672 1.5559377670288086 8.004630088806152 130 122 91
2.1549742221832275 1.6969373226165771 10.260575294494629 93 77 60
1.5068987607955933 1.58006751537323 7.280833721160889 66 47 58
1.872630000114441 1.6838276386260986 9.481307029724121 19 14 6
1.3067996501922607 1.5454683303833008 7.051612854003906 140 126 93
2.628953456878662 1.7342609167099 9.770593643188477 20 17 11
-0.7961266040802002 1.8921034336090088 10.451977729797363 43 34 7
1.5911486148834229 1.3289741277694702 9.662216186523438 185 151 97
1.917067527770996 1.6725090742111206 9.554464340209961 17 16 2
1.0929077863693237 1.6904643774032593 8.478187561035156 54 47 25
1.4953252077102661 1.5342243909835815 7.444521903991699 21 21 14
1.7593278884887695 1.598440408706665 7.987591743469238 130 121 91
1.917067527770996 1.6725090742111206 9.554464340209961 17 16 2
2.483071804046631 1.56464421749115 9.901468276977539 21 18 4
2.483071804046631 1.56464421749115 9.901468276977539 21 18 4
1.7685946226119995 1.6220580339431763 7.980218410491943 43 34 15
-0.04280128329992294 2.5824460983276367 7.803985118865967 172 153 120
2.3880693912506104 0.057731956243515015 12.184281349182129 117 101 102
1.8699129819869995 1.6806623935699463 9.501240730285645 109 102 78
1.067872166633606 1.3130966424942017 10.277032852172852 185 169 143
2.4744157791137695 1.625465750694275 9.655784606933594 20 18 3
1.412492036819458 1.5132553577423096 7.3020243644714355 159 145 117
1.412492036819458 1.5132553577423096 7.3020243644714355 159 145 117
2.476348876953125 1.6003190279006958 9.748661041259766 117 111 93
0.29130008816719055 1.8234002590179443 9.026456832885742 63 52 25
1.335646390914917 1.5564608573913574 7.0839667320251465 107 100 83
1.4308154582977295 1.5405683517456055 7.293495178222656 34 29 16
0.02000667341053486 1.8587580919265747 8.292165756225586 142 130 98
0.02000667341053486 1.8587580919265747 8.292165756225586 142 130 98
-0.10320509970188141 1.8472827672958374 7.871344566345215 168 154 121
0.9374708533287048 1.7382972240447998 9.102017402648926 138 128 93
0.466084748506546 1.7152386903762817 7.609041213989258 68 60 31
-0.5876370668411255 1.8843127489089966 11.06136417388916 172 153 116
2.347595453262329 1.543718695640564 8.249580383300781 40 48 24
1.9499062299728394 1.648112416267395 9.626476287841797 108 102 85
-0.7188032865524292 1.8999236822128296 10.497773170471191 179 157 117
2.909634828567505 1.3633149862289429 8.262974739074707 172 168 118
2.909634828567505 1.3633149862289429 8.262974739074707 172 168 118
2.123317241668701 1.6505322456359863 9.691140174865723 152 137 117
2.5553412437438965 1.6547876596450806 9.724152565002441 156 139 112
1.6164798736572266 1.5346498489379883 7.746779441833496 131 119 93
1.9980496168136597 1.3489856719970703 10.161931037902832 180 170 152
1.9980496168136597 1.3489856719970703 10.161931037902832 180 170 152
1.6363015174865723 1.3109327554702759 9.748958587646484 195 158 88
2.6816790103912354 -3.340270757675171 7.875679016113281 59 29 12
2.5553412437438965 1.6547876596450806 9.724152565002441 156 139 112
2.547546148300171 1.671426773071289 9.757013320922852 147 130 103
1.4163563251495361 1.2758246660232544 9.99265193939209 197 179 147
-0.8563820123672485 1.9627163410186768 8.387593269348145 79 68 45
1.7243742942810059 1.572756052017212 7.932097911834717 140 127 99
1.8794976472854614 1.2931503057479858 10.1068754196167 174 169 148
1.8794976472854614 1.2931503057479858 10.1068754196167 174 169 148
2.446992874145508 1.5895285606384277 9.629328727722168 51 39 17
-0.5922226905822754 1.934644103050232 8.258001327514648 24 21 2
2.441331386566162 1.5758062601089478 9.628515243530273 125 110 100
1.049892783164978 1.7778916358947754 9.467439651489258 26 22 4
0.974881649017334 1.6924912929534912 8.198898315429688 35 32 16
1.7429804801940918 1.6232010126113892 7.913300514221191 123 114 96
1.7429804801940918 1.6232010126113892 7.913300514221191 123 114 96
1.9968403577804565 1.5939021110534668 8.540014266967773 28 26 12
0.658562958240509 0.6901994943618774 8.147059440612793 76 67 37
1.689917802810669 1.5910929441452026 7.6523661613464355 89 27 16
0.621252715587616 1.7981719970703125 8.696907997131348 48 38 10
1.4503612518310547 3.203399181365967 11.777083396911621 44 31 15
1.6695984601974487 1.684798240661621 7.963862419128418 35 25 9
1.6155540943145752 1.566154956817627 7.680281162261963 128 113 97
0.3397645950317383 1.7651137113571167 7.6980299949646 46 42 20
1.3371241092681885 1.4957317113876343 7.214823246002197 157 136 107
3.5395309925079346 -1.8581594228744507 7.215743064880371 62 31 35
0.36482909321784973 1.7976375818252563 8.627925872802734 52 45 25
2.038417100906372 1.4931086301803589 7.51422119140625 136 84 65
1.3459339141845703 1.482795238494873 7.271617889404297 172 152 109
1.3778481483459473 1.549221158027649 7.795165538787842 81 64 36
2.5793824195861816 1.5020806789398193 10.005378723144531 128 112 86
2.6506404876708984 1.6466741561889648 9.97480297088623 56 48 27
-0.7539678812026978 1.9428833723068237 8.291346549987793 58 53 33
1.9015341997146606 1.5410417318344116 9.546996116638184 29 29 16
2.6362040042877197 1.5949821472167969 9.975194931030273 40 35 9
-0.5948054790496826 1.9361497163772583 9.492737770080566 94 81 55
2.6345393657684326 1.6007983684539795 9.986599922180176 37 31 5
2.6345393657684326 1.6007983684539795 9.986599922180176 37 31 5
1.7779505252838135 1.3583983182907104 9.6583251953125 178 144 93
1.7599400281906128 1.5567666292190552 8.510324478149414 183 166 128
0.937023937702179 1.6600801944732666 8.29698657989502 23 22 8
-1.0461318492889404 1.9561901092529297 9.744274139404297 179 161 134
-2.663055658340454 4.643723487854004 9.710211753845215 79 66 39
2.076343297958374 1.3702480792999268 10.269359588623047 37 36 32
0.8913059830665588 1.6252635717391968 7.4835524559021 139 125 90
0.8913059830665588 1.6252635717391968 7.4835524559021 139 125 90
1.5371651649475098 1.519831895828247 7.554417133331299 70 54 30
1.5371651649475098 1.519831895828247 7.554417133331299 70 54 30
1.9886430501937866 1.6142985820770264 8.468066215515137 43 40 31
1.2485826015472412 1.7324659824371338 9.082697868347168 138 126 102
2.0040855407714844 1.3809250593185425 10.040441513061523 71 67 49
2.521463632583618 1.6543949842453003 9.757266998291016 138 123 89
1.5435926914215088 1.520287036895752 7.588701248168945 129 115 78
2.436420440673828 1.5963449478149414 9.562223434448242 109 100 86
1.9501667022705078 1.5741641521453857 8.467679977416992 16 17 4
0.7880215048789978 1.2812983989715576 10.765498161315918 185 176 161
1.9501667022705078 1.5741641521453857 8.467679977416992 16 17 4
2.105271577835083 1.3915634155273438 10.246228218078613 114 113 107
1.9501667022705078 1.5741641521453857 8.467679977416992 16 17 4
1.0297268629074097 1.5766491889953613 7.390954971313477 138 123 92
-0.9927096366882324 1.9351576566696167 9.611433982849121 58 54 23
-0.5072755217552185 1.903788685798645 7.947184085845947 58 54 33
2.1101489067077637 1.5537179708480835 8.814602851867676 45 34 15
2.094125509262085 1.5421112775802612 8.840452194213867 48 43 21
1.2322441339492798 1.5206298828125 6.960693359375 64 53 32
2.8458597660064697 1.82658052444458 10.288763046264648 20 18 10
2.667485237121582 2.2520666122436523 10.903868675231934 14 12 2
0.05740225315093994 1.808189868927002 7.6891350746154785 71 58 18
2.2914044857025146 1.40007483959198 11.118898391723633 13 12 8
0.13143546879291534 1.7287646532058716 7.358099460601807 167 150 115
0.13143546879291534 1.7287646532058716 7.358099460601807 167 150 115
2.8388986587524414 1.7383795976638794 10.295825958251953 16 14 0
3.1944243907928467 -1.0144290924072266 11.085680961608887 111 83 84
3.1944243907928467 -1.0144290924072266 11.085680961608887 111 83 84
-0.49801018834114075 1.8929294347763062 7.914544105529785 44 31 17
0.41551074385643005 1.7270030975341797 7.516026496887207 178 159 127
0.2883647084236145 1.7377458810806274 7.303758144378662 168 149 119
2.195481061935425 1.6950116157531738 10.290696144104004 30 24 4
1.2201764583587646 1.3362977504730225 9.890786170959473 166 144 102
-0.4009019136428833 5.213525295257568 11.66080093383789 32 29 10
1.3584686517715454 1.6811678409576416 8.747676849365234 50 48 24
2.4518485069274902 -0.5478835701942444 10.072856903076172 95 81 71
1.755249261856079 1.5902386903762817 7.995527744293213 129 121 90
1.6246870756149292 1.5570690631866455 7.696935653686523 103 89 61
1.2131928205490112 1.342234492301941 9.905040740966797 172 149 103
2.3783915042877197 1.7185434103012085 10.739562034606934 96 90 71
4.094976902008057 1.641087532043457 9.017843246459961 151 145 85
2.9084999561309814 3.3437788486480713 12.026711463928223 103 101 92
1.629812240600586 2.549192428588867 3.6353774070739746 95 90 74
-3.073643922805786 -4.203643321990967 14.459992408752441 18 17 5
-1.7522302865982056 4.846427917480469 5.1696882247924805 188 184 182
0.585858941078186 1.793297290802002 4.856637477874756 123 112 95
-2.834639310836792 -1.3393219709396362 9.046235084533691 24 18 6
1.4975420236587524 2.694965362548828 3.1529409885406494 20 17 4
0.5226384997367859 1.2513185739517212 4.810259819030762 37 34 20
-0.2468394637107849 1.0364372730255127 5.375717639923096 82 75 58
-2.065021514892578 0.9012895822525024 6.633406162261963 106 98 72
-2.0174803733825684 0.9049142003059387 6.590859413146973 97 89 66
-1.3539538383483887 1.1451740264892578 6.027566909790039 96 85 64
0.04343347251415253 0.717269778251648 5.279786586761475 34 27 17
0.42315131425857544 2.4418275356292725 3.9317431449890137 108 101 82
-4.334887504577637 -4.361520767211914 11.078797340393066 90 83 66
-3.456674098968506 3.546420097351074 5.591695308685303 55 57 64
-1.2883566617965698 1.0887538194656372 5.768689155578613 83 75 58
-2.148258686065674 0.8585214614868164 6.361670970916748 87 79 58
-1.9521507024765015 0.8354179263114929 6.120427131652832 94 85 63
-1.895158052444458 0.8327451944351196 6.054214954376221 88 81 61
-1.8511306047439575 0.835057258605957 6.017176151275635 90 79 60
4.075508117675781 1.6366039514541626 8.93967342376709 65 75 58
4.038829803466797 1.632575273513794 8.835026741027832 160 140 104
4.0945329666137695 1.6416767835617065 9.018414497375488 151 145 85
4.0945329666137695 1.6416767835617065 9.018414497375488 151 145 85
2.160918712615967 3.4770383834838867 6.979776859283447 136 107 87
1.9416898488998413 3.6835620403289795 12.73480224609375 9 5 6
0.19849342107772827 3.314150094985962 13.522873878479004 33 23 22
1.6705535650253296 1.7256171703338623 5.228376865386963 72 53 43
0.5819401741027832 1.2384240627288818 6.748302936553955 94 87 71
1.476757287979126 1.8886771202087402 4.217379093170166 131 121 73
0.6743889451026917 1.3065563440322876 5.549231052398682 85 80 67
0.7972433567047119 1.653863787651062 4.961780071258545 88 84 63
-0.2030407190322876 1.1098798513412476 6.30502986907959 96 93 77
-4.071170806884766 -3.29961895942688 12.05638313293457 13 9 2
-4.738776683807373 1.5423485040664673 9.161245346069336 62 53 58
0.15533162653446198 1.3943084478378296 5.1470818519592285 38 36 24
-0.2286529839038849 1.6673040390014648 4.995482444763184 28 21 10
-1.264505386352539 1.1878206729888916 6.030142307281494 80 76 58
-0.12710021436214447 1.6670300960540771 4.905828475952148 86 80 66
-0.22451536357402802 1.6550333499908447 4.961841583251953 18 9 1
-1.3065543174743652 1.2164134979248047 6.026594638824463 76 73 60
-0.22033357620239258 1.6430974006652832 4.929450035095215 24 16 7
-2.4587531089782715 1.039700984954834 6.890929222106934 132 129 127
-1.5294350385665894 1.1675101518630981 6.091313362121582 97 89 66
-1.48184335231781 1.3618762493133545 5.9400858879089355 131 123 100
-2.2945289611816406 1.1150258779525757 6.574652194976807 16 13 4
-2.3607735633850098 1.039499044418335 6.606704235076904 38 36 22
-2.3580691814422607 1.045290470123291 6.573121070861816 124 115 99
-1.1758501529693604 1.1455878019332886 5.700138568878174 43 37 23
-2.1693811416625977 1.1077392101287842 6.397304534912109 124 116 93
-1.8182833194732666 -2.1225638389587402 8.146078109741211 79 73 57
-2.145702838897705 -1.8700724840164185 8.21374797821045 30 24 10
-0.1799587607383728 1.5699598789215088 4.764403820037842 28 22 10
0.8118171095848083 2.299365282058716 3.706329345703125 76 68 55
-0.19983068108558655 1.5826843976974487 4.763566017150879 25 19 7
-1.3462215662002563 1.159133791923523 5.724667549133301 106 93 72
-1.6791616678237915 0.9191814064979553 6.087759971618652 91 79 59
-1.8612611293792725 0.845562219619751 6.192093372344971 102 92 74
-1.4489448070526123 1.3131980895996094 5.658692836761475 82 74 55
-0.1713361293077469 1.546265959739685 4.700901985168457 38 32 20
-0.1656181514263153 1.534434199333191 4.689648151397705 79 71 56
-2.282863140106201 1.0899786949157715 6.199840068817139 104 96 78
-1.332042932510376 1.100130558013916 5.60526704788208 62 58 45
-1.7748695611953735 0.9287849068641663 5.993179798126221 36 30 11
-2.2811224460601807 1.075857162475586 6.186531066894531 98 93 74
-2.2805352210998535 1.0755677223205566 6.185746192932129 98 93 74
-1.3074886798858643 1.2422124147415161 5.501655578613281 97 87 65
-2.1085073947906494 0.9753651022911072 6.139043807983398 97 89 65
-1.282092571258545 1.0910369157791138 5.545799732208252 86 75 55
-1.4478169679641724 0.8850342035293579 5.757418155670166 37 31 16
-1.4653617143630981 1.073837399482727 5.692724227905273 27 19 8
-1.4653617143630981 1.073837399482727 5.692724227905273 27 19 8
-1.3728594779968262 1.0799890756607056 5.614651203155518 90 79 60
-2.115375518798828 0.950720489025116 6.110668182373047 100 86 59
-2.139847993850708 0.8971498012542725 6.125791072845459 93 83 63
-2.1198203563690186 0.9316750168800354 6.0986328125 54 46 27
-2.1198203563690186 0.9316750168800354 6.0986328125 54 46 27
-1.9798715114593506 0.8594878315925598 6.025729656219482 41 35 21
-2.102828025817871 0.9668934345245361 6.05906867980957 33 30 18
-2.0862679481506348 0.9984351396560669 6.028156757354736 64 58 46
-2.0862679481506348 0.9984351396560669 6.028156757354736 64 58 46
-2.105825901031494 0.958970308303833 6.016256332397461 33 28 9
-2.124683141708374 0.9167414903640747 6.034460544586182 89 82 66
-2.124683141708374 0.9167414903640747 6.034460544586182 89 82 66
-2.075122594833374 0.9548037052154541 6.005138874053955 92 80 60
-2.102301836013794 0.9637537598609924 5.98405647277832 93 82 61
-2.1299891471862793 0.8896056413650513 5.988087177276611 87 79 60
-2.070054531097412 1.0167174339294434 5.91651725769043 91 88 68
-2.056702136993408 1.0269771814346313 5.827004909515381 82 75 56
-2.068634271621704 1.0012414455413818 5.81366491317749 81 74 56
4.09492826461792 1.6409374475479126 9.023492813110352 151 145 85
4.09492826461792 1.6409374475479126 9.023492813110352 151 145 85
1.9478256702423096 1.7668746709823608 5.08433198928833 92 41 39
1.6792110204696655 1.5041197538375854 5.159516334533691 55 59 38
1.5935925245285034 1.4880688190460205 5.08721399307251 36 38 38
0.6409993767738342 1.444203495979309 6.479122161865234 70 59 41
0.5914438962936401 1.1589337587356567 6.096393585205078 32 31 15
0.04333445057272911 2.5291907787323 5.594191551208496 36 32 29
0.6752640604972839 1.4184013605117798 5.755583763122559 44 40 28
0.5732354521751404 1.1534619331359863 6.051898956298828 30 26 14
1.1283565759658813 1.164018154144287 4.995877265930176 127 119 71
1.1127586364746094 1.1532917022705078 4.955192565917969 119 117 69
0.7331871390342712 1.2795253992080688 5.133197784423828 53 49 40
0.051274076104164124 1.5137758255004883 5.456788539886475 48 44 26
0.8302834630012512 1.090524673461914 4.921090126037598 18 16 8
0.0008847357239574194 1.5607225894927979 5.20413875579834 23 18 6
-2.2281272411346436 -2.056959867477417 8.807560920715332 79 72 57
-0.4772741198539734 1.8049423694610596 5.0589599609375 4 0 3
-0.1497601419687271 1.439990758895874 5.029157638549805 92 88 69
-1.2941962480545044 1.2389663457870483 5.94023323059082 16 17 6
-0.15649361908435822 1.6346478462219238 4.895606994628906 31 26 15
-0.15649361908435822 1.6346478462219238 4.895606994628906 31 26 15
-1.266324758529663 1.3031502962112427 5.884912014007568 44 36 26
-1.2996845245361328 1.2228446006774902 5.8933329582214355 19 14 8
-1.792389988899231 1.2494149208068848 6.139437198638916 26 16 7
-1.4312653541564941 1.4006149768829346 5.82257080078125 131 122 107
-1.7826570272445679 1.2665767669677734 6.1222357749938965 129 116 99
-1.7921645641326904 1.248319149017334 6.121415615081787 132 118 96
-1.6651430130004883 1.3894174098968506 5.989605903625488 28 28 13
-1.7910189628601074 1.2442755699157715 6.1070780754089355 29 23 11
-1.6157487630844116 1.1775115728378296 6.03724479675293 100 90 64
-0.16680006682872772 1.6128252744674683 4.790779113769531 78 70 57
-1.7470704317092896 1.3368874788284302 6.010269641876221 19 17 10
-1.0984997749328613 1.1814017295837402 5.625784873962402 43 37 23
-1.763718843460083 1.2888083457946777 5.987632751464844 124 116 94
-1.7239108085632324 1.3874787092208862 5.952741622924805 142 132 107
-1.3786585330963135 1.735443115234375 5.508634090423584 143 133 121
-1.7268165349960327 1.376288890838623 5.932486057281494 130 117 94
-2.5106422901153564 1.162521243095398 6.458935737609863 58 50 31
-1.9249662160873413 1.3835922479629517 5.956493377685547 131 125 97
-2.3380889892578125 1.1611077785491943 6.337249279022217 123 111 84
-1.2937687635421753 1.2082901000976562 5.667642116546631 11 10 1
-2.139087438583374 1.1559118032455444 6.193466663360596 46 39 21
-2.499464988708496 1.1404473781585693 6.442337512969971 30 23 3
-1.1646842956542969 1.0183751583099365 5.659161567687988 96 88 69
-0.04239875450730324 1.6001161336898804 4.616425037384033 38 32 20
-1.2758400440216064 1.2199879884719849 5.5499796867370605 83 77 60
-1.2610793113708496 1.2692804336547852 5.538384914398193 97 89 71
-0.17715486884117126 1.1934070587158203 4.906314849853516 70 64 50
-2.024808168411255 1.1190372705459595 6.092887878417969 93 88 64
-1.5019948482513428 1.1458245515823364 5.712264537811279 23 16 7
-1.5756202936172485 1.138149380683899 5.763698101043701 19 13 3
-0.12206290662288666 1.5584238767623901 4.648255825042725 79 71 56
-1.877492904663086 1.1217414140701294 5.982955455780029 33 26 13
-1.739670991897583 1.3211065530776978 5.804286003112793 93 86 67
-1.8958128690719604 1.1186989545822144 5.996588230133057 95 88 70
-1.4736073017120361 1.139553427696228 5.686739444732666 98 87 65
-1.7314791679382324 1.3040354251861572 5.723575115203857 15 11 1
-1.2532416582107544 1.2772682905197144 5.490320205688477 27 20 7
-1.5479927062988281 1.1278249025344849 5.736669063568115 27 20 7
-1.263580560684204 1.1406296491622925 5.529451370239258 62 58 45
-1.7196961641311646 1.3378416299819946 5.692971229553223 18 10 2
-1.20884108543396 1.1393977403640747 5.487425327301025 74 66 52
-1.20884108543396 1.1393977403640747 5.487425327301025 74 66 52
-1.7053290605545044 1.1135939359664917 5.8454813957214355 28 22 11
-1.7686127424240112 1.1081371307373047 5.893101692199707 90 82 65
-1.1855502128601074 1.1366139650344849 5.468360424041748 31 27 8
-1.713758111000061 1.3349113464355469 5.666961669921875 20 12 4
-1.7179936170578003 1.1048814058303833 5.851149559020996 106 97 80
-1.5040360689163208 1.1154956817626953 5.696609020233154 83 73 48
-1.1498132944107056 1.1338565349578857 5.440968990325928 95 80 61
-1.1498132944107056 1.1338565349578857 5.440968990325928 95 80 61
-1.4269551038742065 1.1196229457855225 5.641244888305664 88 80 58
-1.4269551038742065 1.1196229457855225 5.641244888305664 88 80 58
-1.3471695184707642 1.1227620840072632 5.58225154876709 32 29 15
-1.2499982118606567 1.2766809463500977 5.450418472290039 97 87 65
-1.2081323862075806 1.1274280548095703 5.4802374839782715 86 75 55
-1.7033871412277222 1.1003614664077759 5.835577964782715 21 14 1
-1.7033871412277222 1.1003614664077759 5.835577964782715 21 14 1
-1.5078858137130737 1.1099770069122314 5.695733070373535 16 9 5
-1.434686541557312 1.1128790378570557 5.643037796020508 27 19 8
-1.3206758499145508 1.1170556545257568 5.5590925216674805 90 79 60
-1.2910484075546265 1.118586778640747 5.537558078765869 41 32 17
-1.2545000314712524 1.120360016822815 5.51061487197876 79 71 51
-1.1248923540115356 1.126722812652588 5.417783737182617 100 92 74
-1.1809428930282593 1.1222248077392578 5.457192420959473 21 14 2
-1.4931451082229614 1.104378342628479 5.680673599243164 103 95 77
-1.453898310661316 1.1036088466644287 5.650989055633545 93 87 65
-1.453898310661316 1.1036088466644287 5.650989055633545 93 87 65
-1.121130347251892 1.1201592683792114 5.411400318145752 14 6 0
-1.1915165185928345 1.1160969734191895 5.461899757385254 84 75 58
-2.1396777629852295 1.1129250526428223 5.981499671936035 64 60 48
-0.7887087464332581 1.1203458309173584 5.220005989074707 68 61 45
-1.25344717502594 1.2462520599365234 5.401026725769043 41 35 21
-0.23439864814281464 1.1792010068893433 4.895388603210449 82 79 64
-0.23439864814281464 1.1792010068893433 4.895388603210449 82 79 64
-2.282092809677124 1.113478183746338 6.009764671325684 40 37 20
-1.344346523284912 1.0943480730056763 5.5614542961120605 87 79 62
-2.3270444869995117 1.092290997505188 6.0310492515563965 42 31 13
-0.33367377519607544 1.0961518287658691 4.921851634979248 77 74 60
-2.0438029766082764 1.1056452989578247 5.850366592407227 74 68 55
-3.069380283355713 1.0936440229415894 6.402502059936523 28 32 33
-2.3524909019470215 1.0842970609664917 6.0443949699401855 107 98 78
-1.248522400856018 1.2385555505752563 5.317420482635498 81 73 54
-2.062844753265381 1.1395996809005737 5.8220295906066895 60 54 38
-2.4376981258392334 1.0680724382400513 6.087065696716309 95 87 65
-2.291046619415283 1.0742053985595703 5.997128486633301 22 16 2
-2.005873918533325 1.0885564088821411 5.816549777984619 91 88 68
-2.005873918533325 1.0885564088821411 5.816549777984619 91 88 68
-0.8678300380706787 1.0901037454605103 5.20314884185791 75 66 49
-2.1018126010894775 1.1045454740524292 5.803091049194336 27 23 12
-1.8605318069458008 1.0861103534698486 5.715387344360352 95 87 68
-1.5709372758865356 1.1160615682601929 5.571938991546631 87 79 60
-1.9356770515441895 1.078876256942749 5.762683391571045 89 82 64
-2.0871341228485107 1.1176663637161255 5.761602401733398 98 88 67
-1.6129302978515625 1.2758160829544067 5.472594261169434 28 25 6
-1.6129302978515625 1.2758160829544067 5.472594261169434 28 25 6
-1.9613972902297974 1.0687179565429688 5.775726318359375 29 21 8
-1.917330026626587 1.0700459480285645 5.746911525726318 8 3 0
-2.0065767765045166 1.0630489587783813 5.803602695465088 37 33 22
-1.5753694772720337 1.078583836555481 5.541711807250977 22 14 4
4.0948333740234375 1.6397638320922852 9.028899192810059 151 145 85
3.866098642349243 1.5539747476577759 8.491105079650879 155 141 111
3.866098642349243 1.5539747476577759 8.491105079650879 155 141 111
1.2675340175628662 4.115024089813232 7.500487327575684 57 57 56
0.9303795695304871 3.2622756958007812 10.613127708435059 3 0 2
1.9625396728515625 1.2155189514160156 9.545453071594238 23 34 36
0.757932186126709 3.2691376209259033 7.337167263031006 128 124 115
1.4331953525543213 1.6831576824188232 5.949787616729736 75 65 75
1.6061714887619019 1.4579354524612427 5.147599697113037 132 127 86
1.5987508296966553 1.3762836456298828 5.130948066711426 132 119 77
1.5987508296966553 1.3762836456298828 5.130948066711426 132 119 77
0.7992095947265625 1.5758564472198486 6.205808639526367 27 22 10
-1.2156955003738403 -2.1649558544158936 11.65442180633545 90 73 81
-1.1567400693893433 -2.124014139175415 11.441535949707031 94 72 76
0.7957428693771362 1.3487707376480103 5.723448753356934 24 17 10
1.0738439559936523 1.164711833000183 5.278359413146973 140 131 75
0.0092256935313344 1.0449512004852295 6.623359203338623 134 123 100
0.7911130785942078 1.1737323999404907 5.194732189178467 95 88 71
0.7960785627365112 1.1675482988357544 5.1898884773254395 20 13 5
0.799812912940979 1.1600919961929321 5.186598300933838 35 28 18
-0.8572782278060913 2.2972419261932373 5.997741222381592 119 111 126
0.7919965386390686 1.1619857549667358 5.191080570220947 68 62 50
0.8011162281036377 1.155335545539856 5.183874607086182 19 14 9
0.7813944220542908 1.1520748138427734 5.1935529708862305 101 93 74
0.7976158261299133 1.1431220769882202 5.184659481048584 101 92 71
0.8176243901252747 1.136400818824768 5.172038555145264 69 66 51
0.8176243901252747 1.136400818824768 5.172038555145264 69 66 51
0.8093889951705933 1.131277084350586 5.175626754760742 17 12 6
0.7753500938415527 1.1394743919372559 5.190971374511719 24 21 14
0.7753500938415527 1.1394743919372559 5.190971374511719 24 21 14
0.2975848913192749 1.0951920747756958 5.592136383056641 45 37 26
-0.014819462783634663 1.0286654233932495 5.621398448944092 35 32 22
0.017373397946357727 0.8164539933204651 5.566656112670898 84 81 64
0.25475171208381653 1.1070541143417358 5.1910552978515625 75 72 57
0.007571843918412924 1.587619423866272 4.977006912231445 68 65 49
-0.23941093683242798 1.9726508855819702 4.773188591003418 107 107 99
-1.2289540767669678 1.2604783773422241 5.8729424476623535 73 70 55
-1.1507375240325928 0.907418966293335 6.0830488204956055 93 87 75
-1.4353551864624023 1.2313768863677979 6.043671131134033 26 21 9
-0.8355348706245422 1.235643982887268 5.590537071228027 19 14 3
-0.7974609732627869 1.7401431798934937 5.209661960601807 131 124 111
-0.5526410937309265 1.737561821937561 5.115149021148682 28 20 12
-0.5707638263702393 1.7523027658462524 5.098147392272949 13 7 0
-0.7943971157073975 1.2050819396972656 5.567495346069336 82 75 65
0.2116255909204483 0.8872477412223816 5.087485313415527 85 79 67
-1.0811408758163452 1.757030963897705 5.369338035583496 37 33 16
-1.6007626056671143 1.4249448776245117 5.838626861572266 130 124 106
-0.14584475755691528 1.055084228515625 5.1251139640808105 77 71 56
-1.8764281272888184 1.2326765060424805 6.069546699523926 124 116 94
-0.9950108528137207 1.2043116092681885 5.5713300704956055 17 8 1
-1.1834328174591064 1.7846639156341553 5.345871448516846 19 9 2
-0.14110182225704193 1.6288713216781616 4.738066673278809 32 25 14
-1.5926148891448975 1.4028578996658325 5.8387770652771 14 8 9
-1.5728176832199097 1.3996354341506958 5.828739166259766 128 119 101
-1.2074426412582397 1.249456524848938 5.585545539855957 11 10 1
-1.6036629676818848 1.2000640630722046 5.877564430236816 12 6 2
-1.09794282913208 1.018892765045166 5.64709997177124 17 11 2
-0.11401627957820892 1.5804800987243652 4.697568416595459 79 72 58
0.0585562027990818 1.375382661819458 4.674709320068359 23 19 8
-0.11068200320005417 1.564552903175354 4.680045127868652 92 84 71
-1.010725975036621 1.1825058460235596 5.3788533210754395 90 79 57
-1.441344141960144 1.386953353881836 5.537823677062988 26 21 3
-1.279271125793457 1.1894546747207642 5.521790027618408 53 49 36
-1.3470367193222046 1.182746171951294 5.558643341064453 13 9 6
-1.4714208841323853 1.1860281229019165 5.624791622161865 27 20 7
-1.1709080934524536 1.1746678352355957 5.465067386627197 62 58 45
-1.0650262832641602 1.1696150302886963 5.408867835998535 91 80 56
-1.699202060699463 1.185949683189392 5.74554967880249 26 18 5
-1.116316795349121 1.1678751707077026 5.436674118041992 74 66 52
-1.116316795349121 1.1678751707077026 5.436674118041992 74 66 52
-1.6518057584762573 1.1816325187683105 5.720726013183594 28 22 11
-1.4563041925430298 1.364923357963562 5.5504584312438965 18 10 2
-1.3651524782180786 1.1705634593963623 5.5690155029296875 94 85 63
-1.5283918380737305 1.1733061075210571 5.656396865844727 34 28 14
-1.8036553859710693 1.1795564889907837 5.801178455352783 93 85 67
-2.0338706970214844 1.1810301542282104 5.923806190490723 20 12 4
-2.0338706970214844 1.1810301542282104 5.923806190490723 20 12 4
-0.8560512661933899 1.1509557962417603 5.298129081726074 89 77 60
-1.3029375076293945 1.1643296480178833 5.536596775054932 85 79 56
-1.3289695978164673 1.1648060083389282 5.550671577453613 27 19 7
-1.7064896821975708 1.1727224588394165 5.750359535217285 21 17 8
-1.4704062938690186 1.167095422744751 5.6247148513793945 97 87 65
-1.528347134590149 1.3568531274795532 5.587637901306152 36 27 11
-0.9933916926383972 1.1512371301651 5.371856212615967 41 34 16
-1.8272647857666016 1.1732814311981201 5.81431245803833 97 89 65
-1.7499045133590698 1.1693638563156128 5.773664474487305 13 8 2
-1.7499045133590698 1.1693638563156128 5.773664474487305 13 8 2
-1.6646065711975098 1.1660380363464355 5.728091239929199 21 14 1
-1.4526184797286987 1.1604822874069214 5.616365432739258 16 9 5
-1.5567102432250977 1.1625378131866455 5.67078161239624 18 12 2
-1.5948106050491333 1.465453028678894 5.480626583099365 31 25 11
-1.2516533136367798 1.1522067785263062 5.508968830108643 90 79 60
-1.2196564674377441 1.1513749361038208 5.492005825042725 41 32 17
-1.8793566226959229 1.1649155616760254 5.842689514160156 34 28 14
-1.1790838241577148 1.2864248752593994 5.389780044555664 23 20 6
-1.8041269779205322 1.162408471107483 5.80257511138916 23 20 14
-1.0649610757827759 1.1447104215621948 5.410388946533203 22 16 3
-1.0649610757827759 1.1447104215621948 5.410388946533203 22 16 3
-1.887674331665039 1.1606546640396118 5.894625186920166 32 30 14
-1.1034002304077148 1.1447713375091553 5.43054723739624 21 14 2
-1.4393726587295532 0.970720648765564 5.665027141571045 21 14 2
-1.1034002304077148 1.1447713375091553 5.43054723739624 21 14 2
-1.4436804056167603 1.1522349119186401 5.611983776092529 103 95 77
-1.761799693107605 1.1566815376281738 5.779349327087402 100 86 59
-1.4048866033554077 1.1475064754486084 5.591487884521484 93 87 65
-1.4048866033554077 1.1475064754486084 5.591487884521484 93 87 65
-1.4724185466766357 1.1485646963119507 5.6266350746154785 18 13 7
-1.3345762491226196 1.1428923606872559 5.5542707443237305 29 21 10
-1.638077735900879 1.148625373840332 5.715137004852295 93 83 63
-1.527610182762146 1.146824836730957 5.65610408782959 95 83 68
-1.1844836473464966 1.1371583938598633 5.4739670753479 17 10 3
-1.6435930728912354 1.1397215127944946 5.716386318206787 36 29 11
-1.2162121534347534 1.1298516988754272 5.4909491539001465 38 28 17
-1.293434500694275 1.1311638355255127 5.532140254974365 91 82 65
-1.965347170829773 1.0679528713226318 5.901846408843994 33 30 18
-1.631624698638916 1.1319092512130737 5.712115287780762 102 93 79
-1.1648026704788208 1.2375242710113525 5.3239874839782715 30 22 9
-1.5476937294006348 1.2179601192474365 5.594011306762695 26 22 7
-0.7427136301994324 1.1284981966018677 5.147060871124268 87 79 65
-1.5106953382492065 1.121455192565918 5.4774699211120605 39 31 18
-0.9347277879714966 1.131659746170044 5.151927947998047 23 17 4
0.09285907447338104 1.4819895029067993 4.417256832122803 25 22 11
-29.579513549804688 -11.077390670776367 27.458829879760742 58 52 39
4.092879772186279 1.638253927230835 9.032830238342285 151 145 85
4.092879772186279 1.638253927230835 9.032830238342285 151 145 85
1.556969404220581 3.3943710327148438 11.820703506469727 13 8 9
1.5780961513519287 1.384876012802124 5.887998104095459 72 53 43
0.7722792625427246 1.3804961442947388 5.731693744659424 108 101 83
0.8468868136405945 1.2295517921447754 5.748349666595459 73 66 55
0.05246677249670029 0.9937005043029785 6.901754856109619 87 82 66
0.9408170580863953 0.9689556360244751 5.752670764923096 35 44 39
0.6797116994857788 0.6092869639396667 6.263347148895264 62 65 46
0.4506681561470032 0.7290075421333313 5.919525146484375 93 87 75
0.5679264664649963 1.301769495010376 5.246138095855713 27 23 11
-0.06648973375558853 1.137489676475525 5.7876667976379395 26 19 11
0.7308318614959717 1.125260829925537 5.101515293121338 79 73 59
-0.06459609419107437 1.1306270360946655 5.7891058921813965 106 99 83
0.361105352640152 1.0800440311431885 5.388664245605469 84 79 63
0.3727271556854248 0.8566524386405945 5.407442569732666 74 68 54
-0.5429261326789856 0.7639451026916504 5.937552452087402 26 22 10
4.045929908752441 1.801969289779663 8.986248016357422 131 125 107
2.3403520584106445 0.9875558614730835 7.077493190765381 49 55 46
1.9295785427093506 1.0306063890457153 8.848106384277344 116 122 123
1.8695611953735352 1.0962333679199219 8.978170394897461 106 114 112
0.006430144887417555 3.3946423530578613 13.476444244384766 20 9 10
1.9392082691192627 0.9380841255187988 8.681975364685059 107 113 110
1.824101209640503 1.092115879058838 8.980905532836914 118 125 119
1.8609199523925781 1.0240933895111084 8.851853370666504 127 128 129
1.8001527786254883 1.090091586112976 8.982213973999023 118 124 123
1.8916711807250977 0.9316783547401428 8.680301666259766 107 117 114
1.801417350769043 1.3476707935333252 6.229662895202637 96 91 60
1.2243932485580444 0.4150587320327759 6.792545795440674 36 38 38
1.193393588066101 0.6217813491821289 6.743817329406738 41 38 49
0.38559189438819885 1.4770201444625854 6.306039810180664 74 72 54
0.9053075909614563 2.5293068885803223 12.164834976196289 112 111 109
-0.6500690579414368 5.030838489532471 13.910801887512207 96 90 94
1.0006569623947144 -1.4031234979629517 10.958048820495605 55 59 34
0.7756103873252869 0.7991750240325928 7.180237770080566 42 47 48
-9.218766212463379 -7.075211524963379 26.19504737854004 126 121 106
-7.748122215270996 -9.538740158081055 23.921159744262695 44 38 24
-20.44078254699707 -2.853286027908325 24.014816284179688 34 27 43
1.5933798551559448 3.7908411026000977 15.871420860290527 29 23 8
8.285243034362793 26.499778747558594 39.65919876098633 24 16 3
-0.579343855381012 18.922975540161133 28.95277214050293 112 105 92
0.7811053991317749 2.504878282546997 8.403532028198242 31 24 6
0.6662882566452026 6.758877277374268 11.032325744628906 86 78 58
-1.8015868663787842 0.8355516791343689 5.663937568664551 97 89 64
-1.2656183242797852 1.0332993268966675 5.513858318328857 94 83 61
-1.1978071928024292 0.5063052773475647 3.627429962158203 105 95 70
8.115524291992188 8.066753387451172 18.8018798828125 30 24 14
-2.7290122509002686 6.7235307693481445 17.58745574951172 17 13 5
-4.7159743309021 1.7630189657211304 10.515233993530273 82 75 57
-3.3710429668426514 1.6333693265914917 8.80208683013916 100 90 64
-3.434235095977783 1.5882428884506226 8.496770858764648 98 89 71
-2.9214580059051514 1.2440605163574219 7.414793491363525 94 86 66
-1.2062207460403442 1.0648359060287476 5.312591552734375 30 23 12
-1.208710789680481 0.6137009859085083 4.309482574462891 29 22 8
-1.0602691173553467 0.5408898591995239 3.986490488052368 101 89 62
0.12420665472745895 1.0987026691436768 3.386939764022827 81 75 61
-5.611576080322266 1.8585269451141357 11.111507415771484 54 61 60
0.0463862419128418 1.1315699815750122 3.756025791168213 77 69 56
-3.184896469116211 1.5815575122833252 8.568575859069824 100 89 60
-2.037473201751709 0.9271810054779053 6.057859897613525 27 20 8
-1.4212415218353271 1.1492221355438232 5.790976524353027 89 81 57
-0.8839661478996277 0.9242677092552185 4.500084400177002 41 35 22
-0.6394237875938416 0.8080650568008423 4.044188499450684 19 12 3
-3.120649814605713 2.2946972846984863 8.187661170959473 21 15 2
-2.666802406311035 2.117272138595581 7.726602554321289 109 101 80
2.154691696166992 0.653260350227356 4.6502790451049805 87 79 68
-2.613166332244873 1.5539157390594482 6.952896595001221 27 23 13
-2.361772298812866 3.734020948410034 8.969887733459473 111 100 78
-2.1229207515716553 1.4548481702804565 6.620433807373047 102 91 65
-2.498753786087036 1.8423442840576172 7.015640735626221 24 19 2
-2.414781093597412 2.024608612060547 7.1859354972839355 40 35 19
-1.6569430828094482 1.2954871654510498 6.045080184936523 97 89 64
-2.020066499710083 0.9675804376602173 5.795166015625 95 83 65
-1.3644901514053345 1.1774226427078247 5.699146747589111 104 99 71
-1.769472599029541 1.4747673273086548 6.126641273498535 23 17 8
-1.9132074117660522 0.9674010276794434 5.654209613800049 18 12 3
-1.2672600746154785 1.1449894905090332 5.561563014984131 94 83 61
-1.5304808616638184 1.2710453271865845 5.826191425323486 89 82 64
-1.1735442876815796 1.1265759468078613 5.378678321838379 30 23 12
-1.0793262720108032 1.1043837070465088 5.205306529998779 101 90 64
-2.9098174571990967 1.8184245824813843 7.650619029998779 102 91 66
-1.346459984779358 2.894190788269043 7.667660236358643 96 85 66
-1.4245063066482544 1.1949056386947632 5.792210102081299 89 81 57
3.079132318496704 2.305173635482788 12.729270935058594 32 26 10
-1.0480341911315918 1.056435465812683 5.2676615715026855 96 86 63
-1.0480341911315918 1.056435465812683 5.2676615715026855 96 86 63
-1.0032823085784912 4.749069690704346 11.061980247497559 23 16 7
-5.474493980407715 2.1935672760009766 9.1745023727417 32 26 13
-2.9297878742218018 1.8298370838165283 7.3986496925354 31 27 15
-1.3622568845748901 0.8827450275421143 5.553959369659424 28 22 7
-3.0502707958221436 1.7978326082229614 6.84226655960083 32 29 13
-3.220973253250122 1.855757474899292 6.942087173461914 28 19 10
-1.8452714681625366 1.1446857452392578 5.812002182006836 18 12 3
-1.8452714681625366 1.1446857452392578 5.812002182006836 18 12 3
-3.977097511291504 2.0513358116149902 7.39465856552124 25 18 8
-2.099172830581665 1.5227035284042358 6.18215799331665 102 90 65
-3.7301840782165527 2.0323917865753174 7.200284957885742 28 22 8
-2.975355386734009 1.8399302959442139 6.716330528259277 28 19 3
-0.7128226161003113 1.0169129371643066 5.110522747039795 96 88 69
-1.232529878616333 1.2473745346069336 5.496649742126465 94 87 65
-2.424570322036743 2.0636467933654785 6.570761203765869 113 107 87
-0.47318539023399353 2.091489315032959 5.596596717834473 99 91 70
0.163396954536438 1.0432255268096924 4.3156538009643555 25 17 4
-5.079662799835205 6.333998680114746 10.6084623336792 71 58 36
-5.456331253051758 4.704483985900879 9.34714412689209 153 142 123
-4.945099830627441 5.533303260803223 9.747172355651855 79 71 53
-5.271345615386963 4.587791919708252 9.095805168151855 146 136 111
-4.82758092880249 5.433980941772461 9.58258056640625 137 128 92
-2.759981393814087 2.749364137649536 6.494961738586426 32 28 18
-4.937690734863281 6.1631035804748535 10.174544334411621 57 45 23
-5.366302967071533 4.4417195320129395 8.589552879333496 144 132 112
-5.095050811767578 4.758021354675293 8.743334770202637 31 23 2
-5.171863079071045 4.851613998413086 8.798955917358398 141 131 109
-3.7759552001953125 5.073119640350342 8.549307823181152 124 112 90
-3.146257162094116 3.874354839324951 7.366971492767334 26 22 11
2.776050329208374 3.366471529006958 14.386157035827637 37 29 13
-0.4460364878177643 7.5143585205078125 16.826967239379883 30 25 18
-3.731419324874878 4.666018962860107 12.624837875366211 109 99 81
0.41664445400238037 3.462618350982666 9.574092864990234 14 10 0
0.7023383975028992 2.4623863697052 7.9039788246154785 33 26 9
-2.9206106662750244 8.925081253051758 14.772116661071777 112 106 84
-2.4779701232910156 1.9321343898773193 7.026134490966797 24 19 2
-1.7882148027420044 5.90691614151001 10.581465721130371 32 29 13
-2.3991634845733643 2.4938764572143555 7.0289387702941895 11 7 0
2.617440700531006 -0.2057432234287262 4.633345603942871 84 78 66
-0.034415602684020996 6.827884674072266 16.562990188598633 64 59 39
-3.661716938018799 11.941671371459961 20.556377410888672 100 107 113
1.2708408832550049 5.780873775482178 18.012020111083984 81 75 62
1.0036088228225708 6.555487155914307 19.08968734741211 96 88 73
0.9927101135253906 6.7397871017456055 19.108135223388672 27 22 8
2.1239166259765625 3.3673081398010254 13.922698020935059 34 25 11
-20.734649658203125 -2.0825138092041016 15.459878921508789 37 43 52
1.8393945693969727 3.4454381465911865 13.032330513000488 37 30 16
1.6924107074737549 3.8022327423095703 13.507867813110352 28 20 6
2.1488263607025146 2.5485336780548096 11.524124145507812 86 78 65
-0.4009104073047638 6.020580768585205 14.170370101928711 94 89 71
-2.1519343852996826 7.43304967880249 14.296889305114746 104 98 83
-2.0460736751556396 7.112695693969727 13.916608810424805 28 24 12
1.4531749486923218 5.226503372192383 17.301115036010742 83 76 66
1.7493256330490112 4.679649353027344 16.04471206665039 16 10 3
1.6555395126342773 4.8382062911987305 16.259136199951172 29 20 7
1.6555395126342773 4.8382062911987305 16.259136199951172 29 20 7
1.1888282299041748 3.2503790855407715 10.889363288879395 15 11 1
1.7950395345687866 4.447328567504883 15.773573875427246 32 28 13
2.002722978591919 2.90849232673645 12.20089054107666 80 72 51
-0.6520637273788452 12.76449203491211 24.761096954345703 85 79 65
-0.7140446901321411 13.132272720336914 25.16580581665039 83 76 60
-0.7911422252655029 13.326065063476562 25.267303466796875 104 97 82
-0.8789671063423157 13.834846496582031 25.689306259155273 7 8 1
1.7875585556030273 3.583888530731201 11.8057861328125 19 11 1
-1.534468173980713 13.494531631469727 23.75988006591797 28 23 16
-36.555633544921875 34.06075668334961 58.71652603149414 122 121 122
-36.555633544921875 34.06075668334961 58.71652603149414 122 121 122
-1.6482282876968384 7.926337718963623 14.283533096313477 98 89 71
-1.7604633569717407 6.8227925300598145 11.633940696716309 114 106 85
-1.164833903312683 4.598791122436523 8.608036041259766 33 31 17
-1.4116531610488892 7.660063743591309 14.3091459274292 102 93 71
-2.0416765213012695 4.90379524230957 10.818286895751953 19 10 2
0.20364832878112793 3.3797836303710938 8.55683708190918 12 10 1
2.240065336227417 2.2683990001678467 10.64240837097168 85 77 60
2.7628161907196045 0.6712363958358765 8.4303617477417 89 82 64
-4.318532943725586 -1.168241024017334 9.755236625671387 81 73 61
-4.400843620300293 -1.294675588607788 9.66526985168457 33 29 18
-4.400843620300293 -1.294675588607788 9.66526985168457 33 29 18
-3.9424021244049072 -0.370781272649765 8.479015350341797 86 80 62
-3.9424021244049072 -0.370781272649765 8.479015350341797 86 80 62
-3.594289541244507 -0.20105737447738647 8.17811107635498 30 23 7
-6.018080234527588 -0.27558988332748413 8.795949935913086 37 47 50
-3.0072171688079834 -0.06681489944458008 7.787839889526367 88 82 62
-5.384451866149902 -0.25366514921188354 8.371331214904785 22 15 6
-5.496951580047607 -0.20386406779289246 8.314892768859863 113 105 95
-4.133153438568115 0.02848115935921669 7.967823028564453 104 98 71
-4.925944805145264 -0.14807868003845215 8.014318466186523 109 99 81
-4.9415283203125 -0.06131577491760254 7.985840320587158 110 97 80
-4.676868438720703 -0.058191344141960144 7.840977668762207 44 37 22
-4.548880100250244 -0.05549154803156853 7.777892112731934 110 102 81
-4.221675395965576 0.3417550325393677 8.073741912841797 33 28 11
-4.801196098327637 -0.031524658203125 7.890667915344238 123 111 84
-4.478773593902588 0.008469519205391407 7.706363201141357 110 102 77
-4.042245388031006 0.4180527329444885 7.921639442443848 45 39 21
-22.552812576293945 2.4848475456237793 16.042686462402344 48 55 61
-3.739765167236328 0.21240019798278809 7.236993789672852 42 36 22
-23.01103973388672 2.73022723197937 16.249515533447266 129 128 124
-23.15253257751465 2.7915632724761963 16.319589614868164 132 132 133
-23.304597854614258 2.85701322555542 16.380821228027344 59 61 66
-3.525242328643799 0.2871650457382202 7.089956760406494 32 25 6
-23.230377197265625 3.1217892169952393 16.566967010498047 78 52 57
-2.642943859100342 0.49085381627082825 6.564717769622803 19 13 2
-23.36688232421875 3.426560640335083 16.736438751220703 127 114 113
-2.6289045810699463 0.47520312666893005 6.460422515869141 83 77 60
-24.310537338256836 3.757838010787964 17.235984802246094 29 24 28
-24.2048282623291 3.7814693450927734 17.15024185180664 33 30 33
-24.2048282623291 3.7814693450927734 17.15024185180664 33 30 33
-23.932601928710938 3.8128528594970703 17.037322998046875 36 35 41
-24.288036346435547 4.015013694763184 17.241409301757812 24 22 27
-1.9015517234802246 0.7865972518920898 6.042937278747559 95 85 62
-1.7303768396377563 0.6686360836029053 5.821377277374268 29 22 5
-1.6281650066375732 0.7065091133117676 5.769073009490967 21 12 2
-1.4132754802703857 1.0423812866210938 5.884529113769531 19 14 1
-1.2282980680465698 1.226271629333496 5.868706703186035 28 22 7
-1.2659690380096436 1.0873103141784668 5.547969818115234 94 83 61
-1.1365846395492554 1.1725242137908936 5.429739475250244 30 23 12
-0.7931680679321289 1.736327052116394 5.192744731903076 29 22 8
-4.227306842803955 3.4302029609680176 5.995588779449463 47 42 14
1.8019843101501465 2.755864143371582 3.233215093612671 95 90 77
-50.07538604736328 18.95809555053711 29.966739654541016 183 181 179
-50.79411697387695 19.273855209350586 30.287982940673828 217 214 210
-52.241512298583984 19.999826431274414 30.978530883789062 255 254 255
-48.60449981689453 18.48834800720215 29.39951515197754 255 254 255
-48.25729751586914 18.408897399902344 29.272022247314453 254 254 254
-6.096751689910889 -0.2201486974954605 8.898473739624023 54 61 60
-3.6397616863250732 0.17541684210300446 7.209376811981201 100 89 60
-3.318371295928955 0.35508057475090027 6.957936763763428 21 14 2
-3.582772731781006 0.4103100299835205 7.682075500488281 98 89 71
-1.4595794677734375 1.0121852159500122 5.686727046966553 89 81 57
-5.095168113708496 -0.12577314674854279 8.08759880065918 23 18 9
-0.9181681871414185 1.41413152217865 5.268576145172119 100 93 65
-5.937984466552734 -0.18683138489723206 8.797273635864258 32 40 46
0.6686160564422607 2.1336276531219482 3.9741146564483643 21 16 5
-1.0032508373260498 1.1680048704147339 5.379238128662109 96 86 63
3.0431230068206787 2.0667364597320557 9.062714576721191 123 115 95
-1.6614474058151245 0.8480938673019409 6.5458574295043945 169 156 125
-3.5452606678009033 1.4640748500823975 11.031765937805176 118 102 77
-1.6649954319000244 1.2993476390838623 7.315427303314209 127 116 88
-3.339552164077759 1.6958636045455933 12.797188758850098 25 21 16
-3.5843896865844727 1.429711103439331 10.753390312194824 122 112 82
-8.10956859588623 2.2375316619873047 11.828932762145996 28 22 16
-1.6709023714065552 4.624882221221924 11.94167709350586 15 8 3
-1.5529781579971313 4.525054454803467 11.543730735778809 15 11 1
-1.6162387132644653 4.447515487670898 11.651604652404785 112 105 80
-3.5607106685638428 2.2860794067382812 12.358616828918457 121 109 81
2.0962839126586914 1.2526719570159912 4.811155796051025 67 55 46
-2.280069589614868 1.2616108655929565 8.074444770812988 142 128 97
-0.7182530164718628 2.517426013946533 4.393741607666016 178 175 167
-1.7436378002166748 4.643393516540527 12.128748893737793 26 16 7
-1.6075512170791626 4.487205982208252 11.623042106628418 32 30 15
-2.8977110385894775 2.6451473236083984 11.884891510009766 122 108 77
-2.257310390472412 1.564218282699585 8.299853324890137 136 121 92
-2.257310390472412 1.564218282699585 8.299853324890137 136 121 92
-2.6250312328338623 1.5233104228973389 8.44442367553711 140 126 90
-2.180851459503174 1.4950664043426514 7.549583911895752 149 138 105
-2.6788628101348877 2.223672389984131 9.94707202911377 130 114 81
-3.7369697093963623 1.7713258266448975 12.413359642028809 119 109 73
-3.2812187671661377 2.005769729614258 11.719429016113281 129 114 81
-2.7794158458709717 2.4421958923339844 10.899022102355957 118 108 72
-0.9952545166015625 3.192880868911743 11.160727500915527 35 30 17
-2.0557615756988525 1.4961267709732056 7.926861763000488 103 97 74
-4.2586140632629395 2.2338688373565674 10.616509437561035 119 110 87
-0.8244835734367371 2.2513387203216553 6.075148105621338 165 155 132
-3.6278254985809326 6.515491485595703 12.224231719970703 35 27 13
-3.591414213180542 6.35490608215332 12.076111793518066 27 19 7
-3.4798271656036377 5.94741153717041 11.929837226867676 119 110 95
-5.059026718139648 6.022991180419922 12.929319381713867 31 23 13
-4.743922233581543 5.844742774963379 12.463991165161133 25 17 5
-4.607913017272949 5.68576192855835 12.205998420715332 33 23 4
-2.223646640777588 3.987946033477783 11.046488761901855 32 26 15
-1.763399600982666 3.9635491371154785 8.292305946350098 116 109 89
-3.5707151889801025 1.8979485034942627 8.451111793518066 126 115 93
-3.5866103172302246 1.918244481086731 8.512258529663086 19 14 2
-4.280392169952393 2.291548013687134 9.346627235412598 28 24 10
-4.387523651123047 2.3957273960113525 9.551642417907715 30 24 12
-4.681347370147705 3.379140853881836 10.723335266113281 27 24 16
-4.465928077697754 2.6992623805999756 11.536346435546875 129 116 87
-4.64092493057251 2.5798420906066895 9.787773132324219 16 15 6
-5.081924915313721 2.5154905319213867 10.834320068359375 122 110 90
-4.670536994934082 3.326406717300415 10.544546127319336 41 28 14
-3.4836926460266113 5.984652519226074 11.97494888305664 33 26 15
-3.7693073749542236 6.061939716339111 12.038936614990234 111 100 81
1.3820841312408447 2.7090466022491455 11.104877471923828 110 98 80
-3.0302486419677734 5.721627235412598 10.9268798828125 34 27 4
-4.998913288116455 2.300243854522705 11.766008377075195 124 111 86
-4.8407440185546875 2.2208895683288574 11.355961799621582 115 108 73
-4.257869720458984 2.3941855430603027 11.502448081970215 120 110 79
-4.007110595703125 2.3605732917785645 11.217320442199707 123 105 77
-4.390740394592285 2.6787803173065186 11.407526016235352 121 108 76
-3.684624433517456 2.865548849105835 10.165345191955566 130 114 81
-4.9922261238098145 2.503493309020996 12.49596118927002 119 109 73
-4.5013427734375 2.669348955154419 11.878462791442871 124 113 86
-4.051523208618164 3.252190589904785 11.580348014831543 127 111 85
-5.547334671020508 -3.4272871017456055 10.567476272583008 102 97 78
-3.978383779525757 3.1526503562927246 11.218328475952148 122 112 86
2.0220396518707275 4.1032257080078125 11.598965644836426 97 89 70
-2.259348154067993 4.573818683624268 9.284597396850586 55 44 28
-4.334000587463379 2.503117322921753 10.742496490478516 124 110 82
-4.299948692321777 2.464967727661133 10.57986068725586 43 35 23
-5.17979097366333 4.808619976043701 8.822213172912598 130 118 83
-5.078228950500488 4.742373943328857 8.737464904785156 15 6 0
-7.265071392059326 4.511573791503906 12.448491096496582 13 11 2
-7.883134365081787 4.15646505355835 13.001070976257324 37 25 17
-4.934823989868164 4.657342433929443 8.609532356262207 153 139 113
-6.538121700286865 5.381951808929443 13.171452522277832 119 110 81
-10.327094078063965 10.408273696899414 13.084684371948242 20 11 2
-9.765463829040527 9.860039710998535 12.9312105178833 108 101 75
-7.835796356201172 8.568439483642578 11.786138534545898 121 114 96
-8.012382507324219 8.401800155639648 11.954270362854004 96 91 75
-7.428351402282715 7.8830695152282715 11.417651176452637 112 106 90
-6.384868621826172 7.5240068435668945 10.572786331176758 132 122 100
-4.369511604309082 5.730612754821777 8.72801685333252 131 123 89
-5.896798610687256 6.304046154022217 9.36977767944336 136 123 107
-7.363028526306152 5.201582431793213 12.666645050048828 26 20 5
-6.815107345581055 4.982052803039551 12.301348686218262 21 17 9
-6.272642135620117 4.7300543785095215 11.586158752441406 41 29 9
-6.408864974975586 -3.692223310470581 10.598423957824707 128 120 102
-3.458991527557373 4.365309715270996 8.415019989013672 35 27 16
-7.183894634246826 4.556646823883057 12.71667194366455 22 15 0
-6.266820430755615 4.420228004455566 10.545856475830078 26 17 5
-6.256527900695801 4.41339111328125 10.535633087158203 30 21 11
-8.34993839263916 8.490212440490723 11.579578399658203 114 109 90
-10.447259902954102 4.837254524230957 11.981931686401367 110 101 86
-7.274841785430908 4.5751848220825195 12.69558048248291 17 13 5
-9.873100280761719 -1.776408314704895 12.5740385055542 33 29 17
-7.29749059677124 4.667132377624512 13.026187896728516 46 40 23
-7.29749059677124 4.667132377624512 13.026187896728516 46 40 23
-6.558259963989258 4.734982490539551 12.092748641967773 107 94 67
-2.0235719680786133 -1.2638193368911743 7.47054386138916 43 37 19
-5.809422492980957 3.027808427810669 9.935787200927734 63 51 28
-7.034618377685547 7.541844367980957 10.417535781860352 47 34 26
-5.383426666259766 7.094668865203857 11.42343521118164 117 108 94
-10.517304420471191 8.590133666992188 13.592020988464355 111 99 84
-11.199522018432617 7.920770645141602 13.004714012145996 13 11 2
-10.367168426513672 8.180818557739258 13.108522415161133 17 12 6
-10.411585807800293 8.170100212097168 12.9634370803833 126 113 81
-11.11438274383545 9.197487831115723 13.169299125671387 23 14 7
-10.477580070495605 8.177918434143066 12.842611312866211 31 25 13
-10.543922424316406 8.204137802124023 12.803121566772461 116 105 83
-10.785927772521973 8.404500961303711 12.998358726501465 105 99 86
-10.564265251159668 8.206901550292969 12.763396263122559 110 99 78
-11.461808204650879 9.211114883422852 13.564022064208984 98 89 80
2.1670520305633545 1.1882109642028809 8.847726821899414 42 33 17
-11.90964126586914 9.37399673461914 13.732683181762695 24 18 5
-10.372727394104004 8.168678283691406 13.045938491821289 124 109 78
2.6895062923431396 1.6982481479644775 10.33425521850586 66 54 30
2.6416566371917725 1.5967965126037598 10.157186508178711 119 110 89
-10.191645622253418 8.39141845703125 13.646987915039062 26 19 10
-11.3927583694458 7.880300045013428 13.143373489379883 17 13 5
-10.566078186035156 8.197169303894043 12.709786415100098 121 107 72
-10.944765090942383 8.415194511413574 13.125792503356934 107 101 82
-10.187088966369629 7.874824047088623 12.450661659240723 112 106 91
-12.102737426757812 9.658026695251465 13.687673568725586 23 15 8
-11.511207580566406 9.130473136901855 13.240379333496094 29 24 13
-10.316670417785645 8.133561134338379 13.01111125946045 57 43 19
-10.693751335144043 7.692592620849609 13.841904640197754 105 95 74
-1.7012313604354858 4.849059581756592 11.013127326965332 43 37 21
2.657806634902954 1.644957184791565 10.14692211151123 35 27 17
2.6272132396698 1.6513822078704834 10.222919464111328 26 22 9
2.637192726135254 1.5993237495422363 10.114124298095703 124 113 92
2.6381263732910156 1.5550494194030762 10.035250663757324 113 108 89
2.6105613708496094 1.5746023654937744 10.12299919128418 30 19 14
2.639864444732666 1.5173444747924805 9.964818954467773 102 94 78
2.583376169204712 1.493717074394226 10.047703742980957 25 17 0
2.62611722946167 1.4585580825805664 9.897750854492188 120 114 82
2.6894848346710205 1.3122636079788208 9.570194244384766 24 17 13
2.6867377758026123 1.227845311164856 9.438141822814941 123 117 101
2.6679840087890625 1.2228710651397705 9.475545883178711 28 22 2
2.693514585494995 1.1930735111236572 9.400908470153809 112 104 89
0.8471971154212952 2.39552640914917 8.20092487335205 97 93 75
2.6602137088775635 1.7874815464019775 10.377585411071777 120 108 80
2.3382065296173096 1.9880563020706177 10.171462059020996 27 22 15
2.620274305343628 1.684568166732788 10.30143928527832 124 110 77
2.624290943145752 1.6097862720489502 10.159912109375 119 110 89
0.35501721501350403 1.4045658111572266 11.609618186950684 25 18 4
2.7562553882598877 1.071948528289795 8.997486114501953 106 95 76
2.8338639736175537 0.9247591495513916 8.625558853149414 122 117 106
2.5414860248565674 2.8273251056671143 11.694609642028809 103 96 75
2.2455837726593018 3.069624662399292 11.532363891601562 22 14 12
2.560887336730957 1.8871716260910034 10.454050064086914 40 21 10
2.616541624069214 1.6740632057189941 10.160972595214844 35 27 17
2.6050684452056885 1.6179639101028442 10.123673439025879 124 113 92
2.618929624557495 1.5579622983932495 10.045759201049805 113 108 89
2.6326894760131836 1.5072510242462158 9.975851058959961 102 94 78
2.5725584030151367 1.489177942276001 10.044585227966309 25 17 0
2.634483814239502 1.4306010007858276 9.904683113098145 120 114 82
2.5834057331085205 1.366815209388733 9.906770706176758 126 117 97
2.5834057331085205 1.366815209388733 9.906770706176758 126 117 97
2.76151180267334 1.2181909084320068 9.567522048950195 24 17 13
2.76151180267334 1.2181909084320068 9.567522048950195 24 17 13
2.729031801223755 1.1402838230133057 9.548829078674316 30 21 15
2.7640559673309326 1.1020292043685913 9.464380264282227 28 22 2
2.4808084964752197 1.4566311836242676 8.812180519104004 104 100 87
-5.901215076446533 -1.783400297164917 10.385319709777832 133 124 105
-6.126413822174072 -1.2431432008743286 9.749472618103027 31 28 18
-6.018005847930908 -1.4537168741226196 9.724052429199219 151 140 117
-6.457937717437744 -1.9205495119094849 10.355734825134277 143 133 113
-6.9418625831604 -1.3575948476791382 10.283913612365723 138 125 102
-6.9418625831604 -1.3575948476791382 10.283913612365723 138 125 102
-6.889219284057617 -1.4515800476074219 10.033687591552734 139 134 112
-7.111026763916016 -1.5014761686325073 10.127647399902344 147 134 106
-6.644182205200195 -2.037672758102417 10.344009399414062 148 139 118
-7.09816312789917 -1.5299959182739258 10.086669921875 22 17 4
-7.09816312789917 -1.5299959182739258 10.086669921875 22 17 4
-7.0802788734436035 -1.5669708251953125 10.031508445739746 30 16 8
-6.438031196594238 -2.447024345397949 10.098946571350098 30 19 20
-7.271005153656006 -1.5739690065383911 10.153230667114258 123 110 91
-6.495995044708252 -2.4917726516723633 10.181234359741211 127 114 99
-2.954864263534546 -1.2404972314834595 11.129276275634766 112 104 79
-2.954864263534546 -1.2404972314834595 11.129276275634766 112 104 79
-2.2939040660858154 -1.8162215948104858 11.336499214172363 40 31 15
-3.0127408504486084 -1.2913029193878174 11.370931625366211 40 31 15
-1.1148298978805542 0.6467962265014648 6.647861480712891 29 23 2
-0.6075182557106018 -0.5013229250907898 7.758585453033447 57 42 20
-9.410887718200684 -2.498947858810425 12.510371208190918 33 29 17
-3.584709644317627 -1.4895617961883545 10.451765060424805 42 37 16
-6.251708030700684 -1.8058542013168335 10.26879596710205 81 76 52
-3.5059754848480225 -1.3535581827163696 11.27259349822998 116 107 82
-6.899473190307617 -1.3740193843841553 10.290246963500977 33 29 21
-3.3967387676239014 -1.3579285144805908 11.417797088623047 113 101 78
-4.0595269203186035 0.6578381061553955 9.18016242980957 119 107 88
-6.775069236755371 -1.2940571308135986 9.69627571105957 134 126 97
-2.9252896308898926 -0.9292269945144653 9.752989768981934 132 118 86
-4.46022891998291 -3.2760872840881348 11.533705711364746 47 41 22
-4.899003505706787 4.615346908569336 8.818211555480957 145 131 104
-14.731481552124023 -15.745355606079102 -4.888453483581543 23 15 11
-14.161317825317383 -17.456157684326172 -7.760387897491455 157 103 72
2.0115551948547363 0.6558026075363159 10.462156295776367 34 23 14
2.3189008235931396 0.922524094581604 9.691324234008789 115 107 84
-2.5971932411193848 3.3660624027252197 7.140499591827393 38 31 17
-3.888856887817383 -8.598267555236816 -12.93885326385498 130 125 133
1.6996787786483765 0.8109323978424072 10.177667617797852 122 109 93
-5.193943500518799 7.586569786071777 12.357121467590332 125 118 101
2.4107666015625 0.5419833660125732 9.505778312683105 45 38 19
1.3854923248291016 0.9734336137771606 9.900837898254395 117 108 85
-2.2962207794189453 4.263731002807617 9.48043441772461 36 23 10
4.073885917663574 0.814203679561615 10.980730056762695 109 103 81
3.9548447132110596 0.9043195247650146 10.897195816040039 31 21 13
0.38361459970474243 1.608280897140503 9.211248397827148 121 111 79
3.250349521636963 1.0658612251281738 9.215776443481445 38 22 7
-0.3674674928188324 0.34275126457214355 10.677998542785645 24 11 6
0.2577657699584961 1.6307032108306885 0.7745422720909119 87 83 81
-5.048584938049316 4.816751003265381 8.965293884277344 65 56 38
-4.9599761962890625 4.691317081451416 8.906679153442383 144 130 110
-3.8141191005706787 3.346334457397461 13.368912696838379 28 24 14
0.5987513065338135 2.461808919906616 11.113653182983398 16 9 1
-0.8763049244880676 3.8746984004974365 10.386674880981445 94 90 71
-2.725309371948242 1.8636988401412964 8.720216751098633 42 31 5
-1.4906854629516602 4.371233940124512 9.876484870910645 101 98 85
1.358616590499878 0.9067164063453674 6.038252353668213 25 18 7
-3.7561795711517334 2.6493442058563232 8.084547996520996 149 138 105
-0.5149002075195312 0.39309796690940857 10.497820854187012 129 113 94
-4.446844100952148 5.783918857574463 8.226668357849121 11 9 8
-3.4891903400421143 2.4711973667144775 13.526278495788574 22 16 4
0.15835633873939514 1.3008718490600586 9.607149124145508 41 29 21
-3.5196728706359863 2.2729744911193848 13.2435884475708 45 36 18
2.363499402999878 20.930437088012695 -22.624631881713867 24 13 19
0.5507325530052185 1.3753095865249634 9.173300743103027 110 100 70
2.6174793243408203 6.011745929718018 20.612735748291016 63 75 81
3.084709405899048 5.069154739379883 17.598630905151367 34 37 43
4.067459583282471 2.513923406600952 11.190423965454102 72 62 61
4.458688735961914 1.6829204559326172 8.874176025390625 110 109 106
4.458688735961914 1.6829204559326172 8.874176025390625 110 109 106
4.098994731903076 1.6422454118728638 9.004964828491211 106 107 100
-2.727719306945801 4.100172996520996 6.008177757263184 55 55 50
-4.467539310455322 1.0176098346710205 11.445233345031738 177 203 226
-0.7746821045875549 -0.7915074825286865 6.155865669250488 164 162 148
0.9404017329216003 -0.873973548412323 5.222657203674316 141 134 121
-0.5346091985702515 -1.9192754030227661 6.282254695892334 30 51 130
-1.7041010856628418 0.7059938311576843 3.2303473949432373 195 188 175
-1.687396764755249 0.6866511702537537 3.19270396232605 189 181 169
1.1207247972488403 -2.0798633098602295 5.069635391235352 155 147 132
0.5701606273651123 12.214818000793457 33.137977600097656 65 72 82
3.2714273929595947 5.011763572692871 16.187864303588867 45 40 44
3.9145984649658203 3.3056981563568115 11.712116241455078 14 13 11
2.5077388286590576 5.3651227951049805 18.197690963745117 30 35 37
4.097830772399902 1.6437971591949463 9.007996559143066 106 107 100
2.4619219303131104 2.341871500015259 11.21941089630127 28 19 20
0.8885211944580078 2.2449333667755127 6.632768630981445 51 49 45
-0.9276099801063538 1.6446799039840698 9.444311141967773 73 72 68
-8.038466453552246 2.4698081016540527 14.101778030395508 197 194 180
-0.727203369140625 -0.7943481206893921 6.13120174407959 164 162 148
0.5810061693191528 -1.5317379236221313 5.760768413543701 213 208 202
-2.615194082260132 -0.9992984533309937 6.788219451904297 117 113 104
1.6409912109375 -2.6044671535491943 6.377309799194336 141 135 117
1.6404547691345215 -2.602971076965332 6.374281883239746 141 135 117
1.6581628322601318 -2.6182620525360107 6.369190692901611 43 38 24
2.8211936950683594 -1.9895200729370117 4.628076553344727 24 24 26
0.7625129818916321 -4.905839443206787 7.7072319984436035 22 19 12
0.7700251936912537 -5.513255596160889 8.467451095581055 17 18 13
5.2930378913879395 2.91550350189209 13.817204475402832 86 76 83
5.2930378913879395 2.91550350189209 13.817204475402832 86 76 83
4.096042633056641 1.644727349281311 9.01268196105957 106 107 100
-3.4888007640838623 3.5476508140563965 12.707547187805176 25 24 20
2.046989679336548 -4.082129001617432 9.457830429077148 26 22 16
-17.66513442993164 -10.725324630737305 33.699920654296875 28 17 0
1.4359272718429565 -2.4605093002319336 6.627015113830566 137 130 116
2.111222267150879 -2.653569459915161 6.407470226287842 80 77 67
0.8475639820098877 -1.497809648513794 5.68480110168457 36 35 37
1.7379429340362549 -2.8121700286865234 6.769043445587158 7 7 9
2.761687755584717 -2.394474744796753 5.55893611907959 138 130 112
1.65070378780365 -2.21172833442688 5.693009376525879 137 134 129
1.394191026687622 -1.7947629690170288 5.298257827758789 192 188 178
-5.786402225494385 -4.44646692276001 10.394495010375977 79 75 48
-8.794696807861328 -6.893762111663818 14.409183502197266 37 30 17
1.7370527982711792 -0.8495972752571106 2.8718366622924805 120 119 115
4.537991523742676 2.0004472732543945 10.245718002319336 79 73 73
4.093594551086426 1.6462852954864502 9.020370483398438 106 107 100
-1.0894414186477661 -1.0224547386169434 6.741359233856201 160 157 150
1.4659862518310547 -2.7904653549194336 6.963283061981201 6 6 8
1.4645483493804932 -2.7904255390167236 6.964841842651367 6 6 8
2.0134289264678955 -2.541013479232788 6.100329399108887 138 130 112
2.3378653526306152 -2.5087130069732666 5.840543746948242 141 135 117
2.337387800216675 -2.5072124004364014 5.8381242752075195 141 135 117
1.8166391849517822 -2.0945451259613037 5.535525321960449 39 37 31
1.8394899368286133 -1.7748428583145142 5.048441410064697 80 36 44
1.8380993604660034 -1.7231136560440063 4.962920665740967 76 20 35
1.6345794200897217 -1.7044763565063477 5.0469160079956055 172 157 131
1.7852816581726074 -1.7205673456192017 4.961488246917725 172 157 131
1.8291171789169312 -1.7224379777908325 4.927761554718018 104 26 37
2.4419565200805664 11.71815013885498 28.12333106994629 126 116 106
3.451174020767212 3.970627784729004 12.977105140686035 14 15 17
3.9194746017456055 2.358994960784912 10.331095695495605 110 109 106
2.040426254272461 4.372087478637695 16.513093948364258 86 82 78
4.089963436126709 1.6510508060455322 9.033456802368164 106 107 100
-88.72380828857422 -6.633920669555664 61.69902420043945 102 96 82
2.3322761058807373 -2.5062105655670166 5.8488688468933105 141 135 117
1.8082554340362549 -2.144153118133545 5.618922233581543 122 118 109
2.768544912338257 -0.7167370319366455 5.702431678771973 189 211 226
3.118774890899658 -1.004585862159729 4.820115566253662 215 212 205
2.9350812435150146 -2.007368326187134 5.3801069259643555 130 124 112
2.9329288005828857 -2.4305269718170166 5.756599426269531 88 85 77
2.9086530208587646 -2.2322871685028076 5.5299272537231445 137 130 116
0.49286550283432007 -1.2954461574554443 5.808188438415527 164 161 156
2.9792447090148926 -2.4453420639038086 5.736858367919922 3 1 3
2.9700417518615723 -2.4634363651275635 5.743567943572998 4 4 3
2.6622347831726074 -2.5894548892974854 5.970661640167236 79 72 62
3.342754602432251 -1.4102357625961304 5.604933738708496 68 76 96
4.6948323249816895 0.6088654398918152 18.166601181030273 109 103 91
4.5891804695129395 1.3327895402908325 11.014374732971191 80 79 87
4.5914306640625 1.3363531827926636 11.09477424621582 140 138 137
4.3422369956970215 1.6442455053329468 10.061592102050781 39 36 36
2.359884023666382 4.3287577629089355 16.60060691833496 69 72 78
1.1779786348342896 7.469244956970215 6.422844409942627 108 105 94
4.112760543823242 1.6243113279342651 9.002235412597656 37 39 32
4.093376159667969 1.6489027738571167 9.011555671691895 106 107 100
3.7569830417633057 0.5992671847343445 10.701650619506836 89 89 84
0.4482521116733551 3.1075632572174072 5.183514595031738 114 113 111
-5.180171489715576 -5.127129077911377 16.82512855529785 188 176 130
-6.662902355194092 -5.51010799407959 18.658660888671875 131 111 60
-4.9873046875 -0.9920470714569092 9.412930488586426 194 191 186
-9.682890892028809 -8.828295707702637 22.60774803161621 13 6 0
-31.945796966552734 -8.712865829467773 35.64213180541992 78 76 65
-20.84548568725586 -8.283492088317871 25.573930740356445 3 3 2
-20.84548568725586 -8.283492088317871 25.573930740356445 3 3 2
-20.912944793701172 -8.31732177734375 25.64029312133789 3 3 2
-20.912944793701172 -8.31732177734375 25.64029312133789 3 3 2
-23.854705810546875 50.07080078125 25.080766677856445 38 31 28
-41.76926040649414 16.235013961791992 11.197875022888184 174 150 125
-25.283714294433594 2.284860610961914 17.406002044677734 161 162 157
-19.95624351501465 -1.2914103269577026 9.448469161987305 107 107 97
-12.413464546203613 11.508915901184082 11.777873992919922 40 38 34
3.132817506790161 -3.2378149032592773 10.750388145446777 125 118 102
-0.22099219262599945 -1.2717136144638062 6.639641761779785 64 85 54
0.6182294487953186 -3.2165367603302 7.7885661125183105 65 65 59
-8.751280784606934 -2.8787853717803955 11.556005477905273 13 42 91
3.2262609004974365 -5.456971168518066 8.471342086791992 92 86 74
-9.84239673614502 0.547768771648407 4.52305269241333 116 116 114
-0.37995368242263794 0.2597314119338989 0.7606836557388306 97 88 74
0.7297285199165344 1.373626470565796 4.221797943115234 113 119 111
0.7586405873298645 1.3427703380584717 4.327166557312012 147 148 148
1.8903613090515137 1.5416957139968872 8.113537788391113 25 20 15
0.748208224773407 1.352112054824829 4.2756028175354 60 70 71
0.7705222964286804 1.34303879737854 4.335997104644775 137 143 142
0.7685760855674744 1.3505159616470337 4.32016658782959 72 86 88
1.9223450422286987 1.5562903881072998 8.134786605834961 9 4 2
0.7592970132827759 1.3205294609069824 4.277516841888428 130 141 136
0.7867093682289124 1.3452637195587158 4.351242542266846 44 59 59
1.5126720666885376 1.542750597000122 6.71157169342041 44 32 33
0.7589945793151855 1.376296877861023 4.232720375061035 90 101 96
0.9791481494903564 1.5537559986114502 4.871490955352783 139 145 144
0.801350474357605 1.340606689453125 4.3705220222473145 32 39 40
0.8038106560707092 1.347360372543335 4.357335090637207 131 140 137
0.7455418109893799 1.3535594940185547 4.155117034912109 73 83 81
1.266547679901123 1.5229283571243286 5.794209957122803 111 93 86
0.8228333592414856 1.3892356157302856 4.327111721038818 127 134 136
0.9129816293716431 1.3527854681015015 4.647899150848389 70 79 82
0.8915970325469971 1.3655624389648438 4.524953842163086 31 36 40
0.8174993395805359 1.4113528728485107 4.243007659912109 38 46 48
2.237919330596924 1.6351772546768188 8.695093154907227 13 7 7
0.6905447840690613 1.2597320079803467 3.8394625186920166 87 93 89
0.9478988647460938 1.376793622970581 4.607385158538818 68 82 82
0.764313817024231 1.570520043373108 3.966374158859253 122 85 96
0.9739599227905273 1.3808071613311768 4.6576361656188965 42 51 55
0.6998704671859741 1.163658618927002 3.808458089828491 123 129 129
0.863933801651001 1.3969299793243408 4.262304306030273 145 144 140
0.8558369278907776 1.4135823249816895 4.232062339782715 21 29 31
0.7976099252700806 1.5405046939849854 4.0101094245910645 118 113 90
0.8922714591026306 1.4018688201904297 4.302328586578369 70 81 81
0.8374027013778687 1.5204663276672363 4.088719844818115 91 87 85
0.6243472099304199 1.1419930458068848 3.5466701984405518 63 74 74
0.8937422633171082 1.398851990699768 4.269709587097168 143 146 145
0.9402134418487549 1.3995863199234009 4.3605217933654785 152 154 150
1.177391529083252 1.3959356546401978 5.041238307952881 42 44 46
0.9417332410812378 1.4079924821853638 4.318041801452637 41 52 52
1.0873535871505737 1.4293389320373535 4.593114376068115 122 130 137
0.8162027597427368 2.2056784629821777 3.598973512649536 105 98 88
10.135210990905762 -22.76731300354004 35.66658401489258 47 44 35
0.7974360585212708 2.207512617111206 3.458111524581909 122 114 101
1.1794157028198242 1.4462449550628662 4.675882816314697 75 83 85
0.9506274461746216 1.6699904203414917 3.930968999862671 53 62 69
1.319680094718933 1.437780499458313 4.964917182922363 133 133 132
1.0876655578613281 1.4298295974731445 4.3367743492126465 46 50 53
1.30125093460083 1.4449454545974731 4.906178951263428 24 27 32
0.15616366267204285 1.398606777191162 1.7990347146987915 163 159 150
2.381599187850952 1.7158377170562744 7.71970272064209 37 24 30
0.11127858608961105 1.4278278350830078 1.6527999639511108 114 107 89
1.3461490869522095 1.440038800239563 4.925405979156494 67 71 76
0.13743990659713745 1.4352999925613403 1.700828194618225 160 154 130
0.13844770193099976 1.4260163307189941 1.7077491283416748 122 112 88
0.13692110776901245 1.4388329982757568 1.6905066967010498 90 84 59
0.15899887681007385 1.4333653450012207 1.7418287992477417 130 124 103
0.15899887681007385 1.4333653450012207 1.7418287992477417 130 124 103
0.13930000364780426 1.444435477256775 1.685858130455017 141 134 115
1.147512674331665 1.4406522512435913 4.311111927032471 82 96 100
1.1723122596740723 1.4392236471176147 4.323176860809326 51 63 69
1.2302604913711548 1.436876893043518 4.443679332733154 25 26 31
0.8321110606193542 2.2438573837280273 3.254410982131958 127 119 106
0.15303285419940948 1.4876608848571777 1.6790428161621094 87 79 54
1.192694067955017 1.446410059928894 4.3252105712890625 147 151 157
1.1839003562927246 1.4618054628372192 4.281485557556152 15 24 28
0.9532061219215393 2.277625560760498 3.520848274230957 119 111 100
1.198693871498108 1.4496475458145142 4.3034138679504395 32 54 59
0.8876891136169434 2.258572816848755 3.3436427116394043 143 135 122
1.247093677520752 1.4457350969314575 4.413638114929199 115 119 125
1.2013964653015137 1.456057071685791 4.292428016662598 113 130 130
0.7772157192230225 2.231099843978882 3.06768536567688 130 123 107
1.2071982622146606 1.4596130847930908 4.277693271636963 39 49 51
0.19330601394176483 1.5291746854782104 1.7352772951126099 87 80 54
1.1720296144485474 1.5898349285125732 4.157157897949219 48 44 64
1.160857081413269 1.584675669670105 4.128134250640869 100 89 103
1.160857081413269 1.584675669670105 4.128134250640869 100 89 103
1.0444823503494263 2.300668716430664 3.683825969696045 37 30 25
1.187690019607544 1.5875091552734375 4.155440330505371 82 72 90
1.3344314098358154 1.5334776639938354 4.498198986053467 62 72 79
37.754825592041016 -62.37748336791992 104.77163696289062 65 59 50
1.2318869829177856 1.4607726335525513 4.250032424926758 72 83 85
1.251774549484253 1.45895254611969 4.298755645751953 135 144 144
3.2133657932281494 1.6308907270431519 9.03525161743164 33 26 20
1.9459521770477295 1.6802427768707275 5.925373554229736 103 97 84
0.8335089087486267 2.2532055377960205 3.113595485687256 120 113 97
0.8758149743080139 2.262019157409668 3.208657741546631 74 67 51
1.2652314901351929 1.459930658340454 4.2974467277526855 134 141 144
1.4508779048919678 1.4689645767211914 4.741934776306152 16 17 21
0.31019020080566406 1.5762332677841187 1.9585264921188354 101 92 77
1.4797041416168213 1.5042668581008911 4.751446723937988 16 21 26
1.4619430303573608 1.5066595077514648 4.696314811706543 143 146 147
2.008873224258423 1.687320590019226 5.940890789031982 109 100 90
1.2236348390579224 1.4110982418060303 4.120948791503906 36 47 49
0.27793440222740173 1.5732136964797974 1.8469030857086182 157 150 135
8.665611267089844 -18.13191032409668 24.982168197631836 54 50 44
1.2107330560684204 1.7166062593460083 3.990800380706787 38 53 72
1.3260478973388672 1.4707531929016113 4.296281337738037 39 51 52
0.28631454706192017 1.5876410007476807 1.842455506324768 139 126 105
0.3229078948497772 1.7063745260238647 1.9065207242965698 121 112 97
2.2641406059265137 1.7220221757888794 6.398955345153809 138 132 119
0.7464812397956848 2.2341082096099854 2.781575918197632 122 115 99
0.32030290365219116 1.588334083557129 1.9104098081588745 172 170 158
1.0518015623092651 2.3148810863494873 3.453994035720825 125 117 104
3.0174827575683594 1.8570497035980225 8.052556037902832 102 84 76
0.5293321013450623 2.174762725830078 2.2715766429901123 134 125 108
0.5293321013450623 2.174762725830078 2.2715766429901123 134 125 108
1.3679678440093994 1.4617723226547241 4.315082550048828 39 54 59
1.3671351671218872 1.466911792755127 4.297748565673828 120 131 134
1.387497067451477 1.4530408382415771 4.342808246612549 75 90 90
1.387497067451477 1.4530408382415771 4.342808246612549 75 90 90
0.8098168969154358 2.2575628757476807 2.876710891723633 74 65 53
0.6102941632270813 2.2022576332092285 2.4296770095825195 125 116 99
1.3435580730438232 1.542864203453064 4.2181878089904785 19 24 24
0.8217825293540955 2.2597715854644775 2.898460865020752 120 113 97
0.33914878964424133 1.6057742834091187 1.9180083274841309 101 93 80
0.653740406036377 2.213602066040039 2.512202739715576 134 127 109
1.3968000411987305 1.461754322052002 4.329771518707275 159 161 161
1.460014820098877 1.4482924938201904 4.466619491577148 44 47 53
0.8264248371124268 2.2600789070129395 2.8654844760894775 75 67 54
1.4061347246170044 1.483242154121399 4.2942047119140625 14 22 25
0.8023412227630615 2.2572503089904785 2.800534725189209 126 119 101
2.212263822555542 1.7027579545974731 6.020398139953613 47 41 46
1.4410597085952759 1.469158411026001 4.307396411895752 84 102 103
1.5903429985046387 1.44767165184021 4.625385284423828 84 94 93
1.0914251804351807 2.327802896499634 3.378675699234009 122 114 101
1.0355271100997925 2.316934108734131 3.25002121925354 120 113 97
1.0355271100997925 2.316934108734131 3.25002121925354 120 113 97
1.1040188074111938 2.3387162685394287 3.387688636779785 128 122 108
1.619378685951233 1.4504687786102295 4.645294189453125 153 154 151
1.757962703704834 1.4451086521148682 4.939676761627197 144 145 147
0.7036070823669434 2.2371928691864014 2.5044660568237305 133 126 109
0.6284147500991821 2.2158002853393555 2.346048593521118 139 130 113
0.7428216934204102 2.248772382736206 2.585739850997925 137 128 113
1.7686054706573486 1.4513534307479858 4.914424419403076 23 30 38
0.86919766664505 2.282505989074707 2.843048334121704 89 80 65
1.1399587392807007 2.34299373626709 3.404974937438965 78 70 57
1.6663694381713867 1.4597358703613281 4.669855117797852 39 49 52
0.5623576045036316 2.1989152431488037 2.1874918937683105 84 75 58
0.47566327452659607 -0.8316352963447571 2.5217208862304688 20 17 12
1.1813783645629883 2.354964256286621 3.4748992919921875 122 114 101
1.8064727783203125 1.4398752450942993 4.956988334655762 131 136 136
1.203137755393982 2.3563501834869385 3.518855571746826 82 74 61
1.653632640838623 1.4602701663970947 4.619736671447754 76 87 88
1.371638536453247 1.7130985260009766 3.9802145957946777 113 70 84
0.9231860637664795 2.2967541217803955 2.9292142391204834 129 122 106
0.5752912163734436 2.20225191116333 2.20611834526062 136 127 110
0.7863288521766663 2.260953903198242 2.634831666946411 142 133 118
0.4262341260910034 1.4273713827133179 2.013051986694336 124 116 103
0.6481872797012329 2.2233657836914062 2.347623825073242 138 129 112
0.6481872797012329 2.2233657836914062 2.347623825073242 138 129 112
1.8012912273406982 1.4439961910247803 4.886754989624023 11 12 15
1.3999240398406982 1.697436809539795 3.999007225036621 63 69 64
0.7908674478530884 2.2626428604125977 2.626873731613159 95 86 71
1.38260817527771 1.7324254512786865 3.93623423576355 152 144 81
1.2998687028884888 2.3794684410095215 3.634469747543335 102 96 84
0.9170173406600952 2.2969682216644287 2.8491413593292236 143 137 120
0.9170173406600952 2.2969682216644287 2.8491413593292236 143 137 120
1.0879911184310913 2.336210250854492 3.1918418407440186 130 123 105
0.9283739328384399 2.304037570953369 2.8672406673431396 83 76 59
1.467371940612793 1.6301950216293335 4.084644794464111 113 96 97
1.4416651725769043 1.690230369567871 4.019685745239258 150 144 109
1.1214414834976196 2.3434178829193115 3.2436976432800293 118 110 97
1.0557831525802612 2.328993797302246 3.102511405944824 137 130 114
1.4502272605895996 1.6808699369430542 4.011368274688721 152 143 106
1.432051181793213 1.7130391597747803 3.9521145820617676 70 57 65
0.8117936253547668 2.2727909088134766 2.601708173751831 163 154 137
0.9407899379730225 2.3010671138763428 2.856306314468384 88 79 68
3.1224186420440674 1.4388173818588257 7.421538352966309 68 53 52
0.6368094086647034 2.225623607635498 2.246795415878296 129 121 103
1.455581784248352 1.6875083446502686 3.9848151206970215 67 78 66
1.262535572052002 2.3722140789031982 3.474863052368164 118 110 97
0.9556018114089966 2.304232358932495 2.8557825088500977 84 75 63
2.435149908065796 1.7245323657989502 5.913113117218018 36 31 37
0.9435763955116272 2.309382200241089 2.8294284343719482 93 84 68
2.4252495765686035 1.7293730974197388 5.878870010375977 91 79 82
0.9612002968788147 2.2998030185699463 2.8419735431671143 87 75 61
0.9138990044593811 2.299924850463867 2.7468819618225098 139 130 115
0.7247623205184937 2.253765106201172 2.3771307468414307 130 121 104
0.6915769577026367 2.2437820434570312 2.3123011589050293 143 134 119
1.7963535785675049 1.6452770233154297 4.585052013397217 151 149 100
1.7963535785675049 1.6452770233154297 4.585052013397217 151 149 100
0.9742584228515625 2.309390068054199 2.8533589839935303 84 75 59
1.0195939540863037 2.3262243270874023 2.929457902908325 141 133 120
0.676480233669281 2.2390875816345215 2.263857126235962 133 124 109
0.6366490721702576 2.2288315296173096 2.1848108768463135 130 121 104
0.9945064783096313 2.318290948867798 2.868650197982788 119 110 95
1.2124996185302734 2.359290599822998 3.285414457321167 125 118 102
1.17594575881958 2.358346939086914 3.213639259338379 126 119 103
1.0230133533477783 2.3280258178710938 2.916578531265259 137 128 113
4.043619155883789 1.614872694015503 8.88864517211914 111 108 76
1.0129958391189575 2.326786518096924 2.870786190032959 120 112 96
1.4984418153762817 1.747388243675232 3.8883817195892334 6 7 11
1.1239830255508423 2.3481311798095703 3.0698015689849854 134 127 111
1.0901639461517334 2.3419573307037354 2.997661828994751 140 133 117
1.328900694847107 2.3874380588531494 3.440889596939087 125 117 104
1.328900694847107 2.3874380588531494 3.440889596939087 125 117 104
1.0390371084213257 2.3300862312316895 2.8868982791900635 138 131 115
2.038254976272583 1.6524364948272705 4.888449668884277 151 139 101
1.14130437374115 2.353262424468994 3.075632333755493 141 134 118
1.352381944656372 2.386497735977173 3.467181444168091 111 103 88
0.7432090044021606 2.262857675552368 2.3185386657714844 135 126 109
1.0921136140823364 2.34414005279541 2.9657373428344727 80 73 57
1.040196180343628 2.3329813480377197 2.8674514293670654 131 123 111
1.0248792171478271 2.334294319152832 2.829465389251709 105 98 86
1.0189275741577148 2.3293797969818115 2.812535524368286 139 132 116
2.530308246612549 1.7233325242996216 5.736239910125732 47 48 49
1.0847569704055786 2.3423690795898438 2.9310426712036133 135 128 112
1.3266546726226807 2.385648012161255 3.3782124519348145 142 135 119
1.3266546726226807 2.385648012161255 3.3782124519348145 142 135 119
0.7186684608459473 2.2580761909484863 2.252534866333008 132 123 106
1.2104284763336182 2.36210036277771 3.1528525352478027 132 125 107
1.0852497816085815 2.3429644107818604 2.9180748462677 77 70 54
1.3358213901519775 2.3892452716827393 3.3761215209960938 93 86 70
1.2557930946350098 2.3730711936950684 3.222940444946289 139 132 116
1.2557930946350098 2.3730711936950684 3.222940444946289 139 132 116
2.1524386405944824 1.6690664291381836 4.982152938842773 47 54 61
1.054235577583313 2.3384389877319336 2.8454151153564453 71 63 52
0.7460851073265076 2.264759063720703 2.281622886657715 142 133 116
0.7460851073265076 2.264759063720703 2.281622886657715 142 133 116
3.276149272918701 1.796343207359314 7.041378974914551 90 70 66
1.0898281335830688 2.3419840335845947 2.9007034301757812 92 85 69
2.874452829360962 1.7631328105926514 6.283553123474121 80 78 79
0.9212570190429688 2.3075995445251465 2.5841073989868164 140 131 116
1.0709205865859985 2.3404347896575928 2.854170560836792 129 122 106
0.7050533890724182 2.256007194519043 2.1900603771209717 136 128 110
0.7912895083427429 2.279106616973877 2.3434090614318848 156 149 133
0.7912895083427429 2.279106616973877 2.3434090614318848 156 149 133
1.0958248376846313 2.3452341556549072 2.887749671936035 130 123 107
1.2248783111572266 2.370750665664673 3.120144844055176 138 131 115
2.672983169555664 1.7489184141159058 5.861597537994385 72 46 46
1.5111110210418701 2.410892963409424 3.6348249912261963 69 60 52
1.3104227781295776 2.383877992630005 3.2655673027038574 77 70 53
1.3104227781295776 2.383877992630005 3.2655673027038574 77 70 53
1.0778859853744507 2.3411977291107178 2.842836380004883 92 86 70
1.0633065700531006 2.3450381755828857 2.8133668899536133 76 69 49
0.8617451786994934 2.2994771003723145 2.451566457748413 88 80 61
1.3171900510787964 2.3847925662994385 3.2567622661590576 137 130 112
0.7165305018424988 2.2604920864105225 2.1840875148773193 138 129 112
1.0655213594436646 2.335709571838379 2.8050737380981445 83 74 58
0.8934242725372314 2.3040173053741455 2.4944663047790527 141 132 115
0.8934242725372314 2.3040173053741455 2.4944663047790527 141 132 115
0.8248214721679688 2.2869954109191895 2.3639838695526123 125 116 101
0.8119972944259644 2.285031318664551 2.334240674972534 116 107 90
2.6138126850128174 1.7092951536178589 5.627631187438965 46 44 52
1.3300379514694214 2.3922102451324463 3.2347006797790527 91 84 68
1.0954582691192627 2.3484947681427 2.8195273876190186 150 142 133
2.2859067916870117 1.6707452535629272 5.021838188171387 164 158 117
1.130196213722229 2.3541204929351807 2.8717222213745117 129 122 104
2.2797131538391113 1.6770018339157104 4.996986389160156 38 45 54
1.0990254878997803 2.351534128189087 2.809082269668579 103 90 71
1.338438868522644 2.387397050857544 3.2227275371551514 129 122 106
1.1081594228744507 2.351950168609619 2.8193016052246094 154 149 136
1.1153559684753418 2.350877523422241 2.8314969539642334 76 69 51
1.373003602027893 2.3932578563690186 3.2795073986053467 136 129 113
2.9752776622772217 1.7469568252563477 6.204465866088867 43 40 35
1.0472054481506348 2.3425097465515137 2.7097713947296143 146 139 123
0.8981626033782959 2.306215524673462 2.4440808296203613 147 138 121
1.206609845161438 2.36753249168396 2.977952718734741 138 130 117
1.206609845161438 2.36753249168396 2.977952718734741 138 130 117
1.2177518606185913 2.369356870651245 2.996108293533325 92 85 69
4.248096466064453 1.618929147720337 8.440095901489258 118 111 80
2.309799909591675 1.678865909576416 5.00164270401001 43 53 63
2.150031328201294 1.6507835388183594 4.720952987670898 74 60 64
1.5879218578338623 2.423591375350952 3.631063938140869 16 8 7
1.2455984354019165 2.3735992908477783 3.0366923809051514 146 139 123
0.8939030170440674 2.307410955429077 2.4271998405456543 135 126 109
1.0803993940353394 2.344008207321167 2.746823310852051 131 122 105
1.1632494926452637 2.356191635131836 2.8878026008605957 89 82 64
0.7749419212341309 2.2784574031829834 2.218278408050537 131 122 105
0.763185441493988 2.275338649749756 2.197370767593384 135 126 109
0.763185441493988 2.275338649749756 2.197370767593384 135 126 109
1.153681993484497 2.3552818298339844 2.866239070892334 136 129 113
0.945444643497467 2.3183212280273438 2.5077524185180664 140 131 114
2.1789839267730713 1.6582293510437012 4.730867385864258 141 98 97
1.817008376121521 1.634472370147705 4.089325904846191 173 167 135
0.8391451239585876 2.294916868209839 2.31148099899292 142 133 116
1.8433171510696411 1.632744312286377 4.12955904006958 89 102 95
2.138486623764038 1.652845025062561 4.635887145996094 133 92 88
1.8845986127853394 1.6320831775665283 4.1834940910339355 137 103 87
1.8845986127853394 1.6320831775665283 4.1834940910339355 137 103 87
0.9030519723892212 2.306025743484497 2.4089295864105225 139 130 115
2.208559989929199 1.6551421880722046 4.740952491760254 136 81 78
1.1632672548294067 2.3584017753601074 2.8466849327087402 86 78 61
2.100163221359253 1.6449823379516602 4.5473480224609375 60 52 65
0.9191594123840332 2.3133738040924072 2.431412696838379 137 128 111
1.297851800918579 2.37982439994812 3.0714025497436523 133 126 110
0.8089237213134766 2.2871479988098145 2.2378664016723633 129 120 103
1.7212657928466797 1.748628854751587 3.858785390853882 52 62 65
2.0907669067382812 1.6505376100540161 4.5031023025512695 137 95 93
1.1808089017868042 2.3589327335357666 2.857192039489746 78 71 53
2.0110442638397217 1.6417721509933472 4.364622592926025 171 167 130
1.9901245832443237 1.6411991119384766 4.328161716461182 57 68 73
1.243882656097412 2.37410831451416 2.9598965644836426 134 127 111
1.5661555528640747 2.4220969676971436 3.503223180770874 106 98 85
2.2590043544769287 1.6566144227981567 4.782588005065918 54 57 64
2.331238269805908 1.659446358680725 4.90330171585083 131 78 66
2.3054614067077637 1.675444483757019 4.865476131439209 57 55 64
1.4152779579162598 2.399055004119873 3.2440176010131836 91 85 69
1.1627389192581177 2.358793258666992 2.8190724849700928 88 79 64
2.315849542617798 1.659114122390747 4.870119571685791 177 153 135
2.1102945804595947 1.650545358657837 4.516557693481445 49 41 49
1.367921233177185 2.386244773864746 3.155001640319824 85 78 62
1.8625684976577759 1.6298490762710571 4.085521221160889 126 98 107
1.4599617719650269 2.4071288108825684 3.3059937953948975 129 121 108
2.220320224761963 1.6551333665847778 4.6873908042907715 138 83 83
1.5652029514312744 2.4224071502685547 3.476547956466675 106 98 85
1.421157717704773 2.3974058628082275 3.234232187271118 143 140 127
1.4129703044891357 2.3966665267944336 3.220226764678955 83 76 60
2.2780604362487793 1.6513909101486206 4.777622699737549 79 78 80
2.180678367614746 1.6474403142929077 4.601926803588867 68 52 60
1.3309500217437744 2.3860559463500977 3.075355291366577 132 125 109
1.3309500217437744 2.3860559463500977 3.075355291366577 132 125 109
1.7468650341033936 1.7584130764007568 3.8517181873321533 50 56 59
0.9699172973632812 2.325195789337158 2.4746835231781006 134 125 108
2.164024591445923 1.6554471254348755 4.567737102508545 74 79 63
2.245150327682495 1.641854166984558 4.704623222351074 53 50 55
1.2489089965820312 2.3724417686462402 2.926941394805908 137 130 114
1.5547868013381958 2.4179089069366455 3.4295308589935303 128 120 107
1.3998150825500488 2.3958325386047363 3.1696553230285645 152 144 131
2.267472743988037 1.6483738422393799 4.702487945556641 170 160 143
1.1994545459747314 2.366291046142578 2.8300790786743164 137 130 112
1.5295714139938354 2.416487693786621 3.372635841369629 121 114 98
1.090302586555481 2.3471341133117676 2.6476593017578125 144 136 124
1.1919398307800293 2.3629581928253174 2.81282901763916 93 87 70
1.5541276931762695 2.418097734451294 3.4070186614990234 82 74 61
1.1255649328231812 2.3530943393707275 2.7013227939605713 150 143 127
1.508104920387268 2.408987522125244 3.317150831222534 75 68 52
1.756369948387146 2.444840669631958 3.7237496376037598 89 82 72
2.400407075881958 1.6561908721923828 4.884543418884277 184 153 123
2.172945261001587 1.639788031578064 4.508241653442383 64 54 59
2.2508809566497803 1.6451855897903442 4.630377292633057 144 86 88
2.46305251121521 1.6525508165359497 4.973699569702148 45 51 60
1.4262512922286987 2.3945600986480713 3.1683897972106934 130 123 107
1.8025985956192017 2.450782537460327 3.7819745540618896 86 79 69
1.4097585678100586 2.397995710372925 3.1357734203338623 129 122 106
2.3558437824249268 1.6522492170333862 4.775537490844727 71 53 53
1.4376431703567505 2.392622470855713 3.168783187866211 86 79 63
1.487438440322876 2.4046671390533447 3.2383432388305664 139 133 117
1.4796754121780396 2.4033446311950684 3.223264694213867 96 89 73
1.215221643447876 2.376807689666748 2.7903668880462646 141 136 129
1.5036499500274658 2.4092607498168945 3.2534148693084717 147 141 125
1.167649269104004 2.3599979877471924 2.712737798690796 142 135 119
1.4847228527069092 2.4035162925720215 3.215951919555664 125 118 102
2.342782735824585 1.6459484100341797 4.694576263427734 52 52 61
2.7540693283081055 1.6585544347763062 5.3611674308776855 153 148 104
2.7540693283081055 1.6585544347763062 5.3611674308776855 153 148 104
1.1879810094833374 2.3638393878936768 2.7375235557556152 154 147 131
3.2076010704040527 1.7041889429092407 6.082998752593994 73 70 77
3.853304624557495 1.723171591758728 7.114646911621094 30 32 38
1.1699637174606323 2.3659956455230713 2.688997507095337 139 132 115
2.9069440364837646 1.6723618507385254 5.563921928405762 153 153 145
1.448386788368225 2.3964343070983887 3.1168856620788574 126 119 103
2.1671671867370605 1.6429835557937622 4.348565578460693 45 48 53
2.872307062149048 1.6640400886535645 5.470957279205322 54 58 60
2.252593517303467 1.6528005599975586 4.474563121795654 144 109 91
2.7164673805236816 1.6618773937225342 5.2120442390441895 102 88 87
1.933126449584961 2.4625658988952637 3.8639206886291504 88 82 70
1.2443029880523682 2.3715298175811768 2.78014874458313 88 78 66
1.4401049613952637 2.39536452293396 3.0851616859436035 130 123 107
2.434197425842285 1.6484354734420776 4.746411323547363 165 157 123
1.6031213998794556 2.4246625900268555 3.335451126098633 143 136 120
2.418382167816162 1.6508784294128418 4.698622226715088 166 159 124
1.525898814201355 2.4084584712982178 3.2024614810943604 90 83 67
1.3601090908050537 2.3848350048065186 2.942225217819214 138 131 116
1.8147680759429932 2.443582057952881 3.6438069343566895 101 95 81
2.3271443843841553 1.656598448753357 4.536568641662598 65 54 64
3.690666913986206 2.0314724445343018 6.643953323364258 80 77 54
3.2685985565185547 1.685192584991455 6.012694835662842 91 81 78
2.5516273975372314 1.6551969051361084 4.877176761627197 56 51 47
1.5091283321380615 2.399390697479248 3.1568939685821533 84 77 62
2.217270851135254 1.694936990737915 4.342185020446777 91 78 84
2.472381591796875 1.6584843397140503 4.740713596343994 47 55 58
2.945788621902466 1.667631983757019 5.482685565948486 47 46 41
2.5028908252716064 1.6579190492630005 4.779689311981201 51 60 62
2.488173007965088 1.6742981672286987 4.735326766967773 32 39 40
2.51003098487854 1.6729331016540527 4.761498928070068 143 144 138
2.3193681240081787 1.7108806371688843 4.438551425933838 49 49 46
1.5801321268081665 2.408318042755127 3.221794843673706 115 108 92
1.5801321268081665 2.408318042755127 3.221794843673706 115 108 92
2.4313817024230957 1.7223378419876099 4.569652557373047 44 45 47
2.599090814590454 1.6920381784439087 4.830549716949463 113 77 59
1.5207031965255737 2.4007487297058105 3.10265851020813 88 81 62
1.5371198654174805 2.401787757873535 3.122474431991577 92 85 69
1.5499979257583618 2.40028715133667 3.124508857727051 135 129 113
2.566500186920166 1.7265936136245728 4.731597900390625 49 42 39
1.52663254737854 2.3993847370147705 3.0869691371917725 126 119 103
2.9130070209503174 1.709476113319397 5.232954025268555 93 71 74
1.6883634328842163 2.4172844886779785 3.2759926319122314 86 79 63
1.8276193141937256 2.4288647174835205 3.4704067707061768 131 123 112
1.728662371635437 2.4130194187164307 3.3088178634643555 87 80 64
1.7190343141555786 2.4145402908325195 3.269897699356079 142 136 125
0.2382865995168686 0.9530092477798462 1.2094382047653198 136 128 115
1.9689384698867798 2.421419382095337 3.4820713996887207 117 109 98
4.633758068084717 2.4837288856506348 6.913358688354492 64 59 55
4.554608345031738 2.446927309036255 6.373269081115723 9 6 1
4.5452985763549805 2.4192264080047607 6.280569553375244 71 68 63
4.4039812088012695 2.402132034301758 6.069210052490234 9 10 5
4.630514144897461 2.37902569770813 6.2356414794921875 7 6 3
4.147339820861816 2.299065589904785 5.630851745605469 10 9 7
0.6531470417976379 -0.6149809956550598 1.5159293413162231 24 20 19
-0.21992693841457367 0.2162805050611496 0.36713019013404846 139 133 118
0.07299507409334183 0.1279691457748413 0.4759208559989929 255 255 251
0.009703758172690868 0.2656090259552002 0.3671398162841797 5 4 3
0.8019930720329285 1.3843990564346313 4.462541580200195 147 148 148
0.7857844233512878 1.4125276803970337 4.393492221832275 122 128 123
0.7857844233512878 1.4125276803970337 4.393492221832275 122 128 123
0.9618003964424133 1.576276183128357 4.87114953994751 60 70 71
1.9512379169464111 1.5958967208862305 8.24815845489502 64 59 48
1.9688339233398438 1.5867600440979004 8.286815643310547 9 4 2
0.8247778415679932 1.3817299604415894 4.466995716094971 44 59 59
1.9904929399490356 1.5968676805496216 8.303339004516602 72 67 61
0.8036379814147949 1.4194155931472778 4.3687825202941895 90 101 96
0.8384801149368286 1.3757447004318237 4.482985019683838 32 39 40
0.8048951029777527 1.4360071420669556 4.348999977111816 31 37 37
0.9415270686149597 1.3795900344848633 4.731832504272461 70 79 82
1.1802722215652466 1.5991019010543823 5.411068439483643 31 36 40
0.8500543832778931 1.4428728818893433 4.337021350860596 38 46 48
0.8275549411773682 1.637317180633545 4.145940780639648 122 85 96
0.8856912851333618 1.4419746398925781 4.348267078399658 130 138 129
1.0193380117416382 1.4080685377120972 4.746941566467285 123 129 129
0.8402226567268372 1.6506284475326538 4.1106743812561035 159 162 104
0.855464518070221 1.5995723009109497 4.1717987060546875 118 113 90
0.855464518070221 1.5995723009109497 4.1717987060546875 118 113 90
0.8592337965965271 2.3953378200531006 3.986920118331909 108 102 90
0.8562127947807312 1.6416730880737305 4.130114555358887 79 76 75
0.8562127947807312 1.6416730880737305 4.130114555358887 79 76 75
0.8749409914016724 1.5658286809921265 4.207096099853516 30 34 41
0.9369341135025024 1.4236713647842407 4.408641338348389 63 74 74
0.9369341135025024 1.4236713647842407 4.408641338348389 63 74 74
0.8795500993728638 1.603832483291626 4.169026851654053 45 35 33
0.9624150991439819 1.4278862476348877 4.371262073516846 41 52 52
1.1037930250167847 1.4431854486465454 4.6536149978637695 79 87 90
0.1419754922389984 -0.670108437538147 2.279134511947632 49 42 32
0.07446929067373276 -0.5980073809623718 2.050203323364258 26 21 18
1.2764471769332886 1.430002212524414 4.90638542175293 58 69 70
1.0043518543243408 1.7223474979400635 4.063859939575195 53 62 69
1.30977463722229 1.4344229698181152 4.935361862182617 133 133 132
1.0971583127975464 1.4393786191940308 4.357461929321289 46 50 53
1.291680932044983 1.4421308040618896 4.876718044281006 24 27 32
2.3620502948760986 1.7111049890518188 7.667206287384033 37 24 30
1.148382544517517 1.4429268836975098 4.30932092666626 82 96 100
1.1811379194259644 1.4614940881729126 4.2715935707092285 15 24 28
1.0368366241455078 2.4703385829925537 3.7085564136505127 143 135 122
1.2239818572998047 1.4425822496414185 4.34537935256958 75 83 88
1.2239818572998047 1.4425822496414185 4.34537935256958 75 83 88
1.176363468170166 1.5962653160095215 4.190470218658447 93 81 93
1.2040237188339233 1.4591155052185059 4.266620635986328 39 49 51
1.189412236213684 1.6048513650894165 4.1945366859436035 48 44 64
1.1815505027770996 1.6022822856903076 4.173678398132324 100 89 103
1.1815505027770996 1.6022822856903076 4.173678398132324 100 89 103
0.7876914143562317 0.7231621742248535 3.342714548110962 90 84 78
1.1930490732192993 2.4932639598846436 4.037563800811768 37 30 25
1.8912122249603271 1.6593824625015259 5.876433372497559 126 120 106
1.218644380569458 1.458033800125122 4.259420871734619 41 49 54
1.2321878671646118 1.4588210582733154 4.26275110244751 62 72 79
1.2293058633804321 1.460188388824463 4.241614818572998 72 83 85
1.0159646272659302 2.475867986679077 3.5568339824676514 137 130 114
1.9339118003845215 1.6767315864562988 5.890503406524658 103 97 84
1.2472460269927979 1.4485536813735962 4.254263877868652 134 141 144
1.9893550872802734 1.679810881614685 5.889081001281738 109 100 90
1.279289960861206 1.4535882472991943 4.239816188812256 36 47 49
1.0550830364227295 2.490675449371338 3.539308786392212 128 121 105
1.244535207748413 1.745992660522461 4.062216758728027 38 53 72
2.310276508331299 1.7258880138397217 6.49238395690918 97 96 91
1.326311469078064 1.451686143875122 4.249351978302002 150 159 161
1.1992268562316895 2.5091817378997803 3.7932612895965576 125 117 104
1.2487293481826782 2.5193653106689453 3.8893609046936035 73 65 54
1.5295584201812744 1.477491855621338 4.6797637939453125 36 39 41
1.3440622091293335 1.447622537612915 4.259606838226318 39 54 59
1.367964744567871 1.4413666725158691 4.297842979431152 75 90 90
1.367964744567871 1.4413666725158691 4.297842979431152 75 90 90
3.1869702339172363 1.8559253215789795 8.28283405303955 40 23 23
1.4224361181259155 1.4248065948486328 4.385540008544922 44 47 53
1.223025918006897 2.519348382949829 3.7716658115386963 76 68 55
1.3762221336364746 1.460134744644165 4.24418830871582 66 80 85
1.3679063320159912 1.4659833908081055 4.220278739929199 20 27 30
1.6364479064941406 1.4522987604141235 4.808471202850342 54 60 67
1.4262371063232422 1.43503999710083 4.345565319061279 125 136 138
1.37615168094635 1.4645084142684937 4.227972507476807 14 22 25
1.4467246532440186 1.4443248510360718 4.344811916351318 65 78 84
1.557918906211853 1.4297161102294922 4.554147243499756 84 94 93
1.2957853078842163 2.5436835289001465 3.747105360031128 78 70 57
1.6222578287124634 1.4356976747512817 4.576936721801758 39 49 52
1.369213342666626 2.5542895793914795 3.857024908065796 127 119 106
1.6494892835617065 1.4382517337799072 4.5887908935546875 83 96 94
1.4155428409576416 1.7090095281600952 4.032446384429932 63 69 64
1.405138373374939 1.7494128942489624 3.985456943511963 152 144 81
1.4344360828399658 1.701021432876587 4.035190105438232 35 43 32
1.4539365768432617 1.640368938446045 4.068019866943359 163 158 140
1.4264730215072632 1.713549256324768 3.9934518337249756 78 70 69
1.4596998691558838 1.6255102157592773 4.069202423095703 113 96 97
1.449318766593933 1.6954221725463867 4.03734016418457 150 144 109
1.4503307342529297 2.5700268745422363 3.9001100063323975 83 75 64
3.83044695854187 1.6690850257873535 8.83591365814209 68 53 52
2.4252305030822754 1.7144523859024048 5.905967712402344 92 76 76
1.3128405809402466 2.5609939098358154 3.5929555892944336 131 124 108
1.4768702983856201 1.7876842021942139 3.97257137298584 39 52 71
1.3519835472106934 2.563854217529297 3.639252185821533 88 81 65
1.8024543523788452 1.6361663341522217 4.572195529937744 39 44 48
3.98374342918396 1.6366477012634277 8.778843879699707 122 113 84
4.055038928985596 1.618030309677124 8.91105842590332 111 108 76
1.836218237876892 1.6455559730529785 4.570610046386719 97 87 89
1.5274344682693481 1.768988847732544 3.950319766998291 6 7 11
1.8715752363204956 1.6407707929611206 4.612558364868164 73 79 80
1.5258326530456543 2.5912442207336426 3.799558401107788 80 73 58
1.635590672492981 2.6080517768859863 3.975992202758789 112 104 93
1.635590672492981 2.6080517768859863 3.975992202758789 112 104 93
1.9425678253173828 1.6489150524139404 4.615188121795654 113 86 91
1.3162683248519897 0.8372091054916382 3.5581486225128174 23 22 21
3.1199092864990234 1.7272287607192993 6.757108688354492 90 70 66
2.825432777404785 1.7425804138183594 6.189155101776123 80 78 79
2.3034071922302246 1.688362717628479 5.223730564117432 81 61 62
2.5731778144836426 1.6902883052825928 5.553954124450684 46 44 52
2.25587797164917 1.6641422510147095 4.954517364501953 38 45 54
3.173316478729248 1.7468935251235962 6.4981818199157715 125 119 105
1.8121529817581177 1.629966378211975 4.090465545654297 173 167 135
2.148740768432617 1.6474698781967163 4.66766881942749 62 45 52
2.122567653656006 1.6426222324371338 4.613917827606201 133 92 88
1.8726614713668823 1.6229877471923828 4.172757148742676 137 103 87
1.7462072372436523 1.7649482488632202 3.9157748222351074 52 62 65
2.001551628112793 1.6349774599075317 4.356130599975586 171 167 130
1.7587529420852661 1.7851303815841675 3.916689157485962 55 62 66
1.8661842346191406 1.6304254531860352 4.101834297180176 126 98 107
1.7773927450180054 1.778410792350769 3.9187793731689453 50 56 59
2.2545111179351807 1.6450241804122925 4.7253618240356445 53 50 55
2.09948468208313 1.6412038803100586 4.447443962097168 123 87 77
2.1372034549713135 1.636400580406189 4.483489990234375 53 45 47
2.170743703842163 1.6361953020095825 4.513442516326904 64 54 59
2.460578441619873 1.649106502532959 4.973937034606934 45 51 60
2.6377382278442383 1.6526364088058472 5.223363876342773 54 47 54
2.235025405883789 1.6409345865249634 4.560723304748535 136 90 82
2.5816707611083984 1.6468762159347534 5.098956108093262 44 43 44
2.5816707611083984 1.6468762159347534 5.098956108093262 44 43 44
2.2859280109405518 1.6413626670837402 4.62156867980957 143 93 89
2.3508992195129395 1.640349268913269 4.727568626403809 66 54 61
2.651758909225464 1.6483938694000244 5.195857524871826 64 56 57
2.3415520191192627 1.6428718566894531 4.700559616088867 52 52 61
3.196629285812378 1.6981467008590698 6.0655198097229 73 70 77
2.298265218734741 1.6374598741531372 4.595475673675537 64 53 56
2.15240478515625 1.31357741355896 4.391945838928223 87 78 74
2.899933099746704 1.6673123836517334 5.5560784339904785 153 153 145
2.1782994270324707 1.6465939283370972 4.377981185913086 45 48 53
2.863765239715576 1.6578007936477661 5.460493564605713 54 58 60
2.254431962966919 1.6512197256088257 4.488177299499512 144 109 91
2.5215415954589844 1.6567682027816772 4.863778591156006 55 59 51
2.3398373126983643 1.6602897644042969 4.567386150360107 65 54 64
2.558220386505127 1.6547415256500244 4.896349906921387 56 51 47
2.5307509899139404 1.6674407720565796 4.833286285400391 51 60 62
2.447255849838257 1.6799311637878418 4.685033321380615 45 52 43
3.0685529708862305 1.6812069416046143 5.621349334716797 44 40 39
2.358361005783081 1.728652000427246 4.513494491577148 49 49 46
2.469806432723999 1.7384134531021118 4.640674114227295 44 45 47
2.6201438903808594 1.7494637966156006 4.824847221374512 49 42 39
2.9491865634918213 1.720272183418274 5.295754909515381 93 71 74
2.6419107913970947 1.8037112951278687 4.783008098602295 26 23 18
5.261770725250244 2.7584633827209473 7.762908458709717 64 59 55
4.961941242218018 2.207692861557007 7.383798599243164 10 8 6
0.8055593371391296 1.4349164962768555 4.440858364105225 122 128 123
0.21585260331630707 -0.8907456398010254 3.0541536808013916 24 22 25
1.1138883829116821 1.5551725625991821 5.186385154724121 31 36 40
0.8888002634048462 1.6768344640731812 4.20639181137085 79 76 75
1.3033194541931152 1.592315912246704 5.207932472229004 79 87 90
1.4673711061477661 1.4887088537216187 5.424779415130615 55 52 45
1.0353902578353882 1.7538893222808838 4.129147529602051 53 62 69
1.5896693468093872 1.7724026441574097 5.384274959564209 82 96 100
1.6232634782791138 1.773254156112671 5.40476655960083 51 63 69
1.8826414346694946 1.6569626331329346 5.844044208526611 126 120 106
1.264916181564331 1.488685131072998 4.324591159820557 139 148 148
1.1772435903549194 -3.1557960510253906 5.048847675323486 67 60 52
1.2716673612594604 1.495766520500183 4.315394401550293 62 72 79
25.986541748046875 -40.527130126953125 72.16159057617188 137 131 107
1.2802419662475586 1.4555495977401733 4.235630512237549 36 47 49
1.3043023347854614 1.4500551223754883 4.220346927642822 50 58 60
1.3098039627075195 1.462164282798767 4.2215189933776855 77 85 88
1.3700816631317139 1.456748127937317 4.226235389709473 66 80 85
1.4357309341430664 1.4376195669174194 4.318082332611084 65 78 84
1.4253987073898315 1.7670913934707642 4.022664546966553 152 144 81
1.8268886804580688 -2.1648757457733154 5.374444484710693 142 135 117
3.7916409969329834 1.650811791419983 8.773594856262207 68 53 52
3.7916409969329834 1.650811791419983 8.773594856262207 68 53 52
4.063243389129639 1.6189621686935425 8.930346488952637 111 108 76
2.5558929443359375 1.924056887626648 5.914253234863281 151 139 101
2.790768623352051 1.7262604236602783 6.11997652053833 80 78 79
2.790768623352051 1.7262604236602783 6.11997652053833 80 78 79
4.373108863830566 1.6529803276062012 8.661468505859375 118 111 80
3.1648128032684326 1.7435311079025269 6.4745917320251465 125 119 105
2.1906251907348633 -2.1529693603515625 5.333915710449219 22 17 16
2.1697261333465576 1.6403610706329346 4.597882270812988 68 52 60
2.592395305633545 1.651149868965149 5.119527816772461 44 43 44
2.265763282775879 1.6587176322937012 4.517502307891846 144 109 91
2.719005584716797 1.6584219932556152 5.226282119750977 102 88 87
2.292428970336914 1.816346526145935 4.42292594909668 85 86 79
2.5589652061462402 -2.3024582862854004 5.272050857543945 132 126 110
3.3833119869232178 1.7296773195266724 5.916386604309082 123 123 117
1.2549588680267334 1.0525611639022827 5.704587936401367 70 66 57
1.568037986755371 1.613073706626892 6.192129135131836 43 40 37
1.6274036169052124 -1.9441173076629639 5.305709362030029 35 29 31
4.007638454437256 1.6429505348205566 8.835837364196777 122 113 84
4.074316024780273 1.620853066444397 8.95966911315918 111 108 76
1.5487146377563477 1.5973278284072876 6.144937515258789 43 40 37
4.01291561126709 1.6445635557174683 8.85665512084961 122 113 84
4.081469535827637 1.6224397420883179 8.985031127929688 111 108 76
1.9547348022460938 -5.206125259399414 8.63478946685791 49 42 36
2.650524616241455 -2.564152956008911 5.980354309082031 139 133 117
2.6567893028259277 -2.54792857170105 5.967006206512451 138 132 116
2.698092222213745 -2.4739983081817627 5.882999897003174 135 130 114
3.528780937194824 -2.690570592880249 5.785068035125732 32 26 26
1.9909050464630127 1.9437657594680786 5.891064167022705 134 141 144
4.094257831573486 1.6408079862594604 9.006582260131836 111 108 76
4.094257831573486 1.6408079862594604 9.006582260131836 111 108 76
1.9881819486618042 2.821621894836426 2.9304444789886475 62 56 43
12.298335075378418 14.805574417114258 19.177854537963867 85 78 60
4.129638671875 2.1139001846313477 10.115185737609863 104 97 90
4.129638671875 2.1139001846313477 10.115185737609863 104 97 90
4.1106953620910645 1.7309119701385498 9.200065612792969 20 14 16
4.103113174438477 1.6389274597167969 8.99576187133789 111 108 76
1.340598225593567 2.4439027309417725 10.004165649414062 128 117 91
0.7294175624847412 1.9361746311187744 5.018407821655273 22 31 41
1.4653253555297852 2.449226140975952 10.852903366088867 29 23 8
0.25371241569519043 0.8479205369949341 1.0623128414154053 154 145 130
2.2076385021209717 3.24851393699646 15.850000381469727 119 107 92
1.5447053909301758 2.4705655574798584 10.785896301269531 47 42 27
1.5447053909301758 2.4705655574798584 10.785896301269531 47 42 27
1.5695329904556274 2.4191315174102783 10.65101432800293 121 107 89
0.7903968095779419 1.5080294609069824 4.821516513824463 98 113 117
0.7858422994613647 1.536546230316162 4.768601417541504 11 17 19
0.8007715940475464 1.521296739578247 4.815323352813721 63 75 83
1.6063002347946167 2.4296927452087402 10.38675308227539 112 102 83
0.8223201036453247 1.468878984451294 4.84643030166626 104 127 133
0.8179095983505249 1.5053157806396484 4.768708229064941 186 186 184
0.8135173320770264 1.5335943698883057 4.7306342124938965 19 30 33
1.8861702680587769 2.523643732070923 12.086527824401855 49 39 29
0.3502325117588043 -1.2499009370803833 2.0959436893463135 79 71 57
1.6859769821166992 2.3959884643554688 10.674189567565918 33 29 18
1.7327449321746826 2.4253828525543213 10.950329780578613 133 120 97
0.46862292289733887 0.7695963978767395 2.293339729309082 38 54 63
0.829749345779419 1.5278913974761963 4.735273838043213 160 166 161
0.835070013999939 1.504615306854248 4.764588832855225 104 126 128
0.8416244983673096 1.4362986087799072 4.78679084777832 20 30 31
1.317711353302002 2.0039174556732178 7.953594207763672 59 45 49
0.5192907452583313 0.8578527569770813 2.5801868438720703 184 187 182
1.9046297073364258 2.463715076446533 11.729731559753418 31 27 14
1.7208665609359741 2.3933327198028564 10.409140586853027 19 13 8
1.7393436431884766 2.2999684810638428 10.544095039367676 38 30 16
1.480567216873169 2.11794114112854 8.821675300598145 120 98 100
1.708246111869812 2.345273017883301 10.288196563720703 117 105 89
0.8533609509468079 1.5172522068023682 4.702151775360107 104 121 126
0.8626027703285217 1.4517207145690918 4.734002590179443 70 96 102
1.910010814666748 2.428267240524292 11.507911682128906 38 36 20
1.9616186618804932 2.4329981803894043 11.727261543273926 116 106 77
1.4823001623153687 2.088809013366699 8.645824432373047 63 59 63
0.8682098388671875 1.4847062826156616 4.682175159454346 182 181 177
0.8183963298797607 1.4432978630065918 4.331400394439697 81 91 92
0.8740188479423523 1.443708896636963 4.706258296966553 161 171 174
0.8531331419944763 1.4700901508331299 4.488258361816406 182 188 187
0.39761099219322205 -0.7801196575164795 2.105616807937622 42 37 34
0.8672240972518921 1.5069533586502075 4.565277576446533 43 52 54
1.0298266410827637 1.7840732336044312 5.566869735717773 110 124 122
0.8696271777153015 1.4777389764785767 4.502110481262207 164 172 172
0.4052976369857788 -0.7633070349693298 2.1014506816864014 148 142 125
0.4052976369857788 -0.7633070349693298 2.1014506816864014 148 142 125
0.8725201487541199 1.7549747228622437 4.4466328620910645 177 112 108
0.4153274893760681 -0.7588369250297546 2.1406924724578857 139 129 117
0.9051336646080017 1.5284619331359863 4.664597511291504 170 177 179
0.41559991240501404 -0.7832211852073669 2.1407153606414795 150 144 125
0.4103797674179077 -0.8069530129432678 2.106285810470581 56 44 40
0.41533249616622925 -0.8065584897994995 2.1110849380493164 44 34 32
1.9465141296386719 2.327646255493164 10.79153060913086 133 123 106
0.8889251947402954 1.6699790954589844 4.440535545349121 90 103 92
0.8954315781593323 1.699453592300415 4.440184116363525 168 151 116
0.9814499616622925 1.437939167022705 4.980370998382568 102 115 120
0.7284850478172302 2.9269776344299316 3.197382688522339 173 162 145
0.7284850478172302 2.9269776344299316 3.197382688522339 173 162 145
2.0200674533843994 2.3005003929138184 11.039583206176758 102 95 81
0.7623080015182495 2.880138397216797 3.41463565826416 156 148 129
0.9711167812347412 1.4466651678085327 4.881786823272705 160 170 173
0.8949630260467529 1.7247934341430664 4.390359878540039 44 49 45
1.9600991010665894 2.190091371536255 10.6298246383667 29 25 17
0.9073633551597595 1.4828407764434814 4.460529327392578 38 57 59
0.436282217502594 -0.7902891635894775 2.1576476097106934 72 63 62
1.5007048845291138 1.9870715141296387 7.905868053436279 142 106 107
1.996552586555481 2.2895946502685547 10.753133773803711 79 80 75
0.4421052038669586 -0.7991054058074951 2.172532320022583 90 84 86
0.9061660766601562 1.6230298280715942 4.380268573760986 53 52 67
0.9096271395683289 1.7254713773727417 4.381441593170166 45 49 47
2.0288517475128174 2.219480276107788 10.843753814697266 142 128 109
0.9130746722221375 1.6949442625045776 4.385280609130859 150 138 94
0.9148483276367188 1.6971977949142456 4.369373321533203 37 40 33
0.9924346804618835 2.83673357963562 4.686985015869141 134 124 115
0.9307323098182678 1.4528741836547852 4.476900100708008 101 118 125
0.9230117201805115 1.7199828624725342 4.3853936195373535 94 99 102
0.9230117201805115 1.7199828624725342 4.3853936195373535 94 99 102
0.7641255855560303 2.9698009490966797 3.2389237880706787 156 148 128
0.9157863855361938 1.6223169565200806 4.317667007446289 97 106 104
0.9345945715904236 1.45180344581604 4.446290493011475 185 186 185
0.943494975566864 1.4280349016189575 4.491674900054932 186 188 185
0.9323607087135315 1.6879961490631104 4.380082607269287 33 45 51
0.9330130219459534 1.4708911180496216 4.406458377838135 39 49 49
1.502038836479187 1.872119426727295 7.449828147888184 58 55 58
0.7915927171707153 3.0141658782958984 3.2543206214904785 164 153 135
0.9620924592018127 1.423213243484497 4.45229434967041 190 191 186
1.5719983577728271 1.067215085029602 7.719923973083496 102 90 74
0.960369884967804 1.4286669492721558 4.365328788757324 106 123 121
0.976158618927002 1.4103689193725586 4.457733154296875 159 168 171
1.442348599433899 1.8120954036712646 6.937892436981201 55 59 66
2.177870273590088 2.0945162773132324 10.861544609069824 59 51 36
0.8124875426292419 3.02018141746521 3.27809739112854 162 153 136
1.6152026653289795 1.889945149421692 7.7733869552612305 98 93 99
1.0760899782180786 2.9106087684631348 4.663980484008789 104 95 79
3.4686217308044434 2.670874834060669 17.297348022460938 14 14 14
0.5011014342308044 -0.8939076066017151 2.2453854084014893 177 166 146
0.8618996143341064 3.0312485694885254 3.418836832046509 178 166 150
2.168254852294922 2.008472442626953 10.410482406616211 12 9 2
0.9548460245132446 2.9757323265075684 3.8726325035095215 108 97 79
2.1588101387023926 2.0024383068084717 10.225504875183105 26 17 16
1.0201996564865112 1.6201010942459106 4.369602203369141 58 80 104
0.5208050608634949 -0.8738604187965393 2.234999656677246 164 157 130
0.9853594899177551 3.000551223754883 3.882777690887451 106 95 80
1.0482590198516846 1.8417437076568604 4.3051018714904785 9 7 9
1.0400335788726807 1.8116480112075806 4.265827178955078 79 95 98
1.0311888456344604 3.007746934890747 4.054946422576904 163 155 136
1.2045942544937134 2.95915150642395 4.926681041717529 98 91 82
0.9480811953544617 3.0911612510681152 3.548901081085205 168 159 142
0.929997980594635 3.179337501525879 3.3736844062805176 174 167 149
0.5588966608047485 -0.8988381624221802 2.27327561378479 61 50 47
1.6619157791137695 1.7543411254882812 7.094848155975342 51 47 58
1.6947274208068848 1.1024935245513916 7.314402103424072 12 8 7
0.570289671421051 -0.8857004642486572 2.278151512145996 45 35 33
1.158503532409668 3.036945343017578 4.40363883972168 170 160 145
1.1399681568145752 1.3980673551559448 4.526403903961182 111 125 132
1.5472989082336426 1.6906133890151978 6.3430891036987305 128 104 103
1.1808501482009888 3.0384304523468018 4.456438064575195 122 113 96
1.1808501482009888 3.0384304523468018 4.456438064575195 122 113 96
2.300436019897461 1.8551679849624634 9.803060531616211 26 21 10
1.0693939924240112 3.112683057785034 3.879041910171509 164 155 137
1.1733556985855103 1.2950284481048584 4.596012115478516 61 61 69
0.9698113799095154 3.2947444915771484 3.339597225189209 163 152 134
1.0801535844802856 1.3893564939498901 4.106776237487793 103 117 117
1.1512234210968018 3.0851874351501465 4.188636302947998 157 149 130
1.0354865789413452 3.2075860500335693 3.5990097522735596 169 161 142
5.369136333465576 4.079341411590576 23.58506965637207 36 27 16
1.2169570922851562 1.3540118932724 4.601667881011963 25 37 43
1.7474849224090576 1.7205959558486938 6.902502059936523 53 52 56
2.102682590484619 1.901910662651062 8.421416282653809 63 50 49
1.0811433792114258 3.2276813983917236 3.684938430786133 162 154 134
1.1211388111114502 1.364619493484497 4.077092170715332 186 191 191
1.1542314291000366 3.1771786212921143 3.971108913421631 162 151 129
1.1160863637924194 1.3842811584472656 4.0491437911987305 38 58 55
1.3357614278793335 3.112440347671509 4.791884899139404 108 101 84
1.23698890209198 1.330612301826477 4.572450637817383 63 67 68
1.2514517307281494 1.3456168174743652 4.598276615142822 100 104 115
1.0616475343704224 3.3621246814727783 3.4813897609710693 178 171 153
1.1240246295928955 1.3695054054260254 4.0308380126953125 171 181 185
1.6066668033599854 1.6306101083755493 6.078165054321289 65 65 69
2.3305764198303223 1.8770184516906738 9.143351554870605 40 38 32
1.1665551662445068 1.5949214696884155 4.151322841644287 136 117 128
1.7045886516571045 1.6587955951690674 6.445590496063232 49 49 55
1.1608154773712158 1.5783249139785767 4.12236213684082 90 73 92
1.1080764532089233 3.310511827468872 3.649022340774536 179 172 156
1.1309616565704346 1.373992919921875 4.020581245422363 65 76 77
1.1774102449417114 3.214221954345703 3.9604029655456543 168 159 142
1.4068769216537476 3.1184778213500977 4.967945098876953 134 127 111
1.1368435621261597 1.3667081594467163 4.023448944091797 174 183 184
13.385353088378906 16.47043228149414 54.9388427734375 192 191 191
0.7788885831832886 2.3161327838897705 2.3503825664520264 169 159 139
1.1813615560531616 1.5825318098068237 4.138269424438477 129 105 119
1.2048625946044922 1.8156708478927612 4.2031569480896 7 6 11
1.1646034717559814 3.2771823406219482 3.8303897380828857 175 166 154
1.1142044067382812 3.388732671737671 3.5914576053619385 168 160 139
1.1459875106811523 1.3727049827575684 4.013060569763184 61 71 75
2.4289746284484863 1.8928954601287842 9.314075469970703 41 36 33
1.1435799598693848 1.3552345037460327 3.9891295433044434 177 184 188
1.0767228603363037 1.2636817693710327 3.6695282459259033 78 88 95
1.1589462757110596 1.3807144165039062 4.01059103012085 108 119 126
1.2445156574249268 3.261594533920288 4.108937740325928 166 160 144
1.155575156211853 1.355423092842102 3.9852607250213623 182 186 189
1.2199532985687256 3.351138114929199 3.851396322250366 187 182 170
1.1809754371643066 3.4354734420776367 3.657726526260376 174 165 145
1.1809754371643066 3.4354734420776367 3.657726526260376 174 165 145
1.2583147287368774 1.809287428855896 4.17219877243042 95 117 130
1.2514830827713013 1.7804235219955444 4.131178855895996 59 80 106
1.1940988302230835 1.3574869632720947 3.959352731704712 58 71 71
1.2818639278411865 3.3464207649230957 4.0077900886535645 174 165 146
1.1874834299087524 3.5341598987579346 3.5860955715179443 179 171 154
1.3333072662353516 3.331749200820923 4.207238674163818 104 93 73
1.3646525144577026 3.302232027053833 4.299241542816162 163 154 136
1.491803765296936 3.227802038192749 4.82253885269165 174 167 155
1.2167739868164062 1.3580522537231445 3.9571168422698975 74 83 94
1.3056577444076538 1.3332548141479492 4.29241418838501 25 26 28
2.2193663120269775 1.7211475372314453 7.754189491271973 47 41 46
1.2265472412109375 1.3675771951675415 3.932687520980835 31 36 40
1.3637151718139648 3.3622286319732666 4.18530797958374 188 181 162
1.3637151718139648 3.3622286319732666 4.18530797958374 188 181 162
1.3604437112808228 3.325331211090088 4.152029514312744 111 101 84
1.3436075448989868 3.423449993133545 4.057088851928711 171 164 143
1.2619426250457764 3.571505308151245 3.6994428634643555 189 184 164
1.235480546951294 1.3360874652862549 3.901662588119507 163 178 185
1.6928613185882568 1.53812575340271 5.601624488830566 50 40 54
1.798875331878662 1.5681501626968384 5.96419095993042 69 66 70
1.252311110496521 1.3479000329971313 3.9012320041656494 33 50 56
1.304456353187561 3.579620838165283 3.7797420024871826 176 170 154
1.2645162343978882 3.7000789642333984 3.6074702739715576 173 163 144
1.3356530666351318 1.5318223237991333 4.188033103942871 12 14 18
1.421941876411438 3.437443256378174 4.2138872146606445 169 161 142
1.5052255392074585 3.3652281761169434 4.537261009216309 173 165 146
1.5745807886123657 3.33217191696167 4.778234004974365 117 109 90
1.284306526184082 1.342705249786377 3.915557861328125 62 71 80
1.4619427919387817 3.4493348598480225 4.282827854156494 116 105 84
1.7090723514556885 1.5546282529830933 5.398571014404297 159 111 104
1.415364146232605 3.5146946907043457 4.060613632202148 174 166 147
1.288084864616394 1.3322290182113647 3.881345272064209 120 138 146
1.4863311052322388 3.4704418182373047 4.309101581573486 104 95 68
1.3058384656906128 1.341416597366333 3.9176604747772217 102 126 138
1.659949779510498 3.3691205978393555 4.910696983337402 109 100 83
1.3694379329681396 3.7381372451782227 3.7880473136901855 174 166 145
1.3458807468414307 1.2848886251449585 4.019827365875244 43 53 53
1.5489380359649658 3.4889473915100098 4.414999961853027 177 169 156
1.8568928241729736 1.5841461420059204 5.744588851928711 73 72 83
1.3928176164627075 1.7104216814041138 4.0654778480529785 30 41 53
1.7158962488174438 3.3792107105255127 5.000345706939697 167 158 141
1.6656959056854248 3.4327504634857178 4.7889084815979 104 96 77
1.4427934885025024 1.2888715267181396 4.265578746795654 60 71 71
1.5268136262893677 3.584596633911133 4.235145568847656 171 162 143
1.685132622718811 3.4431116580963135 4.806907653808594 166 158 139
1.4052814245224 1.6492011547088623 4.048404216766357 23 38 52
1.5662932395935059 3.581895112991333 4.345458030700684 175 165 151
1.424017071723938 1.7599942684173584 4.076602935791016 31 35 42
1.4223120212554932 1.7316187620162964 4.073622226715088 101 114 101
5.942773818969727 17.231746673583984 16.94886589050293 170 162 146
1.4367594718933105 1.8069276809692383 4.100785255432129 188 177 116
1.4109585285186768 1.2740188837051392 4.063493728637695 185 187 189
1.6226941347122192 3.554539203643799 4.48696756362915 126 119 94
1.4312899112701416 1.7576864957809448 4.043210506439209 20 17 21
1.4382199048995972 1.6980746984481812 4.070459842681885 124 72 54
0.8862988948822021 -1.0292974710464478 2.5813262462615967 26 21 20
1.6345723867416382 3.555516004562378 4.487945556640625 175 166 151
1.4534292221069336 3.932936429977417 3.806485891342163 165 154 136
1.57445228099823 3.6425397396087646 4.242378234863281 172 161 142
0.8932919502258301 -1.0238155126571655 2.5849947929382324 78 69 59
1.9549814462661743 1.5937526226043701 5.7823028564453125 97 92 83
1.4465556144714355 1.7052804231643677 4.047206401824951 189 184 129
1.6462889909744263 3.597954034805298 4.473830699920654 181 170 155
1.4520331621170044 1.7280000448226929 4.052417278289795 95 114 102
1.6502007246017456 3.6213903427124023 4.450955867767334 157 150 128
1.4400920867919922 1.2702503204345703 4.0485663414001465 59 75 82
1.4673206806182861 1.7622861862182617 4.061217308044434 121 81 84
1.6703904867172241 3.613677501678467 4.498836040496826 120 110 84
1.6588002443313599 3.6350910663604736 4.452621936798096 102 89 62
1.502251386642456 1.2434674501419067 4.23416805267334 169 173 169
1.6896746158599854 3.608104944229126 4.543105125427246 174 164 146
1.7455211877822876 3.5470545291900635 4.732452392578125 161 153 132
1.4993774890899658 1.4432846307754517 4.180469512939453 43 44 46
2.2945632934570312 1.6200785636901855 6.775457859039307 53 46 45
1.7815061807632446 3.5342702865600586 4.840147495269775 160 151 134
1.6738710403442383 3.680896759033203 4.426147937774658 153 144 120
1.7710615396499634 3.5769946575164795 4.75575065612793 122 111 91
1.7197623252868652 3.6654438972473145 4.556218147277832 172 164 145
1.7923742532730103 3.585667848587036 4.808095455169678 166 155 135
2.341724157333374 1.605094075202942 6.808558464050293 55 46 43
1.7026017904281616 3.6909661293029785 4.46567964553833 107 96 69
1.6504218578338623 3.8207850456237793 4.237035751342773 168 160 139
1.7567496299743652 3.728917360305786 4.511115550994873 186 181 165
1.6320066452026367 4.042792797088623 4.050820350646973 181 169 154
1.591515064239502 1.3040093183517456 4.272287845611572 17 19 18
1.7664401531219482 3.742366313934326 4.504881381988525 138 130 109
1.886369228363037 3.644538164138794 4.8945136070251465 170 161 144
1.7719472646713257 3.8029723167419434 4.495174407958984 167 158 139
1.5790265798568726 1.4663894176483154 4.184196949005127 18 19 21
1.60014009475708 1.8706302642822266 4.164706707000732 5 7 10
1.8164151906967163 3.812627077102661 4.582273006439209 125 113 92
1.961207628250122 3.669351577758789 5.016562461853027 170 166 149
1.961207628250122 3.669351577758789 5.016562461853027 170 166 149
1.940403938293457 3.7039201259613037 4.942131519317627 113 102 80
1.7491693496704102 3.98862361907959 4.288393020629883 177 168 151
2.6054117679595947 1.611493468284607 7.209224700927734 139 105 94
1.93571138381958 3.740647792816162 4.897164344787598 170 161 140
2.058248519897461 3.63930344581604 5.263541221618652 121 111 94
1.8822684288024902 3.807621717453003 4.672174453735352 171 163 145
2.0931904315948486 3.6578750610351562 5.345654010772705 156 148 129
2.0598249435424805 3.669153928756714 5.226866722106934 187 178 161
4.430680274963379 11.409626960754395 11.438552856445312 177 169 150
1.7052780389785767 1.568341851234436 4.360950946807861 196 188 129
1.9535311460494995 3.795624017715454 4.8130598068237305 174 165 147
1.937321424484253 3.894012689590454 4.69732141494751 117 108 80
2.032727003097534 3.813707113265991 4.964444637298584 187 181 164
2.0254573822021484 3.8241169452667236 4.9321064949035645 180 172 153
2.014195680618286 3.8591129779815674 4.891556739807129 118 110 85
1.8715646266937256 4.188492774963379 4.379186153411865 171 164 143
2.078787088394165 3.872097969055176 5.016195297241211 174 165 146
18.07916831970215 7.528576850891113 24.23456573486328 36 34 22
2.076411247253418 1.5439363718032837 5.2328386306762695 59 57 64
1.9916037321090698 4.092589855194092 4.653265953063965 130 122 101
16.60359001159668 12.617809295654297 21.894582748413086 37 31 17
16.60359001159668 12.617809295654297 21.894582748413086 37 31 17
2.118802785873413 1.5687214136123657 5.250030040740967 183 174 143
2.6012818813323975 1.5793676376342773 6.587693214416504 122 103 97
2.136051893234253 1.5210727453231812 5.269446849822998 146 102 102
1.8939518928527832 1.6080411672592163 4.496913433074951 165 112 101
1.8939518928527832 1.6080411672592163 4.496913433074951 165 112 101
2.135003089904785 4.115975856781006 4.8444929122924805 182 176 161
2.220381021499634 1.5775203704833984 5.392571449279785 58 50 58
17.877254486083984 9.547290802001953 24.593791961669922 25 23 17
2.200922966003418 1.5750229358673096 5.336533069610596 145 109 108
2.314518451690674 3.9272336959838867 5.349907875061035 167 160 143
2.547081470489502 1.5489964485168457 6.265817642211914 55 49 53
2.0326483249664307 4.542346000671387 4.447052955627441 175 167 149
2.1468136310577393 4.226980686187744 4.797303199768066 181 172 156
2.2172904014587402 4.109828948974609 4.9995808601379395 176 167 149
2.280405282974243 1.574479579925537 5.433006286621094 146 115 115
2.3565752506256104 3.997410297393799 5.338712215423584 197 189 178
2.1221535205841064 4.551628112792969 4.579277515411377 189 181 159
2.573305606842041 3.978199005126953 5.8643035888671875 101 94 79
2.029963731765747 1.5786123275756836 4.6983113288879395 63 76 93
2.275611162185669 4.228665351867676 5.018784046173096 174 168 151
2.550520420074463 1.5540663003921509 6.0794148445129395 125 95 97
2.4712564945220947 3.9954440593719482 5.576076030731201 173 164 145
2.4661247730255127 4.002717018127441 5.558000564575195 111 101 74
1.874393343925476 1.907041072845459 4.216179847717285 84 99 99
2.330026865005493 4.155240058898926 5.156186580657959 170 159 141
2.41235089302063 4.0776519775390625 5.353122234344482 185 177 162
2.173201560974121 4.638099670410156 4.631014823913574 169 160 142
2.3460748195648193 4.220483303070068 5.125585556030273 178 170 146
2.2331154346466064 4.559316635131836 4.773294448852539 173 163 146
2.5996084213256836 3.9863569736480713 5.815637111663818 142 135 117
2.4526100158691406 4.048064708709717 5.4133501052856445 114 106 85
2.571591377258301 4.0160346031188965 5.729841709136963 177 167 153
2.529937744140625 4.033633708953857 5.609015941619873 160 151 133
1.9178673028945923 1.932044506072998 4.24197244644165 74 84 85
2.0685958862304688 1.5813806056976318 4.685438632965088 203 194 149
2.0685958862304688 1.5813806056976318 4.685438632965088 203 194 149
2.191596508026123 1.5099023580551147 5.017244338989258 70 70 77
1.9137667417526245 1.6602718830108643 4.256072521209717 163 120 95
2.2684316635131836 4.569222450256348 4.802854537963867 194 188 172
1.8813917636871338 1.650037407875061 4.1573920249938965 88 87 94
1.8813917636871338 1.650037407875061 4.1573920249938965 88 87 94
2.5783610343933105 4.039626598358154 5.689820766448975 162 155 138
2.3483335971832275 4.328304290771484 5.040350914001465 123 114 85
2.383329153060913 4.325736999511719 5.119162082672119 166 158 138
2.6306886672973633 4.0547685623168945 5.8047614097595215 162 154 135
2.3539841175079346 4.302618026733398 5.038001537322998 187 183 178
2.737799644470215 3.9802308082580566 6.0872721672058105 140 127 112
2.428344488143921 4.280664920806885 5.236252307891846 180 173 156
13.426708221435547 7.205993175506592 19.0358829498291 94 90 85
2.240938901901245 1.5306642055511475 5.074300289154053 66 72 90
2.6238701343536377 4.046879291534424 5.754157066345215 112 104 85
2.5696847438812256 4.115935802459717 5.600387096405029 180 172 159
2.400552988052368 4.355587959289551 5.12070894241333 124 113 91
2.540278196334839 4.161597728729248 5.473994731903076 170 161 146
2.7361161708831787 4.070796489715576 5.970104694366455 153 144 127
2.7361161708831787 4.070796489715576 5.970104694366455 153 144 127
3.618401288986206 1.6144535541534424 8.467105865478516 121 77 85
2.4559786319732666 4.44295072555542 5.1579909324646 177 170 160
2.6594648361206055 4.15805196762085 5.716720104217529 162 154 136
2.281968355178833 1.610836148262024 5.056070327758789 118 88 88
2.026048183441162 1.6536751985549927 4.401205539703369 207 206 168
2.098939895629883 1.6235079765319824 4.5530900955200195 173 127 121
2.5044195652008057 4.492021083831787 5.222287654876709 126 119 100
2.147538423538208 1.6355867385864258 4.666678428649902 174 126 127
2.2088544368743896 1.607856273651123 4.8258442878723145 209 197 167
2.2088544368743896 1.607856273651123 4.8258442878723145 209 197 167
2.1920905113220215 1.594699740409851 4.802734375 58 76 85
2.686197280883789 4.180269241333008 5.6643571853637695 113 101 76
2.1152472496032715 1.6547189950942993 4.530248165130615 92 79 97
2.7204580307006836 4.2497239112854 5.7188496589660645 122 114 92
2.177978515625 1.6321625709533691 4.677652835845947 182 130 125
2.2486376762390137 1.6350343227386475 4.816936492919922 203 179 156
2.800306797027588 4.293863296508789 5.836958885192871 162 153 136
2.6616499423980713 1.4989217519760132 5.826653957366943 123 92 93
2.0240304470062256 1.4478886127471924 4.265024662017822 72 84 83
2.479919910430908 1.6266714334487915 5.3417277336120605 69 73 85
2.5386910438537598 4.842576503753662 5.095056533813477 125 117 97
2.2095417976379395 1.6447725296020508 4.665210247039795 186 119 116
2.620072364807129 4.648845672607422 5.301918029785156 181 176 165
2.580383062362671 4.755451679229736 5.175593852996826 120 111 90
2.5840134620666504 4.895425319671631 5.1547040939331055 181 176 158
2.273016929626465 1.6290096044540405 4.780177593231201 209 190 155
2.2505242824554443 1.6471673250198364 4.719333648681641 95 103 109
2.6195857524871826 4.798120498657227 5.228945732116699 173 165 144
2.834690809249878 4.42869234085083 5.799243450164795 110 99 78
2.180452346801758 1.643673300743103 4.525467395782471 84 82 96
2.845227003097534 4.417184829711914 5.794435977935791 182 175 158
2.852788209915161 4.411198616027832 5.8100152015686035 115 104 82
2.7090883255004883 4.716474533081055 5.411394119262695 175 167 153
2.8407974243164062 4.418768882751465 5.76096248626709 166 157 144
3.0883781909942627 4.27743673324585 6.367769241333008 136 128 107
3.611420154571533 1.4432331323623657 7.9400200843811035 159 153 123
3.611420154571533 1.4432331323623657 7.9400200843811035 159 153 123
2.6809277534484863 4.929576396942139 5.269632339477539 183 179 162
2.275120973587036 1.6613703966140747 4.68089485168457 190 119 118
2.275120973587036 1.6613703966140747 4.68089485168457 190 119 118
2.927760362625122 4.491114616394043 5.875760078430176 117 109 87
2.8712105751037598 4.58638858795166 5.706171035766602 178 170 153
2.7151644229888916 5.065365791320801 5.269897937774658 175 167 154
2.870054006576538 4.606831073760986 5.695533275604248 164 155 139
2.4998226165771484 1.6141139268875122 5.153199672698975 82 73 80
2.9835150241851807 4.5412373542785645 5.940585136413574 174 167 150
2.8178443908691406 4.768406867980957 5.515395164489746 122 111 84
2.3727331161499023 1.7237755060195923 4.829646587371826 91 73 84
2.3259975910186768 1.6748968362808228 4.711647987365723 189 121 111
2.273479461669922 1.7205331325531006 4.565391540527344 53 70 85
2.4540164470672607 1.6156749725341797 4.988714694976807 107 119 113
2.4540164470672607 1.6156749725341797 4.988714694976807 107 119 113
10.008072853088379 5.294984340667725 14.903162002563477 105 101 94
2.4396181106567383 1.6338510513305664 4.922745227813721 73 89 103
3.068016529083252 4.551059246063232 6.020410060882568 177 171 154
2.7095882892608643 1.195919156074524 3.670510768890381 17 13 7
2.8499045372009277 5.221811294555664 5.403324604034424 180 173 153
2.892212390899658 1.5651435852050781 5.920794486999512 53 53 68
2.3649094104766846 1.6900930404663086 4.702146053314209 102 88 97
2.9471704959869385 4.9199299812316895 5.64785099029541 169 164 155
2.993053913116455 5.030281066894531 5.746851921081543 125 117 90
2.923513650894165 5.088559150695801 5.562191963195801 183 176 157
2.377794027328491 1.7100316286087036 4.709898948669434 173 118 119
3.0516586303710938 4.704660415649414 5.898587703704834 172 165 148
2.4453272819519043 1.8630236387252808 4.790146350860596 155 104 99
3.0548410415649414 5.0363078117370605 5.792715072631836 117 105 85
2.4783639907836914 2.0476741790771484 4.834529399871826 173 173 131
2.4465835094451904 1.744614601135254 4.797542095184326 73 66 82
2.432486057281494 1.7209441661834717 4.766815185546875 175 117 117
2.5177736282348633 1.6832164525985718 4.946352958679199 211 197 159
3.1647887229919434 4.788875102996826 6.035380840301514 107 99 75
3.119037628173828 4.904141902923584 5.908621788024902 182 174 164
3.0014383792877197 5.366672992706299 5.576920986175537 185 177 160
2.4764339923858643 1.7570098638534546 4.826958656311035 76 73 87
2.492405891418457 1.7207239866256714 4.84879207611084 153 82 66
3.3527588844299316 4.629146099090576 6.436612606048584 122 115 91
2.505603075027466 1.703780174255371 4.864770889282227 214 205 167
3.0964527130126953 5.149410247802734 5.768786430358887 168 159 141
3.3059396743774414 4.759944915771484 6.269526481628418 184 178 165
6.782857418060303 9.135334014892578 9.665982246398926 155 149 137
2.601008176803589 1.9096778631210327 4.977484226226807 61 68 80
2.7220401763916016 1.6542383432388306 5.258109092712402 61 62 69
2.61104679107666 1.7450411319732666 5.0024895668029785 64 82 97
4.079835414886475 1.6000590324401855 8.223959922790527 99 69 66
2.7633156776428223 1.6585686206817627 5.310369968414307 110 120 107
2.6273605823516846 1.8264844417572021 4.9947075843811035 64 77 82
3.2198569774627686 5.388664245605469 5.8505859375 147 139 118
3.219298839569092 5.40203332901001 5.845393180847168 80 72 57
2.739919424057007 2.091433048248291 5.191341876983643 88 94 93
2.7430951595306396 1.6535226106643677 5.234246730804443 68 79 93
4.176629066467285 1.5864784717559814 8.291376113891602 159 151 114
2.7829012870788574 2.0816385746002197 5.232308387756348 134 83 79
2.8868257999420166 1.6673117876052856 5.491245269775391 75 79 83
2.7614612579345703 1.9494447708129883 5.188084125518799 60 69 84
3.303392171859741 5.628052711486816 5.909803867340088 119 108 86
2.80207896232605 1.8926163911819458 5.2665886878967285 53 64 80
4.3024821281433105 1.6781572103500366 8.485533714294434 42 29 39
2.81723690032959 2.070915699005127 5.264660835266113 196 179 134
2.7394134998321533 1.862237572669983 5.124216079711914 57 68 80
4.33840799331665 1.676471471786499 8.516831398010254 118 90 92
3.3496532440185547 5.670873165130615 5.951082229614258 167 159 138
2.8424956798553467 1.8401520252227783 5.276769161224365 162 128 108
3.5544674396514893 5.24196195602417 6.3834967613220215 170 163 144
2.8511240482330322 1.990510106086731 5.271243095397949 187 180 144
2.906107187271118 2.0429065227508545 5.373166561126709 187 175 133
3.799146890640259 4.968852996826172 6.897680759429932 182 175 163
3.4856932163238525 5.667518138885498 6.1500115394592285 161 153 138
2.9385411739349365 1.9641200304031372 5.411088466644287 57 51 58
2.966327667236328 2.02785325050354 5.452796936035156 156 99 100
3.5370676517486572 5.628915309906006 6.225213050842285 166 159 147
3.688572645187378 5.230117321014404 6.586996078491211 167 160 145
7.090667247772217 3.9485256671905518 13.88113021850586 161 111 105
3.853131055831909 5.066741466522217 6.916200160980225 181 173 157
3.853131055831909 5.066741466522217 6.916200160980225 181 173 157
3.599560022354126 5.5732011795043945 6.322857856750488 150 143 130
3.0001883506774902 1.9273127317428589 5.48439359664917 151 112 89
3.648991584777832 6.119415760040283 6.232309818267822 170 161 144
3.630985975265503 1.6210263967514038 6.6928391456604 49 52 61
3.630985975265503 1.6210263967514038 6.6928391456604 49 52 61
3.2047204971313477 1.8686691522598267 5.745025634765625 142 93 87
3.2801434993743896 1.8969390392303467 5.860735893249512 48 52 58
3.273824453353882 1.9414585828781128 5.834229469299316 119 103 101
3.9471335411071777 5.947714328765869 6.689385890960693 156 150 137
3.9471335411071777 5.947714328765869 6.689385890960693 156 150 137
3.954698085784912 5.979581356048584 6.638926029205322 106 95 75
4.272922515869141 5.477013111114502 7.323498249053955 163 156 141
4.070702075958252 6.178910732269287 6.801516532897949 164 154 137
4.48262357711792 5.621968746185303 7.561330318450928 154 145 128
5.448414325714111 5.234673976898193 9.388276100158691 117 110 94
4.3882832527160645 6.206173419952393 7.195626735687256 156 147 131
4.475164413452148 6.628685474395752 7.2068867683410645 165 158 138
4.414909839630127 7.060723304748535 7.009311199188232 177 166 153
4.610970973968506 6.759139537811279 7.390043258666992 155 145 122
5.226762771606445 7.320546627044678 8.037089347839355 82 76 60
4.431392192840576 1.7531518936157227 7.497043609619141 39 39 42
4.561141490936279 1.8740278482437134 7.603610515594482 61 36 32
1.3084380626678467 3.7495970726013184 3.6659436225891113 170 162 143
3.3069560527801514 1.8452633619308472 5.877279758453369 97 70 73
1.627179503440857 3.3047499656677246 4.965585708618164 114 106 87
1.5355913639068604 3.3385848999023438 4.696771144866943 115 108 84
1.3005352020263672 3.365682601928711 4.011196136474609 169 161 142
2.7598795890808105 1.5317198038101196 5.973139762878418 131 92 90
1.4007713794708252 3.2727437019348145 4.481655120849609 110 102 80
3.1802825927734375 1.910362720489502 5.726759433746338 93 104 98
1.4107462167739868 3.2100796699523926 4.776945114135742 115 107 88
1.1802986860275269 3.174196481704712 4.076929569244385 157 149 130
1.2706797122955322 3.077230215072632 4.64046573638916 159 150 133
1.0005196332931519 3.3407857418060303 3.366602659225464 160 149 129
1.0705608129501343 1.3992515802383423 4.1144490242004395 22 31 38
1.7005811929702759 1.7771656513214111 7.096977233886719 130 95 86
1.9780558347702026 1.8842145204544067 8.586275100708008 66 51 50
1.0382401943206787 2.969360589981079 4.193606853485107 157 146 128
1.8211896419525146 1.998792052268982 8.7110013961792 133 83 80
0.9067112803459167 2.9584426879882812 3.7277133464813232 157 146 128
2.702378034591675 1.7265206575393677 5.1423115730285645 183 117 110
0.8468615412712097 2.949408531188965 3.535400629043579 157 146 126
1.7968512773513794 3.472490072250366 5.033043384552002 160 153 135
1.6795605421066284 3.5473763942718506 4.597240447998047 158 149 128
0.7720431685447693 2.909085988998413 3.364267587661743 160 152 133
1.85439133644104 3.5518667697906494 5.04919958114624 161 154 136
1.7307859659194946 3.665311336517334 4.543929576873779 165 154 137
1.9414148330688477 3.5509772300720215 5.19985294342041 118 110 85
0.2533891499042511 0.8374928832054138 0.8098000288009644 109 100 83
1.7769299745559692 3.83345890045166 4.462773323059082 174 167 146
2.0173428058624268 3.9609334468841553 4.764012813568115 126 114 90
2.1014814376831055 1.5341854095458984 5.290964126586914 151 101 95
2.026871919631958 4.450909614562988 4.493206024169922 170 162 141
2.2479100227355957 4.050703525543213 5.083932399749756 135 126 103
1.938119888305664 1.5768463611602783 4.54349946975708 73 73 75
1.413489818572998 3.6103665828704834 3.9653451442718506 167 156 134
1.3821051120758057 3.4995005130767822 4.011464595794678 174 166 146
2.486262083053589 4.338240146636963 5.231903076171875 122 114 92
2.486262083053589 4.338240146636963 5.231903076171875 122 114 92
1.5172713994979858 3.62861704826355 4.16360330581665 165 156 137
1.1945711374282837 3.315911293029785 3.8104801177978516 133 125 104
1.30703866481781 3.1793084144592285 4.453468322753906 117 109 88
1.223698616027832 3.173828601837158 4.2322235107421875 123 112 94
1.1486499309539795 3.208958148956299 3.9207921028137207 158 150 129
1.0944554805755615 3.234647512435913 3.7285306453704834 174 167 151
0.8844931125640869 3.2413408756256104 3.2168312072753906 166 155 138
0.8727726936340332 3.1569621562957764 3.268953800201416 170 161 144
1.0317659378051758 1.593331217765808 4.80303430557251 30 39 41
2.813143730163574 1.587991714477539 5.416460037231445 116 96 98
2.620375633239746 5.248617172241211 5.053216934204102 168 157 139
1.0487663745880127 2.236963987350464 2.327803134918213 178 169 152
2.9695284366607666 1.676243543624878 5.520772457122803 69 80 80
0.8950109481811523 2.9853675365448 3.620748519897461 154 146 125
2.7198212146759033 1.4971239566802979 6.2615838050842285 62 59 54
3.589231252670288 1.6879284381866455 6.283832550048828 108 91 84
2.582622766494751 4.925495624542236 5.137037754058838 162 153 137
0.9327397346496582 3.0464580059051514 3.5862748622894287 158 150 131
0.9622231125831604 3.152106285095215 3.4943182468414307 123 112 92
0.41870400309562683 0.9614217877388 1.1295045614242554 152 145 128
1.2091730833053589 3.1713321208953857 4.165862083435059 157 149 130
1.1424908638000488 3.2495243549346924 3.799914836883545 130 122 101
1.5396751165390015 3.5879530906677246 4.270411968231201 166 155 137
0.8862471580505371 2.907775640487671 3.851992607116699 111 103 82
2.6021225452423096 4.541574478149414 5.321165084838867 134 123 102
0.7850779891014099 1.4386643171310425 5.724661827087402 29 19 9
0.7850779891014099 1.4386643171310425 5.724661827087402 29 19 9
0.7970097064971924 1.4544402360916138 5.75282621383667 138 124 103
0.8041629791259766 1.4224801063537598 5.801778316497803 48 37 23
0.8041629791259766 1.4224801063537598 5.801778316497803 48 37 23
0.6107023358345032 1.0641437768936157 4.241466999053955 144 134 106
0.8161693811416626 1.4658418893814087 5.813540935516357 31 26 16
0.8161693811416626 1.4658418893814087 5.813540935516357 31 26 16
0.8254194259643555 1.4552057981491089 5.841071605682373 128 117 91
0.8554927706718445 1.3895492553710938 6.029070854187012 29 23 8
0.8488924503326416 1.436096429824829 5.922308921813965 47 39 25
0.8883949518203735 1.404763102531433 6.08895206451416 73 63 45
0.9130025506019592 1.422406792640686 6.077225685119629 47 42 27
2.1893630027770996 2.838472843170166 14.888896942138672 81 71 54
2.2907803058624268 2.917508125305176 15.438633918762207 40 34 16
0.7339897751808167 1.4142755270004272 4.364713191986084 11 17 19
0.9825106859207153 1.4675132036209106 6.230558395385742 35 25 15
0.7428027987480164 1.390842080116272 4.373675346374512 63 75 83
1.0116958618164062 1.441718578338623 6.325261116027832 36 27 20
1.0116958618164062 1.441718578338623 6.325261116027832 36 27 20
1.0140067338943481 1.5074056386947632 6.32111120223999 112 102 83
0.7671353816986084 1.3508256673812866 4.432018756866455 104 127 133
0.7658178806304932 1.4184784889221191 4.366106033325195 38 63 64
1.069398283958435 1.4072155952453613 6.591672420501709 49 39 29
1.0478706359863281 1.4632641077041626 6.393707752227783 33 29 18
1.0478706359863281 1.4632641077041626 6.393707752227783 33 29 18
1.0526965856552124 1.4475107192993164 6.403685092926025 133 120 97
1.0567238330841064 1.4343916177749634 6.4200520515441895 51 43 28
1.0567238330841064 1.4343916177749634 6.4200520515441895 51 43 28
0.7840280532836914 1.4046591520309448 4.379398345947266 180 187 185
1.5625412464141846 1.4347255229949951 9.821206092834473 123 102 72
0.8092319965362549 1.3489707708358765 4.47565221786499 29 43 50
1.1026369333267212 1.4822224378585815 6.492589473724365 129 116 99
0.8035590052604675 1.3914421796798706 4.408298015594482 193 193 188
1.115075945854187 1.4531441926956177 6.544322967529297 38 30 16
1.1164871454238892 1.510245442390442 6.5088701248168945 117 105 89
1.123309850692749 1.4383289813995361 6.572513103485107 122 114 84
0.8847594857215881 1.5573806762695312 4.869653224945068 104 121 126
0.8037075400352478 1.4295769929885864 4.337220191955566 46 51 60
0.8219855427742004 1.3712067604064941 4.44844913482666 70 96 102
0.8342198133468628 1.3616775274276733 4.483776569366455 100 114 121
0.8342198133468628 1.3616775274276733 4.483776569366455 100 114 121
1.1686370372772217 1.4317340850830078 6.757193565368652 116 106 77
1.0682923793792725 1.4843723773956299 6.0475335121154785 63 59 63
0.8373949527740479 1.4166609048843384 4.4351701736450195 182 181 177
1.1769142150878906 1.4388364553451538 6.738667011260986 130 116 88
0.8461148142814636 1.4546829462051392 4.377298355102539 43 52 54
1.7009403705596924 1.4640471935272217 9.982034683227539 100 82 53
0.8149754405021667 1.6028410196304321 4.1621785163879395 17 25 36
1.067948818206787 1.4887475967407227 5.8378376960754395 62 55 58
0.8453635573387146 1.421921730041504 4.352606773376465 110 124 122
0.8311092853546143 1.648991584777832 4.162224769592285 177 112 108
1.2682138681411743 1.445970892906189 6.958266258239746 67 54 35
0.843541145324707 1.6710065603256226 4.1446356773376465 208 202 154
0.8435190916061401 1.6655871868133545 4.133347511291504 213 206 153
0.8526549339294434 1.5850000381469727 4.196380615234375 90 103 92
0.857537031173706 1.609008550643921 4.18733024597168 168 151 116
1.2398337125778198 1.8596951961517334 6.260563373565674 45 54 60
0.9371535778045654 1.3660404682159424 4.706145286560059 102 115 120
0.8828188180923462 1.4353119134902954 4.336714744567871 174 180 179
1.318007469177246 1.4901741743087769 7.024676322937012 102 95 81
0.935942530632019 1.387373924255371 4.658854007720947 160 170 173
0.8634311556816101 1.643186092376709 4.171298503875732 44 49 45
1.336363434791565 1.4845964908599854 7.0860490798950195 29 25 17
1.3269577026367188 1.5093655586242676 6.962645053863525 79 80 75
0.9727201461791992 1.0578705072402954 4.920125961303711 142 128 109
0.9696307182312012 1.3897135257720947 4.705718994140625 180 183 181
0.9097457528114319 1.4372791051864624 4.33544397354126 165 172 171
0.8952116966247559 1.5552250146865845 4.229973793029785 145 116 126
0.9140504598617554 1.4213426113128662 4.362316608428955 101 118 125
0.8936514854431152 1.6161818504333496 4.186238765716553 149 134 114
1.2002267837524414 1.5241657495498657 6.014545917510986 71 62 66
0.9757344722747803 1.3955285549163818 4.682467937469482 85 103 105
0.9757344722747803 1.3955285549163818 4.682467937469482 85 103 105
0.9322791695594788 1.4150513410568237 4.395116329193115 112 126 129
0.9322791695594788 1.4150513410568237 4.395116329193115 112 126 129
0.9036269783973694 1.6209105253219604 4.191974639892578 33 45 51
0.9228246808052063 1.4461921453475952 4.3212504386901855 39 49 49
0.9284200072288513 1.3953286409378052 4.3466596603393555 110 126 128
1.326990008354187 1.5377799272537231 6.502138137817383 52 50 63
2.3532931804656982 0.37448740005493164 12.563453674316406 25 15 8
1.0304579734802246 1.388830542564392 4.769628047943115 34 41 48
2.328091621398926 1.6395161151885986 11.888906478881836 102 90 74
0.9635283946990967 1.4298025369644165 4.358611583709717 106 123 121
1.5486915111541748 1.5103176832199097 7.627093315124512 126 116 91
2.520200490951538 9.093483924865723 10.77072811126709 162 153 136
1.5683987140655518 1.5270708799362183 7.623348712921143 129 118 92
2.8980562686920166 2.8358218669891357 14.351330757141113 134 121 101
1.6398553848266602 1.5468578338623047 7.79163122177124 117 108 102
1.6591349840164185 1.5416417121887207 7.879682540893555 12 9 2
1.7444698810577393 1.5524753332138062 8.326884269714355 113 102 81
1.0363876819610596 -3.325510025024414 5.434951305389404 92 83 73
1.6777647733688354 1.5589848756790161 7.860600471496582 26 17 16
0.9959905743598938 1.573119044303894 4.238270282745361 58 80 104
1.0033197402954102 2.6408534049987793 4.035778045654297 159 150 133
1.8797893524169922 1.5744901895523071 8.605999946594238 130 116 88
1.0093300342559814 1.7617768049240112 4.104603290557861 9 7 9
1.0109977722167969 1.749376893043518 4.107904434204102 79 95 98
1.8622978925704956 1.5847697257995605 8.346735954284668 43 37 23
1.6237701177597046 1.5964267253875732 7.055703163146973 142 109 105
1.5182682275772095 1.6031419038772583 6.434685230255127 51 47 58
2.5085530281066895 1.6662018299102783 11.137927055358887 12 8 7
1.9437569379806519 1.614054799079895 8.48224925994873 129 115 92
1.0339642763137817 2.696728467941284 3.889251708984375 170 160 145
1.7650656700134277 1.6238069534301758 7.4480743408203125 58 40 39
2.0378193855285645 1.655646562576294 8.668295860290527 26 21 10
2.0378193855285645 1.655646562576294 8.668295860290527 26 21 10
0.424192875623703 0.36880460381507874 1.3127671480178833 26 26 18
1.2783923149108887 1.4250537157058716 4.841634273529053 25 37 43
1.7856941223144531 1.6482888460159302 7.111845016479492 166 118 109
1.9077638387680054 1.6570032835006714 7.632995128631592 74 67 58
1.8284403085708618 1.6584762334823608 7.266632080078125 63 50 49
1.1760857105255127 1.4333925247192383 4.285233020782471 186 191 191
1.1742349863052368 1.4588379859924316 4.271448612213135 38 58 55
1.1893290281295776 1.452187418937683 4.278916835784912 171 181 185
1.1778111457824707 1.6090854406356812 4.216995716094971 147 122 142
1.9443928003311157 1.6805866956710815 7.547868251800537 62 52 57
1.209598183631897 1.433800220489502 4.3513264656066895 176 182 177
1.1827937364578247 1.6162785291671753 4.20286750793457 136 117 128
1.6914583444595337 1.6507513523101807 6.383240222930908 49 49 55
1.1886277198791504 1.6156002283096313 4.217779636383057 90 73 92
1.1961355209350586 1.4555561542510986 4.264487266540527 65 76 77
2.4057652950286865 1.692966341972351 9.490808486938477 117 109 89
1.2191390991210938 1.4484902620315552 4.271068572998047 177 184 188
1.2228658199310303 1.4519538879394531 4.251736164093018 78 88 95
1.2230582237243652 1.4594889879226685 4.2459893226623535 108 119 126
1.2403508424758911 1.4481152296066284 4.261115550994873 180 182 185
1.2441155910491943 1.4644405841827393 4.252802848815918 100 115 125
1.273476481437683 2.74511981010437 4.201332092285156 156 148 131
1.2396833896636963 1.783023476600647 4.10175085067749 95 117 130
1.2545679807662964 1.7850548028945923 4.131889343261719 59 80 106
1.2712559700012207 1.4493119716644287 4.236608982086182 58 71 71
1.8002381324768066 1.6688069105148315 6.2675676345825195 123 99 97
1.2776397466659546 2.7667956352233887 4.099564075469971 174 167 155
1.2929795980453491 1.4471819400787354 4.226830959320068 74 83 94
1.3307406902313232 2.7728476524353027 4.198296070098877 98 90 72
1.1282668113708496 2.275841474533081 3.3667614459991455 83 76 58
1.7751599550247192 1.6180814504623413 5.886666774749756 50 40 54
1.3591159582138062 1.438618779182434 4.258251667022705 198 198 198
1.3088754415512085 1.2316157817840576 4.028656482696533 62 65 72
1.3410863876342773 2.815551996231079 4.050881862640381 172 164 149
1.3792331218719482 1.4512200355529785 4.241821765899658 52 66 74
1.892309546470642 1.9647705554962158 5.877350807189941 62 71 80
1.4092341661453247 1.4495477676391602 4.290796756744385 73 83 90
2.4173266887664795 1.7649611234664917 7.916863918304443 59 41 45
1.9399127960205078 1.6420408487319946 6.140904903411865 93 76 80
1.4034643173217773 1.4457364082336426 4.234554767608643 102 126 138
1.4311015605926514 1.4309911727905273 4.318877220153809 102 119 128
1.9364142417907715 1.6393616199493408 6.076299667358398 71 61 67
1.926803708076477 1.6470884084701538 6.0352864265441895 133 98 96
1.926803708076477 1.6470884084701538 6.0352864265441895 133 98 96
1.4378008842468262 1.4475802183151245 4.2951507568359375 108 128 134
1.9226454496383667 1.6404786109924316 5.9463629722595215 73 72 83
1.4095760583877563 1.737363338470459 4.124413967132568 30 41 53
1.9303770065307617 1.6565605401992798 5.897181510925293 95 96 76
1.4580447673797607 2.8310937881469727 4.195184230804443 109 102 83
1.4308083057403564 1.7463184595108032 4.104194641113281 101 114 101
1.4233863353729248 1.8148748874664307 4.072139739990234 194 186 123
1.4233863353729248 1.8148748874664307 4.072139739990234 194 186 123
1.4276549816131592 1.8009071350097656 4.080819606781006 188 177 116
1.4395699501037598 1.7716618776321411 4.085151195526123 25 24 28
1.565253496170044 1.4119526147842407 4.473679542541504 56 71 73
1.4632031917572021 1.6640331745147705 4.11707878112793 193 196 131
1.4654345512390137 1.733466386795044 4.111517906188965 189 184 129
1.4622628688812256 1.746433973312378 4.091009616851807 95 114 102
1.4652645587921143 1.6425108909606934 4.104925632476807 157 119 128
1.5962830781936646 1.4109828472137451 4.520965576171875 59 75 82
1.4615412950515747 2.8988654613494873 4.006550312042236 165 159 143
1.6217957735061646 1.5669288635253906 4.549235820770264 43 44 46
2.727227210998535 1.8040540218353271 8.096174240112305 111 86 82
1.6221174001693726 1.412179708480835 4.528805255889893 103 129 137
1.56282377243042 2.8777284622192383 4.266819477081299 168 159 140
3.3779101371765137 1.8733175992965698 10.270002365112305 75 79 74
1.7341750860214233 1.4256476163864136 4.688825607299805 17 19 18
1.716835379600525 1.5967803001403809 4.582962512969971 18 19 21
1.563206434249878 1.8356503248214722 4.075084209442139 5 7 10
1.6487150192260742 2.9442832469940186 4.200783729553223 121 111 94
2.65081524848938 1.764948844909668 7.177947044372559 54 39 37
2.064241886138916 1.641672968864441 5.395395755767822 48 64 70
1.7348875999450684 1.4958069324493408 4.305837631225586 96 113 116
2.1318085193634033 1.6154334545135498 5.5451154708862305 91 67 78
2.1681292057037354 1.6331140995025635 5.558157920837402 57 52 65
1.8335001468658447 1.646655559539795 4.573959827423096 140 111 111
2.2005233764648438 1.6190451383590698 5.59145450592041 66 61 66
2.2005233764648438 1.6190451383590698 5.59145450592041 66 61 66
2.21112060546875 1.6406536102294922 5.576343059539795 59 57 64
2.2872278690338135 1.6480355262756348 5.683067798614502 61 63 72
2.2872278690338135 1.6480355262756348 5.683067798614502 61 63 72
2.299616575241089 1.6330046653747559 5.680527687072754 146 102 102
2.2865376472473145 1.65720534324646 5.634033203125 72 61 63
2.8360178470611572 1.7442275285720825 7.037014484405518 115 90 90
2.3259027004241943 1.6625871658325195 5.645340442657471 145 109 108
2.388092279434204 1.6466385126113892 5.779460906982422 184 177 165
2.4270129203796387 1.6733616590499878 5.78867244720459 146 115 115
2.4270129203796387 1.6733616590499878 5.78867244720459 146 115 115
1.8432568311691284 1.6696168184280396 4.18043851852417 208 201 159
1.8108503818511963 1.8557050228118896 4.089278697967529 84 99 99
2.0616390705108643 1.6365255117416382 4.728941440582275 83 87 61
2.057222366333008 1.6508313417434692 4.717072486877441 196 192 143
1.8286199569702148 1.8647021055221558 4.096278190612793 36 45 50
1.8475971221923828 1.8746713399887085 4.102388858795166 74 84 85
2.140252113342285 1.6343331336975098 4.857219696044922 203 194 149
2.140252113342285 1.6343331336975098 4.857219696044922 203 194 149
2.355362892150879 1.6153780221939087 5.400291442871094 70 70 77
1.8927085399627686 1.666756510734558 4.203114986419678 88 87 94
1.8927085399627686 1.666756510734558 4.203114986419678 88 87 94
2.077775478363037 3.059864044189453 4.5990447998046875 140 127 112
3.0563385486602783 1.6910563707351685 7.109655380249023 54 54 48
1.9023891687393188 1.6716971397399902 4.196916103363037 174 126 131
2.1230716705322266 1.6586171388626099 4.731423854827881 175 123 122
2.216590404510498 1.6245306730270386 4.92927360534668 63 78 86
3.9007489681243896 1.7485584020614624 9.163936614990234 121 77 85
3.9007489681243896 1.7485584020614624 9.163936614990234 121 77 85
2.414435386657715 1.66549551486969 5.36921501159668 71 58 69
2.0218446254730225 1.662891149520874 4.393411159515381 92 109 102
2.235379219055176 1.6450055837631226 4.903955936431885 47 50 56
2.1336350440979004 1.6524704694747925 4.642850875854492 173 127 121
2.170367479324341 1.6554181575775146 4.725921630859375 174 126 127
2.134357452392578 1.6598187685012817 4.59459114074707 211 202 191
2.808833360671997 1.6099810600280762 6.200983047485352 48 52 61
2.8981668949127197 1.6184706687927246 6.341838836669922 123 92 93
2.1207969188690186 1.6567281484603882 4.492456912994385 168 124 109
2.546384334564209 1.6709154844284058 5.493009090423584 69 73 85
2.198179244995117 1.6593756675720215 4.577654838562012 84 82 96
3.9754557609558105 1.6332703828811646 8.786295890808105 169 157 116
3.9754557609558105 1.6332703828811646 8.786295890808105 169 157 116
3.986271381378174 1.5886911153793335 8.782963752746582 159 153 123
3.986271381378174 1.5886911153793335 8.782963752746582 159 153 123
1.020905613899231 0.4317833483219147 1.851189136505127 159 153 123
2.268559455871582 1.6593399047851562 4.680181503295898 190 119 118
2.5428292751312256 1.6419811248779297 5.251135349273682 82 73 80
2.216137409210205 1.7060959339141846 4.487298488616943 159 118 120
2.6161513328552246 1.6540852785110474 5.395527362823486 87 92 100
2.2386109828948975 1.7001827955245972 4.5097150802612305 53 70 85
2.459951400756836 1.6453518867492676 4.970471382141113 73 89 103
2.459951400756836 1.6453518867492676 4.970471382141113 73 89 103
7.240171432495117 3.2950637340545654 10.824874877929688 17 13 7
2.3682613372802734 1.660156488418579 4.7532758712768555 70 80 91
3.109961986541748 1.6801108121871948 6.392134189605713 53 53 68
2.3490848541259766 1.6818771362304688 4.684321880340576 102 88 97
2.343416213989258 1.689233422279358 4.654750347137451 173 118 119
2.3297252655029297 1.782968521118164 4.571720600128174 155 104 99
2.316903829574585 1.9262899160385132 4.528215408325195 173 173 131
2.3783607482910156 1.7001948356628418 4.671679496765137 73 66 82
2.6727564334869385 1.6461327075958252 5.301769256591797 81 80 90
2.4053947925567627 1.7112582921981812 4.698254585266113 76 73 87
2.435563325881958 1.6838315725326538 4.746921539306641 153 82 66
2.4663329124450684 1.6782108545303345 4.797407627105713 214 205 167
2.382110357284546 1.907253384590149 4.606264591217041 146 132 106
2.620293617248535 1.6189926862716675 5.115925312042236 71 66 69
2.551510810852051 1.6753628253936768 4.919860363006592 70 81 76
2.4666690826416016 1.8189496994018555 4.728540420532227 61 68 80
2.5402848720550537 1.6999789476394653 4.874852657318115 64 82 97
2.5402910709381104 1.7708566188812256 4.8398566246032715 64 77 82
2.5180675983428955 1.9348050355911255 4.775064945220947 88 94 93
2.595470428466797 1.7269471883773804 4.923709869384766 184 184 147
2.894991397857666 1.6602598428726196 5.54190731048584 186 181 164
2.5782864093780518 1.7897398471832275 4.869106292724609 190 184 153
2.56394362449646 1.928636074066162 4.82411003112793 134 83 79
2.8525772094726562 1.6442830562591553 5.427093029022217 75 79 83
2.5958609580993652 1.840497612953186 4.88153076171875 60 69 84
2.6226165294647217 1.7772626876831055 4.927437782287598 53 64 80
2.600857973098755 1.9222291707992554 4.8637237548828125 196 179 134
2.621020793914795 1.7841858863830566 4.908059597015381 57 68 80
2.6586410999298096 1.7339611053466797 4.979835510253906 56 74 77
2.6932528018951416 1.9024074077606201 4.981990814208984 187 175 133
2.740206241607666 1.8362865447998047 5.044768810272217 57 51 58
2.740025758743286 1.8801206350326538 5.033990859985352 156 99 100
2.7674760818481445 1.8052542209625244 5.091776371002197 74 57 61
2.8322978019714355 1.7062135934829712 5.220086574554443 97 107 107
2.8233139514923096 1.8174877166748047 5.165182113647461 151 112 89
2.8734288215637207 1.7385530471801758 5.264297962188721 58 71 79
5.402433395385742 1.8804038763046265 8.435606002807617 12 10 11
2.967785358428955 1.732412576675415 5.386240005493164 63 60 71
2.967785358428955 1.732412576675415 5.386240005493164 63 60 71
3.690675973892212 1.635270118713379 6.791349411010742 49 52 61
3.690675973892212 1.635270118713379 6.791349411010742 49 52 61
3.0125534534454346 1.8896979093551636 5.38189697265625 112 67 60
3.078951597213745 1.7806874513626099 5.49818229675293 48 52 58
3.0574653148651123 1.8144129514694214 5.443387508392334 119 103 101
3.678663969039917 1.6446552276611328 6.344790458679199 124 91 87
3.6555843353271484 1.7086693048477173 6.215688228607178 95 90 86
3.890409231185913 1.7001923322677612 6.573726177215576 58 34 33
4.221722602844238 1.7222247123718262 7.009239196777344 61 36 32
4.221722602844238 1.7222247123718262 7.009239196777344 61 36 32
4.333303451538086 1.7264708280563354 7.15775203704834 59 32 29
1.4077116250991821 2.821589708328247 4.171987533569336 161 151 137
2.9923136234283447 1.650579571723938 6.479094982147217 131 92 90
2.9779717922210693 1.790615439414978 5.355823993682861 93 104 98
1.209323763847351 2.7474262714385986 4.052757740020752 115 107 88
1.5454562902450562 1.6164679527282715 6.402941703796387 130 95 86
2.640092611312866 1.6868711709976196 5.02858304977417 183 117 110
2.1392109394073486 1.570136547088623 10.772831916809082 90 73 55
2.1392109394073486 1.570136547088623 10.772831916809082 90 73 55
2.2257659435272217 1.621773600578308 5.602600574493408 151 101 95
2.066028356552124 1.6625962257385254 4.427146911621094 123 144 126
1.8081773519515991 5.70458984375 7.082406520843506 158 150 131
0.827499508857727 1.5144914388656616 6.005504608154297 29 19 9
0.8387224078178406 1.5285922288894653 6.023019790649414 138 124 103
0.844106137752533 1.4916183948516846 6.063638210296631 48 37 23
0.844106137752533 1.4916183948516846 6.063638210296631 48 37 23
0.6327364444732666 1.1008903980255127 4.39479923248291 144 134 106
0.8650820255279541 1.5234262943267822 6.09337043762207 128 117 91
1.0886229276657104 1.8849197626113892 7.681375503540039 142 129 107
0.9504616856575012 1.4802016019821167 6.299550533294678 47 42 27
0.9844259023666382 1.4832333326339722 6.3779096603393555 121 107 89
1.0139645338058472 1.5137128829956055 6.40497350692749 35 25 15
1.048155426979065 1.5634872913360596 6.476687908172607 111 99 83
1.0796836614608765 1.507428526878357 6.562022686004639 33 29 18
0.8050623536109924 1.3858181238174438 4.519947528839111 38 54 63
1.471818447113037 1.3463127613067627 9.213268280029297 123 102 72
1.1408534049987793 1.534455418586731 6.664302349090576 122 112 90
1.1458969116210938 1.4931501150131226 6.705521106719971 38 30 16
1.148320198059082 1.553078293800354 6.669673919677734 117 105 89
1.154616355895996 1.4782427549362183 6.737906455993652 122 114 84
0.8490355610847473 1.3848093748092651 4.540123462677002 100 114 121
0.8490355610847473 1.3848093748092651 4.540123462677002 100 114 121
0.7853902578353882 -1.2816156148910522 4.587115287780762 144 136 117
1.2887539863586426 1.468720555305481 7.0539631843566895 67 54 35
1.3013861179351807 1.49891197681427 7.016940593719482 36 32 21
0.8783504366874695 1.6426968574523926 4.256988525390625 168 151 116
1.3525450229644775 1.5383224487304688 7.081895351409912 79 80 75
1.3904927968978882 1.5082978010177612 7.219550609588623 135 125 108
1.3946558237075806 1.5407631397247314 7.194142818450928 28 19 17
1.5643507242202759 1.5371733903884888 7.581490993499756 126 116 91
2.865159273147583 2.792726993560791 14.289837837219238 129 118 92
1.5887728929519653 1.5678274631500244 7.597055435180664 124 115 95
1.806748390197754 1.3920491933822632 8.8630952835083 14 14 14
1.6314438581466675 1.5387738943099976 7.731367111206055 117 108 102
1.668060541152954 1.5499911308288574 7.795746326446533 26 17 16
1.675843596458435 1.582664966583252 7.770846843719482 18 10 10
1.8395881652832031 1.5403494834899902 8.401923179626465 130 116 88
1.0296094417572021 1.7757879495620728 4.15437650680542 79 95 98
1.432958722114563 1.6051708459854126 6.109571933746338 83 64 53
1.1867303848266602 1.619675874710083 4.231775283813477 147 122 142
2.0105676651000977 1.6364803314208984 7.863672733306885 40 38 32
2.323362350463867 1.6335071325302124 9.147650718688965 117 109 89
2.095158815383911 1.6522083282470703 8.015121459960938 41 36 33
1.245228886604309 1.7876040935516357 4.099223613739014 95 117 130
2.5463685989379883 1.7126866579055786 9.314807891845703 146 139 115
1.763702154159546 1.6091607809066772 5.834106922149658 50 40 54
1.676315426826477 1.061055302619934 5.590268611907959 97 96 68
1.3777388334274292 1.4447764158248901 4.22089147567749 62 71 80
1.4002420902252197 1.4438096284866333 4.223507404327393 102 126 138
1.4241232872009277 1.7944393157958984 4.0565690994262695 188 177 116
1.4367790222167969 1.713499665260315 4.0978569984436035 153 143 111
1.4396824836730957 1.7702642679214478 4.055135726928711 20 17 21
2.3025379180908203 1.7122654914855957 6.365207195281982 149 145 124
2.0598342418670654 1.654502511024475 5.412354469299316 174 177 156
2.18371844291687 1.6462961435317993 5.5959320068359375 57 52 65
2.2252862453460693 1.639000654220581 5.6543426513671875 66 61 66
2.2252862453460693 1.639000654220581 5.6543426513671875 66 61 66
2.3294336795806885 1.6558524370193481 5.754063606262207 146 102 102
2.3294336795806885 1.6558524370193481 5.754063606262207 146 102 102
2.4160802364349365 1.6677693128585815 5.847469329833984 184 177 165
2.150110960006714 1.6426656246185303 4.885793209075928 203 194 149
2.1872949600219727 1.6510690450668335 4.556200981140137 84 82 96
4.073837757110596 1.626457929611206 8.990645408630371 159 153 123
4.073837757110596 1.626457929611206 8.990645408630371 159 153 123
3.4986932277679443 1.559127688407898 7.251822471618652 170 146 121
2.2621166706085205 1.8807886838912964 4.420247554779053 173 173 131
2.374129295349121 1.6888774633407593 4.6398773193359375 76 73 87
5.842595100402832 3.4497194290161133 11.91237735748291 143 114 81
2.3262059688568115 1.862463355064392 4.49802303314209 146 132 106
2.5726711750030518 1.7107499837875366 4.880928993225098 184 184 147
2.541600227355957 1.7632930278778076 4.798999309539795 190 184 153
2.541478157043457 1.8778626918792725 4.7522759437561035 196 179 134
2.6378848552703857 1.8622136116027832 4.877040386199951 187 175 133
2.69531512260437 1.804872989654541 4.960546970367432 57 51 58
2.737499237060547 1.7839773893356323 5.035816192626953 74 57 61
2.737499237060547 1.7839773893356323 5.035816192626953 74 57 61
2.8220856189727783 1.8219692707061768 5.11491584777832 145 100 75
3.3877010345458984 1.7278190851211548 5.914951324462891 172 173 149
6.321863651275635 3.555233955383301 13.865519523620605 96 80 86
0.9717032313346863 1.773634672164917 7.064675331115723 138 124 103
0.970848798751831 1.7186511754989624 7.070126533508301 48 37 23
0.8819895386695862 1.5531086921691895 6.180633544921875 128 117 91
1.0976860523223877 1.5105717182159424 6.64302396774292 133 120 97
0.7003751397132874 -1.1053098440170288 4.000465393066406 146 137 119
1.306016445159912 1.5472471714019775 7.01655912399292 133 123 106
1.306016445159912 1.5472471714019775 7.01655912399292 133 123 106
1.4017441272735596 1.5498006343841553 7.2253313064575195 28 19 17
1.6992274522781372 1.334227204322815 9.061521530151367 93 74 48
1.5671497583389282 1.5265122652053833 7.600579261779785 129 118 92
2.3007941246032715 1.6171101331710815 9.067360877990723 117 109 89
1.6055867671966553 -2.2389564514160156 5.832692623138428 57 48 42
4.013941764831543 1.6508147716522217 8.882281303405762 169 157 116
4.013941764831543 1.6508147716522217 8.882281303405762 169 157 116
4.078342437744141 1.6275886297225952 9.004955291748047 159 153 123
4.078342437744141 1.6275886297225952 9.004955291748047 159 153 123
2.598407506942749 -2.5908024311065674 5.932199954986572 53 42 39
0.9510915279388428 1.7327876091003418 6.843804359436035 138 124 103
1.0083657503128052 1.7426438331604004 6.958962917327881 142 129 107
0.8326905965805054 -1.472700595855713 4.830239295959473 35 31 34
1.3075714111328125 1.5499132871627808 7.026788234710693 133 123 106
2.8074142932891846 1.2517383098602295 7.78044319152832 102 98 83
3.6014132499694824 1.6464170217514038 8.979966163635254 165 153 117
15.724342346191406 14.207625389099121 40.27085876464844 208 201 159
4.010164260864258 1.6488268375396729 8.881214141845703 169 157 116
4.010164260864258 1.6488268375396729 8.881214141845703 169 157 116
4.077414512634277 1.6264904737472534 9.011117935180664 159 153 123
4.077414512634277 1.6264904737472534 9.011117935180664 159 153 123
0.8672089576721191 1.515223741531372 6.1886186599731445 144 134 106
4.253695011138916 15.076268196105957 23.534719467163086 146 137 120
1.497877597808838 1.696105718612671 7.948268413543701 107 95 75
1.2985177040100098 1.5180203914642334 7.053484916687012 129 118 93
1.596503734588623 2.0329442024230957 7.914089202880859 179 156 116
2.1644229888916016 2.1299164295196533 10.65857982635498 113 102 86
1.7797255516052246 1.0936447381973267 8.853096961975098 15 11 12
1.9332091808319092 1.9714585542678833 6.1651740074157715 102 119 128
3.4921038150787354 3.268859624862671 11.365598678588867 52 57 59
1.479995608329773 1.8759067058563232 4.236057758331299 194 186 123
2.322786808013916 3.557626247406006 5.713961601257324 15 11 8
4.03872537612915 1.6301875114440918 8.85594367980957 169 157 116
4.101125240325928 1.6304763555526733 9.071367263793945 159 153 123
4.101125240325928 1.6304763555526733 9.071367263793945 159 153 123
4.101125240325928 1.6304763555526733 9.071367263793945 159 153 123
1.6153452396392822 3.011465311050415 2.75000262260437 171 160 142
1.6531075239181519 3.29477858543396 8.919782638549805 208 202 154
2.90702486038208 5.524794101715088 19.396316528320312 98 113 117
2.90702486038208 5.524794101715088 19.396316528320312 98 113 117
2.9111647605895996 5.491243362426758 19.325481414794922 63 75 83
2.945580005645752 5.263190746307373 18.70360565185547 104 127 133
2.9213898181915283 5.3351335525512695 18.901836395263672 186 186 184
2.9262778759002686 5.325073719024658 18.8998966217041 69 95 96
2.922332763671875 5.223428726196289 18.565052032470703 104 126 128
2.9290547370910645 5.24353551864624 18.686140060424805 180 187 185
2.9290547370910645 5.24353551864624 18.686140060424805 180 187 185
1.1399972438812256 -2.195408344268799 7.039527893066406 139 129 117
3.221130609512329 4.751688003540039 17.550119400024414 102 115 120
2.302950382232666 2.628308057785034 11.82262897491455 52 50 63
2.674915313720703 2.034008502960205 12.651336669921875 77 71 58
3.929253101348877 5.028231143951416 16.72614097595215 103 117 117
4.3844685554504395 2.6032721996307373 11.58885383605957 122 103 97
4.0561628341674805 1.9581671953201294 9.787965774536133 122 71 74
4.108694076538086 1.8737683296203613 9.645927429199219 121 77 85
4.078335285186768 1.8722740411758423 9.55715560913086 33 22 23
4.087581634521484 1.6818605661392212 9.114060401916504 123 72 58
4.085703372955322 1.6441967487335205 9.032086372375488 159 153 123
4.085703372955322 1.6441967487335205 9.032086372375488 159 153 123
5.511539459228516 2.8679699897766113 10.528141021728516 149 111 104
4.68930196762085 0.19840006530284882 3.7072901725769043 24 23 19
4.689174175262451 0.19944654405117035 3.7072126865386963 39 39 35
1.7393895387649536 1.9771757125854492 1.4733355045318604 149 136 107
1.941386342048645 2.384355306625366 1.6837351322174072 63 51 24
4.001382827758789 -4.596972465515137 4.7068047523498535 82 76 60
1.7377443313598633 1.9683184623718262 1.4756808280944824 56 40 17
1.9231696128845215 2.3726694583892822 1.6703529357910156 114 102 75
1.8074992895126343 1.8069324493408203 1.5711201429367065 212 206 159
1.8933203220367432 2.185279607772827 1.6521353721618652 139 127 100
0.6853890419006348 1.2875322103500366 4.051796913146973 11 17 19
2.014627695083618 1.9350398778915405 1.8168965578079224 161 141 84
1.8637111186981201 2.2140369415283203 1.6129454374313354 135 126 106
0.7899495959281921 1.3654756546020508 4.459334373474121 38 54 63
0.7829317450523376 1.425106167793274 4.384701728820801 160 166 161
0.7862458825111389 1.4114540815353394 4.393486022949219 180 187 185
0.7862458825111389 1.4114540815353394 4.393486022949219 180 187 185
1.9329813718795776 1.8128248453140259 1.7283673286437988 215 207 160
0.7989729642868042 1.380453109741211 4.448666572570801 184 187 182
0.7915627360343933 1.4059842824935913 4.382364749908447 188 189 189
0.7971049547195435 1.4261428117752075 4.364592552185059 165 171 172
1.9216731786727905 2.3968968391418457 1.6716363430023193 119 109 83
0.806439995765686 1.4364153146743774 4.352329254150391 46 51 60
0.8243149518966675 1.379217267036438 4.4634175300598145 70 96 102
0.8246671557426453 1.3829727172851562 4.442287445068359 186 189 184
1.7905378341674805 1.8059965372085571 1.5571975708007812 215 205 162
0.8239713311195374 1.3991888761520386 4.377124309539795 182 181 177
0.8353325724601746 1.4611666202545166 4.430632591247559 81 91 92
0.8381951451301575 1.3780173063278198 4.458342552185059 161 171 174
2.1239726543426514 1.9791619777679443 1.944503664970398 129 109 38
0.818998396396637 1.4128271341323853 4.245131969451904 43 52 54
2.075333833694458 1.9632468223571777 1.8927016258239746 212 201 155
2.075333833694458 1.9632468223571777 1.8927016258239746 212 201 155
0.8670263886451721 1.3875418901443481 4.4460039138793945 181 186 184
0.8310327529907227 1.6437596082687378 4.158369064331055 177 112 108
2.071769952774048 1.9967855215072632 1.891579508781433 131 96 15
1.8887426853179932 2.166050672531128 1.6581581830978394 146 128 104
0.8675099015235901 1.4259384870529175 4.341938018798828 122 132 132
0.8456408381462097 1.5908832550048828 4.169422149658203 40 41 35
0.8392999172210693 1.652523398399353 4.111209869384766 213 206 153
0.8628789186477661 1.4350486993789673 4.303493022918701 56 66 76
0.8542945981025696 1.6001101732254028 4.169960021972656 168 151 116
0.8558489680290222 1.5908280611038208 4.17008638381958 47 30 19
0.9404621124267578 1.3760815858840942 4.726109027862549 102 115 120
0.8816094398498535 1.4363614320755005 4.3370208740234375 174 180 179
0.8618568181991577 1.6493632793426514 4.150816440582275 126 124 126
0.8849143981933594 1.4394665956497192 4.313486099243164 38 57 59
0.8720186948776245 1.583992838859558 4.1725850105285645 130 111 98
0.8720186948776245 1.583992838859558 4.1725850105285645 130 111 98
0.8804550766944885 1.5628408193588257 4.209118843078613 53 52 67
0.8799165487289429 1.6149355173110962 4.173102855682373 150 138 94
0.8799165487289429 1.6149355173110962 4.173102855682373 150 138 94
0.8878811001777649 1.6305453777313232 4.192763328552246 37 40 33
0.8811588287353516 1.6499351263046265 4.140182018280029 77 69 78
1.7478842735290527 2.317183494567871 1.4773728847503662 127 119 91
0.8920953869819641 1.5494327545166016 4.219136714935303 145 116 126
0.909321129322052 1.4171236753463745 4.348113536834717 101 118 125
0.909321129322052 1.4171236753463745 4.348113536834717 101 118 125
0.8891317844390869 1.6054123640060425 4.166493892669678 149 134 114
0.9162009954452515 1.4181989431381226 4.33176851272583 185 186 185
0.8907548189163208 1.6505515575408936 4.132200241088867 166 109 120
0.8907548189163208 1.6505515575408936 4.132200241088867 166 109 120
0.9279287457466125 1.4130502939224243 4.383772373199463 112 126 129
0.9279287457466125 1.4130502939224243 4.383772373199463 112 126 129
0.9409302473068237 1.4213335514068604 4.422189712524414 110 126 128
0.9409302473068237 1.4213335514068604 4.422189712524414 110 126 128
0.9009809494018555 2.453321695327759 3.932407855987549 63 52 37
1.7648882865905762 1.8050451278686523 1.5422241687774658 107 78 2
8.420638084411621 2.709723472595215 9.639976501464844 37 34 21
0.9534959197044373 1.409925103187561 4.39565372467041 190 191 186
4.766496658325195 -3.474975824356079 5.624512672424316 76 73 57
0.969700813293457 1.4019609689712524 4.414896488189697 159 168 171
1.8789139986038208 1.7912579774856567 1.6891491413116455 216 203 151
1.8095263242721558 1.798547387123108 1.601479411125183 216 207 161
0.9179030656814575 2.4560585021972656 3.831483840942383 163 154 137
1.8624598979949951 2.323378086090088 1.630907654762268 126 115 84
1.0413167476654053 1.4036424160003662 4.554286003112793 178 179 174
1.0413167476654053 1.4036424160003662 4.554286003112793 178 179 174
0.9873179793357849 2.4769906997680664 4.030794143676758 141 132 117
1.451388955116272 1.3104790449142456 6.568013668060303 129 109 103
1.8713290691375732 1.7511532306671143 1.686702847480774 147 108 52
1.873644471168518 2.3081955909729004 1.648032307624817 123 109 82
0.22335760295391083 0.2855250835418701 0.4521884322166443 63 69 76
0.9975190162658691 1.719986915588379 4.049080848693848 79 95 98
1.5556200742721558 1.5810739994049072 6.83237361907959 48 43 52
1.7802515029907227 1.7880688905715942 1.580086350440979 219 207 164
1.4849967956542969 1.6077333688735962 6.276087284088135 77 76 72
1.914301872253418 1.517796516418457 8.208486557006836 126 120 92
1.7345136404037476 1.987354040145874 1.5158244371414185 95 77 42
0.9772847294807434 2.482421875 3.5734379291534424 170 160 145
1.7345136404037476 1.987354040145874 1.5158244371414185 95 77 42
1.8987092971801758 1.5453280210494995 8.099581718444824 54 48 34
1.1636077165603638 1.432835578918457 4.633981227874756 111 125 132
1.9066427946090698 1.5836472511291504 8.079145431518555 98 88 77
1.4303302764892578 1.5877794027328491 5.823664665222168 189 172 158
1.9240286350250244 1.5729849338531494 8.119279861450195 26 21 10
0.8214834332466125 0.9201155304908752 3.0447170734405518 61 61 69
1.95571768283844 1.5505917072296143 8.198485374450684 113 102 89
1.9472459554672241 1.584832787513733 8.141908645629883 112 101 84
1.8990079164505005 1.7915393114089966 1.738162636756897 218 205 161
4.537355422973633 -4.920803070068359 5.524240493774414 86 87 73
4.541464328765869 -4.95933723449707 5.528999328613281 86 87 63
2.0962023735046387 1.530104160308838 8.678412437438965 36 27 16
0.29421019554138184 0.308371365070343 0.6864979863166809 128 112 106
2.2093567848205566 1.5218544006347656 9.180638313293457 113 102 91
1.1234591007232666 1.420509696006775 4.2537031173706055 112 135 137
7.702006816864014 -5.046901702880859 9.460894584655762 33 28 25
1.133199691772461 1.4441797733306885 4.209956645965576 107 121 121
1.1614415645599365 1.4211742877960205 4.251296520233154 186 191 191
1.1614774465560913 1.4213913679122925 4.25128698348999 186 191 191
1.1519109010696411 1.4361777305603027 4.206126689910889 38 58 55
4.569524765014648 -4.1637282371521 5.513397216796875 98 92 80
1.7305428981781006 1.8172334432601929 1.5308212041854858 113 88 46
1.473261833190918 1.640170693397522 5.508433818817139 100 104 115
1.8390957117080688 2.15051531791687 1.6430318355560303 79 64 26
1.1641383171081543 1.4268323183059692 4.205199718475342 171 181 185
1.157346248626709 1.5812432765960693 4.148183822631836 147 122 142
2.4510509967803955 -3.8085238933563232 10.692438125610352 34 27 20
1.1589083671569824 1.5841798782348633 4.123480319976807 136 117 128
1.1634982824325562 1.5832290649414062 4.137662887573242 90 73 92
1.1720364093780518 1.431714415550232 4.19622278213501 65 76 77
2.2185001373291016 1.5725512504577637 8.669817924499512 117 109 89
8.113104820251465 2.4450056552886963 9.453125 106 98 88
2.2048492431640625 1.6336525678634644 8.573410034179688 39 32 26
1.1869523525238037 1.4161463975906372 4.236609935760498 192 191 191
1.1869523525238037 1.4161463975906372 4.236609935760498 192 191 191
4.627540111541748 -3.4348626136779785 5.553768634796143 98 92 76
4.627540111541748 -3.4348626136779785 5.553768634796143 98 92 76
4.511983394622803 -5.439372539520264 5.564653396606445 148 141 127
1.783835768699646 1.8065215349197388 1.6060742139816284 155 130 75
1.7312358617782593 1.8145874738693237 1.5398306846618652 203 190 140
1.180336356163025 1.582234263420105 4.138533592224121 129 105 119
1.9032834768295288 1.8104970455169678 1.7576674222946167 215 202 168
1.1946337223052979 1.4252197742462158 4.203951835632324 177 184 188
2.284639358520508 1.5900375843048096 8.76067066192627 108 101 88
2.284639358520508 1.5900375843048096 8.76067066192627 108 101 88
1.2020108699798584 1.4327058792114258 4.1985883712768555 78 88 95
1.652300477027893 1.6132118701934814 6.043217182159424 55 53 56
1.1978240013122559 1.434260606765747 4.1727070808410645 108 119 126
1.2076380252838135 2.544847249984741 4.03325891494751 132 127 112
1.205188512802124 1.4234689474105835 4.1925740242004395 182 186 189
1.9557839632034302 1.8844540119171143 1.8210915327072144 120 89 13
1.8708274364471436 1.6514432430267334 6.902122497558594 168 160 149
1.1752597093582153 1.390701174736023 4.053651809692383 73 85 89
1.7797915935516357 1.725776195526123 1.6170825958251953 124 100 45
8.054337501525879 2.7117514610290527 9.438308715820312 5 7 4
1.7348370552062988 1.8112306594848633 1.5587499141693115 206 193 147
1.0937830209732056 1.0969113111495972 3.6204965114593506 148 110 105
1.213288426399231 1.723214030265808 3.995338201522827 59 80 106
2.8253438472747803 3.22739315032959 10.18713092803955 58 71 71
2.364457368850708 1.59895658493042 8.59855842590332 146 139 115
6.941683292388916 3.397785186767578 7.996321678161621 98 94 85
1.7729414701461792 1.7238404750823975 1.6205381155014038 216 205 165
2.576366424560547 1.547150731086731 9.342939376831055 96 88 79
1.2028383016586304 2.5402989387512207 3.7524430751800537 174 167 155
1.117560625076294 2.5189287662506104 3.417060613632202 156 148 128
1.7915393114089966 1.8070755004882812 1.636000156402588 220 209 160
3.8639180660247803 4.195383548736572 13.781758308410645 93 101 103
1.2361268997192383 2.5492289066314697 3.8130555152893066 157 150 134
7.94025993347168 3.03764009475708 9.333545684814453 18 16 8
7.94025993347168 3.03764009475708 9.333545684814453 18 16 8
1.876741886138916 1.807787537574768 1.7506803274154663 168 148 85
3.0681891441345215 3.3013083934783936 10.445178985595703 181 191 194
3.0715420246124268 3.2184877395629883 10.464962005615234 114 131 136
3.070641279220581 3.2489616870880127 10.41972541809082 198 198 198
1.348589539527893 1.5449960231781006 4.230397701263428 12 14 18
1.2280962467193604 2.5467419624328613 3.6068503856658936 167 159 140
1.2460174560546875 2.5498034954071045 3.647892951965332 172 164 149
1.7666585445404053 1.8096284866333008 1.61683189868927 216 205 158
2.465787649154663 2.2771599292755127 8.187484741210938 56 60 68
1.7666585445404053 1.8096284866333008 1.61683189868927 216 205 158
3.0791690349578857 3.202789306640625 10.218481063842773 62 71 80
2.2784817218780518 1.6686705350875854 7.44476842880249 59 41 45
0.8718274831771851 0.5974006652832031 2.4969310760498047 105 78 70
6.8719000816345215 6.941440582275391 23.32774543762207 120 138 146
1.4448374509811401 1.503556489944458 4.4095306396484375 47 64 69
1.405031681060791 1.4121313095092773 4.262812614440918 102 119 128
1.2856553792953491 2.556553363800049 3.665147304534912 109 100 83
7.229237079620361 3.477160930633545 8.490335464477539 35 30 25
1.191750168800354 2.5404515266418457 3.3261051177978516 178 174 157
7.453481197357178 3.4740028381347656 8.784202575683594 11 10 3
1.7598941326141357 1.8070673942565918 1.6272176504135132 212 196 151
1.7385145425796509 1.8148006200790405 1.6073188781738281 139 108 54
1.4805259704589844 1.3935835361480713 4.502422332763672 43 53 53
1.2982810735702515 1.272537350654602 3.8704707622528076 108 128 134
2.6463587284088135 1.5686432123184204 8.589103698730469 100 95 88
1.8212084770202637 1.8108422756195068 1.7156902551651 222 209 164
1.840164065361023 1.8104065656661987 1.7419551610946655 154 133 64
1.3319214582443237 2.5709388256073 3.744479179382324 167 158 141
1.3633695840835571 1.712581753730774 3.9604835510253906 160 100 100
1.3604408502578735 2.5781586170196533 3.8018198013305664 109 102 83
3.497887134552002 3.24367094039917 11.097673416137695 157 163 164
1.2768064737319946 2.557060480117798 3.498835802078247 166 158 139
1.389713168144226 1.693422794342041 3.976799964904785 101 114 101
1.381361722946167 1.7370154857635498 3.930685520172119 188 177 116
1.381361722946167 1.7370154857635498 3.930685520172119 188 177 116
2.1910693645477295 2.7705962657928467 2.1525604724884033 120 113 93
1.3981577157974243 1.6664923429489136 3.9866573810577393 153 143 111
7.106514930725098 3.446080207824707 8.50106143951416 82 77 63
0.37363868951797485 0.7554396390914917 0.6017623543739319 114 106 85
5.086519718170166 4.71257209777832 15.86324691772461 56 71 73
1.4286224842071533 1.6243537664413452 4.015769958496094 193 196 131
1.435023307800293 1.6091742515563965 4.019845485687256 157 119 128
6.575967788696289 3.3478848934173584 7.883720874786377 26 24 18
2.1731204986572266 2.7633438110351562 2.1566622257232666 119 112 95
1.4230064153671265 1.710863471031189 3.93174409866333 121 81 84
14.067434310913086 12.232794761657715 44.507728576660156 105 127 138
1.2621876001358032 2.558887004852295 3.2785825729370117 179 170 153
1.3198325634002686 2.5705432891845703 3.439929962158203 160 151 134
1.441314935684204 1.6806260347366333 3.9552574157714844 94 116 104
2.2708137035369873 2.7764737606048584 2.30403733253479 135 128 115
1.600481629371643 1.4023677110671997 4.496180057525635 103 129 137
1.4210668802261353 2.5927281379699707 3.741560459136963 163 155 138
2.1478254795074463 2.755047082901001 2.152477979660034 68 60 42
1.6114833354949951 1.9706370830535889 1.5048800706863403 68 61 42
2.2711997032165527 2.7822318077087402 2.3194403648376465 68 61 42
1.6864607334136963 1.367569088935852 4.716412544250488 178 182 182
0.36650654673576355 0.6722736358642578 0.5268567800521851 166 159 143
1.345210313796997 2.5794689655303955 3.4035472869873047 168 159 140
2.1893420219421387 2.767756938934326 2.2341320514678955 135 128 111
1.2749152183532715 2.561922788619995 3.15565824508667 168 157 137
6.909628868103027 3.3539271354675293 8.555007934570312 16 15 15
1.357054352760315 2.5767180919647217 3.369126558303833 170 161 144
5.702874183654785 4.365718364715576 16.633695602416992 149 145 124
1.5049099922180176 1.7602349519729614 3.8939058780670166 5 7 10
1.4980487823486328 1.7339295148849487 3.871500253677368 76 88 106
1.3371058702468872 2.577638626098633 3.2513575553894043 174 170 151
6.837590217590332 3.385908603668213 8.49197006225586 89 83 70
6.072495937347412 3.262084484100342 7.478849411010742 2 2 1
1.4065243005752563 2.5887863636016846 3.444974660873413 170 166 149
1.4065243005752563 2.5887863636016846 3.444974660873413 170 166 149
1.3726134300231934 2.586724281311035 3.3307290077209473 185 179 164
2.3028199672698975 2.782376527786255 2.4204931259155273 151 142 134
2.193486213684082 2.769275665283203 2.2745964527130127 132 125 107
1.429197907447815 2.595211982727051 3.4872586727142334 164 158 139
2.3645646572113037 2.801365613937378 2.506120204925537 129 126 108
3.0423545837402344 1.5889899730682373 8.54253101348877 49 37 34
1.5178285837173462 2.6101412773132324 3.7254390716552734 156 148 129
1.4948302507400513 2.6092569828033447 3.650925636291504 114 106 86
1.4870386123657227 2.60653018951416 3.622591972351074 187 178 161
1.7518974542617798 1.6165165901184082 4.5017781257629395 196 188 129
1.3515162467956543 2.5833702087402344 3.1692559719085693 174 165 147
1.3605992794036865 2.5812690258026123 3.184826135635376 119 109 91
1.3605992794036865 2.5812690258026123 3.184826135635376 119 109 91
7.088108539581299 3.270678997039795 8.95592212677002 22 19 11
7.149621963500977 3.2289514541625977 9.05174446105957 111 108 97
2.333409547805786 2.7886857986450195 2.4877874851226807 77 67 48
1.3927291631698608 2.5902292728424072 3.270063638687134 119 108 87
1.706303358078003 1.5128533840179443 4.321282386779785 96 113 116
1.4786338806152344 2.605480909347534 3.506753921508789 167 160 141
7.3349456787109375 -5.373406410217285 10.030385971069336 159 153 138
1.4695826768875122 2.599470853805542 3.4741597175598145 176 167 150
1.373542308807373 2.586198568344116 3.1849207878112793 170 163 149
1.4026912450790405 2.5911216735839844 3.265551805496216 187 181 164
1.4026912450790405 2.5911216735839844 3.265551805496216 187 181 164
1.388108730316162 2.5884158611297607 3.218036413192749 123 109 85
1.3941394090652466 2.591021776199341 3.2336738109588623 180 172 153
1.4047499895095825 2.5955967903137207 3.2544631958007812 122 114 92
1.4047499895095825 2.5955967903137207 3.2544631958007812 122 114 92
1.8133727312088013 1.6307395696640015 4.5293869972229 140 111 111
1.8133727312088013 1.6307395696640015 4.5293869972229 140 111 111
30.148757934570312 12.111163139343262 40.642578125 36 34 22
1.4728084802627563 2.6048495769500732 3.408447504043579 159 154 139
1.1030446290969849 1.992071509361267 2.39359450340271 119 108 88
2.0273730754852295 1.6242510080337524 5.091228485107422 192 184 158
2.0273730754852295 1.6242510080337524 5.091228485107422 192 184 158
1.5024166107177734 2.6143622398376465 3.450784206390381 169 161 142
2.1319875717163086 2.7560322284698486 2.2789509296417236 131 124 106
2.6708812713623047 2.8399946689605713 3.0479726791381836 145 140 127
2.347442150115967 2.7882492542266846 2.6071524620056152 137 130 112
1.3982033729553223 2.592216968536377 3.108980894088745 176 167 150
1.3982033729553223 2.592216968536377 3.108980894088745 176 167 150
1.9887508153915405 1.63844895362854 4.884636402130127 179 102 97
2.2912838459014893 2.7801454067230225 2.5459930896759033 79 73 55
1.6117695569992065 2.635007858276367 3.6642401218414307 163 157 138
2.2917330265045166 2.7771859169006348 2.5592734813690186 126 122 110
1.5605406761169434 2.6291091442108154 3.4842300415039062 176 168 151
1.5605406761169434 2.6291091442108154 3.4842300415039062 176 168 151
1.5605406761169434 2.6291091442108154 3.4842300415039062 176 168 151
1.6714529991149902 2.644286870956421 3.788928985595703 162 155 138
1.6714529991149902 2.644286870956421 3.788928985595703 162 155 138
2.0381975173950195 1.642297387123108 4.923654556274414 195 184 150
2.2506496906280518 1.7841780185699463 5.504225730895996 193 181 151
1.4511953592300415 2.5977156162261963 3.173679828643799 123 112 90
1.6065398454666138 2.6324663162231445 3.59856915473938 164 155 138
1.4909818172454834 2.612363576889038 3.2782719135284424 170 162 143
1.4574520587921143 2.609488010406494 3.178476095199585 167 159 138
1.920772910118103 1.636247158050537 4.5742106437683105 165 112 101
1.920772910118103 1.636247158050537 4.5742106437683105 165 112 101
2.1507468223571777 2.758288621902466 2.383419990539551 141 134 114
2.1664888858795166 1.6425005197525024 5.250951290130615 76 81 73
2.3060009479522705 2.7838826179504395 2.6060526371002197 133 126 109
2.2061781883239746 1.6505074501037598 5.350005626678467 175 175 152
1.5823694467544556 2.6293370723724365 3.508897304534912 161 154 138
1.7270900011062622 2.650230884552002 3.904622793197632 126 117 106
6.143557548522949 3.242892265319824 8.110755920410156 25 23 17
2.5471606254577637 2.817960739135742 2.9569222927093506 137 130 114
2.2377591133117676 2.7601492404937744 2.5170326232910156 79 71 59
3.6810829639434814 -4.010108470916748 10.081650733947754 48 38 37
6.2722907066345215 3.234017848968506 8.325056076049805 104 99 87
2.1465647220611572 1.647281527519226 5.146987438201904 84 56 69
2.243629217147827 1.6844147443771362 5.3952836990356445 62 69 69
1.4673585891723633 2.607994318008423 3.15785551071167 164 156 136
3.874373197555542 -4.216777324676514 10.536754608154297 45 37 35
2.333336114883423 2.7875444889068604 2.6762032508850098 141 135 121
1.5709787607192993 2.627570867538452 3.412449359893799 169 160 141
2.333336114883423 2.7875444889068604 2.6762032508850098 141 135 121
2.2355141639709473 2.765455722808838 2.54628324508667 142 136 119
2.2355141639709473 2.765455722808838 2.54628324508667 142 136 119
2.2485251426696777 1.658966064453125 5.3340325355529785 68 76 93
1.570048451423645 2.627718687057495 3.3883070945739746 197 189 178
1.5114967823028564 2.6185107231140137 3.2188072204589844 171 162 146
3.475334405899048 1.5971754789352417 8.620959281921387 165 153 117
1.7668640613555908 2.658451557159424 3.891737937927246 120 110 97
1.4251971244812012 2.5985076427459717 2.980083465576172 197 189 175
2.3197433948516846 2.782851219177246 2.679455041885376 77 70 53
1.7482792139053345 2.6575608253479004 3.8257951736450195 165 159 145
1.781591534614563 2.662733316421509 3.911303997039795 23 13 13
1.7399578094482422 2.6569700241088867 3.800248622894287 101 94 79
1.7399578094482422 2.6569700241088867 3.800248622894287 101 94 79
2.2812554836273193 1.6598751544952393 5.3617167472839355 103 67 70
2.4006831645965576 1.8422006368637085 5.663754463195801 63 76 93
1.422302484512329 2.605874538421631 2.951612949371338 174 168 151
1.7342944145202637 1.7677619457244873 3.871088743209839 84 99 99
6.147806167602539 3.209099054336548 8.283119201660156 29 28 23
1.4862245321273804 2.614642858505249 3.1092469692230225 170 159 141
1.5789079666137695 2.6289875507354736 3.3458619117736816 163 155 137
1.838131308555603 1.6222091913223267 4.138769149780273 214 198 164
1.6975871324539185 2.652737855911255 3.648019313812256 113 105 83
1.5757046937942505 2.629469156265259 3.3238353729248047 185 177 162
2.2346456050872803 1.6587438583374023 5.176287651062012 73 72 84
1.5756008625030518 2.6348485946655273 3.3172504901885986 121 110 91
1.524989128112793 2.620985984802246 3.179529905319214 167 159 139
1.4678245782852173 2.6064090728759766 3.0234792232513428 178 170 146
1.7575050592422485 2.662278175354004 3.7666943073272705 142 135 117
1.611634612083435 2.6262495517730713 3.386798858642578 114 106 85
1.7233840227127075 2.6575753688812256 3.6725378036499023 177 167 153
1.7233840227127075 2.6575753688812256 3.6725378036499023 177 167 153
1.7661442756652832 1.7821170091629028 3.8733508586883545 74 84 85
1.8744823932647705 1.6297775506973267 4.163503170013428 163 120 95
1.715928077697754 2.6557977199554443 3.61860728263855 162 155 138
1.9735050201416016 2.7325375080108643 2.230928659439087 138 132 114
1.749826431274414 2.663982629776001 3.6912460327148438 162 154 135
1.9735050201416016 2.7325375080108643 2.230928659439087 138 132 114
1.863262414932251 2.6769156455993652 3.9802353382110596 140 127 112
1.5056509971618652 2.6194944381713867 3.0598666667938232 180 173 156
1.5056509971618652 2.6194944381713867 3.0598666667938232 180 173 156
2.456810474395752 1.676281213760376 5.61131477355957 66 72 90
1.5788692235946655 2.6322243213653564 3.235200881958008 118 110 89
3.5606627464294434 1.672817587852478 8.456456184387207 113 85 81
1.4932297468185425 2.6174869537353516 3.01248836517334 177 171 155
1.6746540069580078 2.6491987705230713 3.475186586380005 180 172 159
2.2032880783081055 2.765592098236084 2.599459409713745 142 134 114
2.276667356491089 2.7735729217529297 2.709531784057617 147 138 122
2.326303482055664 2.7835543155670166 2.790004253387451 140 133 117
2.326303482055664 2.7835543155670166 2.790004253387451 140 133 117
1.6328428983688354 2.6417880058288574 3.340304136276245 170 161 146
2.187232732772827 2.759950637817383 2.593971014022827 97 91 70
2.3621387481689453 1.6594091653823853 5.27886962890625 153 117 95
3.578263521194458 1.7830687761306763 8.350743293762207 108 56 51
3.58248233795166 1.784852147102356 8.35905647277832 108 56 51
1.5117311477661133 2.619097948074341 3.001011848449707 173 166 145
2.338557243347168 1.6548082828521729 5.196420669555664 118 88 88
2.830505847930908 2.864881992340088 3.5732357501983643 85 78 60
4.236264228820801 -4.57320499420166 10.682901382446289 179 172 153
1.6891576051712036 2.653630256652832 3.4232571125030518 113 106 79
1.6891576051712036 2.653630256652832 3.4232571125030518 113 106 79
2.2565205097198486 1.6619501113891602 4.959481716156006 47 50 56
3.0783541202545166 -4.67437744140625 7.75649881362915 179 170 152
2.1184425354003906 1.6414982080459595 4.602022171020508 173 127 121
2.1582114696502686 1.6473007202148438 4.694905757904053 174 126 127
2.1582114696502686 1.6473007202148438 4.694905757904053 174 126 127
2.274576187133789 1.655220627784729 4.983248710632324 209 197 167
3.6337528228759766 1.7339094877243042 8.362876892089844 33 22 23
2.719397783279419 2.842679738998413 3.410861015319824 136 129 111
2.0606188774108887 2.742521286010742 2.4167096614837646 156 150 137
2.3224329948425293 1.6506450176239014 5.074650764465332 58 76 85
1.991127610206604 2.73423171043396 2.312350273132324 154 147 128
1.5129801034927368 2.6217095851898193 2.939088821411133 181 172 157
2.1035003662109375 1.6479113101959229 4.503890514373779 92 79 97
1.5284165143966675 2.6269309520721436 2.9613358974456787 112 102 77
3.664350986480713 1.7668055295944214 8.324074745178223 158 143 103
1.5397841930389404 2.6278374195098877 2.962930202484131 170 166 153
3.0952775478363037 -4.557338237762451 7.589787483215332 56 49 41
3.111157178878784 -4.577622413635254 7.622091770172119 48 41 36
6.57240629196167 -4.873503684997559 9.988364219665527 45 37 34
2.1392760276794434 2.752372980117798 2.5589380264282227 153 147 131
2.116913080215454 1.652968168258667 4.466095447540283 168 124 109
1.558708667755127 2.631932258605957 2.990051746368408 170 163 146
2.563485860824585 1.6829997301101685 5.542503833770752 69 73 85
3.014596700668335 1.7033581733703613 6.6106858253479 56 55 60
1.6299086809158325 2.6451573371887207 3.1401567459106445 176 167 149
2.3894362449645996 1.6680939197540283 5.080043792724609 73 81 74
1.9323210716247559 2.716351270675659 2.2683372497558594 182 174 163
3.700979709625244 1.7688636779785156 8.235386848449707 35 37 26
2.1181442737579346 2.749721050262451 2.5567703247070312 133 126 109
1.9708937406539917 2.721376419067383 2.3329479694366455 159 152 139
2.2522084712982178 1.6379977464675903 4.734439849853516 114 126 120
2.0761032104492188 2.741406202316284 2.4979915618896484 149 142 128
2.3023059368133545 1.6508363485336304 4.848521709442139 209 190 155
2.2365126609802246 1.638903021812439 4.689216613769531 95 103 109
1.7245851755142212 2.664161205291748 3.336385488510132 110 99 78
1.6955820322036743 2.654458999633789 3.2664954662323 167 158 141
1.9054129123687744 2.716960906982422 2.2384722232818604 169 159 141
1.5504069328308105 2.633920669555664 2.9123218059539795 161 153 131
1.851991891860962 2.6821887493133545 3.626871347427368 173 166 152
6.896612167358398 3.0365512371063232 9.984782218933105 23 21 8
1.7436171770095825 2.6661555767059326 3.3604142665863037 115 104 82
1.841295838356018 2.681588649749756 3.5913939476013184 174 168 150
1.5271978378295898 2.6284425258636475 2.8423166275024414 175 167 153
1.5271978378295898 2.6284425258636475 2.8423166275024414 175 167 153
1.5271978378295898 2.6284425258636475 2.8423166275024414 175 167 153
3.863877534866333 1.5954440832138062 8.548979759216309 169 157 116
2.066526412963867 2.7406699657440186 2.500683546066284 104 95 78
1.9835641384124756 2.7304375171661377 2.3741841316223145 155 147 129
6.832758903503418 3.3841705322265625 9.901796340942383 77 74 65
3.9040329456329346 1.5649104118347168 8.625500679016113 159 153 123
3.9040329456329346 1.5649104118347168 8.625500679016113 159 153 123
3.9040329456329346 1.5649104118347168 8.625500679016113 159 153 123
2.8625521659851074 1.7153526544570923 6.118976593017578 64 69 71
1.6451988220214844 2.649592876434326 3.1100876331329346 170 160 146
1.9116058349609375 2.7180349826812744 2.2635104656219482 153 144 127
1.7191473245620728 2.6610732078552246 3.2609915733337402 169 162 145
2.6503357887268066 0.9247679710388184 5.664079666137695 71 68 61
1.6505377292633057 2.6497514247894287 3.092288017272949 178 170 158
1.5855326652526855 2.637934684753418 2.9293744564056396 173 167 146
1.5932060480117798 2.6385679244995117 2.947139024734497 182 176 161
2.062567949295044 2.741800308227539 2.510606288909912 160 150 138
1.679919719696045 2.6545119285583496 3.138288974761963 178 170 153
2.2477502822875977 1.649582862854004 4.571906566619873 177 121 125
1.7914103269577026 2.6751911640167236 3.3833465576171875 121 110 88
1.7746177911758423 2.672668218612671 3.3362648487091064 174 167 150
1.586742877960205 2.6388347148895264 2.899684429168701 175 168 149
1.586742877960205 2.6388347148895264 2.899684429168701 175 168 149
1.562646746635437 2.6357614994049072 2.841303586959839 142 130 103
2.07611346244812 2.7429654598236084 2.5436019897460938 144 135 121
1.8174266815185547 2.674116611480713 3.417731761932373 117 108 86
1.8174266815185547 2.674116611480713 3.417731761932373 117 108 86
5.8141093254089355 3.028203010559082 8.414978981018066 102 96 93
3.9150915145874023 1.7128067016601562 8.3881196975708 21 20 25
3.9150915145874023 1.7128067016601562 8.3881196975708 21 20 25
2.1895296573638916 1.6592475175857544 4.3787617683410645 53 70 85
1.5558708906173706 2.6371960639953613 2.8043558597564697 178 170 153
1.6233056783676147 2.646261692047119 2.9492931365966797 121 113 87
2.195371627807617 1.6826306581497192 4.368574619293213 135 93 101
1.889436960220337 2.7121875286102295 2.256723403930664 159 153 139
5.81786584854126 3.0444886684417725 8.440688133239746 105 101 94
1.6330275535583496 2.649005174636841 2.958256244659424 175 168 155
5.81786584854126 3.0444886684417725 8.440688133239746 105 101 94
2.468748092651367 1.652587890625 4.984024524688721 73 89 103
2.733281135559082 2.8461720943450928 3.5936319828033447 141 129 116
2.0788426399230957 2.7458388805389404 2.5665218830108643 147 139 125
6.009646415710449 2.6906261444091797 8.815268516540527 17 13 7
1.7954976558685303 2.677156925201416 3.3164055347442627 105 98 73
1.614692211151123 2.6427879333496094 2.90329647064209 170 163 147
1.6667029857635498 2.656343698501587 3.0179100036621094 180 174 158
1.6182963848114014 2.646721124649048 2.9079630374908447 170 163 147
1.5724852085113525 2.638209581375122 2.8032026290893555 180 173 158
1.6865952014923096 2.655076026916504 3.054004192352295 168 161 144
2.378836154937744 2.7853989601135254 3.0445377826690674 146 138 124
2.5002191066741943 2.8096365928649902 3.722883462905884 122 115 97
1.9009590148925781 2.694591522216797 3.534547805786133 131 121 104
1.6010314226150513 2.6444880962371826 2.8511064052581787 169 164 155
1.61793053150177 2.6471662521362305 2.8882296085357666 104 93 65
1.6408458948135376 2.648715019226074 2.9392380714416504 175 169 155
1.581801176071167 2.6471951007843018 2.7978456020355225 118 112 87
1.7496711015701294 2.6701784133911133 3.1766750812530518 172 165 148
1.7496711015701294 2.6701784133911133 3.1766750812530518 172 165 148
1.7544710636138916 2.6664929389953613 3.1820602416992188 123 115 94
2.649703025817871 2.836293935775757 3.4952640533447266 57 45 27
1.5951220989227295 2.645925998687744 2.8176610469818115 171 164 144
2.1555023193359375 2.7522494792938232 2.716641664505005 155 148 131
1.674678087234497 2.657449960708618 2.983419179916382 179 172 154
2.2805988788604736 1.7365561723709106 4.432260036468506 155 104 99
1.6261287927627563 2.6526944637298584 2.8615005016326904 117 105 85
1.9766497611999512 2.708918571472168 3.636662244796753 127 117 96
4.028188228607178 1.673689603805542 8.321868896484375 126 74 73
2.2313857078552246 2.765493869781494 2.851809024810791 146 137 121
1.974405288696289 2.726752281188965 2.4455337524414062 169 162 144
1.710925579071045 2.6633763313293457 3.0258288383483887 182 174 164
2.6233506202697754 1.6647698879241943 5.165188312530518 61 63 64
2.3750104904174805 1.684592604637146 4.606083393096924 76 73 87
2.768216371536255 1.6644623279571533 5.475950241088867 143 114 81
1.9776999950408936 2.704871416091919 3.597095012664795 122 115 91
1.933509349822998 2.7172129154205322 2.386662721633911 120 110 89
1.7976365089416504 2.677992105484009 3.1962056159973145 178 171 153
1.7976365089416504 2.677992105484009 3.1962056159973145 178 171 153
2.457603693008423 1.6704211235046387 4.757274150848389 214 205 167
1.6213220357894897 2.642174482345581 2.7914276123046875 119 112 93
2.700749397277832 1.6675889492034912 5.276853561401367 71 66 69
4.0368452072143555 1.74172842502594 8.217435836791992 35 26 28
2.0140023231506348 2.7202036380767822 3.640516519546509 98 89 68
2.0140023231506348 2.7202036380767822 3.640516519546509 98 89 68
2.4391486644744873 1.6934828758239746 4.680849075317383 196 192 153
2.4391486644744873 1.6934828758239746 4.680849075317383 196 192 153
1.8155312538146973 2.6822495460510254 3.2016923427581787 178 170 159
1.8155312538146973 2.6822495460510254 3.2016923427581787 178 170 159
1.914542555809021 2.698270559310913 3.4035654067993164 179 174 161
2.548783779144287 1.6720792055130005 4.897906303405762 70 81 76
2.8200676441192627 1.6602014303207397 5.489702224731445 78 85 91
2.0486388206481934 2.7438337802886963 2.5936436653137207 155 149 137
2.986595869064331 1.6959818601608276 5.842997074127197 144 109 106
2.402568817138672 1.7625327110290527 4.556492805480957 61 68 80
1.8962467908859253 2.697634696960449 3.336068630218506 173 164 148
1.8533504009246826 2.6924171447753906 3.2347142696380615 179 170 159
1.7931585311889648 2.6771485805511475 3.104278564453125 169 162 149
4.090753078460693 1.7475351095199585 8.149866104125977 154 136 110
1.9532126188278198 2.717902421951294 2.4710514545440674 155 151 133
1.6367759704589844 2.6539981365203857 2.7469239234924316 172 164 152
5.800824165344238 3.276808500289917 8.777190208435059 85 78 69
4.10524845123291 1.727811574935913 8.154854774475098 41 39 38
0.5939002633094788 0.36905521154403687 0.7200098037719727 186 181 164
2.9175522327423096 1.674056887626648 5.581827163696289 186 181 164
1.822842001914978 2.683899402618408 3.1248509883880615 178 174 158
4.267778396606445 1.6184247732162476 8.476885795593262 159 151 114
2.0870490074157715 2.7402303218841553 2.707991600036621 148 141 123
1.9501900672912598 2.7187724113464355 2.484787940979004 99 91 73
4.750878810882568 1.386075496673584 9.50355339050293 95 67 66
1.6976501941680908 2.657815456390381 2.8422653675079346 165 157 139
2.5339887142181396 1.783487319946289 4.716879844665527 60 69 84
1.7426365613937378 2.671363353729248 2.9279534816741943 173 167 152
1.9070370197296143 2.6990299224853516 3.2693986892700195 169 162 142
1.9883230924606323 2.7139997482299805 3.4340174198150635 186 179 163
1.9192734956741333 2.696791172027588 3.2860774993896484 123 115 94
1.7614260911941528 2.6782147884368896 2.9433157444000244 114 104 82
1.8681529760360718 2.5945816040039062 2.3604629039764404 151 142 126
5.631868839263916 3.194114923477173 8.547849655151367 79 72 63
1.683093786239624 2.662405490875244 2.764169216156006 161 154 138
1.9218144416809082 2.701090097427368 3.2513620853424072 178 170 153
2.6962766647338867 1.7410982847213745 4.972589015960693 162 128 108
60.90025329589844 75.3111572265625 93.61843872070312 126 119 101
1.8394701480865479 2.6888537406921387 3.074040651321411 170 163 144
1.7594040632247925 2.6760995388031006 2.9009528160095215 164 158 137
1.7594040632247925 2.6760995388031006 2.9009528160095215 164 158 137
1.730951189994812 2.6715173721313477 2.8406822681427 150 143 125
2.104307174682617 2.7299606800079346 3.6059746742248535 182 175 163
2.044597864151001 2.720595359802246 3.4821481704711914 112 101 79
4.841075897216797 1.3584378957748413 9.45469856262207 101 77 79
1.7241941690444946 2.6688544750213623 2.810476303100586 90 84 63
1.984488606452942 2.7111313343048096 3.347531795501709 187 183 172
1.7573680877685547 2.6730220317840576 2.874821662902832 154 145 128
1.7061277627944946 2.6656205654144287 2.7654988765716553 157 149 130
1.690395474433899 2.6657726764678955 2.729980945587158 166 159 147
2.092317819595337 2.7292122840881348 3.5362699031829834 181 173 157
2.092317819595337 2.7292122840881348 3.5362699031829834 181 173 157
1.7415690422058105 2.6727094650268555 2.8165743350982666 150 143 130
1.4079086780548096 2.166369915008545 2.175945520401001 150 143 130
3.0319759845733643 2.89508056640625 4.297320365905762 74 67 49
1.94306218624115 2.7104268074035645 3.2051541805267334 162 154 139
1.7457841634750366 2.6764159202575684 2.803915500640869 81 68 53
1.9189670085906982 2.718801736831665 2.4682018756866455 159 153 136
2.0439295768737793 2.722740650177002 3.392409324645996 130 122 101
4.304808139801025 1.7146577835083008 8.110365867614746 166 153 139
5.141801834106445 -4.768672466278076 10.474862098693848 177 172 153
1.7431930303573608 2.6722452640533447 2.7786877155303955 158 151 140
1.80545175075531 2.685659646987915 2.8994555473327637 153 146 128
1.7297719717025757 2.671429395675659 2.7455711364746094 138 129 112
4.099668025970459 2.310326099395752 7.613678932189941 63 60 71
3.077049970626831 1.724587321281433 5.564089775085449 97 109 108
3.845769166946411 1.7089521884918213 7.110101699829102 49 52 61
2.0608034133911133 2.727545976638794 3.3927600383758545 182 179 161
4.350687503814697 1.7168910503387451 8.116690635681152 166 155 139
1.691997766494751 2.668365478515625 2.645528554916382 152 145 123
2.2969682216644287 2.7668256759643555 3.8548312187194824 158 151 134
2.2969682216644287 2.7668256759643555 3.8548312187194824 158 151 134
1.6663283109664917 2.6594314575195312 2.587651252746582 168 162 146
1.6663283109664917 2.6594314575195312 2.587651252746582 168 162 146
1.789710283279419 2.690192222595215 2.8213231563568115 163 158 138
1.7503302097320557 2.676189422607422 2.7427918910980225 145 138 125
4.366498947143555 1.7472081184387207 8.089826583862305 45 38 47
3.0535638332366943 1.7709940671920776 5.439887523651123 142 93 87
1.7769238948822021 2.679746627807617 2.7863590717315674 86 75 56
2.0438129901885986 2.730473756790161 3.2782106399536133 153 145 133
1.790799856185913 2.685819625854492 2.7809336185455322 95 83 65
1.798675775527954 2.687919855117798 2.7926876544952393 156 150 137
3.1935408115386963 1.7807780504226685 5.618823528289795 64 53 52
1.7126264572143555 2.6718051433563232 2.6053459644317627 110 101 81
1.7219704389572144 2.67490553855896 2.6188528537750244 162 153 136
1.7635666131973267 2.6791906356811523 2.698169231414795 150 141 124
1.7788751125335693 2.6695728302001953 2.7288658618927 106 95 75
1.716739296913147 2.6764979362487793 2.5972771644592285 172 166 152
1.7397117614746094 2.6760287284851074 2.6402456760406494 162 156 140
1.7966545820236206 2.6903045177459717 2.7476820945739746 103 96 76
1.9900805950164795 2.72904372215271 2.6830077171325684 142 139 124
2.3013980388641357 2.766881227493286 3.723376512527466 159 152 133
2.0745766162872314 2.7262890338897705 3.2818262577056885 152 142 126
1.9735294580459595 2.7215018272399902 2.6654458045959473 92 85 67
6.042961120605469 -4.8457489013671875 10.393537521362305 35 30 26
1.9955494403839111 2.7164125442504883 3.1178925037384033 79 72 50
6.035290241241455 -4.832493782043457 10.38082218170166 40 35 31
1.8401514291763306 2.692580223083496 2.810199737548828 149 143 126
1.8401514291763306 2.692580223083496 2.810199737548828 149 143 126
2.195692300796509 2.7465221881866455 3.4889070987701416 95 87 68
3.43941593170166 1.7518954277038574 5.996033668518066 172 173 149
1.7888880968093872 2.6873810291290283 2.702929973602295 160 153 138
2.1151514053344727 2.737452507019043 3.3221027851104736 146 139 121
2.21280574798584 2.755662202835083 3.490183115005493 154 145 128
2.1089789867401123 2.74281907081604 2.9338018894195557 85 78 60
2.212165355682373 2.7545366287231445 3.462888240814209 154 147 131
2.2224106788635254 2.7562806606292725 3.4819531440734863 109 101 80
1.7291167974472046 2.6748924255371094 2.545811176300049 159 151 133
1.7811733484268188 2.6848840713500977 2.6391472816467285 152 144 125
5.501113414764404 -4.723369121551514 10.461201667785645 46 35 34
5.525150775909424 -4.750368595123291 10.503003120422363 44 33 31
5.507115840911865 -4.737673759460449 10.467758178710938 44 33 31
2.106297016143799 2.73634672164917 3.2452425956726074 87 79 61
1.9408398866653442 2.713683605194092 2.922118902206421 98 89 67
5.513893127441406 -4.712282657623291 10.398433685302734 40 31 24
1.7431529760360718 2.679823160171509 2.5410804748535156 164 156 140
1.7535972595214844 2.6822097301483154 2.553541660308838 115 104 87
5.536860466003418 -4.6868720054626465 10.386080741882324 33 27 23
1.8475438356399536 2.692784070968628 2.713355779647827 100 89 67
1.8103262186050415 2.6912152767181396 2.636758804321289 164 157 141
1.8332188129425049 2.6951916217803955 2.6761839389801025 165 158 138
2.4731788635253906 2.8001139163970947 3.6103320121765137 83 72 54
2.4731788635253906 2.8001139163970947 3.6103320121765137 83 72 54
1.9460387229919434 2.7124760150909424 2.8700733184814453 143 135 118
1.7997595071792603 2.687605857849121 2.596059560775757 107 98 79
1.860635757446289 2.6976020336151123 2.7007172107696533 94 86 68
1.773574709892273 2.6852235794067383 2.531618118286133 163 159 145
2.5204153060913086 2.8083887100219727 3.881338119506836 83 72 50
1.8552348613739014 2.7008790969848633 2.5485363006591797 89 80 63
1.9330273866653442 2.715441942214966 2.6856768131256104 94 86 65
2.0078508853912354 2.720384120941162 2.927100896835327 142 136 119
2.0797057151794434 2.736453056335449 2.951777458190918 85 77 56
5.708500862121582 -4.870107173919678 10.366840362548828 171 165 151
1.8286195993423462 2.698032855987549 2.5151524543762207 101 92 65
1.974440574645996 2.7180123329162598 2.830972909927368 145 136 119
2.5429086685180664 2.811575174331665 3.8283536434173584 132 126 104
4.874380111694336 1.7579275369644165 8.134535789489746 51 50 29
4.775290012359619 1.7516586780548096 7.95216703414917 163 145 90
4.775290012359619 1.7516586780548096 7.95216703414917 163 145 90
1.8755494356155396 2.8298048973083496 2.601379632949829 114 105 88
1.7995918989181519 2.691357374191284 2.4898862838745117 155 148 127
2.3754003047943115 2.7830235958099365 3.5087249279022217 74 66 49
1.916490912437439 1.896598219871521 1.690287709236145 136 104 51
1.9402709007263184 1.814940094947815 1.7246243953704834 107 71 25
1.9949320554733276 1.8140009641647339 1.7892050743103027 206 199 146
2.1291861534118652 1.9853945970535278 1.9334627389907837 217 208 171
1.9306740760803223 2.3668417930603027 1.6644123792648315 121 114 85
1.8890796899795532 2.2864112854003906 1.6152538061141968 41 25 9
1.7895231246948242 2.375199317932129 1.4933263063430786 117 109 88
1.7895231246948242 2.375199317932129 1.4933263063430786 117 109 88
1.946126937866211 1.8426119089126587 1.7204978466033936 149 129 77
1.8647428750991821 2.13631272315979 1.588850736618042 32 22 7
1.991485595703125 2.454862356185913 1.7168372869491577 119 109 79
1.9577243328094482 2.437164306640625 1.6737664937973022 119 109 79
2.1995046138763428 2.0395565032958984 1.9923295974731445 145 111 47
1.7640490531921387 1.8060221672058105 1.4912599325180054 83 56 2
1.7193623781204224 1.8262208700180054 1.4354594945907593 216 202 155
1.946112036705017 2.452094078063965 1.656145453453064 121 113 83
1.9933221340179443 2.391331195831299 1.7140308618545532 49 36 14
1.8721472024917603 2.1755716800689697 1.5848625898361206 117 103 71
1.92579984664917 1.8928391933441162 1.6703517436981201 215 204 160
1.9387729167938232 2.3301384449005127 1.6493213176727295 136 118 103
2.0013625621795654 1.8656554222106934 1.7600586414337158 100 61 20
2.6905710697174072 2.1567986011505127 2.5584139823913574 74 60 26
2.6905710697174072 2.1567986011505127 2.5584139823913574 74 60 26
1.9808906316757202 2.4072515964508057 1.6954920291900635 44 36 19
1.9808906316757202 2.4072515964508057 1.6954920291900635 44 36 19
2.2068395614624023 2.048083782196045 1.9820222854614258 215 205 173
1.9357695579528809 2.2372374534606934 1.6456520557403564 137 123 94
2.5285542011260986 1.6842864751815796 2.3835721015930176 156 148 141
1.7571122646331787 1.8106920719146729 1.4609514474868774 214 200 156
1.9252346754074097 2.254925489425659 1.6289976835250854 129 117 92
5.03134822845459 -3.4738314151763916 5.708103179931641 65 61 49
1.7507075071334839 1.8148945569992065 1.4480366706848145 133 106 49
1.7455118894577026 1.9396969079971313 1.4315779209136963 58 41 18
2.0583009719848633 1.8877570629119873 1.8013108968734741 122 95 38
1.8292806148529053 2.2122020721435547 1.5089737176895142 119 113 82
1.7462481260299683 1.9482423067092896 1.428902506828308 138 120 89
2.0694382190704346 1.8188728094100952 1.8150819540023804 149 115 48
1.8208439350128174 1.8117449283599854 1.5187150239944458 206 198 155
2.068373680114746 1.920345425605774 1.799209475517273 112 76 16
2.0786640644073486 1.8171881437301636 1.8152049779891968 210 201 158
1.8528563976287842 1.810564637184143 1.550938606262207 205 195 160
2.2240827083587646 2.025177478790283 1.9688198566436768 212 199 159
1.7489922046661377 1.8211537599563599 1.4276667833328247 48 21 1
1.7489922046661377 1.8211537599563599 1.4276667833328247 48 21 1
2.290210008621216 2.078873634338379 2.0332422256469727 133 116 64
1.964409351348877 2.3729100227355957 1.6352351903915405 40 29 17
5.342623710632324 -3.664206027984619 6.017287731170654 64 59 49
2.0532124042510986 1.826174259185791 1.7775932550430298 201 188 151
2.119187831878662 1.942033052444458 1.8453670740127563 205 194 157
1.7643486261367798 1.8104944229125977 1.4397904872894287 62 40 8
1.819523811340332 1.8100603818893433 1.503796100616455 207 196 152
1.8016438484191895 2.3699910640716553 1.4424221515655518 42 37 8
1.9649627208709717 1.8188855648040771 1.6699129343032837 88 64 16
2.080030679702759 1.824910283088684 1.8032242059707642 202 190 145
8.30255126953125 -5.304409980773926 9.557079315185547 153 144 127
1.7859364748001099 1.808979868888855 1.4598942995071411 201 194 143
1.3607276678085327 1.4133485555648804 0.9898878335952759 91 69 27
1.7625712156295776 1.8160446882247925 1.4292303323745728 195 181 130
2.126649856567383 1.9437626600265503 1.8412123918533325 104 76 28
1.9084492921829224 2.274263858795166 1.5567820072174072 143 132 101
5.630929470062256 -3.8416824340820312 6.303745269775391 60 53 44
1.8100086450576782 1.8100013732910156 1.4749879837036133 116 100 39
1.7564492225646973 1.9335085153579712 1.404367208480835 15 2 0
2.1561737060546875 1.941100835800171 1.8630627393722534 94 74 14
1.785308837890625 1.8102686405181885 1.4426324367523193 187 175 130
1.2988777160644531 1.3696728944778442 0.9097853899002075 20 9 0
1.7470295429229736 2.322483777999878 1.3613736629486084 27 20 1
2.30228328704834 2.0892863273620605 2.016399621963501 182 167 120
2.183711528778076 1.9659687280654907 1.8825125694274902 111 81 37
1.935864806175232 2.489868640899658 1.5613540410995483 86 78 59
1.7988234758377075 2.281461715698242 1.416403889656067 23 18 6
2.6082677841186523 0.9063458442687988 2.4379465579986572 4 4 20
1.761763572692871 1.8201016187667847 1.4020848274230957 174 162 115
1.761763572692871 1.8201016187667847 1.4020848274230957 174 162 115
1.8152580261230469 2.3933792114257812 1.4213958978652954 29 21 3
1.7779262065887451 1.8023395538330078 1.4184666872024536 185 173 115
1.8093029260635376 2.344519853591919 1.416227102279663 22 16 4
1.8093029260635376 2.344519853591919 1.416227102279663 22 16 4
2.2525978088378906 2.028139591217041 1.941454529762268 99 78 25
1.7759946584701538 1.81139075756073 1.4126405715942383 55 34 2
1.8929084539413452 2.1281325817108154 1.5246294736862183 23 14 10
8.200603485107422 -5.049622058868408 9.230607986450195 42 32 31
1.9838056564331055 2.2107880115509033 1.6161551475524902 122 105 75
2.4366989135742188 0.9440419673919678 2.2229175567626953 55 43 26
2.431861400604248 0.9519250392913818 2.214503049850464 182 160 123
1.9405968189239502 1.897948980331421 1.5872070789337158 185 171 125
1.976711630821228 1.7695235013961792 1.63327157497406 117 95 37
1.8416576385498047 2.050431966781616 1.4602792263031006 114 95 62
1.753071904182434 2.3052985668182373 1.3418329954147339 95 88 62
1.8183884620666504 2.381063938140869 1.4099352359771729 47 33 10
1.8194488286972046 1.8101003170013428 1.4495269060134888 181 164 111
2.444694995880127 0.937520444393158 2.2185215950012207 166 159 144
2.444694995880127 0.937520444393158 2.2185215950012207 166 159 144
1.7969824075698853 2.0765116214752197 1.397857904434204 105 95 70
1.7754385471343994 1.8154528141021729 1.3950645923614502 178 162 116
1.984757661819458 1.8214975595474243 1.6309486627578735 172 158 115
1.7692557573318481 1.8235299587249756 1.3868834972381592 170 160 116
2.0527169704437256 2.000322103500366 1.6896123886108398 175 159 112
1.7735353708267212 1.9459017515182495 1.3777523040771484 43 28 8
1.902113676071167 2.0918216705322266 1.5123822689056396 24 10 6
1.8241559267044067 2.395385980606079 1.4020493030548096 22 12 1
2.4550094604492188 0.9430064558982849 2.210780382156372 145 135 115
1.7720916271209717 1.8240524530410767 1.3752658367156982 43 21 0
1.8226451873779297 2.350403070449829 1.3920050859451294 118 108 78
1.8196347951889038 2.3341357707977295 1.3889579772949219 29 21 2
8.183528900146484 -5.009675979614258 9.025004386901855 120 111 90
1.8263434171676636 2.3785808086395264 1.391456127166748 24 15 1
1.823291540145874 1.80758535861969 1.4260581731796265 31 13 0
2.5604870319366455 0.8658206462860107 2.31142258644104 9 11 25
2.3431403636932373 2.092874526977539 1.976805567741394 83 62 21
4.646839141845703 -4.143904685974121 4.990576267242432 35 33 22
1.334954857826233 1.374207854270935 0.9019444584846497 170 149 95
1.9172331094741821 2.1466500759124756 1.4994219541549683 113 96 66
1.9230905771255493 2.174417018890381 1.5034409761428833 21 13 8
1.8777731657028198 2.22160005569458 1.446386694908142 86 78 54
1.9641187191009521 2.412384510040283 1.5270016193389893 11 8 0
1.8319846391677856 2.3785672187805176 1.3829151391983032 98 91 65
1.977854609489441 1.7886494398117065 1.5832955837249756 175 159 102
1.9685134887695312 2.2855064868927 1.5301222801208496 112 100 76
1.954511046409607 2.269713878631592 1.5191733837127686 99 86 58
8.200444221496582 -5.076185703277588 8.948930740356445 146 140 128
1.9748014211654663 1.677140235900879 1.5797703266143799 178 166 124
1.7942276000976562 1.813431739807129 1.371990442276001 16 8 0
1.7942276000976562 1.813431739807129 1.371990442276001 16 8 0
1.8074891567230225 1.8108720779418945 1.3814479112625122 180 170 122
1.6496962308883667 1.683239459991455 1.214665412902832 169 156 109
1.8638496398925781 2.4044110774993896 1.401100754737854 93 82 57
1.8215909004211426 2.3685877323150635 1.3552179336547852 29 23 8
1.8155452013015747 1.809759497642517 1.385321021080017 171 159 96
1.8912400007247925 2.270639181137085 1.4353281259536743 96 88 70
1.791210412979126 1.8214527368545532 1.3539663553237915 171 155 108
2.6859304904937744 0.9043595194816589 2.3967411518096924 61 66 95
8.337413787841797 -4.976700305938721 9.006304740905762 40 36 35
1.7922427654266357 1.8243327140808105 1.349220633506775 99 85 36
2.444969892501831 2.289490222930908 2.0224945545196533 104 81 28
1.8358180522918701 2.3096606731414795 1.3619107007980347 24 16 6
1.973183512687683 2.3029544353485107 1.5083253383636475 27 16 8
1.8723126649856567 2.408618450164795 1.3925689458847046 16 10 0
1.842060923576355 2.3288393020629883 1.365352749824524 113 101 76
1.7989466190338135 1.9658939838409424 1.3356525897979736 14 4 1
1.9843769073486328 2.335732936859131 1.5041029453277588 107 96 70
1.9594365358352661 1.8167665004730225 1.5139740705490112 168 149 107
1.926855444908142 2.4659945964813232 1.4325863122940063 87 79 58
1.926855444908142 2.4659945964813232 1.4325863122940063 87 79 58
1.7981507778167725 1.8266981840133667 1.3357168436050415 19 7 0
1.8465197086334229 2.3489298820495605 1.353164792060852 23 15 5
1.8150420188903809 2.0710408687591553 1.3354390859603882 31 18 5
8.520580291748047 -5.01673698425293 9.077011108398438 125 119 103
2.249920129776001 1.8251049518585205 1.8205097913742065 91 64 3
2.6922967433929443 0.9612186551094055 2.358445644378662 69 77 108
4.834092617034912 -3.523280382156372 4.980409145355225 156 156 148
1.805374264717102 1.8229920864105225 1.3337047100067139 174 161 108
1.805374264717102 1.8229920864105225 1.3337047100067139 174 161 108
1.8319222927093506 2.0774786472320557 1.340838074684143 102 89 61
1.8319222927093506 2.0774786472320557 1.340838074684143 102 89 61
1.9674135446548462 2.2234435081481934 1.4786152839660645 95 85 57
1.9654154777526855 2.4968678951263428 1.4547585248947144 79 70 48
1.9654154777526855 2.4968678951263428 1.4547585248947144 79 70 48
1.9739453792572021 2.2575435638427734 1.478528380393982 96 87 60
2.0053114891052246 2.361393690109253 1.4987138509750366 91 84 55
1.813305139541626 1.82024085521698 1.332028865814209 22 13 8
1.8128372430801392 1.970051646232605 1.3204436302185059 7 1 5
1.9333891868591309 2.40376353263855 1.4152005910873413 100 88 63
2.0241103172302246 2.3374881744384766 1.504052996635437 10 7 1
1.8546041250228882 2.3143908977508545 1.3321123123168945 18 13 1
2.010277509689331 2.532655954360962 1.4805938005447388 71 64 45
2.010277509689331 2.532655954360962 1.4805938005447388 71 64 45
2.174778699874878 1.830231785774231 1.7024906873703003 170 154 107
2.006295680999756 2.297902822494507 1.486829161643982 87 81 60
1.7516248226165771 1.9197245836257935 1.23470938205719 15 2 0
1.8251796960830688 1.819854736328125 1.3195801973342896 12 3 1
1.9655033349990845 1.825202465057373 1.4662175178527832 110 89 38
1.986101746559143 1.8215794563293457 1.487345814704895 114 93 37
1.8960671424865723 2.346684694290161 1.354577660560608 26 20 9
1.8568469285964966 2.2583794593811035 1.3194509744644165 19 13 1
1.8328746557235718 2.0425047874450684 1.3072965145111084 13 3 1
1.9612795114517212 1.8210835456848145 1.4552665948867798 165 152 99
1.8252335786819458 1.8214442729949951 1.3121148347854614 175 161 110
2.100419044494629 2.45335054397583 1.5592162609100342 84 75 56
1.972105622291565 1.8209434747695923 1.4639099836349487 171 154 105
1.984499454498291 1.9223955869674683 1.4584747552871704 38 24 1
1.9793741703033447 1.8225842714309692 1.4603921175003052 121 107 47
1.9286495447158813 2.1480000019073486 1.385006308555603 92 83 59
1.879695177078247 2.4194319248199463 1.3173073530197144 28 21 10
2.674551248550415 1.0371835231781006 2.237274169921875 11 10 27
1.9971497058868408 1.8518059253692627 1.4721249341964722 167 153 100
2.198030710220337 1.8300811052322388 1.6805020570755005 176 159 113
1.844299077987671 1.8170387744903564 1.3115419149398804 176 160 109
1.8676694631576538 2.233126163482666 1.3063337802886963 13 5 2
2.082408905029297 1.8150780200958252 1.5532913208007812 133 112 59
2.082408905029297 1.8150780200958252 1.5532913208007812 133 112 59
2.132383346557617 2.642516851425171 1.5456377267837524 71 63 44
1.9109472036361694 2.347012996673584 1.3375911712646484 8 3 0
2.002694845199585 2.5270164012908936 1.4202945232391357 21 14 1
2.1516847610473633 1.9916976690292358 1.6052591800689697 117 101 44
2.0413272380828857 2.2638087272644043 1.4645122289657593 88 78 53
1.9700703620910645 2.224958896636963 1.3869845867156982 15 7 2
1.9625449180603027 2.2864508628845215 1.3789148330688477 16 11 5
6.499416351318359 -3.979182720184326 6.463982105255127 103 99 91
2.18255615234375 2.68272066116333 1.5744301080703735 81 73 53
1.8523051738739014 1.8188508749008179 1.2950758934020996 110 85 30
1.8729028701782227 2.1928417682647705 1.2909437417984009 5 1 2
1.8419625759124756 1.830308437347412 1.2816916704177856 17 8 1
1.8521051406860352 2.012023448944092 1.2769075632095337 15 6 0
1.860648274421692 2.036283016204834 1.2781139612197876 10 6 1
1.8718105554580688 2.099536895751953 1.2771974802017212 11 5 0
1.8718105554580688 2.099536895751953 1.2771974802017212 11 5 0
1.8766579627990723 2.138353109359741 1.2762248516082764 9 8 4
1.8766579627990723 2.138353109359741 1.2762248516082764 9 8 4
2.062506914138794 1.9660089015960693 1.4710432291030884 154 143 91
1.8831238746643066 2.1629505157470703 1.2773343324661255 11 5 1
1.8831238746643066 2.1629505157470703 1.2773343324661255 11 5 1
1.9967491626739502 2.4700379371643066 1.364259958267212 20 12 2
2.3595850467681885 1.8322665691375732 1.7700610160827637 171 157 113
2.045196771621704 1.9018300771713257 1.445336103439331 177 168 119
1.8719041347503662 2.039982557296753 1.2643887996673584 22 13 2
1.8719041347503662 2.039982557296753 1.2643887996673584 22 13 2
1.8819270133972168 1.8203574419021606 1.2878555059432983 39 18 0
2.000014543533325 1.8234754800796509 1.4054787158966064 82 60 17
1.8589000701904297 1.8260165452957153 1.262794852256775 171 154 105
1.8813376426696777 2.077286958694458 1.2631336450576782 13 4 1
1.8813376426696777 2.077286958694458 1.2631336450576782 13 4 1
1.8879581689834595 2.1031205654144287 1.2635842561721802 4 6 0
1.891331434249878 2.1386072635650635 1.2644678354263306 18 9 1
1.9721442461013794 2.471416473388672 1.323756456375122 32 24 7
1.9721442461013794 2.471416473388672 1.323756456375122 32 24 7
1.9424989223480225 2.337794065475464 1.2971231937408447 9 5 0
2.2180087566375732 1.7792341709136963 1.6079754829406738 103 74 30
4.135125160217285 -2.854029655456543 3.828397035598755 50 46 39
1.8770936727523804 1.8249095678329468 1.2648141384124756 123 104 50
2.134927272796631 2.028146505355835 1.4968609809875488 45 30 2
4.370078086853027 0.9735938310623169 3.7715470790863037 84 80 75
1.9247887134552002 2.3587088584899902 1.2657562494277954 10 3 0
1.907018780708313 2.175002098083496 1.256334662437439 25 17 1
2.138861894607544 1.8289415836334229 1.4976919889450073 191 175 129
2.1897473335266113 2.1033918857574463 1.5250182151794434 166 152 103
3.613807439804077 0.5632654428482056 3.01025128364563 138 176 195
2.2167892456054688 2.096479892730713 1.5343774557113647 23 7 0
2.042156457901001 1.833238124847412 1.3806074857711792 27 7 1
1.9238084554672241 2.176849842071533 1.2430235147476196 25 18 7
1.9869276285171509 2.3115735054016113 1.2936490774154663 15 12 3
2.2139904499053955 2.0985443592071533 1.5219626426696777 173 161 109
1.9866814613342285 1.8806819915771484 1.3132539987564087 163 149 108
3.6039156913757324 0.5207850337028503 2.957575559616089 109 156 177
3.614388942718506 0.5397440195083618 2.960831880569458 108 155 173
3.614388942718506 0.5397440195083618 2.960831880569458 108 155 173
4.088545322418213 -3.111647844314575 3.6608729362487793 106 104 89
4.088545322418213 -3.111647844314575 3.6608729362487793 106 104 89
2.0130631923675537 1.8879857063293457 1.3288383483886719 164 151 108
1.9337220191955566 2.145024538040161 1.2321105003356934 15 6 0
2.228337049484253 2.1029348373413086 1.5159227848052979 148 140 94
1.9300750494003296 2.107410430908203 1.2293674945831299 10 1 0
2.2120201587677 2.1033802032470703 1.4987902641296387 157 147 96
2.2120201587677 2.1033802032470703 1.4987902641296387 157 147 96
3.635868549346924 0.5719440579414368 2.9526188373565674 130 172 191
3.635868549346924 0.5719440579414368 2.9526188373565674 130 172 191
1.6468226909637451 1.5530959367752075 0.9891888499259949 44 27 7
3.6629364490509033 0.8076878190040588 2.9601240158081055 23 34 35
1.930080771446228 2.0835742950439453 1.2264297008514404 6 3 0
3.6369411945343018 0.5606882572174072 2.94425106048584 210 228 241
2.0334348678588867 1.8271362781524658 1.3370524644851685 41 24 11
1.9133094549179077 1.8370442390441895 1.221444010734558 23 10 0
2.171298027038574 1.859808087348938 1.4585291147232056 116 91 34
3.9615938663482666 -3.4702939987182617 3.5055694580078125 220 212 193
2.4431698322296143 2.2695930004119873 1.6871510744094849 24 9 4
1.9484872817993164 2.1696507930755615 1.2233225107192993 6 1 0
1.9484872817993164 2.1696507930755615 1.2233225107192993 6 1 0
3.673919439315796 0.7272849082946777 2.945446729660034 125 163 178
4.049158096313477 -2.7590885162353516 3.529114007949829 212 208 199
2.129307270050049 1.9721593856811523 1.4026896953582764 174 162 115
1.931418538093567 1.8268483877182007 1.2264336347579956 173 157 105
2.3661723136901855 2.1941640377044678 1.6117998361587524 30 15 2
3.145332098007202 0.8468353152275085 2.432122230529785 207 206 202
3.663479804992676 0.7792311906814575 2.9252431392669678 152 181 196
3.476323366165161 0.4802532196044922 2.7606966495513916 117 164 189
2.088155508041382 1.9493489265441895 1.3601762056350708 168 156 107
2.3194587230682373 1.8371552228927612 1.5816420316696167 132 117 71
1.927024245262146 1.835472822189331 1.2134336233139038 90 71 17
3.3344550132751465 0.4734089970588684 2.624112129211426 119 164 184
3.658294439315796 0.529857873916626 2.9227499961853027 119 164 184
2.4725558757781982 2.271284818649292 1.6965361833572388 157 147 94
1.9452704191207886 2.0830094814300537 1.2122184038162231 14 11 1
3.6849732398986816 0.7139766812324524 2.930586338043213 126 164 181
2.176011562347412 1.9889867305755615 1.4293214082717896 161 154 103
3.3711674213409424 0.522462010383606 2.6429595947265625 205 228 241
3.6967811584472656 -4.903626918792725 3.305586576461792 189 178 157
2.105581283569336 1.8827650547027588 1.367615818977356 52 30 7
1.9389879703521729 1.8327159881591797 1.2103317975997925 58 36 3
1.950507402420044 1.8238728046417236 1.2193552255630493 153 138 84
2.438060760498047 2.567431688308716 1.6137703657150269 83 73 54
2.2924163341522217 2.405240535736084 1.4909534454345703 83 73 54
3.6697585582733154 0.48858001828193665 2.8877062797546387 111 157 181
4.094815254211426 0.5664802193641663 3.2574424743652344 216 232 243
4.094815254211426 0.5664802193641663 3.2574424743652344 216 232 243
3.536904811859131 0.5500882863998413 2.746525526046753 198 224 241
4.059971809387207 0.6506343483924866 3.2228124141693115 191 217 234
1.9524518251419067 1.8340235948562622 1.2039076089859009 148 132 80
2.6513895988464355 2.3907558917999268 1.807238221168518 147 134 83
3.692089080810547 0.5227929353713989 2.876275062561035 122 161 179
4.07582950592041 0.74078369140625 3.2131145000457764 123 166 187
3.6936113834381104 0.625154972076416 2.8706274032592773 118 159 180
2.0068745613098145 1.8278168439865112 1.2427703142166138 22 5 0
2.275341033935547 1.7813034057617188 1.490471601486206 95 79 28
1.977161169052124 1.8247336149215698 1.2136924266815186 168 153 108
1.9565876722335815 1.840767741203308 1.1924469470977783 21 12 5
1.953783631324768 1.8442732095718384 1.1892255544662476 158 138 88
4.229644298553467 0.6020844578742981 3.3435864448547363 194 213 226
4.104089736938477 0.6749123334884644 3.22304630279541 206 226 226
4.066065788269043 0.7137425541877747 3.1900930404663086 251 254 255
1.9810643196105957 1.827260136604309 1.211292028427124 160 143 96
3.6955530643463135 0.4467824697494507 2.8554348945617676 117 162 187
3.6044578552246094 0.7762711644172668 2.7289061546325684 11 31 45
3.6044578552246094 0.7762711644172668 2.7289061546325684 11 31 45
2.4922049045562744 1.8424443006515503 1.6552388668060303 161 145 105
2.3284711837768555 1.8116307258605957 1.5088657140731812 145 131 87
1.9856160879135132 1.8299473524093628 1.1969491243362427 45 23 1
1.9856160879135132 1.8299473524093628 1.1969491243362427 45 23 1
3.580803632736206 0.30934613943099976 2.7270493507385254 246 242 232
3.607985019683838 0.33897462487220764 2.7480921745300293 71 74 86
3.5785305500030518 0.20532570779323578 2.693446636199951 24 23 19
3.5797677040100098 0.2060251533985138 2.694105863571167 39 39 35
2.4144704341888428 1.8428447246551514 1.544996738433838 86 68 19
3.2316906452178955 2.759950876235962 2.2033867835998535 39 21 2
4.0750041007995605 2.853663682937622 2.9302921295166016 111 104 95
3.443352460861206 0.6369950771331787 2.5100176334381104 34 22 21
3.423628807067871 0.49953949451446533 2.4865715503692627 4 39 124
3.4532408714294434 0.6037747263908386 2.5058658123016357 196 195 202
3.462456703186035 0.829400897026062 2.497500419616699 25 18 17
3.424694776535034 0.5667662620544434 2.4804635047912598 159 174 206
4.293717384338379 3.593315601348877 3.043870449066162 144 132 85
2.431396245956421 1.8420268297195435 1.526800513267517 65 43 3
3.4866654872894287 0.613379716873169 2.5221710205078125 170 173 178
3.431208372116089 0.5789005160331726 2.46205472946167 12 55 152
2.495590925216675 1.8403544425964355 1.5720442533493042 71 56 14
2.527151346206665 1.8457695245742798 1.5913771390914917 69 47 9
3.446220874786377 0.5771310329437256 2.443289041519165 142 152 158
3.446220874786377 0.5771310329437256 2.443289041519165 142 152 158
3.447138786315918 0.5439942479133606 2.44511342048645 171 172 190
3.45110821723938 0.5891599059104919 2.444533348083496 24 66 166
2.3664026260375977 0.8892700672149658 1.4837545156478882 43 54 65
2.5359647274017334 1.8443814516067505 1.5465047359466553 73 56 32
38.299095153808594 25.91514778137207 29.674461364746094 86 79 68
3.0312747955322266 0.821041464805603 1.9556957483291626 147 160 134
3.077519416809082 0.7922261357307434 1.9393049478530884 193 193 184
2.1291158199310303 0.9146769642829895 1.1718215942382812 152 142 122
2.989243507385254 0.4858691394329071 1.8658952713012695 70 84 59
1.8584179878234863 1.8037251234054565 1.7364510297775269 218 206 160
1.8241393566131592 2.69758939743042 2.3786580562591553 124 113 97
1.682100534439087 2.650320529937744 3.2520761489868164 117 106 84
1.685471773147583 2.6539528369903564 3.2568039894104004 117 106 84
3.6790034770965576 0.5418726801872253 2.8643574714660645 126 164 181
3.6790034770965576 0.5418726801872253 2.8643574714660645 126 164 181
3.7086827754974365 0.5039518475532532 2.8904786109924316 120 160 180
1.7550984621047974 2.6688334941864014 3.2516157627105713 132 120 95
3.5019211769104004 0.6105666756629944 2.7462477684020996 133 168 186
1.6485462188720703 2.6537394523620605 2.9169790744781494 126 118 100
0.8881377577781677 1.162466049194336 3.3156681060791016 22 31 38
2.816673517227173 1.6425104141235352 5.571377754211426 71 71 74
0.7710838913917542 0.9584981799125671 2.9210479259490967 75 88 90
1.9164010286331177 3.4583616256713867 5.114242076873779 118 110 85
1.4893323183059692 2.6072778701782227 3.693056344985962 160 152 133
2.5196094512939453 2.804182291030884 3.9271676540374756 134 125 110
1.5354214906692505 2.616588592529297 3.373400926589966 122 114 95
1.5354214906692505 2.616588592529297 3.373400926589966 122 114 95
1.6760108470916748 2.650132179260254 3.6348795890808105 125 117 95
1.6760108470916748 2.650132179260254 3.6348795890808105 125 117 95
1.696276307106018 2.6510465145111084 3.6635196208953857 156 149 135
1.2370645999908447 2.5538008213043213 3.5915844440460205 160 151 134
1.5192160606384277 2.6191768646240234 3.00915265083313 122 114 92
4.572055816650391 -4.770318031311035 5.549482822418213 91 86 67
0.9636378288269043 2.4760308265686035 3.865985155105591 156 146 132
4.6659955978393555 -3.7065677642822266 4.916038513183594 115 116 100
2.9804275035858154 1.6790399551391602 5.537302017211914 69 80 80
3.381420850753784 0.5835236310958862 2.632453203201294 131 168 184
1.8851914405822754 2.1900503635406494 1.730793833732605 150 133 101
1.8851914405822754 2.1900503635406494 1.730793833732605 150 133 101
0.29888322949409485 1.4411855936050415 1.34248685836792 154 142 126
1.7986338138580322 2.6934871673583984 2.501368761062622 101 93 73
2.2657063007354736 2.7761592864990234 2.8466556072235107 94 87 69
1.6104413270950317 2.6336441040039062 3.820706605911255 113 102 79
