ply
format ascii 1.0
element vertex 2051
property float x
property float y
property float z
property uchar red
property uchar green
property uchar blue
end_header
-2.9540836811065674 0.7090645432472229 4.505115509033203 129 129 129
-2.9540836811065674 0.7090645432472229 4.505115509033203 129 129 129
-2.962146043777466 -0.48239055275917053 4.543783664703369 124 123 119
-2.939373254776001 0.6994163990020752 4.518947124481201 69 69 71
-2.9027063846588135 1.4539014101028442 4.482481002807617 114 103 101
-2.9027063846588135 1.4539014101028442 4.482481002807617 114 103 101
-2.8989222049713135 1.4859004020690918 4.477804183959961 29 27 27
-2.908667802810669 1.3088223934173584 4.495429515838623 95 81 78
-2.9257187843322754 1.692578673362732 4.5232744216918945 44 40 37
-2.898423671722412 1.6914238929748535 4.482007026672363 106 105 103
-2.88803768157959 1.0679274797439575 4.477081775665283 51 45 45
-2.899080991744995 0.2596103847026825 4.502532482147217 94 96 100
-2.8713178634643555 2.252044677734375 4.4654436111450195 28 24 23
-2.8928914070129395 0.4467468559741974 4.504298210144043 105 104 110
-2.8928914070129395 0.4467468559741974 4.504298210144043 105 104 110
-2.869415760040283 2.0852818489074707 4.469429016113281 102 99 93
-2.8669421672821045 1.5909889936447144 4.503868103027344 124 124 121
-2.853806495666504 1.8821306228637695 4.494292736053467 31 29 27
-2.889603614807129 -0.7467688322067261 4.561883926391602 90 88 93
-2.8330116271972656 1.879776120185852 4.492330074310303 39 37 37
-2.839442014694214 1.4492837190628052 4.506657600402832 79 69 67
-2.839442014694214 1.4492837190628052 4.506657600402832 79 69 67
-2.834688186645508 1.4369628429412842 4.506948947906494 107 102 99
-2.818755865097046 0.7743791937828064 4.5036187171936035 116 112 111
-2.805893659591675 2.066258430480957 4.4870758056640625 34 30 31
-2.811580181121826 1.4661060571670532 4.497455596923828 109 103 99
-2.808018207550049 0.6486415863037109 4.512264728546143 118 114 111
-2.7749292850494385 1.4813493490219116 4.467337608337402 31 28 29
-2.772136688232422 1.3021440505981445 4.479308605194092 103 100 99
-2.8306334018707275 -0.7476577162742615 4.573432445526123 232 222 217
-2.8014402389526367 0.5998769998550415 4.534641265869141 56 56 57
-2.7806410789489746 0.6548429727554321 4.501899242401123 113 109 106
-2.8144824504852295 -0.6998158097267151 4.56110143661499 86 71 70
-2.813350200653076 -0.7621990442276001 4.561899185180664 78 72 69
-2.7825708389282227 0.6834560036659241 4.51329231262207 101 100 98
-2.7722060680389404 1.536056637763977 4.503985404968262 115 114 112
-2.7675905227661133 1.2912390232086182 4.517145156860352 28 27 28
-2.7847306728363037 -0.8131309747695923 4.551619052886963 40 43 52
-2.753720998764038 1.1500426530838013 4.5023088455200195 26 24 27
-2.797041416168213 -0.7091576457023621 4.58010196685791 160 134 131
-2.7546591758728027 1.3046181201934814 4.512257099151611 113 111 109
-2.742769241333008 2.069204807281494 4.4991912841796875 39 35 32
-2.7699522972106934 0.5706251263618469 4.556820869445801 253 253 251
-2.773162603378296 -0.8484658598899841 4.57928991317749 84 89 92
-2.7189807891845703 1.2927531003952026 4.492340087890625 40 31 31
-2.7302563190460205 1.6983332633972168 4.512853145599365 130 130 128
-2.7302563190460205 1.6983332633972168 4.512853145599365 130 130 128
-2.70062255859375 2.039003849029541 4.480304718017578 103 99 96
-2.6927950382232666 2.0547189712524414 4.4716572761535645 34 30 27
-2.71846079826355 -0.868475615978241 4.519853591918945 39 41 50
-2.7426860332489014 0.4656943380832672 4.564495086669922 141 132 129
-2.7569363117218018 -0.5451925992965698 4.594437122344971 64 60 59
-2.7569363117218018 -0.5451925992965698 4.594437122344971 64 60 59
-2.701624870300293 1.8891350030899048 4.509243965148926 116 114 113
-2.6907546520233154 1.6648893356323242 4.492483139038086 145 145 143
-2.729090929031372 -0.7388956546783447 4.5801568031311035 177 152 148
-2.729090929031372 -0.7388956546783447 4.5801568031311035 177 152 148
-2.6788575649261475 1.3118332624435425 4.499404430389404 97 92 88
-2.676098585128784 1.6004189252853394 4.5034942626953125 90 86 83
-2.723818778991699 -0.851406455039978 4.586946964263916 93 93 92
-2.6713573932647705 0.8079008460044861 4.5013747215271 76 76 74
-2.6556832790374756 1.4712793827056885 4.5009026527404785 70 44 43
-2.6780734062194824 0.6401875615119934 4.542815685272217 68 66 67
-2.662684679031372 2.2683210372924805 4.519814968109131 41 37 36
-2.699228048324585 0.4186415672302246 4.583064079284668 78 73 70
-2.6855859756469727 -0.8156195878982544 4.571585178375244 43 44 56
-2.690070152282715 -0.7395464777946472 4.582752704620361 187 164 158
-2.6516215801239014 2.067680597305298 4.5346174240112305 98 94 93
-2.6379666328430176 1.3176758289337158 4.515108108520508 108 103 100
-2.621368646621704 0.791556179523468 4.505001544952393 138 134 131
-2.6285674571990967 1.6763379573822021 4.533504009246826 146 142 141
-2.630260467529297 0.6891112923622131 4.538214206695557 118 117 115
-2.6352431774139404 0.4528745412826538 4.56744909286499 94 86 83
-2.60905122756958 1.6046644449234009 4.530505180358887 124 122 123
-2.6506145000457764 -0.24776887893676758 4.625251770019531 205 190 185
-2.591609001159668 1.691428542137146 4.526787281036377 49 45 46
-2.6203534603118896 0.44475966691970825 4.58573579788208 135 133 131
-2.672196388244629 -0.5298996567726135 4.6782917976379395 164 145 139
-2.628070592880249 -0.15683966875076294 4.626709938049316 191 172 165
-2.5961904525756836 0.43637263774871826 4.570652961730957 172 168 165
-2.6278998851776123 -0.24805547297000885 4.6278533935546875 236 221 218
-2.5618700981140137 1.326364517211914 4.515761852264404 99 95 87
-2.574270009994507 0.4671589434146881 4.544442176818848 165 162 157
-2.5654489994049072 1.4794765710830688 4.5369086265563965 101 93 91
-2.5768120288848877 -0.808639645576477 4.562882423400879 44 43 49
-2.5160157680511475 2.248596668243408 4.487951755523682 32 28 28
-2.5273356437683105 1.8605890274047852 4.531749248504639 122 120 121
-2.5438003540039062 -0.8141008615493774 4.572530746459961 40 39 47
-2.541076183319092 -0.8346788883209229 4.568624019622803 94 94 96
-2.5379226207733154 0.46761149168014526 4.565013408660889 173 171 166
-2.518617868423462 1.4807747602462769 4.537026882171631 58 52 52
-2.518617868423462 1.4807747602462769 4.537026882171631 58 52 52
-2.5003507137298584 1.1418731212615967 4.5106201171875 55 46 47
-2.5003507137298584 1.1418731212615967 4.5106201171875 55 46 47
-2.5047924518585205 2.3984954357147217 4.519153118133545 101 97 94
-2.497347831726074 0.6457659602165222 4.518218040466309 137 133 132
-2.626896381378174 -0.47161588072776794 4.7532734870910645 45 43 48
-2.5372443199157715 -0.5370092988014221 4.591167449951172 42 40 45
-2.3732337951660156 -0.983913004398346 4.300012111663818 30 30 39
-2.5078396797180176 1.495564341545105 4.544845104217529 33 33 33
-2.494241714477539 1.297049880027771 4.52030611038208 30 25 25
-2.4981658458709717 0.6668630242347717 4.530712127685547 68 68 71
-2.5679450035095215 -0.2901301383972168 4.662728786468506 58 56 57
-2.5679450035095215 -0.2901301383972168 4.662728786468506 58 56 57
-2.4867732524871826 1.5548175573349 4.522106647491455 112 112 110
-2.481687545776367 1.327646017074585 4.524325847625732 36 26 27
-2.554009437561035 0.14569631218910217 4.656005382537842 131 122 123
-2.4727606773376465 1.271834373474121 4.508515357971191 108 99 94
-2.480147123336792 1.493175983428955 4.527720928192139 108 108 107
-2.4985604286193848 0.47826412320137024 4.56265115737915 109 99 97
-2.5066299438476562 -0.8473377227783203 4.578498363494873 80 84 87
-2.469616174697876 1.6790028810501099 4.531667232513428 76 75 76
-2.5184996128082275 0.3912023603916168 4.626956939697266 145 140 137
-2.4557626247406006 1.4937047958374023 4.528175354003906 57 51 51
-2.5320680141448975 -0.24860665202140808 4.673042297363281 254 237 233
-2.4759771823883057 -0.8143151998519897 4.57383394241333 47 48 53
-2.4799115657806396 -0.7493711709976196 4.594296455383301 222 204 198
-2.454644203186035 0.5279064178466797 4.555038928985596 135 121 118
-2.3163251876831055 -1.0003491640090942 4.301548957824707 75 76 79
-2.493926763534546 0.3542177379131317 4.642641544342041 124 122 121
-2.4594650268554688 0.3919075131416321 4.5865559577941895 156 151 150
-2.472447395324707 0.3664708435535431 4.612895965576172 41 41 41
-2.4413366317749023 0.43046125769615173 4.557564735412598 140 133 132
-2.438472032546997 2.2736129760742188 4.553291320800781 24 22 23
-2.438472032546997 2.2736129760742188 4.553291320800781 24 22 23
-2.451460838317871 0.45807120203971863 4.584343433380127 155 148 145
-2.4493837356567383 0.46975645422935486 4.582148551940918 169 164 160
-2.503056764602661 -0.2883656620979309 4.685899257659912 82 72 75
-2.507885694503784 -0.13010527193546295 4.702025890350342 255 252 245
-2.507885694503784 -0.13010527193546295 4.702025890350342 255 252 245
-2.440948247909546 -0.7582316994667053 4.590601444244385 109 90 87
-2.4382007122039795 -0.7468125820159912 4.603661060333252 217 194 180
-2.4382007122039795 -0.7468125820159912 4.603661060333252 217 194 180
-2.4046499729156494 0.46456021070480347 4.550711154937744 165 160 156
-2.4213786125183105 -1.0333609580993652 4.585018634796143 104 104 106
-2.4166929721832275 0.36655735969543457 4.57741117477417 34 30 30
-2.4173617362976074 0.3951997458934784 4.582631587982178 157 149 146
-2.470144510269165 -0.14126187562942505 4.682913303375244 163 146 139
-2.463416814804077 -0.36162200570106506 4.680221080780029 236 215 208
-2.4155259132385254 -0.7306369543075562 4.591236114501953 129 87 75
-2.4100630283355713 -1.0120248794555664 4.5837202072143555 47 45 55
-2.4027099609375 -0.8146854043006897 4.571242332458496 50 48 56
-2.463517189025879 -0.15162333846092224 4.690704822540283 169 150 149
-2.4923665523529053 -0.16973239183425903 4.746679782867432 77 73 74
-2.3968214988708496 0.42272624373435974 4.581789970397949 117 107 106
-2.377373218536377 1.537799596786499 4.546528339385986 131 131 131
-2.4492413997650146 -0.2257756143808365 4.689899444580078 87 83 84
-2.4492413997650146 -0.2257756143808365 4.689899444580078 87 83 84
-2.418623447418213 -0.5451621413230896 4.63657283782959 57 53 55
-2.375650644302368 -0.7850176692008972 4.574842929840088 129 129 127
-2.3533239364624023 1.4895248413085938 4.537766933441162 80 68 69
-2.352306604385376 1.9970026016235352 4.540101051330566 105 105 101
-2.3678219318389893 -0.8108690977096558 4.571314811706543 39 38 44
-2.4459164142608643 -0.04721721634268761 4.735225200653076 215 196 195
-2.3674583435058594 -0.9936037063598633 4.583343982696533 93 94 96
-2.4143192768096924 0.09395039081573486 4.676914691925049 125 106 106
-2.358654022216797 0.6052384376525879 4.575843334197998 142 134 132
-2.3372650146484375 1.56208074092865 4.537047386169434 124 124 124
-2.434926748275757 -0.14203950762748718 4.729459762573242 171 157 155
-2.3453803062438965 1.656579613685608 4.556004524230957 124 125 126
-2.4471435546875 -0.1696896255016327 4.759873390197754 94 84 85
-2.207392692565918 -1.1895259618759155 4.299973011016846 73 73 77
-2.3512158393859863 -0.9014943838119507 4.583892822265625 93 93 95
-2.353097438812256 -1.0320028066635132 4.5888237953186035 95 95 95
-2.4138236045837402 0.13006767630577087 4.708536148071289 254 254 252
-1.9563193321228027 -1.2574307918548584 3.8170828819274902 34 35 40
-2.31778883934021 0.7683143019676208 4.539449214935303 121 116 113
-2.3248045444488525 2.2035937309265137 4.558030128479004 98 94 93
-2.3627266883850098 0.4016188681125641 4.635461330413818 110 102 100
-2.340822219848633 -0.43552032113075256 4.594219207763672 98 94 95
-2.3458683490753174 -0.7464887499809265 4.60725736618042 237 213 204
-2.3458683490753174 -0.7464887499809265 4.60725736618042 237 213 204
-2.368760824203491 0.3287386894226074 4.661959648132324 140 136 135
-2.341521978378296 0.3002204895019531 4.609608173370361 113 109 108
-2.3185055255889893 2.2656261920928955 4.569416046142578 113 110 108
-2.3715157508850098 0.34034496545791626 4.673415660858154 53 49 48
-2.310182571411133 0.6332054138183594 4.560654163360596 86 82 82
-2.3023576736450195 1.0838767290115356 4.547850608825684 39 30 29
-2.3472325801849365 0.3791029453277588 4.647183418273926 121 115 114
-2.261335611343384 -0.7486674785614014 4.478446006774902 91 87 91
-2.413628101348877 -0.17342768609523773 4.780261516571045 105 94 98
-2.297980308532715 1.09458589553833 4.552046775817871 113 108 109
-2.3640997409820557 0.2046290636062622 4.68742561340332 111 102 103
-2.285142421722412 1.1081334352493286 4.531730651855469 96 94 95
-2.285142421722412 1.1081334352493286 4.531730651855469 96 94 95
-2.282423496246338 -0.769121527671814 4.565736770629883 79 74 76
-2.2758517265319824 1.536933183670044 4.552626609802246 140 140 138
-2.269474983215332 0.7213072180747986 4.543657302856445 120 117 117
-2.2676584720611572 2.2488906383514404 4.54435920715332 108 103 101
-2.267479419708252 1.6499601602554321 4.555885314941406 127 127 125
-2.2801995277404785 -0.9301621913909912 4.588674545288086 76 76 79
-2.2715237140655518 1.3143508434295654 4.5745930671691895 23 22 24
-2.260131597518921 1.639446496963501 4.553684711456299 136 135 133
-2.367258310317993 -0.6496233940124512 4.769516468048096 55 46 51
-2.2764341831207275 -1.0842796564102173 4.595846176147461 34 33 39
-2.2819643020629883 0.4828910231590271 4.607868671417236 101 86 83
-2.255845308303833 1.324601650238037 4.560926914215088 88 80 77
-2.248187303543091 -0.8318140506744385 4.566681385040283 94 94 94
-2.267460346221924 -0.7504146695137024 4.608170032501221 193 157 148
-2.243232011795044 1.3093894720077515 4.558849334716797 26 22 20
-2.2550582885742188 0.466898649930954 4.5838141441345215 166 157 150
-2.265167474746704 0.4557558596134186 4.613487720489502 108 94 91
-2.265167474746704 0.4557558596134186 4.613487720489502 108 94 91
-2.2333078384399414 1.561353325843811 4.549534320831299 78 78 78
-2.248284101486206 1.9141572713851929 4.582069396972656 92 90 91
-2.2252306938171387 1.2938849925994873 4.534997940063477 45 38 36
-2.2276618480682373 1.6207510232925415 4.5472893714904785 71 71 69
-2.213632106781006 2.0663676261901855 4.535797119140625 24 24 24
-2.215763568878174 1.2776172161102295 4.540355682373047 37 27 25
-2.2162976264953613 1.3074370622634888 4.541868686676025 116 116 109
-2.3348450660705566 -0.1660165935754776 4.78567361831665 90 80 81
-2.2151453495025635 2.068493366241455 4.541438102722168 24 24 24
-2.224151849746704 1.5303574800491333 4.561013698577881 112 112 112
-1.9699798822402954 -1.2499417066574097 4.060325622558594 82 83 88
-2.199410915374756 0.7913984656333923 4.535643577575684 142 141 139
-2.2375693321228027 -0.852644681930542 4.616188049316406 78 78 80
-2.2780568599700928 -0.14149029552936554 4.7129292488098145 172 152 143
-2.2780568599700928 -0.14149029552936554 4.7129292488098145 172 152 143
-2.1866838932037354 1.8795166015625 4.523995399475098 37 37 36
-2.0802316665649414 -1.0599521398544312 4.325494766235352 44 43 51
-2.1877634525299072 1.4688141345977783 4.550504207611084 55 45 43
-2.1877634525299072 1.4688141345977783 4.550504207611084 55 45 43
-2.201784133911133 1.8991940021514893 4.581506252288818 39 41 38
-2.1910624504089355 1.707283854484558 4.558879852294922 126 126 126
-2.2163116931915283 -0.7202497720718384 4.614161014556885 151 123 119
-2.211496591567993 -0.7455302476882935 4.6133131980896 211 189 185
-2.218982696533203 -0.7361724376678467 4.630129337310791 127 98 93
-2.2935421466827393 -0.13116776943206787 4.803368091583252 79 69 68
-2.227527141571045 -0.6355041265487671 4.6718058586120605 61 47 48
-1.6275907754898071 -1.2522977590560913 3.419419765472412 28 27 38
-2.179990768432617 -1.065256118774414 4.583477020263672 72 76 82
-2.1636078357696533 1.6768817901611328 4.556942462921143 148 144 143
-2.1788980960845947 0.7452408075332642 4.5985517501831055 113 112 110
-2.167285203933716 1.9026602506637573 4.586026191711426 43 43 43
-2.1475210189819336 1.530835509300232 4.547393321990967 135 134 132
-2.1432793140411377 1.6876312494277954 4.5410051345825195 30 30 29
-2.167454242706299 -0.704826831817627 4.594398498535156 54 48 49
-2.2352120876312256 -0.005411357618868351 4.738542556762695 253 253 254
-2.1735239028930664 -0.7218719124794006 4.613020420074463 156 133 128
-2.1210813522338867 2.2840778827667236 4.529751300811768 88 84 83
-2.1221611499786377 1.4186981916427612 4.536108016967773 99 93 93
-2.1563727855682373 0.6493104696273804 4.617583274841309 132 128 127
-2.1401236057281494 -1.065863013267517 4.592740535736084 38 38 47
-1.6828601360321045 -1.3024049997329712 3.6118617057800293 34 34 41
-2.1479365825653076 -0.7498599886894226 4.615900039672852 204 175 169
-2.1445600986480713 -0.8220453858375549 4.61413049697876 47 47 49
-2.132392168045044 -0.741061270236969 4.612951278686523 139 106 96
-2.132416248321533 -0.7243354320526123 4.618890285491943 158 130 119
-2.1669609546661377 0.41137808561325073 4.700429916381836 118 100 98
-2.1070759296417236 2.0576565265655518 4.572305679321289 102 102 102
-2.121520757675171 0.45426446199417114 4.613746166229248 158 144 141
-2.178072214126587 -0.07025182992219925 4.742828369140625 254 254 254
-2.178072214126587 -0.07025182992219925 4.742828369140625 254 254 254
-2.0813992023468018 1.3678553104400635 4.54257345199585 101 96 93
-2.1208853721618652 -0.5070953965187073 4.631477355957031 59 55 54
-1.9611027240753174 -1.0209228992462158 4.287871837615967 110 111 113
-2.0922107696533203 1.5201001167297363 4.578272819519043 98 94 91
-2.151960849761963 -0.33809828758239746 4.722190856933594 63 54 52
-2.076063871383667 2.041639566421509 4.572509288787842 55 53 54
-2.0724854469299316 1.6670185327529907 4.569331645965576 131 131 131
-2.1373822689056396 -0.35520121455192566 4.726859092712402 139 128 126
-2.0598461627960205 1.638568639755249 4.561483383178711 90 86 85
-2.0598461627960205 1.638568639755249 4.561483383178711 90 86 85
-2.1383960247039795 -0.6594155430793762 4.7685160636901855 62 53 54
-2.04620099067688 2.051349401473999 4.573252201080322 119 117 118
-1.9198733568191528 -0.9976717233657837 4.305432319641113 70 77 80
-2.0375919342041016 1.483439326286316 4.572932243347168 131 130 131
-2.1069724559783936 0.40307947993278503 4.732635021209717 226 204 191
-2.0345306396484375 1.8044053316116333 4.5755720138549805 128 128 128
-2.0317373275756836 1.6652992963790894 4.586275100708008 132 132 132
-2.056126594543457 0.532305896282196 4.653201103210449 168 148 142
-2.085045099258423 0.21259857714176178 4.723071098327637 254 253 251
-2.039095640182495 -1.0548182725906372 4.624553203582764 34 37 44
-2.086160182952881 -0.3347233533859253 4.7327561378479 69 58 59
-2.0318546295166016 -1.1014457941055298 4.609898090362549 103 103 105
-2.0259454250335693 -1.068899393081665 4.600143909454346 69 73 78
-2.0072171688079834 1.9105719327926636 4.574524402618408 116 116 115
-2.0760087966918945 -0.037422727793455124 4.734156131744385 194 159 150
-2.048640727996826 0.42559143900871277 4.672149181365967 137 119 117
-2.0269007682800293 0.7182374596595764 4.622488498687744 43 43 43
-2.026679039001465 -0.7412824630737305 4.625879764556885 160 121 113
-2.0140230655670166 -0.8404416441917419 4.610666275024414 109 108 107
-2.0111639499664307 -1.034240961074829 4.604034900665283 98 98 100
-1.9933503866195679 1.4758999347686768 4.565208435058594 136 134 134
-2.0662121772766113 -0.3581988513469696 4.732890605926514 102 88 85
-2.0115957260131836 0.45762985944747925 4.633865833282471 163 153 144
-2.0060431957244873 -0.749618649482727 4.6292572021484375 194 164 156
-2.055480718612671 -0.01770114153623581 4.745616912841797 136 108 104
-1.9776086807250977 1.9112144708633423 4.572078227996826 119 118 116
-1.9797234535217285 1.8945657014846802 4.580281734466553 46 42 41
-2.0295965671539307 -0.6295709013938904 4.733716011047363 206 161 147
-2.0295965671539307 -0.6295709013938904 4.733716011047363 206 161 147
-1.9575035572052002 1.0854803323745728 4.565864086151123 39 37 40
-1.969760775566101 0.6922215819358826 4.595648288726807 123 119 116
-1.9808895587921143 -0.7463226318359375 4.634452819824219 166 130 119
-2.0251357555389404 -0.06816363334655762 4.743418216705322 103 94 95
-1.9638925790786743 -0.9141510725021362 4.609307765960693 36 39 47
-1.9493366479873657 1.5151549577713013 4.578843593597412 138 137 135
-1.9498645067214966 1.800333857536316 4.5902814865112305 91 90 88
-1.9369542598724365 1.3116276264190674 4.5739827156066895 26 20 20
-1.9412918090820312 2.309570074081421 4.590452194213867 102 102 94
-1.928512692451477 1.6980406045913696 4.569029331207275 57 57 57
-1.9470127820968628 0.5292240381240845 4.619793891906738 189 161 149
-1.94050133228302 -1.0339267253875732 4.606505870819092 109 109 111
-1.924377202987671 1.5033981800079346 4.574214935302734 45 40 37
-1.9255882501602173 1.6522812843322754 4.577751159667969 148 148 150
-1.912900686264038 1.5557951927185059 4.575777053833008 129 129 127
-1.9038865566253662 1.8844237327575684 4.56324577331543 52 51 49
-1.9055646657943726 1.3185677528381348 4.5762038230896 95 87 84
-1.9027765989303589 1.4155937433242798 4.584294319152832 63 53 52
-1.924525260925293 0.5408965945243835 4.638034820556641 152 116 107
-1.933734655380249 0.45947006344795227 4.664072036743164 161 152 145
-1.9229793548583984 0.4694277346134186 4.665371417999268 174 163 158
-1.9231370687484741 0.5518080592155457 4.667757034301758 230 201 188
-1.9454267024993896 -0.6477637887001038 4.724294185638428 71 65 65
-1.956234335899353 0.21551690995693207 4.756240367889404 130 114 115
-1.8969969749450684 -1.0770922899246216 4.622879981994629 77 77 85
-1.8897074460983276 0.7442739009857178 4.607670783996582 151 150 146
-1.9053126573562622 -0.9242239594459534 4.652063369750977 41 40 46
-1.8852823972702026 2.050978660583496 4.618736267089844 120 120 118
-1.868543028831482 1.4022397994995117 4.580273151397705 114 114 114
-1.8872498273849487 0.5456017851829529 4.632693290710449 167 132 119
-1.7595635652542114 -1.1069209575653076 4.326961517333984 93 97 101
-1.8795007467269897 0.6409116983413696 4.62575626373291 127 123 122
-1.8785384893417358 -1.04206383228302 4.6264238357543945 119 119 121
-1.7542070150375366 -1.2657164335250854 4.325830936431885 31 34 43
-1.8833563327789307 0.532306432723999 4.66719913482666 197 169 158
-1.8691695928573608 -0.8246626853942871 4.633574485778809 48 48 50
-1.844160556793213 2.0232276916503906 4.588529109954834 124 124 124
-1.924816370010376 -0.10462725162506104 4.789055347442627 110 90 88
-1.8663098812103271 0.5172054767608643 4.662359714508057 105 88 82
-1.8435090780258179 0.7128493189811707 4.622258186340332 39 39 37
-1.8512001037597656 -0.7497379183769226 4.659908771514893 144 133 127
-1.8421051502227783 0.5419323444366455 4.646479606628418 151 118 106
-1.8329609632492065 -0.8503731489181519 4.634516716003418 92 90 93
-1.8411805629730225 0.4652385711669922 4.656064033508301 176 159 152
-1.7172760963439941 -0.9938141107559204 4.346158027648926 36 41 47
-1.889475703239441 -0.1121077910065651 4.792629718780518 253 253 253
-1.889475703239441 -0.1121077910065651 4.792629718780518 253 253 253
-1.8003251552581787 1.6969573497772217 4.569620609283447 54 53 53
-1.7849425077438354 1.6140998601913452 4.581023693084717 79 79 77
-1.8545483350753784 0.3818148970603943 4.76169490814209 240 215 208
-1.8015600442886353 -1.0923066139221191 4.628795623779297 47 47 59
-1.85166335105896 -0.6221632361412048 4.761354923248291 59 45 48
-1.8089699745178223 0.5439535975456238 4.658633708953857 155 116 99
-1.80499267578125 -0.8274238109588623 4.649092674255371 51 54 62
-1.7768243551254272 1.7247048616409302 4.592452049255371 150 148 147
-1.8024513721466064 0.4553651809692383 4.6628570556640625 155 141 133
-1.7686259746551514 1.3488649129867554 4.583641052246094 68 63 60
-1.8330577611923218 0.17425192892551422 4.766546249389648 253 253 253
-1.7773692607879639 -1.0818713903427124 4.63009786605835 72 75 84
-1.7733687162399292 -1.171512484550476 4.625314712524414 39 41 53
-1.75737726688385 1.8572204113006592 4.588741302490234 138 132 132
-1.7570656538009644 1.2923656702041626 4.59049129486084 116 116 114
-1.7581591606140137 1.3156689405441284 4.598495006561279 24 24 24
-1.7581591606140137 1.3156689405441284 4.598495006561279 24 24 24
-1.7509708404541016 2.3016443252563477 4.581653118133545 96 93 90
-1.752020239830017 1.7949893474578857 4.59346866607666 91 81 79
-1.7651872634887695 -1.065895438194275 4.639360427856445 46 49 58
-1.7512069940567017 2.2730984687805176 4.6093854904174805 105 104 102
-1.7564804553985596 -0.9653339385986328 4.632510662078857 45 47 60
-1.733720064163208 1.7230302095413208 4.595854759216309 144 140 139
-1.7342528104782104 1.5748051404953003 4.603875160217285 102 97 98
-1.7342528104782104 1.5748051404953003 4.603875160217285 102 97 98
-1.7351261377334595 2.2215118408203125 4.609591007232666 69 64 61
-1.7289888858795166 1.665097713470459 4.597348213195801 148 148 148
-1.7478700876235962 -0.9163349866867065 4.664139270782471 102 102 109
-1.7226195335388184 1.7413241863250732 4.60693883895874 153 149 148
-1.7259525060653687 1.7560561895370483 4.616846084594727 82 76 76
-1.7228825092315674 1.3046356439590454 4.611098766326904 29 25 25
-1.733075499534607 -0.8278329968452454 4.648102283477783 56 55 63
-1.7055163383483887 1.5674835443496704 4.609177112579346 137 136 134
-1.7358386516571045 -0.7727299928665161 4.692964553833008 85 86 88
-1.7411153316497803 -0.08897247165441513 4.710214614868164 247 212 201
-1.7071614265441895 -1.1033767461776733 4.626772403717041 48 47 60
-1.7255812883377075 0.49885234236717224 4.684284210205078 139 126 124
-1.6981444358825684 1.903182029724121 4.628046035766602 54 54 54
-1.6882725954055786 1.4910061359405518 4.6041436195373535 135 132 131
-1.7071588039398193 -0.7466127872467041 4.6676740646362305 68 66 71
-1.6801159381866455 1.6887768507003784 4.606856822967529 149 148 146
-1.697770595550537 0.5690202116966248 4.662268161773682 253 253 253
-1.7030785083770752 -0.4279513955116272 4.681375026702881 73 71 72
-1.70169997215271 -0.3872959017753601 4.6791558265686035 71 69 70
-1.6969486474990845 -0.2220941185951233 4.667157173156738 224 192 179
-1.7027819156646729 -0.10546921193599701 4.696866989135742 90 80 79
-1.669148564338684 1.7172151803970337 4.613893032073975 163 162 160
-1.6943501234054565 0.3646111488342285 4.68882942199707 61 58 60
-1.686138391494751 0.5356431007385254 4.6695237159729 202 185 179
-1.655678153038025 1.5197936296463013 4.610454559326172 24 22 23
-1.6394946575164795 1.7940304279327393 4.5769853591918945 126 125 125
-1.6469347476959229 1.9021928310394287 4.615750312805176 43 43 43
-1.6393073797225952 1.6906962394714355 4.601286888122559 65 59 59
-1.642297625541687 1.731410026550293 4.613109111785889 153 151 151
-1.6602305173873901 0.548170268535614 4.664497375488281 117 116 117
-1.6420820951461792 2.1218864917755127 4.6172685623168945 119 117 118
-1.6337567567825317 1.5020601749420166 4.6130475997924805 127 122 119
-1.6311832666397095 1.726412296295166 4.624972343444824 146 142 141
-1.6427116394042969 0.6871498227119446 4.670888423919678 77 77 79
-1.6427116394042969 0.6871498227119446 4.670888423919678 77 77 79
-1.6203279495239258 2.0666844844818115 4.624188423156738 129 129 129
-1.6030347347259521 2.311026096343994 4.613199234008789 99 98 96
-1.6023560762405396 1.7276768684387207 4.614430904388428 159 157 158
-1.6016024351119995 1.5035650730133057 4.613284111022949 120 110 109
-1.5987192392349243 1.7155938148498535 4.616510391235352 61 61 61
-1.5930688381195068 2.277409315109253 4.618707656860352 100 99 97
-1.5849895477294922 1.7251179218292236 4.5953569412231445 164 162 163
-1.600138545036316 0.5624496936798096 4.675256729125977 122 121 126
-1.6073343753814697 -0.2526612877845764 4.705183982849121 94 95 103
-1.5990453958511353 0.22156308591365814 4.689697742462158 58 57 63
-1.5696649551391602 1.5056908130645752 4.628819942474365 120 110 108
-1.5537428855895996 2.116302013397217 4.607665061950684 120 118 117
-1.552963376045227 1.920562982559204 4.623954772949219 133 131 129
-1.5515897274017334 1.888032078742981 4.6315131187438965 144 143 143
-1.5457804203033447 1.551776647567749 4.626322269439697 73 63 62
-1.5476672649383545 1.742591381072998 4.633442401885986 150 146 145
-1.5432692766189575 1.1442604064941406 4.662578582763672 55 51 50
-1.5258687734603882 1.5679912567138672 4.630166530609131 91 80 78
-1.531799554824829 0.6793688535690308 4.682950496673584 129 125 124
-1.5240248441696167 -0.7594752311706543 4.661647796630859 87 92 104
-1.501196265220642 1.9069981575012207 4.631951808929443 63 61 62
-1.5023295879364014 1.9002633094787598 4.64583683013916 151 149 150
-1.5023295879364014 1.9002633094787598 4.64583683013916 151 149 150
-1.5110664367675781 0.6293942332267761 4.707602024078369 115 115 115
-1.5110664367675781 0.6293942332267761 4.707602024078369 115 115 115
-1.4803630113601685 1.5833287239074707 4.627844333648682 144 143 141
-1.479027271270752 1.523796796798706 4.628996849060059 22 13 12
-1.4901843070983887 0.6733040809631348 4.713382244110107 69 69 71
-1.4798688888549805 -0.8012694120407104 4.690723419189453 106 106 116
-1.4637712240219116 1.5240360498428345 4.6502685546875 26 16 16
-1.4560309648513794 1.5538711547851562 4.629650592803955 134 129 126
-1.4574285745620728 1.3629932403564453 4.666409015655518 99 90 81
-1.4448949098587036 1.5028144121170044 4.650981903076172 122 114 112
-1.437633752822876 1.5302985906600952 4.649928092956543 33 30 31
-1.4225386381149292 1.6235623359680176 4.641346454620361 143 142 143
-1.4153069257736206 2.131680727005005 4.625491619110107 114 114 114
-1.3984284400939941 1.720676302909851 4.63362979888916 38 38 38
-1.3847569227218628 1.5178744792938232 4.646191596984863 47 34 34
-1.412230372428894 -0.09917960315942764 4.763343811035156 255 255 253
-1.4128822088241577 -0.1737334132194519 4.765790939331055 255 255 254
-1.3781208992004395 1.5004510879516602 4.652805805206299 124 112 112
-1.3749399185180664 1.530579686164856 4.67124080657959 27 14 14
-1.3651739358901978 2.3128745555877686 4.659637928009033 42 38 38
-1.361355185508728 1.564269781112671 4.648149490356445 141 132 133
-1.3589709997177124 1.478143572807312 4.644327640533447 125 119 119
-1.3540246486663818 2.118621349334717 4.657371997833252 15 15 15
-1.352280616760254 1.5362602472305298 4.651742458343506 63 48 43
-1.3474472761154175 1.73047935962677 4.638381004333496 117 113 110
-1.344333529472351 1.883774757385254 4.645963191986084 128 127 125
-1.3373969793319702 2.063999652862549 4.637854099273682 75 64 62
-1.3579801321029663 0.589788019657135 4.71785306930542 80 80 82
-1.3245742321014404 2.0436599254608154 4.639739036560059 70 59 54
-1.3539292812347412 0.5261348485946655 4.753706455230713 191 177 169
-1.31621515750885 1.9921587705612183 4.650088310241699 128 128 126
-1.307036280632019 1.9522590637207031 4.620063781738281 114 113 109
-1.3084893226623535 1.337052822113037 4.630122661590576 115 104 102
-1.3145060539245605 2.289560317993164 4.660017013549805 121 116 113
-1.3014189004898071 2.314777135848999 4.632351875305176 105 98 95
-1.3086177110671997 2.316500663757324 4.670360088348389 31 26 25
-1.2965375185012817 1.5295674800872803 4.639727592468262 104 90 85
-1.3245599269866943 0.5254592895507812 4.747026443481445 186 175 170
-1.2939592599868774 2.0403904914855957 4.6496663093566895 65 50 45
-1.2842493057250977 1.5590919256210327 4.666684150695801 111 91 88
-1.274999976158142 2.326451063156128 4.666064262390137 104 96 92
-1.2718467712402344 1.7272794246673584 4.65836763381958 110 102 100
-1.2780226469039917 0.8427574038505554 4.682121276855469 82 82 80
-1.2864185571670532 0.5264672636985779 4.76109504699707 195 183 181
-1.2589842081069946 1.9777162075042725 4.663812637329102 108 104 101
-1.2364522218704224 1.3446707725524902 4.663381576538086 105 94 90
-1.2270708084106445 1.5574665069580078 4.661171913146973 82 68 65
-1.0894520282745361 2.0123844146728516 4.651168346405029 74 64 62
-1.0188605785369873 1.630295991897583 4.717618465423584 114 108 105
-0.9405710101127625 2.183873176574707 4.6671061515808105 117 121 127
-0.9437074065208435 2.2252445220947266 4.693933963775635 61 59 59
-0.91336989402771 2.395179510116577 4.641076564788818 135 135 133
-0.9140036702156067 2.3197741508483887 4.655364513397217 57 57 55
-0.915823757648468 2.167407512664795 4.673334121704102 134 135 135
-0.9008029103279114 2.665703535079956 4.62825345993042 72 72 72
-0.860190212726593 2.643956422805786 4.6207966804504395 72 72 71
-0.8554282784461975 2.6925137042999268 4.624598979949951 65 65 63
-0.8437803387641907 2.6712071895599365 4.613129615783691 134 136 130
-0.8116600513458252 2.4531900882720947 4.610479831695557 81 81 78
-0.7714686393737793 2.4276351928710938 4.616663455963135 153 153 151
-0.7361037135124207 2.6285223960876465 4.466670513153076 135 135 133
-0.7325226664543152 2.4278347492218018 4.61127233505249 162 163 158
-0.6614977121353149 2.4226832389831543 4.6247477531433105 162 162 160
-0.6614977121353149 2.4226832389831543 4.6247477531433105 162 162 160
-0.5928878784179688 2.409454584121704 4.636159896850586 154 156 151
-0.5769792199134827 2.421748399734497 4.614331245422363 72 72 72
-0.5822809934616089 2.4079487323760986 4.697698593139648 96 100 99
-0.5793865323066711 2.1835007667541504 4.755693435668945 75 67 64
-0.5665146112442017 2.384805917739868 4.7109293937683105 155 167 165
-0.5379771590232849 2.5298962593078613 4.639531135559082 51 51 49
-0.48907825350761414 2.4978275299072266 4.644661903381348 100 101 97
-0.4499925971031189 2.359025478363037 4.6626482009887695 155 154 149
-0.3283067047595978 2.2392337322235107 4.742161750793457 35 31 30
-0.16550932824611664 -0.4238852262496948 4.673292636871338 74 59 60
-0.15447551012039185 -0.21076208353042603 4.674839019775391 127 93 86
-0.11312275379896164 -0.38745740056037903 4.5656208992004395 133 116 109
-0.060794390738010406 2.6216466426849365 4.546803951263428 17 15 16
-0.04021293669939041 -0.44366034865379333 4.374016284942627 179 170 163
-0.02856455184519291 -0.624833345413208 4.341268539428711 104 89 86
-0.018511371687054634 -0.5729392170906067 4.350218296051025 53 52 50
0.07709424197673798 2.644071102142334 4.5799241065979 22 19 15
0.12351183593273163 2.6285526752471924 4.568295001983643 21 21 20
0.16015149652957916 2.609785318374634 4.554082870483398 27 26 24
0.17410212755203247 3.120746374130249 4.599396228790283 17 17 15
0.2455054521560669 -0.7898886203765869 4.287163257598877 174 176 166
0.3918284773826599 0.8034431338310242 3.6727921962738037 78 67 65
0.36807942390441895 -1.2756966352462769 3.3150689601898193 60 50 48
0.38112691044807434 -1.3128665685653687 3.28413724899292 159 152 146
0.38298118114471436 -1.3162100315093994 3.289151191711426 160 153 147
-2.7433784008026123 2.059852361679077 4.447629928588867 122 123 116
-3.0172648429870605 -1.1050878763198853 6.0550923347473145 103 107 110
-3.430274724960327 -2.3990323543548584 8.991180419921875 95 94 99
-2.7350680828094482 2.939800977706909 4.3933186531066895 123 126 113
-2.8197834491729736 -0.7910361886024475 4.506375789642334 140 134 135
-2.7784481048583984 1.6806268692016602 4.456483840942383 121 117 114
-2.879709005355835 -2.461583137512207 4.420952320098877 140 138 134
-2.8118298053741455 1.45125412940979 4.449209690093994 113 103 102
-2.863682508468628 1.8557994365692139 4.434629917144775 11 9 8
-0.9465117454528809 2.458115339279175 4.6643967628479 69 73 74
-1.0105371475219727 0.8320753574371338 4.750154495239258 52 50 51
-1.0655505657196045 -1.9942888021469116 4.7464189529418945 116 110 110
-1.0603002309799194 3.4214017391204834 4.556941509246826 122 121 116
-1.1516426801681519 1.5548306703567505 4.717717170715332 94 87 85
-1.1543567180633545 1.7231239080429077 4.710424900054932 111 110 107
-1.1624191999435425 1.9461238384246826 4.703935146331787 95 92 91
-1.164979100227356 1.737805962562561 4.711464881896973 27 23 20
-1.2327275276184082 2.131863594055176 4.692773342132568 30 28 29
-1.257590413093567 0.35317444801330566 4.780981063842773 253 253 253
-1.2896208763122559 1.72199547290802 4.6905083656311035 126 119 116
-1.3109593391418457 1.4993945360183716 4.687686920166016 134 128 127
-1.3020899295806885 3.1779069900512695 4.584336757659912 115 117 106
-1.3201600313186646 0.6808302402496338 4.732748031616211 145 146 142
-1.328193187713623 1.921349048614502 4.683252811431885 61 56 54
-1.3485785722732544 1.9237662553787231 4.6778388023376465 68 64 64
-1.3485023975372314 2.1415774822235107 4.675112247467041 113 109 106
-1.3617531061172485 1.524764060974121 4.6740593910217285 112 103 101
-1.3618576526641846 1.7225947380065918 4.669369697570801 130 126 125
-1.3607035875320435 2.1061654090881348 4.671517848968506 118 117 115
-1.3779001235961914 1.7207696437835693 4.669647216796875 136 133 131
-1.393402338027954 0.5021675825119019 4.747950077056885 254 255 254
-1.3889505863189697 1.7320067882537842 4.672379016876221 29 27 27
-1.3959734439849854 1.7466514110565186 4.671343803405762 131 128 129
-1.3973201513290405 2.1446731090545654 4.674474239349365 120 119 115
-1.4124044179916382 1.456941843032837 4.672466278076172 124 121 118
-1.4106948375701904 1.8795043230056763 4.666772365570068 76 75 75
-1.4093356132507324 2.1761860847473145 4.665067195892334 48 48 49
-1.4087293148040771 2.2304415702819824 4.669906139373779 40 40 40
-1.4228140115737915 1.4477301836013794 4.669274806976318 33 30 31
-1.413263201713562 2.2800567150115967 4.666873455047607 51 51 53
-1.4136861562728882 2.2601184844970703 4.671436309814453 53 53 55
-1.4136861562728882 2.2601184844970703 4.671436309814453 53 53 55
-1.4583781957626343 0.6936421990394592 4.7083024978637695 141 137 134
-1.4583781957626343 0.6936421990394592 4.7083024978637695 141 137 134
-1.4896081686019897 0.6908233165740967 4.7083635330200195 135 131 128
-1.4896081686019897 0.6908233165740967 4.7083635330200195 135 131 128
-1.5453861951828003 -1.9635205268859863 4.6790852546691895 104 104 106
-1.5051302909851074 1.569537878036499 4.652775764465332 150 142 142
-1.5317391157150269 1.1516021490097046 4.651928901672363 111 112 106
-1.5364805459976196 1.5619457960128784 4.6477460861206055 131 126 123
-1.5409165620803833 1.5372569561004639 4.655070781707764 30 29 27
-1.5549030303955078 1.1551023721694946 4.651758670806885 104 104 100
-1.618844747543335 -1.890642523765564 4.663392066955566 124 131 133
-1.621617078781128 -1.9265183210372925 4.6691975593566895 47 56 53
-1.5777848958969116 1.5605214834213257 4.643110752105713 164 162 163
-1.5843870639801025 2.094083309173584 4.643828868865967 126 126 124
-1.6160575151443481 1.3476403951644897 4.640678405761719 116 111 107
-1.621557593345642 1.9098916053771973 4.634347915649414 15 15 15
-1.6333013772964478 1.8931657075881958 4.637587547302246 136 136 136
-1.6465102434158325 1.546744704246521 4.630731582641602 140 139 137
-1.6493240594863892 1.4870754480361938 4.624109268188477 112 111 109
-1.6511977910995483 1.5745269060134888 4.62757682800293 64 57 55
-1.6658328771591187 1.339652419090271 4.624695777893066 106 98 96
-1.6651417016983032 1.64243483543396 4.626181125640869 130 131 133
-1.6679649353027344 1.7065855264663696 4.6241679191589355 42 42 42
-1.7081540822982788 -0.9947046637535095 4.671004772186279 97 102 108
-1.694962501525879 -0.09101025015115738 4.677748203277588 245 214 202
-1.6999400854110718 -0.3344706594944 4.6799774169921875 77 70 72
-1.6837767362594604 1.9933520555496216 4.624087333679199 67 63 64
-1.7476956844329834 -1.881434679031372 4.653962135314941 35 37 44
-1.7344228029251099 -0.7650696039199829 4.68513298034668 127 125 125
-1.778125524520874 -2.3428094387054443 4.5395307540893555 105 100 97
-1.7612078189849854 -1.0269005298614502 4.505871772766113 117 116 121
-1.746683955192566 -0.8539181351661682 4.656986236572266 124 122 123
-1.7781797647476196 -2.2200212478637695 4.6190056800842285 81 77 76
-1.7154823541641235 2.091381311416626 4.61659049987793 149 150 150
-1.7235027551651 1.7075275182724 4.610407829284668 50 44 44
-1.7235027551651 1.7075275182724 4.610407829284668 50 44 44
-1.791500210762024 -2.369694471359253 4.575777053833008 112 105 102
-1.7628262042999268 -0.6779683828353882 4.677947521209717 73 71 72
-1.760630488395691 -0.16099655628204346 4.702162265777588 111 103 101
-1.822196364402771 -0.9952983260154724 4.102936744689941 117 119 120
-1.7576550245285034 1.708333134651184 4.610854625701904 59 50 51
-1.8072320222854614 -1.1397490501403809 4.65257453918457 48 52 54
-1.7628743648529053 1.8245354890823364 4.607242107391357 84 74 73
-1.819010853767395 -1.1095786094665527 4.500498294830322 48 52 57
-1.7730587720870972 1.344217300415039 4.60701322555542 149 148 145
-1.7753801345825195 2.494588613510132 4.6141357421875 55 55 55
-1.7956480979919434 1.3259780406951904 4.615104675292969 90 82 80
-1.922156810760498 -0.734984815120697 3.1550350189208984 125 134 133
-1.922156810760498 -0.734984815120697 3.1550350189208984 125 134 133
-1.8372453451156616 -1.2796850204467773 4.639888763427734 41 40 46
-1.8113410472869873 -0.10419684648513794 4.784458637237549 240 207 194
-1.8173112869262695 0.0818265900015831 4.794726371765137 117 102 101
-1.812864899635315 1.7108583450317383 4.601758003234863 55 54 55
-1.865815281867981 -1.0645761489868164 4.642107009887695 43 42 48
-1.8571311235427856 -0.6452085971832275 4.7504963874816895 204 178 168
-1.8571311235427856 -0.6452085971832275 4.7504963874816895 204 178 168
-1.8430616855621338 0.5329570770263672 4.675267696380615 212 185 174
-1.8409901857376099 0.3884308934211731 4.759174823760986 217 189 180
-1.8647018671035767 -1.1712757349014282 4.8000006675720215 49 49 54
-1.8692569732666016 -0.5275806784629822 4.776430606842041 68 60 61
-1.8607821464538574 1.1350693702697754 4.595780372619629 122 121 121
-1.8607821464538574 1.1350693702697754 4.595780372619629 122 121 121
-1.8545918464660645 1.7018671035766602 4.590869903564453 56 56 58
-1.8538843393325806 1.9030762910842896 4.605658054351807 40 40 38
-1.8973546028137207 0.03979504108428955 4.758854866027832 236 205 194
-1.8986331224441528 0.2530015707015991 4.76025390625 137 119 117
-1.9008629322052002 0.2777675688266754 4.766468524932861 249 244 241
-1.8843669891357422 1.8973884582519531 4.593355178833008 45 45 45
-1.915980577468872 -0.39928314089775085 4.766562461853027 82 67 70
-1.948684811592102 -0.9877513647079468 4.484146595001221 50 51 55
-1.9412894248962402 -0.829657256603241 4.631477355957031 51 50 54
-1.9204591512680054 0.3836240768432617 4.758805751800537 255 238 230
-1.974871277809143 -2.1250522136688232 4.583611011505127 49 46 42
-1.974871277809143 -2.1250522136688232 4.583611011505127 49 46 42
-1.928134799003601 0.4141772985458374 4.751633644104004 92 72 65
-1.9538288116455078 -0.6579617261886597 4.744563579559326 64 52 52
-1.9762309789657593 -0.24775822460651398 3.9825844764709473 72 62 61
-1.936511516571045 0.39411577582359314 4.753749847412109 165 127 115
-1.9722994565963745 -1.4845561981201172 4.626483917236328 38 39 44
-1.9244354963302612 1.7167530059814453 4.587865352630615 135 133 134
-1.9511449337005615 -0.0976574495434761 4.765059947967529 81 73 70
-1.9511449337005615 -0.0976574495434761 4.765059947967529 81 73 70
-1.9539005756378174 0.5185884237289429 4.646576881408691 99 82 75
-1.914383053779602 3.5620651245117188 4.363998889923096 133 134 126
-1.9403637647628784 1.8159397840499878 4.5841827392578125 75 75 75
-2.0185160636901855 -2.790897846221924 4.577527046203613 138 134 133
-1.960929274559021 0.4093068540096283 4.755510330200195 236 210 205
-2.0122225284576416 -1.3886440992355347 4.321811676025391 36 36 43
-2.0020079612731934 -0.8555605411529541 4.623866558074951 55 52 53
-1.9849910736083984 0.25561049580574036 4.753767967224121 141 122 116
-1.9849910736083984 0.25561049580574036 4.753767967224121 141 122 116
-2.0098342895507812 -1.0172816514968872 4.624731063842773 51 50 56
-2.0267539024353027 -1.5049524307250977 4.319474220275879 91 92 94
-2.0308897495269775 -1.3026341199874878 4.0674028396606445 96 97 99
-1.9913731813430786 -0.0837402194738388 4.749534606933594 75 70 69
-2.0114569664001465 -0.8474065065383911 4.632753372192383 128 121 120
-1.992000699043274 0.39423641562461853 4.738701820373535 149 121 117
-2.054774522781372 -0.7081941962242126 3.559419870376587 107 107 109
-1.9967372417449951 1.483426570892334 4.570244789123535 132 132 132
-1.9836382865905762 2.3055381774902344 4.567521095275879 83 82 79
-2.039579153060913 -0.4807150661945343 4.736323833465576 214 171 154
-2.0659658908843994 -1.4578148126602173 4.470248699188232 77 78 81
-2.06352162361145 -1.5130181312561035 4.77569580078125 94 95 97
-2.0536203384399414 -0.74808269739151 4.6409687995910645 132 92 86
-2.041261911392212 -0.033818136900663376 4.742440223693848 189 167 159
-2.0448226928710938 -0.052499111741781235 4.740555286407471 71 61 60
-2.070641040802002 -1.5270262956619263 4.769381523132324 36 37 41
-2.070641040802002 -1.5270262956619263 4.769381523132324 36 37 41
-2.0762312412261963 -1.0920040607452393 4.202052116394043 27 26 31
-2.0720832347869873 -0.8247416615486145 4.611661911010742 52 52 52
-2.08494234085083 -1.352534532546997 4.611143112182617 47 47 51
-2.0752241611480713 -0.7569204568862915 4.637205123901367 191 152 140
-2.0935592651367188 -1.340286374092102 4.192636013031006 103 104 106
-2.0979416370391846 -0.9166066646575928 3.5478811264038086 36 36 41
-2.0739083290100098 -0.4795481264591217 4.736358642578125 70 58 58
-2.1061112880706787 -1.934108018875122 4.597184658050537 86 89 96
-2.1061112880706787 -1.934108018875122 4.597184658050537 86 89 96
-2.0842275619506836 -0.68343186378479 4.736069679260254 205 159 143
-2.10288143157959 -1.2206212282180786 4.457892417907715 35 36 38
-2.1082537174224854 -1.0229520797729492 3.956784248352051 106 105 110
-2.0957086086273193 -0.6972997188568115 4.729230880737305 213 177 164
-2.0882349014282227 0.20957154035568237 4.729918956756592 253 253 251
-2.097899913787842 -0.18142950534820557 4.729708194732666 87 83 82
-2.098735809326172 -0.2665162682533264 4.834771156311035 106 101 98
-2.127270221710205 -1.5065953731536865 4.753257751464844 93 94 98
-2.1084601879119873 -0.35483410954475403 4.731198310852051 56 47 47
-2.095531940460205 0.6484515070915222 4.602336406707764 139 134 131
-2.1161060333251953 -0.5433758497238159 4.638786315917969 48 40 38
-2.1395866870880127 -1.1901501417160034 4.6048760414123535 38 41 45
-2.1403892040252686 -1.114525556564331 4.602756977081299 38 39 41
-2.1309776306152344 -0.33560293912887573 4.735255241394043 57 48 49
-2.120151996612549 0.3925423324108124 4.732137203216553 134 108 101
-2.149346113204956 -1.0041066408157349 4.460480213165283 110 110 108
-2.149660348892212 -0.9365851879119873 4.077353000640869 95 95 97
-2.14680552482605 -0.32894423604011536 4.730709552764893 176 171 169
-2.149763584136963 -0.35560786724090576 4.727129936218262 169 154 149
-2.137606620788574 0.46853742003440857 4.630328178405762 178 163 159
-2.091996908187866 3.3420820236206055 4.393284320831299 80 80 74
-2.1225223541259766 1.597832441329956 4.5487213134765625 132 132 132
-2.1827328205108643 -1.7809861898422241 5.106832504272461 32 33 41
-2.162445545196533 -0.7429590821266174 3.7458040714263916 112 112 114
-2.171602249145508 -0.6542731523513794 4.725893974304199 56 50 50
-2.134427309036255 1.6803759336471558 4.548785209655762 151 148 149
-2.1837027072906494 -1.0198805332183838 4.603564262390137 31 31 33
-2.174003839492798 -0.31668272614479065 4.717555999755859 140 132 121
-2.1394615173339844 2.699856996536255 4.554616451263428 112 114 113
-2.20515513420105 -0.9998852610588074 4.597774028778076 38 37 43
-2.180624008178711 0.5133612751960754 4.6168012619018555 107 88 83
-2.2191481590270996 -1.6037037372589111 4.749723434448242 39 39 44
-2.2004830837249756 -0.29865673184394836 4.714784145355225 72 64 62
-2.2008440494537354 -0.2984144389629364 4.715553283691406 72 64 62
-2.2097244262695312 -0.903869092464447 4.446958541870117 87 87 89
-2.21177339553833 -0.9314028024673462 4.593404293060303 87 87 89
-2.2024550437927246 -0.17844747006893158 4.723264694213867 61 55 54
-2.2063021659851074 0.1498890519142151 4.710690021514893 122 104 101
-2.2063021659851074 0.1498890519142151 4.710690021514893 122 104 101
-2.214958667755127 -0.2512538731098175 4.718668460845947 57 44 44
-2.216024875640869 -0.16398650407791138 4.719606399536133 187 161 151
-2.2359535694122314 -1.428288459777832 4.4440531730651855 32 33 37
-2.2562787532806396 -1.8383065462112427 5.278502941131592 30 30 33
-2.248711109161377 -1.0482211112976074 4.740446090698242 39 38 43
-2.2598915100097656 -1.5581872463226318 4.713919162750244 32 33 38
-2.233721971511841 0.3820599615573883 4.715190410614014 230 207 203
-2.233721971511841 0.3820599615573883 4.715190410614014 230 207 203
-2.251269817352295 -1.2128281593322754 4.171497821807861 100 101 103
-2.2362797260284424 0.35316988825798035 4.709568023681641 214 207 207
-2.2119014263153076 1.7030211687088013 4.544772148132324 133 133 131
-2.2573094367980957 -0.6792267560958862 4.718470573425293 58 48 42
-2.263202667236328 -0.7452377080917358 4.601041316986084 182 145 138
-2.2615442276000977 -0.9252854585647583 4.176486015319824 17 21 26
-2.2908380031585693 -1.6543359756469727 4.903011322021484 43 43 45
-2.270329236984253 -0.8192493319511414 4.581615924835205 46 45 50
-2.2758734226226807 -1.1293408870697021 4.585301876068115 46 45 50
-2.295346260070801 -1.3891019821166992 5.063812732696533 83 83 83
-2.2684202194213867 0.23460103571414948 4.716975212097168 253 253 251
-2.235473871231079 2.2380530834198 4.5378546714782715 65 64 60
-2.3034355640411377 -0.972542941570282 4.900506973266602 38 37 42
-2.336534023284912 -1.9012318849563599 5.465887546539307 34 34 36
-2.309753656387329 -0.6848293542861938 4.6652679443359375 69 59 60
-2.2876906394958496 0.714289128780365 4.573136806488037 36 36 36
-2.338153600692749 -1.2229911088943481 4.731531620025635 31 30 34
-2.3565711975097656 -1.6145492792129517 5.059961318969727 30 29 34
-2.328956127166748 -0.7325909733772278 4.603508472442627 139 97 86
-2.3318562507629395 -0.8473042845726013 4.577915668487549 47 47 48
-2.3318562507629395 -0.8473042845726013 4.577915668487549 47 47 48
-2.3179380893707275 0.2439437210559845 4.717209339141846 103 90 90
-2.3127236366271973 0.5153529047966003 4.600174903869629 101 78 74
-2.3407018184661865 -1.2984434366226196 4.432238578796387 36 36 38
-2.3160600662231445 0.5373606085777283 4.608325958251953 100 79 73
-2.3400471210479736 -0.6029097437858582 4.707990646362305 254 227 211
-2.42561674118042 -1.71645987033844 6.437822341918945 42 42 42
-2.3511152267456055 -0.9295470714569092 4.7335205078125 95 95 97
-2.3583104610443115 -1.1427242755889893 4.5774407386779785 89 89 90
-2.3710436820983887 -1.7049843072891235 4.569723129272461 85 86 88
-2.3116965293884277 1.7038387060165405 4.532009601593018 117 116 114
-2.3695316314697266 -1.1912546157836914 4.7079854011535645 39 38 43
-2.3695311546325684 -1.4916330575942993 4.566357612609863 81 81 83
-2.3695311546325684 -1.4916330575942993 4.566357612609863 81 81 83
-2.3425657749176025 0.37878063321113586 4.69282865524292 59 48 52
-2.364672899246216 -0.7520346641540527 4.601709842681885 215 188 177
-2.379884958267212 -1.5156091451644897 4.571650981903076 40 39 45
-2.379884958267212 -1.5156091451644897 4.571650981903076 40 39 45
-2.3675925731658936 0.181006520986557 4.693776607513428 253 253 251
-2.3883209228515625 -0.11777780205011368 4.740699291229248 253 253 251
-2.4106736183166504 -1.3361257314682007 4.56462287902832 43 42 50
-2.4585087299346924 -1.4848966598510742 5.423445701599121 71 76 79
-2.3839452266693115 0.4664498269557953 4.59779167175293 168 155 149
-2.407562255859375 -0.5883095264434814 4.6932806968688965 52 46 46
-2.3907928466796875 0.3765614926815033 4.688701629638672 49 45 44
-2.4126789569854736 -1.6164042949676514 4.416520118713379 80 81 85
-2.4449071884155273 -0.9968209862709045 5.044922828674316 31 31 33
-2.4130518436431885 -0.07161648571491241 4.724541187286377 253 253 253
-2.383253812789917 1.0767656564712524 4.519440650939941 45 39 39
-2.383253812789917 1.0767656564712524 4.519440650939941 45 39 39
-2.411576509475708 0.535980224609375 4.796719551086426 96 75 69
-2.4293246269226074 0.13979357481002808 4.681905746459961 62 51 49
-2.443072557449341 -0.4343911409378052 4.689086437225342 83 61 61
-2.4441375732421875 -0.5015031099319458 4.679472923278809 236 218 210
-2.4263856410980225 -1.2043100595474243 4.1428375244140625 107 111 114
-2.4536757469177246 -1.06416654586792 4.5584001541137695 78 79 83
-2.4424691200256348 0.05973568931221962 4.684039115905762 77 69 67
-2.4546773433685303 -0.7697491645812988 4.602590084075928 125 119 118
-2.4115333557128906 1.504684567451477 4.514482021331787 146 144 145
-2.415714979171753 1.3092097043991089 4.507896900177002 106 102 100
-2.461836338043213 -0.4579227566719055 4.693243026733398 63 48 49
-2.470982074737549 -1.527384638786316 4.425633430480957 18 19 23
-2.5481743812561035 -1.5365393161773682 5.620969772338867 85 85 86
-2.5910556316375732 -1.1670787334442139 6.410625457763672 54 54 54
-2.47522234916687 -0.5307270884513855 4.683150291442871 109 99 100
-2.47522234916687 -0.5307270884513855 4.683150291442871 109 99 100
-2.4373159408569336 1.3109419345855713 4.510926723480225 112 107 104
-2.4877350330352783 -0.47265586256980896 4.674248218536377 52 45 45
-2.61311674118042 -2.119316816329956 6.111845970153809 41 40 46
-2.443939208984375 1.507660984992981 4.510683536529541 145 143 144
-2.499044895172119 -1.4628461599349976 4.543908596038818 40 40 43
-2.4909331798553467 -0.30730757117271423 4.690603256225586 255 253 250
-2.4986705780029297 -0.4606725573539734 4.675858020782471 73 64 65
-2.4585299491882324 1.3142509460449219 4.513554096221924 109 104 100
-2.45434832572937 2.069643974304199 4.509900093078613 22 23 22
-2.5252437591552734 -1.5962839126586914 4.541678428649902 26 25 30
-2.57480525970459 -1.418531894683838 5.2011871337890625 41 40 44
-2.499345064163208 0.46306511759757996 4.5825886726379395 174 167 161
-2.5271434783935547 -0.41622066497802734 4.674792766571045 70 61 62
-2.521061658859253 -0.046606291085481644 4.676383018493652 171 140 135
-2.557996988296509 -1.4144724607467651 4.843254089355469 47 48 51
-2.557996988296509 -1.4144724607467651 4.843254089355469 47 48 51
-2.5204694271087646 -0.00085628213128075 4.673391342163086 57 51 51
-2.5268802642822266 -0.16659066081047058 4.666717529296875 82 65 65
-2.5471243858337402 -1.0569700002670288 4.690462112426758 96 96 96
-2.587846279144287 -1.1801471710205078 5.204004287719727 96 96 100
-2.527001142501831 -0.8713234663009644 4.404961585998535 98 97 102
-2.5324904918670654 0.0682649165391922 4.650356769561768 88 82 82
-2.546234369277954 -0.1763676404953003 4.670074939727783 199 180 176
-2.546234369277954 -0.1763676404953003 4.670074939727783 199 180 176
-2.558953285217285 -1.4608395099639893 4.5362548828125 35 35 43
-2.550175905227661 -1.620730996131897 4.380229473114014 31 30 35
-2.4901599884033203 2.264965057373047 4.49151611328125 101 101 99
-2.557088613510132 0.1453632414340973 4.661684036254883 138 134 133
-2.5708796977996826 -0.16537714004516602 4.663055896759033 56 47 50
-2.536240816116333 1.6414934396743774 4.492825508117676 149 147 148
-2.6361117362976074 -1.3721765279769897 5.009129047393799 20 19 24
-2.6036863327026367 -0.2138458639383316 4.653568744659424 197 187 186
-2.6137144565582275 -0.4853522479534149 4.650661468505859 133 124 122
-2.7147109508514404 -1.1031190156936646 5.601380348205566 24 23 29
-2.617929220199585 -0.40631598234176636 4.647298336029053 68 50 50
-2.644190788269043 -1.5076879262924194 4.68717098236084 33 33 35
-2.6233184337615967 -0.8949363231658936 4.543763160705566 96 97 99
-2.6270864009857178 -0.4930399954319 4.650610446929932 43 32 31
-2.6263911724090576 -0.2959022521972656 4.636722564697266 233 223 219
-2.570899724960327 2.0386319160461426 4.480177879333496 128 127 125
-2.6279847621917725 -0.11533056944608688 4.636704921722412 141 124 124
-2.6346890926361084 0.16866503655910492 4.637910842895508 133 118 115
-2.651188373565674 -1.3108923435211182 4.526234149932861 110 110 112
-2.639573812484741 0.13707539439201355 4.645789623260498 48 37 36
-2.639573812484741 0.13707539439201355 4.645789623260498 48 37 36
-2.655592679977417 -0.43001464009284973 4.622601509094238 189 166 161
-2.639479637145996 0.6349196434020996 4.531890392303467 70 64 63
-2.6899304389953613 -0.9114371538162231 4.530894756317139 35 38 43
-2.6435039043426514 1.490385890007019 4.473311424255371 114 109 106
-2.608804702758789 3.173293113708496 4.352661609649658 133 134 129
-2.681792974472046 0.6857824325561523 4.515384674072266 124 120 121
-2.741760492324829 -1.9427260160446167 4.498301029205322 39 38 42
-2.6812753677368164 1.298696517944336 4.478475093841553 116 111 111
-2.7456459999084473 -2.107625961303711 4.457651138305664 52 50 51
-2.67915678024292 2.2526988983154297 4.454998970031738 108 107 105
-2.7246828079223633 1.4742155075073242 4.4570393562316895 29 24 27
-2.726166009902954 1.8746907711029053 4.453463554382324 123 122 122
-2.274981737136841 3.427615165710449 4.3384599685668945 74 72 67
-2.2208168506622314 0.6501507759094238 4.661037445068359 131 125 121
-1.8038780689239502 0.7745963931083679 4.631371021270752 138 134 131
-2.3972253799438477 -2.121417999267578 4.5152482986450195 137 125 119
-2.6583092212677 1.5887205600738525 4.4732489585876465 100 96 93
-2.084986448287964 -1.509595513343811 4.462939262390137 40 42 45
-2.7190186977386475 -2.231724262237549 4.457386493682861 156 144 132
-1.8462622165679932 -1.5381309986114502 4.802166938781738 38 37 43
-2.0697429180145264 -0.4378451108932495 4.735718727111816 65 55 54
-2.0867886543273926 -0.8561659455299377 4.19973611831665 84 84 84
-2.876070499420166 -1.5699955224990845 6.342491626739502 87 88 90
-2.4304964542388916 -0.8429000377655029 4.567300796508789 91 90 91
-2.0377681255340576 1.8825349807739258 4.5658440589904785 97 97 97
-2.219907522201538 -1.3446824550628662 4.897520542144775 86 88 87
-2.6169681549072266 1.692639946937561 4.480401039123535 117 113 112
-1.8721437454223633 -1.200972557067871 4.638485431671143 43 43 48
-1.8788539171218872 -1.420353651046753 4.638360500335693 37 37 40
-1.8788539171218872 -1.420353651046753 4.638360500335693 37 37 40
-1.8883323669433594 -1.3302154541015625 4.495306968688965 42 42 44
-1.8810689449310303 -1.371050477027893 4.640038967132568 42 42 44
-2.5060057640075684 -2.1098499298095703 4.503764629364014 150 131 125
-2.5056381225585938 -1.4870586395263672 4.541334629058838 69 70 72
-2.6418533325195312 -1.2783955335617065 4.537736415863037 32 33 38
-1.9221960306167603 -1.2935255765914917 4.628875255584717 84 83 87
-1.9221960306167603 -1.2935255765914917 4.628875255584717 84 83 87
-1.9393256902694702 -2.143415689468384 4.59724235534668 128 113 106
-1.8830196857452393 1.3306623697280884 4.5947089195251465 94 85 83
-2.099426746368408 -0.22275489568710327 4.835909843444824 115 108 106
-2.1331934928894043 -2.1654062271118164 5.09210729598999 35 38 38
-2.161665201187134 -0.7372560501098633 4.623341083526611 125 88 72
-2.16616153717041 -1.3419795036315918 4.921203136444092 40 40 45
-2.5381953716278076 -0.50655198097229 4.675471305847168 55 51 52
-2.5060977935791016 1.0759544372558594 4.508359909057617 26 24 25
-2.150533437728882 -0.901127278804779 4.923008918762207 105 103 102
-2.1540098190307617 -1.2347149848937988 4.460033893585205 74 76 78
-2.1547882556915283 -1.3089960813522339 4.7542619705200195 74 76 78
-2.1109719276428223 -0.04333050921559334 4.729685306549072 95 83 83
-1.9805670976638794 -0.8684071898460388 3.7570204734802246 84 83 88
-1.9698364734649658 -1.3779186010360718 4.324194431304932 94 95 97
-2.610445499420166 -2.3243775367736816 4.475156307220459 154 139 132
-2.13681960105896 -0.8303543925285339 4.46340799331665 47 47 48
-2.149214744567871 -1.6408671140670776 4.600981712341309 30 31 36
-1.9852725267410278 -1.5969479084014893 4.328362941741943 32 35 39
-1.1570448875427246 2.1262872219085693 4.7025580406188965 26 25 23
-1.9958010911941528 -2.1370203495025635 4.57681131362915 133 120 115
-1.260419487953186 1.5645616054534912 4.696017265319824 60 45 43
-1.2794560194015503 1.5613993406295776 4.69620418548584 55 37 33
-1.3391727209091187 1.5965362787246704 4.683549404144287 84 76 74
-1.362242579460144 0.526266872882843 4.736892223358154 180 174 170
-1.3592965602874756 1.5655752420425415 4.677277088165283 59 46 44
-1.947837471961975 1.3179304599761963 4.590547561645508 34 29 28
-2.0016939640045166 -1.4152624607086182 4.331525802612305 82 83 88
-2.1278724670410156 -0.7162700891494751 4.624371528625488 62 47 44
-2.924805164337158 -0.47316455841064453 4.48684549331665 127 127 125
-1.4538131952285767 2.82041072845459 4.6528496742248535 117 124 119
-1.4538131952285767 2.82041072845459 4.6528496742248535 117 124 119
-1.4831740856170654 1.338847041130066 4.669381141662598 36 22 22
-1.5672646760940552 -2.2242605686187744 4.6432600021362305 149 146 142
-1.5366935729980469 -0.2137867510318756 4.697606563568115 96 97 101
-1.5383753776550293 3.070172071456909 4.574936389923096 113 112 110
-1.538397192955017 3.070981740951538 4.57526159286499 113 112 110
-1.584333062171936 0.6369766592979431 4.6848978996276855 136 136 134
-1.6038613319396973 1.544394850730896 4.634731292724609 119 112 110
-1.6611123085021973 -0.4016142785549164 4.676947116851807 132 136 139
-2.7822258472442627 1.4919352531433105 4.461139678955078 102 90 90
-1.778099775314331 -2.19356632232666 4.618978023529053 84 80 79
-1.7259724140167236 1.8969626426696777 4.620043754577637 111 106 104
-1.8243377208709717 -1.0742024183273315 4.517805099487305 45 46 54
-2.294694185256958 -1.445906639099121 4.422292232513428 76 76 79
-2.2114598751068115 2.5228395462036133 4.537561893463135 97 98 93
-2.2789056301116943 0.643979549407959 4.632628917694092 125 121 118
-2.015050172805786 0.5146163105964661 4.6432881355285645 99 89 88
-2.336332082748413 -1.6084450483322144 4.8730645179748535 30 31 35
-2.041069507598877 -0.3418283760547638 4.740530014038086 77 67 68
-2.3543803691864014 -1.7988495826721191 4.565316200256348 88 89 93
-3.173794984817505 -2.129983425140381 8.019938468933105 45 45 47
-2.2684106826782227 -1.5942600965499878 4.907486438751221 69 70 72
-2.0371055603027344 0.39795199036598206 4.742310523986816 164 136 125
-2.023641586303711 1.4413089752197266 4.560654640197754 103 102 98
-2.256239175796509 -1.6091761589050293 4.300747871398926 66 70 73
-2.377861738204956 -0.9360330104827881 4.900367259979248 45 44 49
-2.13512921333313 -1.5070034265518188 4.068593978881836 31 30 36
-1.5595619678497314 -1.2868883609771729 4.639325141906738 88 91 94
-4.478388786315918 -0.3508717119693756 3.6706767082214355 84 65 58
-2.803286552429199 -0.8292384147644043 4.460238456726074 103 107 110
-2.8111374378204346 -0.7132745385169983 4.466639518737793 136 115 114
-2.733180284500122 2.927053689956665 4.3880720138549805 123 126 113
-2.8137905597686768 -1.7668590545654297 4.322874069213867 90 95 99
-3.4253580570220947 2.164200782775879 4.258199691772461 32 26 26
-2.698568344116211 3.6409194469451904 4.197361469268799 141 142 136
-2.7740142345428467 1.6699827909469604 4.419669151306152 121 117 114
-3.429389476776123 1.2326421737670898 4.253955364227295 34 20 20
-2.8285598754882812 -0.7223505973815918 4.46685266494751 254 254 254
-2.828747272491455 -0.7990737557411194 4.456292152404785 41 42 48
-2.8163912296295166 0.5198156237602234 4.499837875366211 138 123 118
-2.7823259830474854 1.8492615222930908 4.416671276092529 22 18 19
-3.413635730743408 1.24600088596344 4.242522716522217 118 99 95
-2.8464484214782715 -0.8725391626358032 4.451595783233643 40 40 43
-3.4243030548095703 -1.1773265600204468 4.136795520782471 253 253 251
-3.4238200187683105 -1.8095285892486572 4.123867511749268 118 113 109
-3.3648431301116943 1.3647311925888062 4.272268295288086 126 113 110
-2.9230873584747314 -1.7967418432235718 4.316565036773682 94 101 103
-2.9230873584747314 -1.7967418432235718 4.316565036773682 94 101 103
-3.351997137069702 1.4230364561080933 4.293476581573486 63 39 37
-2.9226033687591553 -1.814473032951355 4.308207035064697 20 23 28
-2.9192545413970947 0.6780290007591248 4.458784580230713 128 128 128
-3.3344130516052246 0.7558745741844177 4.298558235168457 158 158 158
-2.8942172527313232 2.0370209217071533 4.376822471618652 102 102 93
-2.9426651000976562 2.0344254970550537 4.40434455871582 17 16 14
-2.9689035415649414 2.00321626663208 4.357874870300293 99 95 92
-2.995546817779541 1.418452262878418 4.3648152351379395 107 99 97
-3.0383081436157227 -0.489478200674057 4.405307769775391 78 76 87
-3.0512144565582275 -0.6682605743408203 4.379420280456543 91 87 94
-3.0580554008483887 -0.37876778841018677 4.409573554992676 100 94 98
-3.2321813106536865 0.8339570760726929 4.3327317237854 152 156 157
-3.2234699726104736 0.9585729241371155 4.331223011016846 146 146 146
-3.2234699726104736 0.9585729241371155 4.331223011016846 146 146 146
-3.0113823413848877 1.8375259637832642 4.33587121963501 125 121 119
-3.2106642723083496 1.257071614265442 4.319873332977295 125 116 111
-3.1046314239501953 -1.6779162883758545 4.266082763671875 249 237 231
-3.049485683441162 2.2469794750213623 4.348352432250977 26 20 20
-3.181879758834839 1.476141095161438 4.357316970825195 113 98 92
-3.1803152561187744 1.4756685495376587 4.354055404663086 113 98 92
-1.004125714302063 2.2851710319519043 4.720025062561035 121 123 121
-1.1241971254348755 1.765528678894043 4.759652137756348 109 108 105
-1.1241971254348755 1.765528678894043 4.759652137756348 109 108 105
-1.2057009935379028 1.647462248802185 4.726820468902588 122 122 120
-1.2620989084243774 0.35987597703933716 4.758544921875 253 253 253
-1.2975084781646729 1.5459890365600586 4.726712226867676 39 23 23
-1.3021440505981445 1.5573924779891968 4.723050594329834 96 86 85
-1.3182051181793213 1.5229196548461914 4.710211753845215 124 118 118
-1.4197022914886475 -1.7708302736282349 4.781852722167969 165 152 148
-1.397046685218811 1.3640609979629517 4.71410608291626 97 89 87
-1.3995230197906494 3.0370521545410156 4.586686134338379 120 120 120
-1.4218177795410156 2.3560800552368164 4.725320339202881 118 120 118
-1.4466066360473633 1.942804217338562 4.6834845542907715 137 135 136
-1.540293574333191 -2.0006840229034424 4.723287105560303 104 104 106
-1.5520758628845215 -0.3174722492694855 4.582918167114258 96 95 97
-1.5533146858215332 0.6194375157356262 4.6861138343811035 138 138 138
-1.6175483465194702 -1.9610782861709595 4.7091064453125 47 56 53
-1.5757927894592285 1.551570177078247 4.662727355957031 122 117 114
-1.5699443817138672 2.2441911697387695 4.663771629333496 63 59 60
-1.5699443817138672 2.2441911697387695 4.663771629333496 63 59 60
-1.6109338998794556 1.9075921773910522 4.657737731933594 136 135 134
-1.6091411113739014 2.122404098510742 4.658308029174805 15 15 15
-1.6091411113739014 2.122404098510742 4.658308029174805 15 15 15
-1.6111016273498535 2.8019580841064453 4.6259284019470215 113 113 113
-1.6438193321228027 1.5545850992202759 4.656859397888184 140 139 137
-1.6971174478530884 -0.3191550374031067 4.670180320739746 224 196 187
-1.6956653594970703 -0.08570686727762222 4.675020694732666 245 214 202
-1.7020293474197388 -0.3456021249294281 4.670677661895752 77 70 72
-1.6999098062515259 -0.26350507140159607 4.684739112854004 222 180 164
-1.7031049728393555 -0.3103303909301758 4.701846599578857 243 203 187
-1.6954244375228882 0.13956129550933838 4.724000453948975 252 252 252
-1.681074857711792 1.5435513257980347 4.636019706726074 110 106 105
-1.7472896575927734 -1.899608850479126 4.658261775970459 35 37 44
-1.750306487083435 -1.6186375617980957 4.676736831665039 42 42 50
-1.772762417793274 -2.3978703022003174 4.606933116912842 105 100 97
-1.7523936033248901 -1.2811307907104492 4.66761589050293 94 102 104
-1.7496176958084106 -1.065719723701477 4.667147636413574 117 116 121
-1.740328311920166 -0.03767702355980873 4.706143379211426 240 199 181
-1.7049100399017334 3.0124077796936035 4.531851291656494 123 124 116
-1.7913037538528442 -1.4191348552703857 4.391969680786133 35 36 38
-1.7549687623977661 -0.3842918276786804 4.700400352478027 70 68 69
-1.7549687623977661 -0.3842918276786804 4.700400352478027 70 68 69
-1.7929234504699707 -0.7882338762283325 4.417132377624512 64 63 68
-1.7898939847946167 -1.4960575103759766 4.635808944702148 40 39 45
-1.755816102027893 1.6167240142822266 4.626910209655762 129 128 127
-1.9613999128341675 1.060149908065796 1.836531400680542 94 92 93
-1.773452877998352 0.07212138921022415 4.856128215789795 108 94 91
-1.8059369325637817 -1.149979829788208 4.67856502532959 48 52 54
-1.7793532609939575 -0.2397085428237915 4.888524055480957 246 209 194
-1.792996883392334 -0.533372163772583 4.767551422119141 194 152 133
-1.815986156463623 -0.9947147369384766 4.645471572875977 106 107 110
-1.8020298480987549 0.43154647946357727 4.716842174530029 106 93 90
-1.8450119495391846 -1.7909914255142212 4.646242618560791 41 40 45
-1.8172067403793335 -0.6282172203063965 4.831246376037598 221 185 169
-1.8235678672790527 -0.654369592666626 4.7963056564331055 65 60 59
-1.8496588468551636 -1.203213095664978 4.969967842102051 110 110 112
-1.8524065017700195 -0.6018436551094055 4.778112888336182 72 62 63
-1.8560923337936401 -0.646954357624054 4.776811599731445 204 178 168
-1.8560923337936401 -0.646954357624054 4.776811599731445 204 178 168
-1.8793487548828125 -1.3645788431167603 4.647868633270264 42 41 43
-1.876399278640747 -1.0388864278793335 4.667895793914795 35 35 43
-1.8845372200012207 -1.2721915245056152 4.649441242218018 102 105 106
-1.8970285654067993 -1.0374603271484375 4.649556636810303 45 44 50
-1.9363560676574707 -1.049159049987793 4.131669998168945 24 23 31
-1.8956705331802368 0.043528962880373 4.802952289581299 236 205 194
-1.8944705724716187 0.38576561212539673 4.706082820892334 249 221 216
-1.9008283615112305 0.2486817091703415 4.711320400238037 137 119 117
-1.9134262800216675 -0.36470478773117065 4.886231422424316 81 65 65
-1.8732889890670776 3.776618480682373 4.328460216522217 130 133 125
-1.9425514936447144 -1.0250526666641235 4.653763294219971 50 51 55
-1.9260460138320923 -0.2213345468044281 4.752686023712158 176 162 156
-1.8830362558364868 3.6335763931274414 4.341015338897705 134 132 121
-1.8830362558364868 3.6335763931274414 4.341015338897705 134 132 121
-1.9476290941238403 -0.7460381388664246 4.669556617736816 181 151 141
-1.9752155542373657 -2.1385157108306885 4.558376789093018 49 46 42
-1.9752155542373657 -2.1385157108306885 4.558376789093018 49 46 42
-1.9450563192367554 -0.627531886100769 4.761413097381592 71 65 65
-1.9586039781570435 -1.7258893251419067 4.8977885246276855 34 33 38
-1.968962550163269 -1.0587899684906006 4.620858192443848 38 39 45
-1.95220148563385 -0.09932785481214523 4.740063190460205 81 73 70
-1.95220148563385 -0.09932785481214523 4.740063190460205 81 73 70
-1.9605703353881836 -0.320066899061203 4.768871784210205 208 208 206
-1.956480622291565 0.21374882757663727 4.760189533233643 137 119 116
-2.018670082092285 -2.808603286743164 4.538772106170654 138 134 133
-1.9670825004577637 0.3527947664260864 4.771683692932129 169 159 155
-2.000087022781372 -1.972107172012329 5.231349945068359 37 37 39
-2.0303757190704346 -1.3781564235687256 4.0808424949646 101 102 104
-4.541003704071045 -0.9431113600730896 3.5614280700683594 77 66 62
-2.0091984272003174 -0.9915403723716736 4.6173272132873535 116 116 118
-2.0060248374938965 -0.7429946660995483 4.652780532836914 107 79 78
-2.007988214492798 -0.8283851146697998 4.633198261260986 51 50 51
-2.021453619003296 -0.4221322238445282 4.03398323059082 78 68 66
-1.9927171468734741 0.09370395541191101 4.753769397735596 136 109 102
-2.0541157722473145 -2.694784164428711 4.540213108062744 145 144 139
-4.5587849617004395 1.4910894632339478 3.75364351272583 180 165 162
-4.569804668426514 1.5124897956848145 3.774038553237915 157 139 133
-4.519590854644775 -0.694811999797821 3.60092830657959 93 74 70
-1.9603633880615234 3.2953429222106934 4.441339492797852 144 144 141
-4.530608177185059 0.06898007541894913 3.6529712677001953 88 71 70
-4.557106018066406 1.5060958862304688 3.7602052688598633 156 138 134
-4.529621124267578 0.6680670380592346 3.6850836277008057 114 83 80
-4.515833854675293 -0.950651228427887 3.60274076461792 52 37 36
-4.533360481262207 0.48020097613334656 3.690702199935913 198 180 172
-1.983453392982483 2.3057103157043457 4.567477703094482 83 82 79
-4.517270565032959 0.25044819712638855 3.658174514770508 91 70 69
-4.526014804840088 0.27753952145576477 3.6784913539886475 195 181 170
-4.50899076461792 -0.14546410739421844 3.6354589462280273 79 61 59
-2.0190770626068115 -0.0925706997513771 5.064164638519287 93 84 82
-4.542684555053711 1.4796184301376343 3.7633376121520996 172 155 151
-4.504860877990723 -0.3261704444885254 3.6298484802246094 162 142 133
-4.521178245544434 0.23721809685230255 3.6863224506378174 194 170 163
-2.029003381729126 -0.49760541319847107 5.5434112548828125 210 178 165
-4.532401084899902 1.06328284740448 3.747392416000366 97 77 76
-2.068528652191162 -1.4219781160354614 4.33858585357666 77 78 81
-4.507802486419678 0.4538806080818176 3.692403793334961 91 64 61
-2.0590198040008545 -1.0281124114990234 4.627987384796143 31 32 36
-2.0071706771850586 2.1109471321105957 4.593408584594727 112 111 110
-4.499183654785156 -0.3478001356124878 3.657081127166748 80 65 62
-4.482426643371582 -0.9263229966163635 3.605538845062256 163 143 136
-4.510378360748291 0.6498733162879944 3.7176401615142822 67 52 51
-2.0767486095428467 -1.4011338949203491 4.342160701751709 36 37 41
-2.0767486095428467 -1.4011338949203491 4.342160701751709 36 37 41
-2.0726258754730225 -0.37277209758758545 4.115368843078613 83 71 70
-4.50516939163208 0.6383751034736633 3.729863166809082 185 160 153
-4.5067877769470215 0.8740967512130737 3.742151975631714 104 84 81
-4.509890079498291 1.0655673742294312 3.7587029933929443 183 163 156
-2.0724828243255615 -0.8235621452331543 4.608683109283447 52 52 52
-4.468323230743408 -1.9451006650924683 3.56997013092041 54 42 38
-4.509016990661621 1.0421050786972046 3.7645058631896973 43 27 27
-4.510209083557129 1.2678203582763672 3.776615619659424 162 151 149
-2.0831246376037598 -1.0685969591140747 4.3399553298950195 33 33 35
-4.498178005218506 0.45000630617141724 3.724724531173706 90 64 64
-4.501213550567627 0.8592059016227722 3.750713348388672 197 177 170
-2.079777240753174 -1.0210682153701782 4.630476951599121 43 43 45
-2.075488805770874 -0.7577052116394043 4.644496440887451 191 152 140
-4.476242542266846 0.26393428444862366 3.698801279067993 192 181 171
-4.505369186401367 2.4803035259246826 3.8502001762390137 105 100 92
-2.1060893535614014 -1.9388031959533691 4.5613179206848145 86 89 96
-2.1060893535614014 -1.9388031959533691 4.5613179206848145 86 89 96
-4.433771133422852 -1.7170310020446777 3.5862672328948975 61 48 40
-2.0859291553497314 -0.3545953035354614 4.734813690185547 208 201 197
-2.0999832153320312 -0.8200117349624634 4.6162428855896 34 31 31
-2.09818959236145 -0.17781022191047668 4.725799083709717 87 83 82
-4.44366979598999 0.433309942483902 3.7445294857025146 90 65 63
-2.1007280349731445 -0.27587825059890747 4.650864124298096 106 101 98
-4.415424823760986 -2.0234572887420654 3.5974395275115967 73 60 54
-4.431541919708252 0.038345009088516235 3.7227230072021484 99 78 75
-4.435137748718262 -0.16072288155555725 3.722262382507324 101 82 78
-2.108705520629883 -0.3554612100124359 4.742198467254639 56 47 47
-4.411689281463623 -1.1380220651626587 3.654934883117676 109 82 73
-4.40699577331543 -1.9463987350463867 3.6157333850860596 143 127 114
-2.120370388031006 -0.7511420249938965 4.640439510345459 181 141 133
-2.120370388031006 -0.7511420249938965 4.640439510345459 181 141 133
-4.408416748046875 -0.5555219054222107 3.6850552558898926 79 69 61
-4.408416748046875 -0.5555219054222107 3.6850552558898926 79 69 61
-4.435327529907227 1.0267786979675293 3.807722568511963 190 163 160
-4.408691883087158 -0.34086379408836365 3.7065956592559814 166 144 133
-2.1364450454711914 -1.2478443384170532 4.590285778045654 95 96 100
-4.405418872833252 -0.5438410639762878 3.714796543121338 171 151 142
-4.40730619430542 0.2279912233352661 3.753957748413086 96 70 69
-2.1509199142456055 -1.535492181777954 4.559051990509033 97 101 102
-4.3977556228637695 -0.3791416883468628 3.7180168628692627 164 141 132
-2.1311469078063965 -0.33508506417274475 4.738456726074219 57 48 49
-2.1596338748931885 -2.191816806793213 6.001649856567383 81 85 86
-2.119535446166992 0.6464118361473083 4.627871036529541 130 125 121
-4.405600070953369 0.4348999559879303 3.7807602882385254 212 193 186
-4.406528949737549 0.23703476786613464 3.7746012210845947 201 176 169
-4.393893718719482 0.024991193786263466 3.7426934242248535 66 48 45
-4.375143527984619 -1.9566928148269653 3.636195421218872 56 42 39
-4.366739749908447 -2.0739331245422363 3.618551254272461 141 132 115
-4.3845367431640625 0.009954026900231838 3.7445414066314697 181 153 144
-4.400143623352051 0.8462029099464417 3.8132643699645996 190 159 149
-4.395509719848633 0.7808652520179749 3.803677558898926 196 170 163
-4.393517971038818 0.4148981273174286 3.7888166904449463 107 86 84
-4.3761305809021 -0.5418487191200256 3.7207934856414795 177 153 143
-4.3925461769104 0.630171537399292 3.806119680404663 116 88 84
-4.388166427612305 0.7902089357376099 3.8048183917999268 87 60 56
-2.156693458557129 -0.5885712504386902 4.713857173919678 63 57 54
-4.381527900695801 0.6045194864273071 3.792287826538086 118 87 83
-2.089954137802124 3.3320322036743164 4.399430274963379 80 80 74
-4.392054080963135 0.9894371628761292 3.8394699096679688 38 24 21
-2.122380018234253 1.6071888208389282 4.571567058563232 132 132 132
-4.38400936126709 0.6176550984382629 3.8104395866394043 217 192 187
-4.385670185089111 0.7807692289352417 3.825155258178711 203 173 166
-4.371084213256836 0.022551676258444786 3.7670676708221436 107 81 80
-2.1861178874969482 -1.4379774332046509 4.310189723968506 29 33 36
-4.344365119934082 -1.8666374683380127 3.673536539077759 141 124 118
-2.1845040321350098 -0.8511324524879456 4.628406047821045 101 99 100
-4.359076499938965 0.7448508739471436 3.831251859664917 203 163 155
-4.374161720275879 2.344326972961426 3.9402272701263428 27 24 23
-4.370166778564453 0.7757863402366638 3.860964775085449 192 163 157
-4.351161479949951 0.40397772192955017 3.812269687652588 134 105 99
-2.145197629928589 1.8954403400421143 4.5630364418029785 41 40 38
-4.35886287689209 0.7979776859283447 3.854966402053833 186 163 157
-2.185269594192505 -0.004233864136040211 4.727248191833496 106 95 93
-4.325730800628662 -1.7084215879440308 3.6958770751953125 98 85 82
-4.343409538269043 0.7789890170097351 3.842362880706787 54 35 34
-2.2057552337646484 -0.821100652217865 4.590159893035889 29 29 31
-2.2142245769500732 -1.343990445137024 4.573213577270508 45 46 48
-2.2242624759674072 -1.6316159963607788 4.850095748901367 95 97 98
-4.309625148773193 -1.9189814329147339 3.7017662525177 65 51 50
-2.239471673965454 -1.9333305358886719 5.561926364898682 97 100 101
-4.286158084869385 -2.0003583431243896 3.6586456298828125 135 126 108
-4.313014984130859 0.18230369687080383 3.82167387008667 191 168 162
-4.307047367095947 -0.18456406891345978 3.7992045879364014 74 61 57
-4.302402019500732 -0.5709490776062012 3.774557113647461 101 73 69
-2.2084128856658936 -0.7470510601997375 3.3446996212005615 27 26 31
-4.2794365882873535 -2.075882911682129 3.6805973052978516 42 41 42
-2.181072473526001 1.9086947441101074 4.552193641662598 95 96 96
-4.293697834014893 -0.19628405570983887 3.7969772815704346 169 150 143
-4.305539131164551 0.5317621827125549 3.8519327640533447 227 195 180
-4.30778694152832 0.9525554776191711 3.8815689086914062 35 22 21
-4.320850372314453 2.325795888900757 3.978353977203369 80 80 80
-4.261938095092773 -2.0882441997528076 3.6716127395629883 183 180 179
-4.26235818862915 -2.0143887996673584 3.6930155754089355 76 65 61
-2.2563812732696533 -1.5220730304718018 4.566861152648926 32 33 38
-4.304908752441406 2.1054704189300537 3.9652960300445557 90 86 85
-4.276617050170898 0.028102248907089233 3.8235414028167725 190 165 158
-2.203791379928589 1.6658382415771484 4.525025367736816 123 123 123
-2.2484989166259766 -0.7525225877761841 4.622354507446289 189 155 147
-4.232905387878418 3.2934317588806152 3.896498203277588 130 126 120
-4.277724742889404 0.7433100342750549 3.868027925491333 151 132 125
-4.252922534942627 -2.06172776222229 3.69889235496521 125 113 98
-2.2204127311706543 1.157454013824463 4.554696559906006 35 32 31
-2.243973731994629 0.00451303506270051 4.769259452819824 254 254 252
-4.265694618225098 -1.6877151727676392 3.7553722858428955 70 61 62
-4.265694618225098 -1.6877151727676392 3.7553722858428955 70 61 62
-4.27916955947876 0.7625243663787842 3.895277500152588 161 141 134
-2.233435869216919 -0.7682051658630371 3.341531753540039 37 38 42
-4.276980400085449 0.9320438504219055 3.9071033000946045 58 40 41
-2.24204158782959 -0.969923198223114 3.4968225955963135 31 30 35
-4.255422115325928 -0.37912124395370483 3.809366226196289 96 72 62
-2.2530298233032227 -0.9283413290977478 4.081228733062744 32 31 36
-4.2736968994140625 0.9467571973800659 3.9191367626190186 158 148 145
-2.2603933811187744 -0.319172203540802 4.742005825042725 142 127 121
-2.2603933811187744 -0.319172203540802 4.742005825042725 142 127 121
-4.270629405975342 1.3163392543792725 3.943845510482788 133 128 125
-4.254204273223877 0.3707634508609772 3.8748066425323486 75 50 48
-2.270540714263916 -0.8191677331924438 4.583655834197998 46 45 50
-4.257325172424316 1.2968189716339111 3.936048984527588 21 16 16
-4.253633499145508 0.3584664463996887 3.8879735469818115 159 135 127
-2.207961082458496 2.76202654838562 4.525856018066406 108 110 105
-4.254171848297119 1.103424072265625 3.931899309158325 140 123 116
-4.220547676086426 -2.1150617599487305 3.721287250518799 79 73 73
-4.23792839050293 -0.19551894068717957 3.844298839569092 91 70 65
-2.288630247116089 -1.3423497676849365 4.844895839691162 83 83 83
-2.2239463329315186 2.0781495571136475 4.515444278717041 117 117 117
-4.251485347747803 0.9379042983055115 3.932826519012451 145 121 117
-2.2844982147216797 -0.8426311612129211 4.568316459655762 99 97 98
-4.231114864349365 -0.5704412460327148 3.839519500732422 85 60 55
-4.231114864349365 -0.5704412460327148 3.839519500732422 85 60 55
-4.20928430557251 -2.0805535316467285 3.7362289428710938 144 136 118
-4.20928430557251 -2.0805535316467285 3.7362289428710938 144 136 118
-2.2813568115234375 0.11102905124425888 4.743337631225586 186 173 172
-2.304943323135376 -1.5971211194992065 4.523222923278809 34 34 36
-4.217577934265137 -1.6478861570358276 3.7866830825805664 152 141 138
-2.3049657344818115 -0.5908531546592712 4.676196098327637 173 127 113
-4.214253902435303 -1.6972867250442505 3.801351547241211 142 128 125
-4.201480388641357 -0.20993222296237946 3.8451120853424072 69 48 47
-4.194729328155518 -1.6675854921340942 3.7945363521575928 58 46 40
-4.194729328155518 -1.6675854921340942 3.7945363521575928 58 46 40
-4.166563987731934 -1.856223702430725 3.733004570007324 64 54 52
-4.198208808898926 -0.031676035374403 3.882093667984009 169 147 138
-4.192797660827637 -0.031037701293826103 3.8752710819244385 172 149 141
-4.158852577209473 3.183637857437134 3.961947202682495 74 73 68
-2.2862954139709473 1.5152193307876587 4.521137714385986 142 141 146
-2.30904483795166 0.4689578711986542 4.633117198944092 173 162 158
-2.334507465362549 -1.104161024093628 4.557619094848633 52 52 57
-2.342879056930542 -1.1316214799880981 4.557387351989746 36 36 40
-4.208116054534912 2.0293688774108887 4.047922134399414 88 85 83
-2.3383259773254395 -0.8155190348625183 4.567357063293457 43 42 46
-2.3387529850006104 -0.5927855372428894 4.662619590759277 254 227 211
-4.1835784912109375 -0.024323198944330215 3.9015345573425293 82 64 58
-4.184292316436768 0.8824421167373657 3.9536964893341064 122 104 98
-4.181634902954102 0.33472517132759094 3.926640272140503 152 137 132
-4.179226875305176 0.7049248814582825 3.944929361343384 62 43 41
-4.179226875305176 0.7049248814582825 3.944929361343384 62 43 41
-2.333530902862549 0.1349450945854187 4.679491996765137 254 254 253
-2.326395273208618 -0.10756712406873703 4.362751483917236 178 145 143
-2.3332347869873047 -1.1286181211471558 3.8659021854400635 96 96 96
-2.3677754402160645 -1.6942641735076904 4.5033464431762695 85 86 88
-4.178463935852051 1.2530227899551392 4.016157150268555 28 18 17
-2.3571784496307373 -0.8402155041694641 4.5540080070495605 95 91 90
-2.4617655277252197 0.2860552668571472 7.712691307067871 248 248 246
-4.152997016906738 -0.9395800232887268 3.8640201091766357 71 47 42
-2.3674590587615967 -1.487398624420166 4.524140357971191 81 81 83
-2.3674590587615967 -1.487398624420166 4.524140357971191 81 81 83
-2.3679447174072266 -1.4567534923553467 4.506254196166992 33 32 40
-4.142146110534668 -2.1449811458587646 3.806913375854492 71 62 63
-4.148162364959717 -0.5759177207946777 3.8929264545440674 118 89 81
-2.3389952182769775 0.6021589040756226 4.624783992767334 93 83 81
-2.386345386505127 -1.69535493850708 4.8069844245910645 37 36 41
-2.3610517978668213 -0.022475024685263634 4.84651517868042 81 75 75
-4.15492057800293 0.516836941242218 3.9788625240325928 99 74 72
-2.371569871902466 -0.550412118434906 4.603697299957275 220 200 191
-4.150295257568359 1.0487178564071655 4.005631923675537 119 115 114
-2.349257707595825 -1.008325457572937 3.8577332496643066 19 19 24
-4.1277875900268555 -1.6273541450500488 3.8430120944976807 113 102 96
-2.5106496810913086 0.27925804257392883 7.978424549102783 253 253 251
-4.131008625030518 -0.5793523192405701 3.912562131881714 109 79 74
-4.1210126876831055 -1.938948154449463 3.826967716217041 65 61 59
-4.127303600311279 -0.2202068567276001 3.9237141609191895 90 73 68
-4.12033224105835 -1.4630317687988281 3.8656322956085205 38 28 26
-4.12324333190918 0.6890193223953247 3.971651315689087 36 27 28
-2.344799041748047 1.6894813776016235 4.492905616760254 133 131 132
-4.115914821624756 0.5733894109725952 3.9614644050598145 136 128 126
-2.3848443031311035 -0.7937440872192383 4.2973737716674805 45 49 48
-2.4588656425476074 -1.6122550964355469 5.498473644256592 43 42 50
-2.3856968879699707 -1.2552542686462402 4.0577826499938965 36 35 41
-2.4605603218078613 -1.5219159126281738 5.4947509765625 71 76 79
-2.3871235847473145 0.3703608512878418 4.6122026443481445 49 45 44
-2.408217668533325 -0.7184327840805054 4.591739177703857 168 122 113
-2.4041686058044434 -1.2399623394012451 4.2638397216796875 108 109 111
-2.3644728660583496 1.8928618431091309 4.5092854499816895 110 110 108
-4.098125457763672 0.14541658759117126 3.958251953125 148 133 130
-2.4024245738983154 0.5163089632987976 4.6169023513793945 96 75 69
-4.102478981018066 0.5485917925834656 4.0016632080078125 100 87 87
-4.098038673400879 1.0113451480865479 4.0139594078063965 108 107 105
-2.3972983360290527 0.7681257724761963 4.545024871826172 129 126 121
-4.0905070304870605 -0.9291832447052002 3.9120447635650635 52 44 43
-4.096712589263916 0.3362865746021271 3.9860706329345703 136 126 122
-4.0958967208862305 0.6056461334228516 4.002194881439209 80 74 74
-2.4043266773223877 -0.9326555132865906 4.05598783493042 36 35 40
-4.0975823402404785 0.13613983988761902 3.9862544536590576 88 72 72
-4.072573661804199 -2.0585765838623047 3.837186574935913 72 65 64
-2.4299380779266357 0.14126865565776825 4.6894755363464355 62 51 49
-2.4256296157836914 -1.0356285572052002 4.043696403503418 30 31 36
-4.064092636108398 -0.9296998977661133 3.9277215003967285 49 40 41
-2.4390780925750732 0.45847398042678833 4.614127159118652 132 124 121
-4.056731700897217 -0.4059395492076874 3.9709150791168213 51 47 46
-4.051928520202637 -0.041052836924791336 3.9791712760925293 124 119 116
-2.4602420330047607 -0.4545544385910034 4.668300151824951 63 48 49
-4.048593997955322 -0.05284786969423294 3.98616886138916 29 29 29
-4.046732425689697 0.48109742999076843 4.011935710906982 37 31 28
-2.4660041332244873 -0.4763968586921692 4.673412799835205 233 221 215
-2.4692416191101074 -0.3632732331752777 4.69965934753418 246 210 198
-4.030516624450684 1.56013023853302 4.082101821899414 31 23 24
-2.5629055500030518 -1.6276302337646484 5.881013870239258 85 85 86
-2.5629055500030518 -1.6276302337646484 5.881013870239258 85 85 86
-2.440389394760132 -0.9160097241401672 4.0427069664001465 104 104 104
-2.4790117740631104 -0.7311357855796814 4.598145484924316 110 72 62
-2.4716100692749023 -1.245546817779541 4.272584915161133 92 92 94
-2.4430668354034424 1.502172589302063 4.499104976654053 145 143 144
-2.4940366744995117 -1.4516209363937378 4.477527141571045 40 40 43
-3.9801924228668213 0.6218277812004089 4.059965133666992 54 53 58
-2.496171236038208 -0.458742618560791 4.635849952697754 73 64 65
-2.4998111724853516 -0.28877562284469604 4.674585819244385 93 82 81
-2.5152082443237305 -2.104870557785034 4.410321235656738 138 121 113
-2.4052586555480957 3.6072356700897217 4.263705730438232 135 130 121
-2.4933624267578125 0.5107861757278442 4.582454204559326 90 72 66
-2.5603928565979004 -1.1606484651565552 5.093982219696045 27 26 32
-4.069416046142578 -2.585829973220825 4.179272651672363 38 34 35
-2.5217249393463135 -0.742918848991394 4.563074111938477 180 148 139
-2.5217249393463135 -0.742918848991394 4.563074111938477 180 148 139
-2.7066428661346436 -1.809584379196167 6.841413974761963 29 28 33
-2.5994250774383545 -1.351296067237854 5.436185359954834 33 33 35
-2.5326881408691406 -1.3851964473724365 4.4926042556762695 27 27 30
-2.532543420791626 -0.5870226621627808 4.660579681396484 56 54 56
-2.5300869941711426 -0.17033424973487854 4.712062358856201 82 65 65
-2.5303847789764404 -0.2901810109615326 4.677677154541016 237 227 223
-2.5512681007385254 -0.8925400972366333 4.820420742034912 43 42 46
-3.921851873397827 1.2248680591583252 4.084498405456543 131 122 123
-2.551501989364624 -0.8701505064964294 4.815389633178711 35 35 37
-2.5328710079193115 -1.0209436416625977 4.510127544403076 96 96 96
-2.535555362701416 -0.3731062114238739 4.626300811767578 107 98 99
-2.532761812210083 0.07094681262969971 4.6543989181518555 88 82 82
-2.545328140258789 -1.3084149360656738 4.489380359649658 106 107 109
-2.542123556137085 -0.26811787486076355 4.674868106842041 143 120 117
-3.895784616470337 1.7490900754928589 4.124186992645264 32 31 29
-2.5276620388031006 -1.4848593473434448 4.169702529907227 33 34 38
-2.5749096870422363 -1.6971428394317627 4.45064640045166 15 19 22
-2.5706491470336914 -0.25340142846107483 4.670459270477295 64 56 58
-2.5706491470336914 -0.25340142846107483 4.670459270477295 64 56 58
-2.5543696880340576 0.4468793272972107 4.599886894226074 113 99 96
-2.586921453475952 -2.2811503410339355 4.405905723571777 142 128 123
-2.578001022338867 -0.2932487726211548 4.7088446617126465 116 107 109
-3.7394368648529053 3.632009744644165 3.95097017288208 139 138 133
-2.5254311561584473 1.8664997816085815 4.453712463378906 108 106 107
-2.5492193698883057 1.432251214981079 4.4762797355651855 107 96 95
-2.600053310394287 -1.3227416276931763 4.47914981842041 27 26 31
-2.6287877559661865 -1.4708209037780762 4.7770161628723145 37 37 37
-2.6287877559661865 -1.4708209037780762 4.7770161628723145 37 37 37
-2.5990283489227295 -1.1245102882385254 4.492124557495117 37 37 39
-2.60014009475708 -1.0214824676513672 4.498440742492676 103 103 103
-2.601881742477417 -0.3379504084587097 4.6515374183654785 212 201 197
-2.8909802436828613 -1.4975404739379883 7.518138408660889 24 23 29
-3.804382562637329 -0.12082336843013763 4.102483749389648 195 177 173
-3.8033366203308105 0.7881671786308289 4.174801349639893 128 126 127
-3.788792133331299 0.44993141293525696 4.1632890701293945 219 217 218
-3.7714362144470215 0.4570598602294922 4.152024745941162 106 101 102
-3.72335147857666 2.736435651779175 4.166907787322998 97 96 91
-2.6225709915161133 0.19808800518512726 4.65489387512207 102 89 83
-2.6278929710388184 -0.11918538063764572 4.638754367828369 141 124 124
-2.6208319664001465 0.5202587842941284 4.549957752227783 150 143 138
-2.5841171741485596 2.038963794708252 4.433737277984619 23 22 20
-3.7176997661590576 0.47571122646331787 4.181253910064697 177 167 166
-2.6547234058380127 -0.4263128340244293 4.6150102615356445 189 166 161
-2.7937662601470947 -1.3391404151916504 5.863527774810791 21 21 28
-3.674928903579712 1.2345420122146606 4.174633502960205 124 109 109
-2.699305295944214 -0.9860031008720398 4.792355060577393 84 88 89
-2.66583251953125 -0.17733222246170044 4.577438831329346 138 117 115
-3.6480441093444824 1.5981258153915405 4.193810939788818 102 97 93
-2.678863525390625 0.6073088645935059 4.723453044891357 77 70 68
-2.689931631088257 -1.4374240636825562 4.422403812408447 33 33 34
-2.6661601066589355 0.7066354751586914 4.526401042938232 37 37 38
-2.69587779045105 -2.0687525272369385 4.333531379699707 162 147 139
-2.582559108734131 3.6466541290283203 4.215157985687256 71 71 59
-2.582559108734131 3.6466541290283203 4.215157985687256 71 71 59
-3.6051461696624756 1.0312010049819946 4.185943603515625 121 115 112
-2.70882511138916 -1.8770968914031982 4.370794296264648 161 150 142
-2.681610584259033 0.6857747435569763 4.510293006896973 124 120 121
-3.5458426475524902 2.8706750869750977 4.178926467895508 74 71 66
-2.715834379196167 -0.7973971366882324 4.476170063018799 44 45 49
-2.7261245250701904 -1.912408709526062 4.376480579376221 39 38 42
-2.7282543182373047 -2.070516586303711 4.323337554931641 52 50 51
-3.559393882751465 2.164712429046631 4.245991230010986 26 24 25
-2.6749420166015625 2.053312301635742 4.433815002441406 111 105 104
-2.737441062927246 -1.0370655059814453 4.457650661468506 38 37 43
-2.7399024963378906 -1.4292287826538086 4.396759986877441 27 28 32
-2.7407522201538086 -0.8973766565322876 4.454478740692139 39 38 43
-2.764108419418335 -1.2556345462799072 4.437374591827393 76 76 78
-2.7280030250549316 1.0707879066467285 4.458791732788086 106 106 106
-2.770113229751587 -1.04488205909729 4.477185249328613 39 38 44
-2.780585289001465 -0.8763154745101929 4.450583457946777 95 94 98
-2.7940258979797363 -1.0939639806747437 4.452885627746582 109 109 111
-2.7500486373901367 1.3774384260177612 4.43361759185791 111 100 97
-4.282992362976074 0.4070795178413391 3.8531076908111572 157 124 116
-2.2195193767547607 0.6370640993118286 4.573573112487793 131 125 121
-4.133266925811768 -0.9194208383560181 3.8798317909240723 148 126 125
-2.660205364227295 1.53633451461792 4.44697380065918 75 62 61
-4.1282124519348145 0.01802612468600273 3.9377803802490234 174 148 131
-2.7032182216644287 -2.195513963699341 4.33001708984375 156 144 132
-4.305641174316406 0.7695903182029724 3.855165719985962 64 51 48
-2.229015588760376 -0.8573789596557617 4.578193664550781 108 108 110
-4.115207195281982 -1.2707874774932861 3.89260196685791 131 124 121
-2.6978228092193604 -2.4564356803894043 4.315310001373291 142 128 117
-2.042973279953003 1.4468517303466797 4.55783224105835 76 72 69
-4.287485122680664 -2.038839340209961 3.661771774291992 126 121 102
-2.1783554553985596 1.078248381614685 4.551044464111328 44 34 32
-4.092166423797607 -1.2632161378860474 3.9081151485443115 121 116 113
-2.2148826122283936 -1.2651822566986084 4.566038608551025 86 88 87
-1.880804181098938 -1.384274959564209 4.651688575744629 42 42 44
-1.907640814781189 -1.2297977209091187 4.14282751083374 42 42 44
-3.6536009311676025 2.6853272914886475 4.218920707702637 77 77 75
-2.110995054244995 -0.9831960201263428 3.363715410232544 87 91 92
-2.5422935485839844 3.7428133487701416 4.195763111114502 125 125 117
-2.0968117713928223 -0.8587827682495117 4.349285125732422 42 42 43
-2.1952035427093506 -0.8597372174263 4.340206146240234 39 39 41
-2.0998263359069824 -0.9173294305801392 4.604233264923096 45 44 48
-2.501357078552246 -1.4797379970550537 4.486721038818359 69 70 72
-3.7581260204315186 0.47504571080207825 4.162970542907715 145 141 140
-2.634615659713745 -1.266384243965149 4.469034671783447 32 33 38
-2.1186256408691406 -0.7273900508880615 3.3684499263763428 104 104 106
-3.970146894454956 0.5826953649520874 4.068273067474365 46 46 48
-1.9220417737960815 -1.3015516996383667 4.640868186950684 84 83 87
-1.9220417737960815 -1.3015516996383667 4.640868186950684 84 83 87
-1.9387235641479492 -2.1709818840026855 4.6017303466796875 128 113 106
-2.09871506690979 -0.2544737160205841 4.632755756378174 109 104 101
-2.09871506690979 -0.2544737160205841 4.632755756378174 109 104 101
-3.898578405380249 2.8763954639434814 4.081536769866943 88 88 80
-2.13326358795166 -1.966383934020996 4.553844928741455 35 38 38
-2.576089382171631 -1.4062505960464478 5.068957328796387 79 78 83
-3.8853416442871094 2.870377540588379 4.104712963104248 17 17 19
-2.131402015686035 -2.2144646644592285 5.594968318939209 78 79 83
-2.6900134086608887 -1.3853089809417725 5.427450656890869 34 35 39
-2.68686842918396 -1.5047013759613037 5.4279351234436035 82 82 84
-2.5322840213775635 0.47728589177131653 4.602336883544922 106 98 95
-2.15415096282959 -1.204348087310791 4.337526798248291 74 76 78
-2.15415096282959 -1.204348087310791 4.337526798248291 74 76 78
-4.3971848487854 0.05041491985321045 3.7400963306427 189 164 157
-2.568756103515625 -0.8383534550666809 4.535857200622559 91 91 93
-2.1002471446990967 1.478532314300537 4.570639133453369 110 106 107
-2.1108012199401855 0.7158834934234619 4.616753101348877 50 50 50
-3.2231884002685547 2.194559097290039 4.316862106323242 36 35 31
-3.2231884002685547 2.194559097290039 4.316862106323242 36 35 31
-0.9664738178253174 1.73468017578125 4.7730536460876465 110 109 104
-0.9665331244468689 1.7370020151138306 4.777227401733398 111 110 105
-3.0011494159698486 -2.088003158569336 4.242147922515869 125 107 105
-1.1354278326034546 0.5387869477272034 4.74716854095459 127 123 122
-1.127992868423462 1.3530265092849731 4.767075538635254 44 35 39
-1.1629765033721924 1.6982277631759644 4.735030651092529 119 119 117
-1.3002337217330933 1.846296787261963 4.756931304931641 61 53 50
-1.3329801559448242 2.1464691162109375 4.712987899780273 55 47 45
-1.3441146612167358 1.5142130851745605 4.705419063568115 134 127 125
-1.4187793731689453 -1.4207693338394165 4.773654937744141 186 182 180
-1.911634087562561 -0.31059837341308594 1.2119762897491455 137 135 136
-2.009492874145508 -1.3454688787460327 4.098747253417969 82 83 88
-2.12819766998291 -0.7148899435997009 4.6298747062683105 62 47 44
-1.4297806024551392 0.7338119745254517 4.729167938232422 77 77 77
-2.88781476020813 0.36904895305633545 4.477219581604004 89 93 94
-1.56050443649292 -2.27698016166687 4.701239109039307 149 146 142
-1.5924321413040161 2.7884838581085205 4.640157699584961 56 56 56
-1.6354165077209473 0.6164358258247375 4.666003227233887 131 131 131
-3.405726432800293 0.7576232552528381 4.265956878662109 153 153 151
-1.710847020149231 -1.3699721097946167 4.687053680419922 47 52 58
-2.79878568649292 1.4262644052505493 4.415946006774902 79 65 64
-2.016045093536377 -0.9498797059059143 4.363805770874023 44 43 49
-1.7174279689788818 -1.0863784551620483 4.684765338897705 48 51 58
-2.8276541233062744 -1.034569501876831 4.426970481872559 48 47 53
-1.962493896484375 2.2916693687438965 4.579471588134766 31 33 32
-2.0668835639953613 -1.110177993774414 3.036639928817749 27 32 35
-1.8070282936096191 -1.359700083732605 4.656984329223633 36 41 43
-4.2275238037109375 -1.1212838888168335 3.791574478149414 112 82 74
-4.249589443206787 1.2583773136138916 3.9431216716766357 115 106 107
-2.210845470428467 2.5188286304473877 4.537951946258545 97 98 93
-4.229726314544678 0.508942186832428 3.8982880115509033 129 102 95
-2.3037405014038086 -1.8934805393218994 5.508242607116699 40 40 42
-2.2590930461883545 1.7016527652740479 4.521994590759277 101 100 98
-2.3162569999694824 -1.282679557800293 4.556802749633789 33 33 39
-3.5385491847991943 1.297251582145691 4.209932804107666 124 113 109
-2.064466714859009 -1.7649521827697754 4.586026191711426 28 29 34
-2.336347818374634 -0.7923527956008911 4.578658580780029 117 116 114
-4.162113666534424 -2.1085197925567627 3.7747340202331543 79 73 73
-2.3905577659606934 -1.9134711027145386 5.498038291931152 84 85 86
-2.276902437210083 2.760920286178589 4.518590450286865 99 99 99
-2.276902437210083 2.760920286178589 4.518590450286865 99 99 99
-4.152482032775879 -2.0834591388702393 3.7772295475006104 150 149 149
-4.459015369415283 3.5826427936553955 3.7467312812805176 93 92 88
-3.2705304622650146 3.36600399017334 4.136624813079834 131 130 125
-1.2388862371444702 3.4539854526519775 4.572482109069824 70 66 64
-2.512333869934082 -1.7808644771575928 4.737628936767578 67 68 72
-2.0315744876861572 0.13785777986049652 4.7848052978515625 184 170 167
-4.271125793457031 -0.35203757882118225 3.7920401096343994 180 157 144
-1.9417985677719116 -1.143784999847412 4.643670082092285 49 48 53
-3.586165428161621 0.8131031394004822 4.196096420288086 138 137 135
-2.1354286670684814 -1.600354790687561 4.309621334075928 31 30 36
-2.918419599533081 0.6170060038566589 4.448516845703125 109 108 113
-2.7701187133789062 1.2911456823349 4.431920051574707 96 90 90
-2.8104403018951416 0.6913474798202515 4.473289489746094 50 50 52
-2.859137773513794 -1.1016336679458618 4.48726749420166 101 101 106
-2.627058506011963 2.018775224685669 4.455267429351807 111 110 108
-2.7492079734802246 -0.8659206032752991 4.509936809539795 49 52 61
-2.581902265548706 1.964256763458252 4.459600925445557 119 118 116
-2.546760320663452 2.064925193786621 4.497894763946533 30 28 29
-2.7145144939422607 -1.011538028717041 4.509276390075684 43 44 54
-2.5404810905456543 1.7884104251861572 4.480927467346191 125 123 124
-2.7039284706115723 -1.2858428955078125 4.525672912597656 32 36 45
-2.601166009902954 0.510542094707489 4.504199028015137 139 135 134
-2.5525708198547363 1.2824982404708862 4.481966018676758 54 41 41
-2.6601722240448 -1.0107699632644653 4.520730018615723 39 42 51
-2.648214101791382 -0.9882931113243103 4.518664360046387 94 98 99
-2.622283935546875 -0.8380460143089294 4.534306526184082 91 90 94
-2.5014896392822266 1.0791008472442627 4.504229545593262 43 43 41
-2.4048941135406494 2.598331928253174 4.483428955078125 100 105 101
-2.3977410793304443 2.590182065963745 4.492265224456787 94 99 95
-2.5713751316070557 -0.9751301407814026 4.369849681854248 43 42 50
-2.510866403579712 0.18383213877677917 4.583296298980713 63 61 62
-2.5475270748138428 -0.9935452342033386 4.380345344543457 105 106 108
-2.610335350036621 -2.138432502746582 4.518094539642334 124 109 106
-2.592797040939331 -1.2608891725540161 5.492747783660889 44 42 53
-2.4635515213012695 -0.467667818069458 4.625314235687256 72 66 64
-2.305157423019409 2.0719635486602783 4.525465488433838 50 49 49
-2.436040163040161 -0.5291833281517029 4.651631832122803 103 92 91
-2.498833179473877 -1.2137552499771118 5.293720245361328 38 41 50
-2.516312599182129 -2.6752877235412598 4.524019718170166 127 115 106
-2.444769859313965 -1.2850747108459473 4.562975883483887 28 35 43
-2.366641044616699 -0.0028967976104468107 4.598069667816162 94 90 91
-2.2054572105407715 2.770616054534912 4.535717010498047 99 105 99
-2.3341987133026123 0.31627631187438965 4.634105682373047 74 69 66
-2.370014190673828 -1.2879728078842163 4.420033931732178 83 88 91
-2.378899097442627 -1.4081141948699951 4.582311630249023 79 85 85
-2.185020685195923 1.908915638923645 4.552525997161865 101 101 100
-2.2336580753326416 -0.8436979055404663 3.7959561347961426 48 48 57
-2.2486283779144287 -0.6852097511291504 4.701091289520264 57 50 50
-2.2288947105407715 -0.8272087574005127 3.8032174110412598 91 97 99
-2.0713014602661133 2.194457769393921 4.582068920135498 109 109 107
-2.155956268310547 0.24370530247688293 4.685842037200928 255 255 253
-2.0614073276519775 1.9023406505584717 4.586859226226807 45 39 39
-1.99860680103302 1.3391168117523193 4.591427326202393 94 84 83
-2.0387990474700928 0.48825860023498535 4.47636079788208 104 87 80
-1.982832431793213 1.5181529521942139 4.599624156951904 49 47 52
-2.0759153366088867 -0.6451678276062012 4.709663391113281 186 138 118
-2.0332300662994385 -0.5014666318893433 4.731143474578857 205 161 139
-2.0581471920013428 -0.6955105066299438 3.4636151790618896 39 41 54
-1.8906718492507935 2.090749740600586 4.579894542694092 43 41 42
-1.9574501514434814 0.09127740561962128 4.771512985229492 141 115 111
-1.9575145244598389 -0.08955050259828568 4.586833477020264 91 85 85
-1.9258123636245728 0.38508161902427673 4.798959255218506 184 149 135
-1.844319462776184 1.8772424459457397 4.608466625213623 131 131 131
-1.9073349237442017 -0.10948820412158966 4.777985095977783 255 254 252
-1.9532042741775513 -1.0270586013793945 4.660360813140869 50 55 61
-1.8987094163894653 -0.09714692831039429 4.782316207885742 116 96 97
-1.9588755369186401 -1.3774621486663818 4.661359786987305 52 50 63
-1.7741541862487793 1.524279236793518 4.6198649406433105 45 44 48
-1.8484199047088623 -0.2460109442472458 4.791777610778809 253 253 253
-1.8484199047088623 -0.2460109442472458 4.791777610778809 253 253 253
-1.8522096872329712 -0.45749953389167786 4.805447578430176 211 170 152
-1.7263116836547852 1.7208560705184937 4.653228759765625 49 43 44
-1.7711386680603027 0.5530199408531189 4.738162517547607 191 162 146
-1.771918535232544 0.6966644525527954 4.517421722412109 58 58 58
-1.8333946466445923 -1.0024054050445557 4.685825347900391 95 98 103
-1.706748366355896 1.5116270780563354 4.653378486633301 133 128 128
-1.7137317657470703 0.7241352200508118 4.699432373046875 59 59 59
-1.6528615951538086 1.726990818977356 4.648828029632568 69 65 65
-1.641453742980957 1.8255839347839355 4.664422988891602 123 123 123
-1.7384417057037354 -0.26637792587280273 4.711091041564941 211 168 151
-1.6814985275268555 -0.08706772327423096 4.708324909210205 112 113 119
-1.5676854848861694 1.5465937852859497 4.667172431945801 38 35 34
-1.497376561164856 2.825141429901123 4.667537689208984 108 106 107
-4.597428798675537 1.7432538270950317 3.7880170345306396 135 128 123
-4.644280433654785 0.9260993003845215 3.856445550918579 175 162 154
-4.695156574249268 -0.3622806966304779 3.811227321624756 56 45 45
-4.766951084136963 -1.2405451536178589 3.8229384422302246 93 76 71
-4.658103942871094 0.6335594654083252 3.8653063774108887 125 100 96
-4.658103942871094 0.6335594654083252 3.8653063774108887 125 100 96
-4.775500297546387 -2.13722562789917 3.7848854064941406 67 56 50
-4.619478225708008 0.4994383752346039 3.8341689109802246 190 171 165
-4.691097736358643 -0.5656323432922363 3.8283469676971436 167 147 140
-4.609837532043457 0.4987778961658478 3.823456048965454 190 171 165
-4.732425212860107 -1.8842604160308838 3.783381938934326 76 61 59
-4.732425212860107 -1.8842604160308838 3.783381938934326 76 61 59
-4.4641218185424805 1.8386186361312866 3.808075189590454 22 16 13
-4.745269298553467 -1.8701858520507812 3.8173234462738037 154 134 127
-4.628588676452637 -1.207334280014038 3.7812013626098633 99 80 75
-4.528340816497803 0.04678661748766899 3.794929265975952 101 80 76
-4.486384391784668 0.2591714560985565 3.791734218597412 196 174 168
-4.538712978363037 -0.8072516918182373 3.771146774291992 157 139 130
-4.446342945098877 0.647611141204834 3.841536521911621 206 188 184
-4.391382694244385 0.7905073761940002 3.833373785018921 199 168 159
-4.275177955627441 2.3015501499176025 3.8444693088531494 85 84 82
-4.423704624176025 -0.35200220346450806 3.781238079071045 162 139 131
-4.263801574707031 2.279322862625122 3.854032039642334 15 14 11
-4.51195764541626 -2.1960654258728027 3.7860307693481445 140 133 114
-4.459343910217285 -1.7749897241592407 3.7508456707000732 71 58 52
-4.321495056152344 0.4126039445400238 3.8103301525115967 219 202 194
-4.318141460418701 0.6233870387077332 3.832170248031616 233 195 179
-4.292137622833252 0.17668065428733826 3.779762029647827 191 168 160
-4.293825626373291 0.8627793192863464 3.8661298751831055 109 90 86
-4.278539657592773 0.9984246492385864 3.863872528076172 142 126 116
-4.229098796844482 -0.18740610778331757 3.746612548828125 86 68 60
-4.337055206298828 -1.5308767557144165 3.773883581161499 88 68 61
-4.3192219734191895 -1.8074607849121094 3.7440850734710693 151 144 142
-4.352102279663086 -2.2032527923583984 3.790038824081421 123 115 101
-4.352102279663086 -2.2032527923583984 3.790038824081421 123 115 101
-4.285990238189697 -1.7066923379898071 3.742243766784668 91 78 77
-4.231942653656006 -1.4795904159545898 3.7003273963928223 102 84 82
-4.1760454177856445 0.6472657918930054 3.8386809825897217 115 84 81
-4.119540214538574 1.9750646352767944 3.901120662689209 76 74 75
-4.128077507019043 1.9677746295928955 3.91707181930542 15 15 17
-4.154277324676514 0.8300286531448364 3.8531014919281006 124 96 93
-4.212769508361816 -1.4763479232788086 3.718602180480957 104 76 72
-4.120641708374023 -0.17415596544742584 3.7504162788391113 174 152 141
-4.23980712890625 -1.6955132484436035 3.7878732681274414 95 81 80
-4.10355281829834 0.6695402264595032 3.846470594406128 137 119 115
-4.179057598114014 -1.6003319025039673 3.731903076171875 131 126 122
-4.0398478507995605 -0.05627206340432167 3.7635834217071533 169 145 136
-4.03066873550415 -0.20570173859596252 3.7398853302001953 105 85 78
-4.03066873550415 -0.20570173859596252 3.7398853302001953 105 85 78
-4.142336368560791 -2.003324270248413 3.771289587020874 158 158 156
-4.142336368560791 -2.003324270248413 3.771289587020874 158 158 156
-3.8495867252349854 2.8696680068969727 3.9136388301849365 120 115 109
-3.9720458984375 0.5780372619628906 3.8461098670959473 96 87 88
-3.853358268737793 2.794107675552368 3.938093423843384 29 29 30
-3.8467488288879395 2.8129804134368896 3.9552881717681885 101 98 91
-3.954523801803589 -0.3826003670692444 3.7506699562072754 83 73 71
-4.063318729400635 -1.9565542936325073 3.8226230144500732 142 141 136
-3.907331943511963 1.2677054405212402 3.949037790298462 119 115 114
-3.910231113433838 1.3654292821884155 3.976877450942993 119 111 108
-3.8960511684417725 1.1849058866500854 3.9376556873321533 143 134 135
-3.858417510986328 0.5714464783668518 3.898705244064331 121 120 119
-3.753204822540283 2.4852566719055176 3.980072498321533 76 80 79
-3.8162803649902344 1.3739839792251587 4.013370037078857 115 105 103
-3.7477474212646484 1.0080640316009521 4.0038018226623535 112 112 112
-3.716595411300659 0.986868679523468 4.018111228942871 59 54 51
-3.698657274246216 1.388545036315918 4.05995512008667 116 96 89
-3.69370436668396 -0.0107222655788064 3.914186477661133 163 149 146
-3.6809377670288086 -0.040438730269670486 3.9301235675811768 173 160 160
-3.6651432514190674 0.41489723324775696 3.966029405593872 115 110 109
-3.662832021713257 0.6760582327842712 4.0083723068237305 135 131 128
-3.573777675628662 1.7350386381149292 4.096550941467285 43 33 33
-3.5172674655914307 1.1528934240341187 4.127650260925293 108 100 98
-3.526456594467163 0.4573309123516083 4.04925012588501 171 164 162
-3.516683340072632 1.0336030721664429 4.157907009124756 122 122 124
-3.488769292831421 1.2036536931991577 4.126540660858154 40 36 35
-3.472791910171509 1.0014954805374146 4.122981071472168 54 49 47
-3.4855310916900635 0.4603446125984192 4.08241081237793 173 164 165
-3.4078173637390137 1.5995508432388306 4.15208625793457 107 92 85
-3.327641010284424 2.1181411743164062 4.174551010131836 29 24 24
-3.327641010284424 2.1181411743164062 4.174551010131836 29 24 24
-3.2017154693603516 1.4146682024002075 4.220292091369629 51 33 33
-3.218116283416748 0.7888110876083374 4.280006408691406 136 136 136
-3.3098666667938232 -2.071678400039673 4.10513162612915 121 106 103
-3.166334867477417 1.0295261144638062 4.250100612640381 123 122 124
-3.1408510208129883 1.2284226417541504 4.254466533660889 54 40 39
-3.1366987228393555 1.2513689994812012 4.281954288482666 123 111 105
-2.9921164512634277 1.6427104473114014 4.287293910980225 104 100 91
-2.8150572776794434 2.877392530441284 4.237236976623535 112 119 107
-2.8951234817504883 2.0094261169433594 4.324585437774658 89 88 84
-2.9217617511749268 1.4529129266738892 4.319390773773193 105 100 97
-2.8962647914886475 1.4583302736282349 4.325920104980469 120 111 108
-2.8478012084960938 2.231705665588379 4.35524320602417 30 28 29
-2.7627665996551514 2.874652624130249 4.234406471252441 111 113 101
-2.8234806060791016 1.7609764337539673 4.343878746032715 119 120 115
-2.992630958557129 -2.06351900100708 4.323089599609375 53 47 49
-2.762362241744995 2.0247530937194824 4.36538553237915 119 115 112
-2.7162420749664307 1.8234341144561768 4.356988430023193 60 59 57
-2.6939165592193604 1.8250625133514404 4.359951972961426 53 52 50
-2.7169435024261475 1.4322158098220825 4.3736891746521 123 112 110
-2.6365678310394287 1.5181270837783813 4.39361572265625 85 76 75
-2.674924612045288 0.7178242802619934 4.453603744506836 134 131 128
-2.6135976314544678 1.6340076923370361 4.391714096069336 150 148 149
-2.746143102645874 -0.8638877868652344 4.489677429199219 49 52 61
-2.6003916263580322 1.2795406579971313 4.433169841766357 38 27 27
-2.725985288619995 -1.0256171226501465 4.454607009887695 110 109 114
-2.7023818492889404 -1.0193105936050415 4.446089744567871 100 101 106
-2.609739065170288 0.4784603714942932 4.48388147354126 94 83 81
-2.5710017681121826 0.6964059472084045 4.504070281982422 65 69 72
-2.5179200172424316 1.474257230758667 4.45678186416626 51 37 34
-2.736278533935547 -2.5401291847229004 4.431487560272217 141 128 120
-2.5251729488372803 1.059030294418335 4.469066619873047 96 96 95
-2.6247189044952393 -0.8764635920524597 4.528347969055176 34 40 49
-2.61855149269104 -0.833119809627533 4.503145217895508 91 90 94
-2.5935823917388916 -0.44967466592788696 4.500400066375732 191 172 166
-2.5435543060302734 0.30451008677482605 4.5051398277282715 68 66 69
-2.4377224445343018 2.0485777854919434 4.468108177185059 25 25 25
-2.4377224445343018 2.0485777854919434 4.468108177185059 25 25 25
-2.4021456241607666 2.5776166915893555 4.453576564788818 100 105 101
-2.3955745697021484 2.5728845596313477 4.466546535491943 94 99 95
-2.568119764328003 -0.7362093329429626 4.511703968048096 196 157 145
-2.508411407470703 0.17967015504837036 4.540497779846191 63 61 62
-2.508411407470703 0.17967015504837036 4.540497779846191 63 61 62
-2.399003028869629 1.8707232475280762 4.466604232788086 103 99 98
-2.5682051181793213 -1.671730399131775 4.47776460647583 34 37 49
-2.440321207046509 0.40866154432296753 4.5732927322387695 119 109 107
-2.4510743618011475 0.045519210398197174 4.53087854385376 73 67 64
-2.3254127502441406 2.248323678970337 4.485092639923096 44 40 37
-2.63100266456604 -1.414265513420105 6.1848344802856445 110 113 112
-2.4201557636260986 0.04708195477724075 4.544516563415527 187 162 154
-2.7598791122436523 -2.422266721725464 7.435015678405762 82 83 85
-2.4373979568481445 -0.49617359042167664 4.566564083099365 59 55 56
-2.407579183578491 -0.09702827781438828 4.569785118103027 194 169 164
-2.52726674079895 -2.7116143703460693 4.519779205322266 127 115 106
-2.4433791637420654 -1.322379231452942 4.523227691650391 86 90 93
-3.175536632537842 -4.702093124389648 12.936954498291016 33 39 43
-2.5072202682495117 -1.3008450269699097 5.710300922393799 103 107 109
-2.365579128265381 -0.504967451095581 4.584663391113281 57 53 54
-2.3598036766052246 -0.5854906439781189 4.586337566375732 58 49 51
-2.317089796066284 0.18438200652599335 4.632350921630859 254 254 254
-2.379880905151367 -1.33334219455719 4.5555267333984375 83 88 91
-2.3282082080841064 -0.44160130620002747 4.598620414733887 68 64 65
-2.314124584197998 -0.2981818914413452 4.603271961212158 255 254 252
-2.2436044216156006 0.7090975046157837 4.545550346374512 47 46 51
-2.105647325515747 2.7620809078216553 4.540249824523926 95 103 95
-2.105647325515747 2.7620809078216553 4.540249824523926 95 103 95
-2.146703004837036 1.9116761684417725 4.561793327331543 98 98 98
-2.2467126846313477 0.11858659982681274 4.610785007476807 253 252 250
-2.2460153102874756 -0.6703222990036011 4.627161026000977 57 50 50
-2.216625928878784 -0.8799408078193665 3.2559516429901123 84 87 92
-2.229811668395996 -0.5106974244117737 4.639242649078369 172 130 116
-2.229811668395996 -0.5106974244117737 4.639242649078369 172 130 116
-2.066115617752075 2.0993144512176514 4.590509414672852 31 33 32
-2.200021266937256 -0.4577556550502777 4.63033390045166 185 156 147
-2.1571857929229736 0.2391653209924698 4.674600601196289 255 255 253
-2.068875312805176 1.7064008712768555 4.584417819976807 27 27 27
-2.197892427444458 -1.3083186149597168 4.637229919433594 36 39 46
-2.179212808609009 -1.2609254121780396 4.949334144592285 36 42 46
-2.1231822967529297 -0.3680698871612549 4.6654767990112305 142 126 126
-2.1231822967529297 -0.3680698871612549 4.6654767990112305 142 126 126
-2.0985090732574463 7.309475040528923e-05 4.702346324920654 112 94 92
-2.0526697635650635 0.5410348176956177 4.608175754547119 153 129 119
-2.135927677154541 -1.31034255027771 4.645703315734863 37 41 49
-2.1115219593048096 -0.9465067386627197 4.3806586265563965 84 90 91
-2.1308703422546387 -1.4576013088226318 4.975673198699951 87 88 92
-2.0499138832092285 -0.3817116916179657 4.6975998878479 77 71 71
-2.0820133686065674 -0.7670471668243408 3.03633975982666 83 88 89
-2.062396764755249 -1.3651460409164429 4.670708179473877 81 85 90
-2.0328595638275146 -0.8058538436889648 4.403905868530273 110 110 108
-1.9985519647598267 -0.34789761900901794 4.7091450691223145 81 74 74
-1.875775694847107 1.8231950998306274 4.63744592666626 136 136 136
-1.8904141187667847 1.3272559642791748 4.634685039520264 43 33 33
-2.054328680038452 -2.4301486015319824 4.675790309906006 151 131 120
-1.9837905168533325 -0.7514053583145142 3.5382533073425293 89 93 96
-1.915730357170105 -0.5673909187316895 4.755720138549805 66 65 68
-1.8597408533096313 0.3884928822517395 4.788196086883545 224 197 186
-1.918853759765625 -0.7804344892501831 4.703356742858887 92 82 81
-1.9082826375961304 -1.2044389247894287 5.030031681060791 44 47 57
-1.9257619380950928 -1.3780251741409302 4.708896160125732 81 86 90
-1.884477972984314 -0.6604765057563782 4.776828289031982 197 160 144
-1.8150395154953003 0.4118705093860626 4.7413506507873535 157 146 144
-1.8840954303741455 -1.1275359392166138 4.73060417175293 41 43 55
-1.8319652080535889 -0.26192036271095276 4.784189701080322 253 251 248
-1.674289584159851 2.816138982772827 4.6475090980529785 115 114 114
-1.6992360353469849 2.1270313262939453 4.6640753746032715 31 32 33
-1.6992360353469849 2.1270313262939453 4.6640753746032715 31 32 33
-1.7352784872055054 1.3589919805526733 4.6753034591674805 102 97 89
-1.8534127473831177 -1.1298590898513794 4.724567890167236 52 54 66
-1.7781375646591187 0.13453280925750732 4.933591842651367 254 254 254
-1.8256993293762207 -1.0820521116256714 4.469273567199707 100 103 107
-1.6644415855407715 1.5956510305404663 4.682501316070557 77 69 67
-1.8258267641067505 -0.93532794713974 4.206955432891846 49 53 65
-1.809450626373291 -1.0697342157363892 4.4797139167785645 51 55 66
-1.7353688478469849 -0.2724231779575348 4.762677192687988 211 168 151
-1.6232986450195312 1.916123867034912 4.687469005584717 133 132 130
-1.6939681768417358 -0.0027197382878512144 4.868088245391846 226 191 175
-1.678615927696228 -0.08175278455018997 4.749490737915039 112 113 119
-1.5761020183563232 0.6344354152679443 4.7819318771362305 116 116 116
-1.5140403509140015 1.5992653369903564 4.724700927734375 135 132 128
-4.47988224029541 -1.9111734628677368 1.612260341644287 74 67 65
-4.4830827713012695 -1.5436254739761353 1.776699423789978 163 144 136
-4.473312854766846 -1.998355507850647 1.7637804746627808 61 51 52
-4.470546245574951 -1.977881908416748 1.7795088291168213 140 125 118
-4.473222255706787 -1.5528236627578735 1.8310588598251343 160 133 124
-4.460183620452881 -1.9997904300689697 1.7987942695617676 50 44 44
-4.477457523345947 -2.0022592544555664 1.8365260362625122 145 128 121
-4.470400333404541 -1.5883759260177612 1.892052173614502 167 135 122
-4.461146354675293 -1.5477081537246704 1.9018369913101196 88 72 66
-4.108581066131592 -1.714738130569458 1.672354817390442 97 87 86
-4.464949607849121 -1.5866847038269043 1.9536837339401245 73 63 64
-4.460340976715088 -2.052434206008911 1.921709418296814 120 109 107
-4.456585884094238 -2.0031018257141113 1.9362308979034424 138 123 120
-4.473104476928711 -2.0161917209625244 1.9528138637542725 138 123 118
-4.4272332191467285 -1.5803251266479492 1.9863505363464355 148 126 115
-4.436176776885986 -2.061342716217041 1.9854246377944946 133 114 108
-4.4545183181762695 -2.026092767715454 2.0245306491851807 136 121 118
-4.485836505889893 -1.5934324264526367 2.1015872955322266 55 44 42
-4.433985233306885 -2.049095630645752 2.0448079109191895 54 50 51
-4.433985233306885 -2.049095630645752 2.0448079109191895 54 50 51
-4.434994220733643 -2.0355641841888428 2.0660793781280518 133 112 106
-4.422964096069336 -1.6137439012527466 2.1397182941436768 154 129 123
-4.441201210021973 -2.25824236869812 2.11260986328125 62 60 61
-4.41980504989624 -2.0621731281280518 2.1113100051879883 67 61 61
-4.421633243560791 -1.7944585084915161 2.222352981567383 100 85 82
-4.412341117858887 -2.0757505893707275 2.201205253601074 56 52 51
-4.021130561828613 -1.7234455347061157 1.8919262886047363 137 118 114
-4.704203128814697 -1.4167665243148804 2.575712203979492 163 172 168
-4.67249870300293 -1.4847408533096313 2.5687220096588135 54 54 52
-4.381381988525391 -2.2701430320739746 2.3163034915924072 55 49 49
-4.378432750701904 -2.062103509902954 2.3500027656555176 133 118 115
-4.614506721496582 -1.482766032218933 2.6309549808502197 169 177 172
-4.409647464752197 -1.6540523767471313 2.4334940910339355 167 144 138
-4.6095452308654785 0.15475164353847504 2.807356834411621 148 154 151
-4.583576202392578 -1.5394020080566406 2.6533572673797607 126 128 124
-4.529682159423828 -1.6314427852630615 2.6050007343292236 41 41 41
-4.61487340927124 0.2889869809150696 2.8718485832214355 41 40 37
-4.585751056671143 -0.63518226146698 2.7747673988342285 76 61 56
-4.412360191345215 -1.6548429727554321 2.523049831390381 59 58 56
-4.592905044555664 0.46687665581703186 2.876793622970581 38 38 40
-4.592905044555664 0.46687665581703186 2.876793622970581 38 38 40
-4.599462509155273 0.12013357877731323 2.858813762664795 141 137 132
-4.5818281173706055 1.201919674873352 2.9256367683410645 32 31 35
-4.593578815460205 2.0939455032348633 3.007736921310425 33 31 32
-4.54976224899292 1.3899071216583252 2.932715892791748 127 124 119
-4.553771495819092 1.9191230535507202 2.9875917434692383 32 27 23
-4.483902931213379 -1.3178921937942505 2.6775736808776855 108 99 96
-4.491753578186035 -1.1874372959136963 2.70230770111084 112 98 95
-4.479142665863037 -0.47819629311561584 2.76808762550354 107 94 88
-4.4726691246032715 -1.684649109840393 2.6584551334381104 41 40 43
-4.481836795806885 -0.42891189455986023 2.7850825786590576 85 72 67
-4.386489391326904 -1.6906803846359253 2.581047534942627 162 145 137
-4.469183444976807 0.9451267123222351 2.89573335647583 75 60 57
-4.4898905754089355 0.5171654224395752 2.8894357681274414 99 77 73
-4.4898905754089355 0.5171654224395752 2.8894357681274414 99 77 73
-4.460731506347656 1.3087321519851685 2.926579713821411 65 54 52
-4.388183116912842 -1.3143038749694824 2.6816961765289307 50 46 45
-4.388183116912842 -1.3143038749694824 2.6816961765289307 50 46 45
-4.383111476898193 -1.5163681507110596 2.6770572662353516 151 131 117
-4.412013530731201 -1.4943808317184448 2.716017246246338 152 135 122
-4.416257381439209 -1.7071255445480347 2.7025301456451416 62 55 55
-4.416257381439209 -1.7071255445480347 2.7025301456451416 62 55 55
-4.390026092529297 0.2801783084869385 2.84348201751709 55 45 42
-4.391092300415039 0.2804427146911621 2.845121383666992 55 45 42
-4.390985488891602 -1.3367756605148315 2.718249559402466 152 132 123
-4.391175746917725 -1.1296606063842773 2.7397289276123047 176 157 143
-4.41387414932251 -0.26162514090538025 2.839676856994629 38 34 34
-4.388147354125977 -0.9894039630889893 2.748652935028076 170 146 136
-4.379790782928467 -0.7423381805419922 2.7837860584259033 176 152 142
-4.379790782928467 -0.7423381805419922 2.7837860584259033 176 152 142
-4.3678297996521 0.9974768757820129 2.9192867279052734 52 42 43
-4.384149551391602 1.574272632598877 2.983059883117676 134 117 110
-4.398830413818359 0.13124629855155945 2.886047840118408 178 151 134
-4.38992977142334 -0.592673659324646 2.8161165714263916 171 144 133
-4.366045951843262 1.7077486515045166 2.9816911220550537 127 108 102
-4.332805156707764 1.311567783355713 2.9144930839538574 135 112 106
-4.380424976348877 0.854950487613678 2.9373176097869873 158 134 124
-4.380424976348877 0.854950487613678 2.9373176097869873 158 134 124
-4.372068405151367 1.56325364112854 2.986440896987915 153 139 136
-4.350268363952637 -1.594889760017395 2.70025634765625 168 140 126
-4.372110366821289 1.2308205366134644 2.9583215713500977 145 124 119
-4.395042419433594 1.340709924697876 3.0043444633483887 141 119 113
-4.371276378631592 -2.182387113571167 2.6841952800750732 59 49 47
-4.385962009429932 -1.7047843933105469 2.745380163192749 80 66 66
-4.352526664733887 1.9699846506118774 3.034914493560791 108 93 88
-4.375001907348633 -0.9047722816467285 2.82570481300354 169 142 131
-4.382598400115967 0.5592958331108093 2.9646363258361816 166 139 128
-4.387909412384033 -0.5501202344894409 2.9015390872955322 174 148 135
-4.385532855987549 0.6540869474411011 3.004127025604248 181 169 162
-4.4291768074035645 0.8418451547622681 3.070382833480835 82 66 65
-4.392102241516113 -1.5194189548492432 2.8407716751098633 159 137 129
-4.371156215667725 -2.202620029449463 2.757180690765381 62 58 57
-4.356498718261719 1.6819109916687012 3.0818850994110107 126 107 103
-4.356498718261719 1.6819109916687012 3.0818850994110107 126 107 103
-4.418593406677246 0.08901932090520859 3.042879819869995 57 47 42
-4.388086795806885 -1.540629267692566 2.866530418395996 63 57 57
-4.388086795806885 -1.540629267692566 2.866530418395996 63 57 57
-4.416011333465576 -0.284060001373291 3.022780656814575 55 46 42
-4.377556324005127 -1.7464808225631714 2.8443126678466797 138 117 112
-4.355781555175781 -1.5431302785873413 2.8362913131713867 154 134 125
-4.364563941955566 -1.5481377840042114 2.8487532138824463 151 131 124
-4.39280366897583 -0.2527328431606293 3.008460283279419 179 156 140
-4.351953983306885 2.289008140563965 3.1768198013305664 25 23 24
-4.378397464752197 -0.12189428508281708 3.0316381454467773 174 150 138
-4.407235622406006 -0.2847205400466919 3.055682897567749 67 59 53
-4.399223327636719 -0.657454788684845 3.0134670734405518 77 61 57
-4.365370273590088 -1.7248691320419312 2.8742740154266357 72 64 60
-4.390080451965332 -0.12225094437599182 3.090796709060669 148 118 112
-4.316187381744385 1.3050392866134644 3.1193549633026123 108 93 90
-4.3579792976379395 1.190680742263794 3.172842502593994 168 155 153
-4.391360759735107 0.09585750102996826 3.1243913173675537 177 155 144
-4.398089408874512 0.0973888635635376 3.1356468200683594 173 151 140
-4.347282409667969 1.554682970046997 3.2118875980377197 157 147 146
-4.386569976806641 0.24839021265506744 3.1693005561828613 173 144 138
-4.367950916290283 -1.3772530555725098 3.0196614265441895 80 61 61
-4.398161888122559 -0.3015023469924927 3.164841890335083 57 52 48
-4.396155834197998 -0.0997202917933464 3.1941702365875244 173 152 143
-4.3617143630981445 1.1567460298538208 3.2660107612609863 154 135 129
-4.386570453643799 -0.4880329370498657 3.1564183235168457 69 57 56
-4.351232051849365 1.5558665990829468 3.2923827171325684 153 142 139
-4.374597072601318 0.6378365755081177 3.2639389038085938 185 167 165
-4.375851631164551 -0.3284303843975067 3.193427085876465 175 152 136
-4.383855819702148 0.24777613580226898 3.300504684448242 87 69 65
-4.373224258422852 0.7924910187721252 3.360170602798462 154 122 120
-4.372358322143555 -0.33100637793540955 3.2748360633850098 172 149 136
-4.324960231781006 -1.526829481124878 3.0982329845428467 166 147 133
-4.3518266677856445 -0.5192279815673828 3.2694284915924072 176 153 145
-4.3547749519348145 -0.5206270813941956 3.274505376815796 176 153 145
-4.357820510864258 -1.7911850214004517 3.1746151447296143 64 56 54
-4.330745220184326 -1.5685569047927856 3.195098876953125 151 130 125
-4.314527988433838 -2.263608694076538 3.130092144012451 56 51 55
-4.314527988433838 -2.263608694076538 3.130092144012451 56 51 55
-3.8819150924682617 2.7636618614196777 3.0208382606506348 80 77 70
-4.33585786819458 -1.7961535453796387 3.250417709350586 70 59 55
-3.9032275676727295 2.7820091247558594 3.091918468475342 136 136 134
-3.896327495574951 2.7649526596069336 3.2004573345184326 58 61 54
-4.270932197570801 1.6938360929489136 3.672119617462158 109 107 102
-4.325445652008057 0.7844429016113281 3.754347324371338 205 175 165
-4.279499053955078 -1.8243770599365234 3.4602816104888916 55 44 43
-3.8403308391571045 2.7545628547668457 3.300917625427246 59 59 51
-4.347132205963135 0.3836365044116974 3.871042251586914 210 184 177
-4.327937126159668 0.5598286986351013 3.932969331741333 201 174 163
-4.260047435760498 -1.8662408590316772 3.6149485111236572 64 56 54
-4.166568756103516 -1.9542289972305298 3.468505859375 55 55 57
-4.266127109527588 -1.7458381652832031 3.6572980880737305 151 144 142
-4.290935039520264 1.0646653175354004 4.036739349365234 135 121 113
-4.2483601570129395 -1.7013887166976929 3.734348773956299 148 134 133
-4.300722599029541 -1.5236040353775024 3.9159088134765625 85 73 72
-4.227211952209473 -1.9101877212524414 3.914376974105835 59 53 53
-4.304131984710693 0.5844577550888062 4.366610527038574 140 134 134
-4.318019866943359 -0.8338258862495422 4.366306781768799 77 67 68
-4.264555931091309 -0.436871737241745 4.325745105743408 83 73 71
-4.301206111907959 -0.4319130778312683 4.407028675079346 135 125 123
-4.270666122436523 -1.1900298595428467 4.253434658050537 74 70 69
-4.259657382965088 -1.079768419265747 4.292102336883545 128 124 123
-4.070454120635986 -1.9369032382965088 3.831177234649658 142 141 136
-3.7942147254943848 2.773399591445923 3.9279444217681885 110 108 100
-4.104945182800293 -1.814562201499939 4.263084411621094 48 51 58
-3.8924272060394287 1.255937933921814 4.394457817077637 116 99 94
-3.907714605331421 1.086061954498291 4.497419357299805 74 69 66
-3.7736239433288574 1.5004023313522339 4.440862655639648 127 112 107
-3.5312623977661133 1.2924084663391113 4.41497278213501 122 109 103
-3.487257957458496 1.8660577535629272 4.45012903213501 21 13 14
-3.610351800918579 -0.06585687398910522 4.8513383865356445 253 253 253
-3.062331438064575 2.7855119705200195 4.071699142456055 122 120 115
-3.2472779750823975 0.8469159007072449 4.429495811462402 157 157 157
-3.233170509338379 1.0393232107162476 4.469600677490234 131 132 134
-3.016397476196289 0.7373632192611694 4.665787696838379 137 137 137
-2.8854594230651855 2.333573341369629 4.550027847290039 30 28 29
-2.8191282749176025 0.6264684200286865 4.782419204711914 76 76 76
-2.797067403793335 0.6730818152427673 4.668952465057373 122 119 120
-2.7134242057800293 1.265645146369934 4.3725457191467285 112 108 107
-2.6888246536254883 2.0667777061462402 4.544171333312988 106 104 102
-2.6907453536987305 2.073230028152466 4.560091972351074 103 102 98
-2.7014143466949463 1.2888668775558472 4.47323751449585 47 35 35
-2.8053863048553467 0.6145610213279724 4.960162162780762 254 254 252
-2.785571336746216 0.5044599771499634 5.00648307800293 148 143 139
-2.6531729698181152 1.2917437553405762 4.426051139831543 110 106 105
-2.607616424560547 1.285713791847229 4.3984761238098145 114 106 104
-2.6313564777374268 0.6995248794555664 4.627774238586426 123 119 116
-2.7024741172790527 -0.8551870584487915 4.625996112823486 100 100 102
-2.68103289604187 0.49692678451538086 5.091573238372803 93 83 81
-2.642221689224243 -0.7767189145088196 4.358432769775391 48 48 56
-2.7005083560943604 -0.7834793329238892 4.841156959533691 175 143 131
-2.8240017890930176 -0.3359265625476837 6.324733734130859 224 207 200
-2.6302425861358643 0.5206652879714966 5.121442794799805 172 167 163
-2.7761001586914062 -0.6590753793716431 5.8716559410095215 167 147 138
-2.48776912689209 -0.7947720289230347 3.401700973510742 37 41 52
-2.467203378677368 1.2688952684402466 4.497632026672363 106 92 88
-2.6410861015319824 0.08848628401756287 6.086450099945068 66 62 63
-2.5202436447143555 -0.7809028625488281 4.376328945159912 42 45 52
-2.342576503753662 2.273683786392212 4.572704792022705 114 114 112
-2.341294050216675 1.9901357889175415 4.524355888366699 112 111 109
-2.3582911491394043 1.5078985691070557 4.443261623382568 136 136 138
-2.368889331817627 1.292015790939331 4.426959037780762 99 97 95
-2.4571533203125 -0.7817949652671814 4.374228477478027 49 49 56
-2.3440558910369873 1.478441596031189 4.487995624542236 79 69 67
-2.453199863433838 0.4866185188293457 5.385963439941406 120 109 109
-2.4880361557006836 -0.7428998351097107 4.984894752502441 52 50 54
-2.3250060081481934 1.5458979606628418 4.473175048828125 124 124 124
-2.5934057235717773 -0.336220920085907 7.078089237213135 91 85 85
-2.5934057235717773 -0.336220920085907 7.078089237213135 91 85 85
-2.264836311340332 1.5099735260009766 4.453426837921143 137 137 137
-2.510209798812866 -0.783053457736969 6.783048152923584 247 220 209
-2.510209798812866 -0.783053457736969 6.783048152923584 247 220 209
-2.534515857696533 -0.1903037130832672 7.862306594848633 252 252 252
-2.3722684383392334 -0.7841982245445251 4.544764041900635 128 128 130
-2.2266714572906494 1.5235352516174316 4.426785945892334 86 86 86
-2.5295987129211426 0.1324813812971115 8.626364707946777 253 253 253
-3.169351816177368 -2.874966621398926 18.270450592041016 228 201 188
-2.215062141418457 1.2743535041809082 4.40725040435791 100 96 95
-2.186863422393799 1.6778020858764648 4.468319892883301 118 118 113
-2.1349077224731445 2.8064005374908447 4.605994701385498 99 106 99
-2.4882850646972656 -0.29728662967681885 9.0347261428833 91 82 83
-2.1868419647216797 1.463182806968689 4.52042818069458 56 48 46
-2.1839702129364014 1.4458879232406616 4.4596848487854 58 49 47
-2.2994537353515625 0.322486937046051 5.89703893661499 127 114 114
-2.1505837440490723 1.5121787786483765 4.477601528167725 137 136 134
-2.3862340450286865 0.24880903959274292 9.777729988098145 255 252 249
-2.341060161590576 0.01624974235892296 9.698450088500977 253 253 251
-2.272533416748047 -0.11914443224668503 9.39728832244873 98 88 87
-2.0482089519500732 2.054814577102661 4.573208808898926 116 116 114
-2.040499210357666 1.466995358467102 4.505265235900879 128 128 128
-2.009446382522583 2.0898678302764893 4.567806243896484 31 27 26
-2.00439715385437 2.0900018215179443 4.56912088394165 38 34 33
-1.98257577419281 1.9216729402542114 4.5854010581970215 120 119 117
-1.999037265777588 1.5037416219711304 4.645059585571289 134 133 131
-2.119389772415161 -0.7140647172927856 5.142742156982422 66 62 63
-2.1405041217803955 -1.2065480947494507 5.593850135803223 84 90 91
-2.089639663696289 -0.6834244132041931 4.220876693725586 164 118 103
-2.008143663406372 0.5653645992279053 4.804533004760742 162 134 123
-2.0130975246429443 0.47271785140037537 4.830477237701416 168 154 144
-1.9386138916015625 1.7050907611846924 4.575468063354492 53 53 54
-1.9336069822311401 1.6612838506698608 4.594440460205078 150 151 152
-2.0810487270355225 -1.2748692035675049 4.378079414367676 86 91 95
-1.9796417951583862 0.6891257762908936 4.568453311920166 116 112 111
-1.9221622943878174 1.719274640083313 4.539226531982422 142 142 144
-2.0147721767425537 -0.7321223616600037 5.52030086517334 200 154 136
-2.0147721767425537 -0.7321223616600037 5.52030086517334 200 154 136
-1.9345028400421143 0.4414403438568115 5.840688705444336 123 108 106
-1.9748872518539429 -0.3611374795436859 5.616596698760986 76 70 70
-1.9678441286087036 -0.39160412549972534 5.58969783782959 160 151 147
-1.8663173913955688 1.8875584602355957 4.600752353668213 129 129 129
-1.9178359508514404 0.2516799867153168 5.86604642868042 138 120 118
-1.892614483833313 1.3022099733352661 4.537665843963623 43 33 33
-1.8818087577819824 1.3943185806274414 4.535159587860107 115 112 113
-1.9701507091522217 -0.27931511402130127 4.339318752288818 73 66 66
-2.0811235904693604 0.00032812805147841573 0.4970223903656006 112 113 108
-1.840080738067627 -0.14723514020442963 5.813431739807129 253 253 253
-1.840080738067627 -0.14723514020442963 5.813431739807129 253 253 253
-1.7842576503753662 -0.3488829731941223 7.118613243103027 253 253 253
-1.7842576503753662 -0.3488829731941223 7.118613243103027 253 253 253
-1.7887873649597168 1.7277427911758423 4.586741924285889 145 143 143
-1.757791519165039 2.2811458110809326 4.615407466888428 94 93 91
-1.7672382593154907 1.793049693107605 4.57303524017334 92 83 84
-1.9324442148208618 -0.3546038269996643 3.423234701156616 204 161 144
-1.7411459684371948 -0.34076017141342163 6.806939125061035 253 253 253
-1.7411459684371948 -0.34076017141342163 6.806939125061035 253 253 253
-1.776160478591919 1.2874088287353516 4.550962448120117 110 109 105
-1.7627650499343872 0.4858936667442322 5.553167343139648 157 146 144
-1.8938357830047607 -0.3843645453453064 4.022224426269531 211 170 152
-1.8938357830047607 -0.3843645453453064 4.022224426269531 211 170 152
-1.7417861223220825 1.6745458841323853 4.607778549194336 140 139 137
-1.6573725938796997 2.8867721557617188 4.748620510101318 115 114 114
-1.7221388816833496 1.5587698221206665 4.5632405281066895 135 134 132
-1.7046233415603638 1.8965307474136353 4.5986328125 65 60 64
-1.7045164108276367 1.7702486515045166 4.607104778289795 88 84 85
-1.6901313066482544 1.707924723625183 4.648744583129883 135 131 130
-1.8089836835861206 -0.856773853302002 4.75870418548584 62 61 69
-1.7159279584884644 0.5211994051933289 4.898365497589111 132 122 120
-1.6573591232299805 1.7006078958511353 4.618566036224365 87 81 81
-1.6817625761032104 0.6017433404922485 4.953596115112305 254 253 251
-1.613598346710205 2.3517684936523438 4.68104887008667 90 89 87
-1.2186213731765747 -0.8082207441329956 11.508872985839844 74 74 76
-1.6549965143203735 0.19804811477661133 5.258785247802734 152 138 137
-1.5511380434036255 0.0787348672747612 6.567654609680176 130 111 111
-1.7150604724884033 -0.9259602427482605 5.14851713180542 58 64 72
-1.637497067451477 0.7175410389900208 4.868978023529053 77 78 80
-1.6417655944824219 0.5788149833679199 4.941486835479736 105 105 107
-1.6522729396820068 -0.8884982466697693 5.489775657653809 79 78 86
-1.6672428846359253 -1.029639482498169 5.207222938537598 106 117 125
-1.592397689819336 1.5841073989868164 4.628028392791748 127 126 124
-1.5851436853408813 1.5123547315597534 4.627831935882568 107 97 95
-1.5640621185302734 1.8989313840866089 4.645508766174316 135 137 134
-1.5630971193313599 1.7502225637435913 4.638476848602295 141 140 138
-1.763335108757019 -2.5557687282562256 4.242173194885254 123 114 109
-1.514485239982605 1.534901738166809 4.648610591888428 33 28 29
-1.5041146278381348 1.5868520736694336 4.619997024536133 138 137 135
-1.4980086088180542 1.5342001914978027 4.638018608093262 31 25 25
-1.424909234046936 2.3719253540039062 4.826244831085205 111 113 110
-1.3590689897537231 2.3796284198760986 4.780703067779541 41 40 40
