ply
format ascii 1.0
element vertex 2534
property float x
property float y
property float z
property uchar red
property uchar green
property uchar blue
end_header
-4.446557998657227 3.0877327919006348 7.1786065101623535 107 96 92
-4.41746187210083 3.4923107624053955 7.17046594619751 31 31 31
-4.439161777496338 4.570270538330078 7.320700645446777 35 32 30
-4.444345951080322 -2.5555179119110107 7.37165641784668 90 90 92
-4.30088472366333 2.42629075050354 7.264186859130859 52 48 47
-4.3022141456604 2.844142436981201 7.270149230957031 98 92 90
-4.4941887855529785 1.5743746757507324 7.613208293914795 73 73 75
-4.291003227233887 3.12546443939209 7.282661437988281 96 86 84
-4.455653667449951 1.8642178773880005 7.609442710876465 53 53 55
-4.455653667449951 1.8642178773880005 7.609442710876465 53 53 55
-4.282679557800293 2.833966016769409 7.3144354820251465 43 31 34
-4.2591352462768555 3.761103630065918 7.324507713317871 107 113 103
-4.415949821472168 -0.9237527251243591 7.5973076820373535 44 47 54
-4.376321792602539 -1.758258581161499 7.5305986404418945 38 39 51
-4.513111114501953 1.6594351530075073 7.7671918869018555 254 253 248
-4.420042037963867 -1.337533712387085 7.6776933670043945 104 108 111
-4.413206577301025 -1.7300010919570923 7.688422203063965 34 33 45
-4.239563465118408 3.371598958969116 7.387030124664307 119 119 117
-4.399202346801758 -0.8182828426361084 7.690824031829834 46 45 50
-4.329917907714844 -0.8593667149543762 7.628391742706299 88 88 90
-4.341013431549072 -0.9855970740318298 7.662585735321045 34 37 44
-4.336017608642578 -2.3225560188293457 7.673868656158447 27 27 33
-4.336017608642578 -2.3225560188293457 7.673868656158447 27 27 33
-4.150447368621826 3.0966341495513916 7.352019309997559 78 68 67
-4.150447368621826 3.0966341495513916 7.352019309997559 78 68 67
-4.833314895629883 -2.239126205444336 8.601252555847168 71 70 75
-4.176905155181885 3.575181245803833 7.436593055725098 111 110 108
-4.37457275390625 -1.051271915435791 7.792293548583984 74 79 82
-4.364285945892334 -1.9751096963882446 7.780033111572266 29 27 38
-4.517133712768555 -0.710534393787384 8.081600189208984 185 160 156
-4.108485698699951 2.8134281635284424 7.354482173919678 39 29 28
-4.254737854003906 -0.9036540389060974 7.645133972167969 44 44 50
-4.325569152832031 -1.186342477798462 7.78407096862793 43 41 52
-4.621967315673828 1.5598517656326294 8.321146011352539 174 166 163
-4.292063236236572 -0.8138573169708252 7.735171318054199 44 43 49
-4.094936370849609 2.8620457649230957 7.395286560058594 121 116 110
-4.093767166137695 2.0435104370117188 7.422112941741943 136 135 134
-4.3088765144348145 -2.033740520477295 7.8556060791015625 73 74 78
-4.286276817321777 -1.6584186553955078 7.8231964111328125 33 36 41
-4.230558395385742 1.8556312322616577 7.75046968460083 117 115 113
-4.0448479652404785 2.5863568782806396 7.41379976272583 35 30 31
-4.20156192779541 -1.5832321643829346 7.778870582580566 81 81 83
-4.052249908447266 4.214904308319092 7.506776332855225 99 96 91
-4.190591335296631 1.8742173910140991 7.869485855102539 120 119 117
-4.192429065704346 -0.875807523727417 7.883717060089111 86 84 85
-4.119603157043457 -1.9633667469024658 7.818813323974609 34 33 40
-3.9366748332977295 3.377163887023926 7.473327159881592 93 89 90
-3.766242265701294 -2.70133638381958 7.161691188812256 37 36 42
-3.8023812770843506 -3.054246664047241 7.236749172210693 87 83 80
-3.806082248687744 -2.8946540355682373 7.247893333435059 67 61 61
-4.143354892730713 -0.8233116865158081 7.898914813995361 44 43 50
-3.682269334793091 -1.23612380027771 7.0263261795043945 48 47 54
-3.961778163909912 3.1923179626464844 7.56446647644043 67 46 43
-4.119955062866211 -0.8900620937347412 7.9960856437683105 86 88 91
-3.9066884517669678 4.115429878234863 7.614721298217773 118 117 114
-4.554320812225342 -2.276465892791748 8.886653900146484 69 69 72
-3.8617236614227295 3.1900908946990967 7.544854640960693 58 41 38
-4.079967975616455 -1.432151198387146 7.993858814239502 87 89 93
-4.207659721374512 -0.7394154667854309 8.278593063354492 230 216 213
-4.018343448638916 1.8381011486053467 7.907220840454102 116 116 116
-3.8314661979675293 3.5612194538116455 7.599199295043945 56 49 50
-4.161388397216797 -0.7738678455352783 8.29037094116211 108 102 101
-5.106734275817871 -0.5002985596656799 10.17384147644043 69 63 62
-5.106734275817871 -0.5002985596656799 10.17384147644043 69 63 62
-4.0130696296691895 -0.891772449016571 8.033424377441406 87 87 87
-3.823446750640869 3.791987419128418 7.673647403717041 124 125 120
-3.960782766342163 -1.6562511920928955 7.957491397857666 32 30 40
-3.9797065258026123 -2.036471366882324 7.997696876525879 72 72 76
-3.7880656719207764 2.922057867050171 7.620079040527344 98 88 88
-3.8071773052215576 3.5187695026397705 7.673355579376221 141 140 138
-4.084251403808594 -0.7075426578521729 8.281417846679688 127 83 80
-3.7834527492523193 3.9192233085632324 7.679895877838135 17 16 14
-3.9356765747070312 -1.7596149444580078 8.001077651977539 40 39 46
-3.7757456302642822 4.882090091705322 7.710305213928223 93 95 97
-3.868753433227539 -1.9754576683044434 7.963359832763672 29 28 36
-3.91807222366333 -0.8974208831787109 8.090680122375488 83 83 84
-3.8864450454711914 -2.074632167816162 8.033736228942871 32 31 38
-3.8864450454711914 -2.074632167816162 8.033736228942871 32 31 38
-3.4782872200012207 -1.825840711593628 7.221755504608154 77 76 79
-3.861140012741089 -0.9543209671974182 8.025193214416504 40 39 45
-3.6899008750915527 3.3354310989379883 7.691047668457031 112 110 109
-4.089350700378418 1.6933221817016602 8.53065013885498 98 81 74
-3.681835889816284 2.5785703659057617 7.700211048126221 119 118 114
-3.5257840156555176 -3.2393639087677 7.383968830108643 86 78 75
-3.6709508895874023 2.8321213722229004 7.696117877960205 106 92 89
-4.005834102630615 -0.7403036952018738 8.4076509475708 240 206 189
-3.6689090728759766 3.5572712421417236 7.709198951721191 85 83 84
-4.046994209289551 1.6389296054840088 8.508881568908691 104 85 78
-3.674396514892578 3.9360744953155518 7.755166530609131 18 18 18
-3.675158739089966 5.3025407791137695 7.776411056518555 98 103 104
-3.7991082668304443 -0.9519702792167664 8.070772171020508 42 41 47
-3.821878671646118 -0.8954778909683228 8.138506889343262 84 84 84
-3.38757586479187 -1.1115307807922363 7.213930130004883 37 36 43
-3.8161542415618896 -1.8884780406951904 8.142523765563965 79 79 79
-3.794048309326172 -1.9336864948272705 8.10128402709961 35 34 40
-3.812811851501465 -2.053013324737549 8.153159141540527 75 75 75
-3.6625747680664062 3.626249074935913 7.847929000854492 21 21 22
-3.763179063796997 -2.2351272106170654 8.09601879119873 37 36 40
-3.6093780994415283 3.2821059226989746 7.786975383758545 138 138 138
-3.5925376415252686 3.274461269378662 7.760427474975586 142 141 143
-3.725766181945801 -2.4953691959381104 8.075396537780762 32 31 37
-3.7353882789611816 -2.1455795764923096 8.100886344909668 36 35 40
-3.705979108810425 -0.8365986943244934 8.071502685546875 39 38 43
-3.7553415298461914 1.9484739303588867 8.207194328308105 38 38 38
-3.53991436958313 3.326875925064087 7.82462739944458 136 136 137
-3.6703107357025146 -1.6657205820083618 8.129164695739746 29 28 33
-3.7092716693878174 -0.9030590653419495 8.232636451721191 92 89 90
-3.5369510650634766 4.160853385925293 7.8575520515441895 105 105 103
-3.681199550628662 -1.752689003944397 8.179720878601074 87 88 90
-3.2510621547698975 -2.022085666656494 7.228362560272217 89 89 89
-3.9722304344177246 1.6853052377700806 8.86571979522705 106 87 81
-3.9032630920410156 1.5636460781097412 8.722593307495117 159 145 143
-3.3806347846984863 0.6861609816551208 7.566100120544434 200 168 153
-4.589860439300537 1.387040138244629 10.283940315246582 235 221 220
-3.6439096927642822 -1.4538617134094238 8.175424575805664 37 36 42
-3.6595683097839355 -0.8533480763435364 8.231636047363281 45 45 48
-3.486345052719116 3.3702104091644287 7.842808246612549 122 120 121
-3.4930264949798584 3.5355899333953857 7.859629154205322 121 119 120
-3.4954867362976074 4.538322448730469 7.90412712097168 98 98 96
-3.327202558517456 -2.954890489578247 7.574447154998779 138 131 125
-3.6253409385681152 -0.9151334166526794 8.313708305358887 95 95 97
-3.5570335388183594 -2.2381815910339355 8.193408966064453 22 28 29
-3.187979221343994 -1.8642104864120483 7.344083786010742 30 33 39
-3.4046061038970947 2.567087173461914 7.897361755371094 96 93 92
-3.4046061038970947 2.567087173461914 7.897361755371094 96 93 92
-3.459399938583374 5.6756911277771 8.02656364440918 105 106 106
-3.4047937393188477 3.3330843448638916 7.926112651824951 136 136 136
-3.9881420135498047 -1.5888514518737793 9.296648979187012 47 48 52
-3.3714518547058105 2.5210812091827393 7.926553249359131 41 41 41
-4.401505947113037 0.2999734878540039 10.349184036254883 93 74 73
-3.567189931869507 -0.969210147857666 8.431892395019531 48 47 53
-3.3847086429595947 5.651116371154785 8.015889167785645 100 104 105
-3.3630733489990234 2.9286909103393555 8.003768920898438 77 72 69
-3.3254966735839844 3.3656868934631348 7.928796291351318 82 80 83
-3.098027229309082 -2.008368730545044 7.395763397216797 29 30 35
-3.510392189025879 -0.9095831513404846 8.388334274291992 100 98 99
-3.109067916870117 -1.804628849029541 7.4357147216796875 34 34 39
-3.3191356658935547 2.541144609451294 7.946635723114014 84 81 80
-3.322848081588745 2.93196439743042 7.961633682250977 98 97 93
-3.322848081588745 2.93196439743042 7.961633682250977 98 97 93
-3.317251205444336 3.323885440826416 7.969268798828125 116 116 114
-3.458890199661255 -0.9547467827796936 8.328315734863281 49 48 54
-3.6389644145965576 1.6857255697250366 8.841240882873535 171 152 145
-3.274228572845459 3.2219655513763428 8.008237838745117 67 58 53
-3.6481828689575195 1.7366797924041748 8.954737663269043 146 119 109
-3.035083293914795 -1.5124475955963135 7.478488922119141 30 32 44
-3.221339702606201 3.5736491680145264 7.967268466949463 154 154 154
-3.216733932495117 3.336714506149292 8.027673721313477 139 137 138
-4.340664386749268 1.1764262914657593 10.894887924194336 108 93 89
-3.2702889442443848 -2.796428918838501 8.25133228302002 83 83 92
-3.188347816467285 4.314700603485107 8.132196426391602 111 110 108
-4.176975727081299 0.11776038259267807 10.731148719787598 254 251 242
-4.176975727081299 0.11776038259267807 10.731148719787598 254 251 242
-3.2560982704162598 -2.0633676052093506 8.387967109680176 68 71 76
-3.2560982704162598 -2.0633676052093506 8.387967109680176 68 71 76
-3.1086673736572266 3.204906702041626 8.078401565551758 112 110 111
-3.1282224655151367 4.555890083312988 8.151369094848633 103 103 103
-2.975604772567749 -2.984145402908325 7.814072608947754 128 108 104
-3.079720973968506 4.292500972747803 8.147302627563477 113 113 113
-3.199143409729004 1.9074987173080444 8.491629600524902 128 122 122
-3.054327964782715 3.8420474529266357 8.151055335998535 127 127 127
-3.067012071609497 3.6085422039031982 8.208491325378418 127 127 127
-3.041538715362549 3.190886974334717 8.160199165344238 102 100 101
-3.0224761962890625 3.7605626583099365 8.17031192779541 131 132 130
-3.038788080215454 4.032220840454102 8.31093692779541 120 118 119
-3.1024646759033203 -1.7593072652816772 8.593400001525879 32 33 42
-3.091729164123535 -1.720263123512268 8.601978302001953 76 77 81
-3.091729164123535 -1.720263123512268 8.601978302001953 76 77 81
-2.9596850872039795 5.662713527679443 8.288573265075684 45 46 41
-2.8041956424713135 -3.8518683910369873 7.8537068367004395 148 143 140
-2.8173677921295166 -3.0240373611450195 7.901668071746826 126 107 101
-2.9548325538635254 4.807318687438965 8.296375274658203 111 111 109
-2.9172327518463135 3.859221935272217 8.240751266479492 82 82 82
-2.7865352630615234 -3.2993388175964355 7.887507915496826 159 139 132
-2.7865352630615234 -3.2993388175964355 7.887507915496826 159 139 132
-2.899657964706421 3.5867013931274414 8.274471282958984 146 146 146
-2.9769155979156494 -2.537628650665283 8.51133918762207 35 33 44
-2.8886451721191406 4.0171003341674805 8.266263008117676 43 43 42
-2.8886451721191406 4.0171003341674805 8.266263008117676 43 43 42
-2.7383649349212646 -4.023436069488525 7.852797031402588 137 134 135
-2.994908094406128 -1.3776980638504028 8.65376091003418 35 36 41
-2.8545656204223633 4.331879615783691 8.384228706359863 123 123 123
-3.1189568042755127 1.6314371824264526 9.171326637268066 132 114 110
-3.1491522789001465 -1.199498176574707 9.280991554260254 51 50 58
-2.821253538131714 4.800315856933594 8.327385902404785 90 89 87
-2.805765151977539 3.858440399169922 8.315536499023438 134 134 133
-2.8287062644958496 4.867199420928955 8.457818984985352 92 91 87
-2.6671104431152344 -3.0021324157714844 7.977989673614502 139 121 117
-3.0296123027801514 1.8317790031433105 9.091103553771973 122 112 111
-2.7556333541870117 3.9781954288482666 8.304984092712402 130 130 130
-2.8763139247894287 1.961704134941101 8.74999713897705 54 54 54
-2.866055965423584 1.8387506008148193 8.840718269348145 138 128 126
-2.802135705947876 -0.9540767073631287 8.82758903503418 98 97 105
-2.733222246170044 -2.7280454635620117 8.614127159118652 34 32 43
-2.673456907272339 4.717223167419434 8.43421745300293 106 105 103
-2.632205009460449 3.8534016609191895 8.41142463684082 86 80 80
-2.7290844917297363 -1.0043963193893433 8.727506637573242 55 54 60
-2.6164255142211914 2.9233205318450928 8.36725902557373 112 112 110
-2.6280055046081543 4.655567646026611 8.474698066711426 69 64 61
-2.5052714347839355 -3.1351354122161865 8.172252655029297 130 115 112
-2.6790874004364014 1.9258430004119873 8.85979175567627 73 73 74
-2.566636562347412 3.4530763626098633 8.496527671813965 147 147 147
-2.537672519683838 5.774367332458496 8.5654878616333 125 125 125
-2.5193674564361572 3.3875842094421387 8.505302429199219 114 109 106
-2.6094000339508057 1.8196086883544922 8.941696166992188 132 130 129
-2.4793074131011963 3.7016115188598633 8.53707218170166 71 67 66
-2.49430251121521 3.7861855030059814 8.609156608581543 157 157 157
-2.457155704498291 3.3978729248046875 8.532461166381836 141 138 137
-2.4390015602111816 4.381157398223877 8.593833923339844 128 128 128
-2.5001957416534424 1.8044331073760986 9.049153327941895 127 127 127
-2.5001957416534424 1.8044331073760986 9.049153327941895 127 127 127
-2.372838258743286 4.685626983642578 8.653465270996094 72 64 62
-2.3792951107025146 4.543738842010498 8.723921775817871 119 118 116
-2.4744057655334473 1.926404595375061 9.092060089111328 131 130 127
-2.4744057655334473 1.926404595375061 9.092060089111328 131 130 127
-2.347553253173828 4.062385559082031 8.662150382995605 152 152 152
-2.3560330867767334 3.8173093795776367 8.721074104309082 162 156 156
-2.382554769515991 -0.7247599363327026 8.846226692199707 152 152 154
-2.3251757621765137 3.7388854026794434 8.637689590454102 40 38 39
-2.3786990642547607 -0.832500696182251 8.906539916992188 105 103 114
-2.1576719284057617 -3.173711061477661 8.360587120056152 158 155 154
-2.1478357315063477 -3.2076849937438965 8.330328941345215 164 163 161
-2.1478357315063477 -3.2076849937438965 8.330328941345215 164 163 161
-2.254819393157959 4.681774616241455 8.777790069580078 87 83 82
-2.324770450592041 -0.004525697324424982 9.060441017150879 253 253 251
-2.191284656524658 3.4564247131347656 8.74872875213623 141 132 131
-2.235029697418213 2.666215658187866 9.083414077758789 70 66 63
-2.263214349746704 1.736873745918274 9.204771041870117 78 77 83
-2.2556679248809814 1.6188899278640747 9.181669235229492 161 153 151
-2.1196136474609375 3.5632636547088623 8.731860160827637 140 140 139
-2.1371796131134033 4.9130659103393555 8.822489738464355 110 110 110
-2.1114630699157715 2.0772852897644043 8.734837532043457 80 79 78
-2.1106619834899902 3.4490184783935547 8.821334838867188 119 114 111
-2.1106619834899902 3.4490184783935547 8.821334838867188 119 114 111
-2.1123242378234863 5.846563816070557 8.857104301452637 113 113 113
-2.0705716609954834 3.3753747940063477 8.782587051391602 31 27 26
-2.093029737472534 4.910322666168213 8.91068172454834 37 33 33
-2.0373189449310303 3.910290002822876 8.852177619934082 127 125 126
-2.0257909297943115 4.078097343444824 8.862245559692383 121 120 120
-2.0031471252441406 3.301891326904297 8.783658981323242 128 119 119
-2.056854248046875 2.122825860977173 9.127706527709961 158 150 147
-1.9719634056091309 4.224649429321289 8.88413143157959 107 102 101
-1.9530463218688965 3.3507328033447266 8.841689109802246 133 128 127
-1.917233943939209 4.451796531677246 8.943571090698242 64 50 49
-1.9879627227783203 1.8971211910247803 9.338252067565918 151 149 150
-1.8819514513015747 3.952784299850464 8.866069793701172 76 66 64
-1.8757551908493042 4.838805675506592 8.86192512512207 33 32 30
-1.8714003562927246 2.123137950897217 8.893601417541504 82 82 82
-1.840571641921997 3.5118579864501953 8.967756271362305 140 139 137
-1.755856990814209 -3.131241798400879 8.660840034484863 127 109 105
-1.7429530620574951 3.7676236629486084 9.11611270904541 135 134 132
-1.6086647510528564 -3.0853922367095947 8.64180850982666 136 118 116
-1.6655189990997314 3.7982091903686523 9.050174713134766 117 116 113
-1.6536709070205688 3.3693556785583496 9.066636085510254 68 47 46
-1.5880523920059204 4.379125595092773 9.043325424194336 76 66 64
-1.5892764329910278 3.607043981552124 9.171440124511719 125 120 117
-1.468485713005066 3.593005657196045 9.12724494934082 115 107 104
-1.2973624467849731 2.6064975261688232 9.344810485839844 107 104 101
-1.2584768533706665 2.0902485847473145 9.394343376159668 169 165 162
-1.2461141347885132 3.008657693862915 9.375185012817383 124 109 106
-1.2226908206939697 2.2540576457977295 9.395788192749023 87 83 82
-1.1741931438446045 2.4423749446868896 9.375556945800781 150 149 147
-1.1912938356399536 3.387892484664917 9.550949096679688 136 116 114
-1.1703577041625977 2.573120594024658 9.416742324829102 140 139 137
-1.1755256652832031 3.837186813354492 9.521636962890625 131 122 123
-1.1605489253997803 3.3246231079101562 9.449478149414062 140 122 118
-1.1713613271713257 4.223790645599365 9.545008659362793 112 105 102
-1.1202096939086914 3.9133622646331787 9.533918380737305 117 106 104
-1.1831060647964478 2.0836377143859863 10.145302772521973 75 75 77
-1.087241768836975 2.725238084793091 9.496002197265625 133 133 128
-1.0893791913986206 2.8324615955352783 9.532146453857422 127 117 113
-1.0634465217590332 2.3902156352996826 9.458149909973145 103 99 98
-1.071232795715332 3.798671245574951 9.596150398254395 128 118 117
-1.062583327293396 3.6912543773651123 9.549360275268555 126 116 115
-1.0096402168273926 2.099304676055908 9.570300102233887 139 134 130
-0.970539391040802 3.152139663696289 9.62517261505127 123 102 99
-0.8202701807022095 4.572107315063477 8.303864479064941 127 130 125
-0.7404647469520569 4.94152307510376 8.423834800720215 123 129 127
-0.8094383478164673 3.932262897491455 9.717642784118652 113 99 91
-0.6564070582389832 5.0356125831604 8.342550277709961 61 62 64
-0.7383549809455872 4.7147932052612305 9.776168823242188 106 95 89
-0.7399277687072754 1.7462682723999023 10.228636741638184 121 110 108
-0.6822205781936646 3.445493698120117 9.763123512268066 113 93 87
-0.6822205781936646 3.445493698120117 9.763123512268066 113 93 87
-0.5626332759857178 4.6050262451171875 8.320786476135254 78 78 76
-0.6443443298339844 2.2261133193969727 9.798735618591309 126 125 123
-0.6443443298339844 2.2261133193969727 9.798735618591309 126 125 123
-0.5450705885887146 5.117743968963623 8.344721794128418 101 103 102
-0.5632430911064148 4.67777156829834 8.635977745056152 101 103 100
-0.5204097628593445 5.192894458770752 8.621347427368164 46 50 49
-0.40172794461250305 4.985554218292236 8.34605598449707 122 123 118
-0.4568139314651489 4.018151760101318 10.071571350097656 102 87 84
-0.3785530924797058 1.911271333694458 10.584020614624023 110 107 105
-0.2927396297454834 5.182101249694824 8.521477699279785 24 24 26
-0.2718043327331543 4.535123825073242 8.369802474975586 98 103 98
-0.3059200048446655 3.1390528678894043 10.133854866027832 117 105 99
-0.26932084560394287 1.6278291940689087 10.417670249938965 133 122 118
-0.20268364250659943 3.2055516242980957 10.115781784057617 115 101 99
-0.1779881715774536 -0.2105329930782318 10.178960800170898 74 64 62
-0.1322093904018402 -2.1099321842193604 9.912967681884766 151 137 136
-0.08771747350692749 4.5514373779296875 8.815214157104492 152 153 148
-0.07271736115217209 2.123552083969116 9.994894981384277 145 137 134
-0.043552644550800323 -1.8646979331970215 9.717498779296875 169 161 159
0.002556265564635396 -1.9262220859527588 9.596158981323242 187 183 182
0.012513455003499985 2.0488085746765137 9.793320655822754 149 141 137
0.012513455003499985 2.0488085746765137 9.793320655822754 149 141 137
0.04047688469290733 1.5905756950378418 9.661829948425293 145 116 105
0.058297522366046906 -0.11982893943786621 9.588417053222656 182 155 144
0.07266595214605331 2.3935587406158447 9.671219825744629 34 19 15
0.07405536621809006 0.5318750143051147 9.57715892791748 94 55 51
0.08135790377855301 -1.6976795196533203 9.491336822509766 181 169 168
0.1049688383936882 -0.18838125467300415 9.623259544372559 110 75 65
0.16888652741909027 -0.3641827404499054 9.362591743469238 175 158 150
0.2242870032787323 2.3623220920562744 9.322857856750488 24 13 11
0.2388061136007309 3.1373822689056396 9.303648948669434 122 111 109
0.24046266078948975 -2.5669660568237305 9.183389663696289 153 133 124
0.26508623361587524 0.19107399880886078 9.140366554260254 109 70 65
0.2807108759880066 4.654599189758301 9.23785400390625 34 29 22
0.2782926559448242 0.23433980345726013 9.102762222290039 184 144 134
0.2834182381629944 -2.336700677871704 9.017311096191406 108 79 70
0.288177490234375 -0.9940760731697083 8.963361740112305 197 179 166
0.29759910702705383 -1.9942147731781006 8.989973068237305 174 155 149
0.3091016113758087 1.3120131492614746 9.055736541748047 164 143 135
0.314175009727478 0.8522699475288391 9.017434120178223 174 146 135
0.3264164626598358 0.19875429570674896 9.00721263885498 117 83 68
0.3313447833061218 -1.2275910377502441 9.0137300491333 109 89 85
0.33712977170944214 0.5940408110618591 8.944894790649414 178 153 141
0.36231911182403564 -0.8863505125045776 8.848320960998535 201 180 169
0.372545450925827 3.496527910232544 8.992352485656738 112 97 95
0.41133150458335876 -0.44184771180152893 8.75357437133789 191 163 151
0.4299539029598236 3.0510284900665283 8.783979415893555 66 42 41
0.43205517530441284 3.8505499362945557 8.817926406860352 105 102 97
0.44333523511886597 3.4620914459228516 8.789581298828125 118 100 96
0.43979284167289734 -2.270158052444458 8.65189266204834 75 52 45
0.4794902205467224 1.23541259765625 8.653129577636719 107 69 64
0.4888019561767578 2.320791482925415 8.655333518981934 57 31 29
0.505781352519989 1.6474342346191406 8.547735214233398 167 153 150
0.5254355072975159 1.250017523765564 8.573334693908691 117 88 82
0.5239388346672058 -1.888264536857605 8.493064880371094 77 65 59
0.5433896780014038 4.147429466247559 8.556806564331055 45 35 33
0.5405740737915039 1.5917437076568604 8.493741035461426 73 46 44
0.5597413182258606 1.9647417068481445 8.442901611328125 151 113 104
0.557636559009552 1.6772518157958984 8.395914077758789 167 158 156
0.5926298499107361 2.673025608062744 8.454334259033203 47 22 22
0.6075701117515564 1.120613932609558 8.326600074768066 154 101 90
0.6075701117515564 1.120613932609558 8.326600074768066 154 101 90
0.6599210500717163 2.681084632873535 8.226041793823242 143 125 121
0.6645296812057495 1.259653091430664 8.166054725646973 165 146 139
0.675907552242279 -2.9134416580200195 8.137917518615723 164 147 139
0.7122878432273865 -0.002293246565386653 8.05614185333252 116 102 99
0.7165114879608154 1.2480210065841675 8.061531066894531 63 48 48
0.7214913368225098 2.6545395851135254 8.09148120880127 150 130 126
0.7349286079406738 -2.21124267578125 7.999462604522705 153 139 130
0.7506773471832275 -0.09573150426149368 8.004560470581055 89 76 68
0.7537017464637756 0.23770318925380707 8.00944995880127 82 66 63
0.7509535551071167 1.5220705270767212 7.942844867706299 158 143 138
0.7666072845458984 3.0419325828552246 8.076150894165039 129 118 116
0.8360148072242737 2.9750514030456543 7.784577369689941 136 123 121
0.8519899845123291 1.2612957954406738 7.6836018562316895 158 148 140
0.8741503357887268 1.6087462902069092 7.70845365524292 157 149 144
0.8908929228782654 3.657837152481079 7.707035541534424 45 37 35
0.9102464914321899 1.2758899927139282 7.649541854858398 152 145 135
0.9251748323440552 2.606194496154785 7.6577301025390625 43 33 32
0.9266298413276672 0.9087620377540588 7.565647125244141 72 61 59
0.9335132241249084 0.87166428565979 7.520036697387695 141 127 124
0.939951479434967 0.5733564496040344 7.558803558349609 70 59 58
0.9421620965003967 2.2285079956054688 7.549055099487305 54 45 40
0.947782576084137 2.932485818862915 7.585680961608887 49 45 36
0.9386301636695862 1.2422716617584229 7.5020341873168945 51 41 39
0.9431301355361938 1.2684156894683838 7.50192403793335 160 151 146
0.9712119698524475 1.6107274293899536 7.5302042961120605 163 152 148
0.9748960733413696 0.6098124384880066 7.44769811630249 160 151 143
0.9774547219276428 1.2490710020065308 7.423190593719482 60 51 49
0.9891660809516907 2.24465274810791 7.476673603057861 76 58 54
0.9878267049789429 1.950075626373291 7.4578728675842285 139 121 111
0.9910939335823059 0.8739355206489563 7.374179840087891 149 134 127
1.0034122467041016 0.910408616065979 7.416444778442383 47 37 35
1.0745723247528076 0.741582453250885 7.1699395179748535 138 124 115
1.1466796398162842 1.5294238328933716 7.053355693817139 128 113 106
1.1461714506149292 1.5280739068984985 7.035484790802002 126 111 104
1.174511194229126 1.5610324144363403 7.031007766723633 40 36 33
1.1766656637191772 1.2815316915512085 6.94980001449585 76 65 61
1.2108051776885986 2.2065272331237793 7.055864334106445 31 27 23
1.3065024614334106 1.3943134546279907 7.069875717163086 77 66 62
1.3173671960830688 0.7733293771743774 7.048921585083008 89 77 73
1.3145400285720825 -0.4421956539154053 6.9860944747924805 117 100 93
1.392783761024475 1.2113748788833618 7.115932464599609 120 113 103
1.4141019582748413 1.5850192308425903 7.18849515914917 134 127 122
1.428274154663086 2.5938007831573486 7.22053861618042 125 120 114
1.4632638692855835 2.2415711879730225 7.254220008850098 34 30 29
1.4743257761001587 0.5963365435600281 7.175251483917236 23 13 14
1.5405364036560059 -0.6390393972396851 6.995284557342529 179 180 172
1.544013261795044 -0.11393141001462936 7.004669189453125 173 176 165
2.158698558807373 -2.4137375354766846 4.070241928100586 171 154 144
2.942852735519409 0.8959702253341675 5.160119533538818 97 98 93
2.9825210571289062 0.9162721633911133 5.099362373352051 162 165 162
-4.3902788162231445 3.1960065364837646 7.256205081939697 18 11 12
-4.669547080993652 1.8988420963287354 7.564746856689453 134 134 132
-4.669547080993652 1.8988420963287354 7.564746856689453 134 134 132
-4.465716361999512 -2.610020399093628 7.412432670593262 45 47 54
-4.641031265258789 1.8834433555603027 7.583918571472168 49 51 52
-4.282501220703125 3.150367021560669 7.269609451293945 98 89 85
-3.9715895652770996 -3.448469638824463 7.145113468170166 61 56 54
-4.435103416442871 -0.793734610080719 7.684288024902344 123 122 128
-4.20346212387085 2.88714599609375 7.409006118774414 102 93 91
-4.212522029876709 4.599335670471191 7.419510364532471 20 19 17
-4.212522029876709 4.599335670471191 7.419510364532471 20 19 17
-3.5241200923919678 5.3685431480407715 6.690776824951172 50 45 39
-4.160039901733398 3.559083938598633 7.444676876068115 26 25 23
-4.626727104187012 -0.7412369251251221 8.032829284667969 158 138 134
-4.080377101898193 3.2750656604766846 7.427974224090576 113 112 110
-4.0898332595825195 3.1694250106811523 7.444178581237793 117 114 113
-4.127523899078369 2.866703748703003 7.493978500366211 40 28 28
-4.306385517120361 1.8720691204071045 7.738101005554199 133 132 130
-4.080495834350586 2.881753444671631 7.476431369781494 116 111 105
-4.021155834197998 3.560183525085449 7.4625091552734375 124 128 122
-4.0229010581970215 3.3976805210113525 7.471795082092285 72 71 69
-2.1934642791748047 -1.1161309480667114 5.441425323486328 90 94 97
-3.7814266681671143 -3.113490581512451 7.309760570526123 148 134 125
-3.977553129196167 3.5169947147369385 7.472860813140869 142 142 142
-3.9795541763305664 3.517672061920166 7.4763593673706055 143 143 143
-3.7598001956939697 -3.5446248054504395 7.298004627227783 141 127 118
-2.1828322410583496 -1.139570951461792 5.449166774749756 55 54 60
-3.982016086578369 2.8857040405273438 7.496427059173584 118 114 113
-3.3105101585388184 -1.6476917266845703 6.787139892578125 83 83 86
-2.6552834510803223 -1.4542821645736694 6.034270286560059 30 29 34
-4.57373571395874 1.6552367210388184 8.253613471984863 138 133 130
-2.6543662548065186 -0.7336529493331909 6.0460052490234375 32 32 43
-3.9354491233825684 2.464172124862671 7.534473896026611 47 41 41
-4.43815279006958 -0.6721158623695374 8.172540664672852 137 123 121
-2.646977424621582 -0.872557520866394 6.085493087768555 24 23 29
-3.876269817352295 2.890517473220825 7.519985198974609 104 96 93
-4.509770393371582 1.5758287906646729 8.290449142456055 95 86 84
-3.895561695098877 3.5475997924804688 7.599382400512695 142 138 137
-4.471093654632568 1.573193073272705 8.310795783996582 108 100 97
-4.087104797363281 -1.616902470588684 7.899227142333984 29 34 40
-4.117178440093994 -1.1557971239089966 7.9340996742248535 86 86 88
-2.577918291091919 -1.2246758937835693 6.11771821975708 32 32 39
-2.577918291091919 -1.2246758937835693 6.11771821975708 32 32 39
-3.6260390281677246 -3.279292106628418 7.412346363067627 147 136 130
-3.6260390281677246 -3.279292106628418 7.412346363067627 147 136 130
-2.0544443130493164 -1.2902438640594482 5.514501094818115 28 27 35
-3.5976755619049072 -2.9203011989593506 7.435285568237305 134 119 119
-3.790205717086792 3.185281991958618 7.633667469024658 102 92 91
-2.1872944831848145 -1.328554630279541 5.712422847747803 91 92 94
-2.952725648880005 -1.3211268186569214 6.650309085845947 68 69 71
-2.952725648880005 -1.3211268186569214 6.650309085845947 68 69 71
-4.0253095626831055 -1.60593843460083 7.974499225616455 96 96 98
-2.339977741241455 -1.407429575920105 5.932420253753662 33 34 38
-4.006844520568848 -0.9956886768341064 7.991731643676758 94 95 99
-4.0174784660339355 1.8097848892211914 7.985499858856201 132 128 127
-2.173663854598999 -1.380284070968628 5.735832691192627 66 71 73
-2.9041543006896973 -1.5934168100357056 6.678340435028076 93 93 95
-2.9041543006896973 -1.5934168100357056 6.678340435028076 93 93 95
-4.232059955596924 -0.7507834434509277 8.328083038330078 226 207 202
-4.219099998474121 -0.7248934507369995 8.335617065429688 117 83 82
-3.992327928543091 -1.031606912612915 8.060308456420898 33 32 40
-5.240635395050049 -1.4277690649032593 9.64992904663086 107 108 110
-4.31510591506958 1.6770257949829102 8.467195510864258 135 122 118
-3.0974695682525635 -1.034446358680725 6.975464820861816 97 103 103
-3.5020594596862793 -2.9634816646575928 7.507133960723877 134 117 110
-5.157744407653809 -1.5635136365890503 9.588624000549316 23 24 28
-3.70021390914917 3.246356964111328 7.723326683044434 105 104 102
-4.648227214813232 -1.3125584125518799 8.959178924560547 91 91 93
-5.575952053070068 1.1038156747817993 10.136119842529297 254 254 254
-2.256770610809326 -1.4375231266021729 5.956935405731201 79 78 83
-3.444337844848633 -3.7821459770202637 7.488109588623047 127 114 107
-3.44465970993042 -3.7855799198150635 7.490245342254639 127 114 106
-1.0158915519714355 2.8464560508728027 4.36348819732666 34 33 32
-3.6428370475769043 3.2714860439300537 7.725712776184082 121 121 119
-2.2208263874053955 -1.5716516971588135 5.951466083526611 30 31 36
-3.9060161113739014 0.2537690997123718 8.095938682556152 105 95 94
-2.2185912132263184 -1.4037071466445923 5.95930290222168 32 32 39
-5.235408782958984 -0.0737091526389122 9.81206226348877 69 63 62
-5.287548065185547 -0.48650574684143066 9.928267478942871 190 144 129
-3.251528263092041 -1.4652661085128784 7.3265380859375 66 67 69
-2.7907423973083496 -0.938689649105072 6.734186172485352 51 50 55
-5.6248064041137695 -1.5657285451889038 10.395588874816895 51 50 55
-3.2450714111328125 -0.8865915536880493 7.322970867156982 96 96 100
-3.62508487701416 3.2588300704956055 7.787123203277588 45 37 35
-5.39840841293335 -0.6648997664451599 10.112135887145996 208 165 149
-2.9746854305267334 -1.3736916780471802 7.002191066741943 22 21 26
-2.172945976257324 -1.0353257656097412 5.978344917297363 101 100 105
-2.172945976257324 -1.0353257656097412 5.978344917297363 101 100 105
-4.067758083343506 -0.7419767379760742 8.44674015045166 142 103 92
-3.5555031299591064 -0.48147255182266235 7.790616035461426 212 175 158
-2.506115674972534 -1.5950865745544434 6.436661720275879 35 34 42
-5.3776164054870605 1.03807532787323 10.178092956542969 119 97 93
-4.0010666847229 -0.7290018200874329 8.462040901184082 132 96 85
-1.9732815027236938 -1.5915570259094238 5.796432018280029 75 76 80
-3.419851541519165 -1.8670576810836792 7.708540916442871 84 84 86
-2.134697437286377 -1.0809340476989746 6.015658378601074 34 33 41
-3.4196524620056152 -0.9386216402053833 7.718006610870361 92 91 96
-3.5137453079223633 3.241382360458374 7.82082462310791 73 63 62
-3.4460620880126953 -1.1598330736160278 7.762910842895508 114 114 116
-3.4091312885284424 -1.8491499423980713 7.735287666320801 28 26 37
-5.380817413330078 -2.29516339302063 10.36595344543457 92 93 95
-3.4116463661193848 -1.3842129707336426 7.768134593963623 29 28 36
-3.1500492095947266 -1.840649127960205 7.423380374908447 74 75 79
-3.4048516750335693 -0.965599536895752 7.7615766525268555 36 34 47
-3.673475980758667 -0.7886760830879211 8.14535903930664 130 126 123
-3.575528383255005 -2.765366792678833 8.039924621582031 85 90 93
-3.575528383255005 -2.765366792678833 8.039924621582031 85 90 93
-3.7168564796447754 0.44230392575263977 8.252856254577637 220 202 189
-3.477219820022583 4.648375988006592 7.899605751037598 102 102 100
-3.6817102432250977 -1.032057523727417 8.21860122680664 40 38 53
-5.138006210327148 1.2713950872421265 10.195821762084961 254 254 253
-3.476976156234741 5.633668899536133 7.92177677154541 92 92 90
-3.6458401679992676 -1.0021812915802002 8.228867530822754 102 102 104
-4.812100887298584 -1.4321149587631226 9.851238250732422 103 105 104
-3.6309778690338135 1.968579888343811 8.223952293395996 63 63 63
-3.0308754444122314 -2.136415719985962 7.428077220916748 32 32 37
-5.137673854827881 -0.6908175349235535 10.331631660461426 71 62 62
-3.4345781803131104 4.6636433601379395 7.961268901824951 106 102 101
-3.3690834045410156 2.50423526763916 7.893543720245361 17 16 15
-3.8498878479003906 -0.7404006719589233 8.614522933959961 108 75 70
-3.833073377609253 -0.7610451579093933 8.594766616821289 217 200 193
-2.3101353645324707 -1.850337266921997 6.510062217712402 86 87 91
-3.361722707748413 2.9312336444854736 7.9597883224487305 33 24 23
-2.7156364917755127 -1.6794828176498413 7.10411262512207 90 90 92
-3.3438735008239746 4.324021816253662 7.967247009277344 30 30 30
-3.871938705444336 -1.0700610876083374 8.740602493286133 95 95 97
-3.195417642593384 -2.468569278717041 7.818892955780029 31 29 40
-3.2043333053588867 -2.266897678375244 7.856551647186279 32 30 41
-6.448101043701172 -1.8561631441116333 12.436212539672852 103 102 107
-3.347630023956299 4.01949405670166 8.036651611328125 37 36 35
-3.245236396789551 -1.2407739162445068 7.921163558959961 78 79 84
-3.5374755859375 2.0009965896606445 8.336518287658691 125 124 122
-4.96143102645874 -0.03886985778808594 10.370318412780762 195 183 178
-3.6812827587127686 -0.8005287647247314 8.564462661743164 135 129 129
-3.301436424255371 2.967606782913208 8.011481285095215 92 81 79
-3.725950002670288 -0.7705431580543518 8.638957023620605 214 177 165
-3.2979683876037598 4.034191608428955 8.031203269958496 106 105 103
-3.2100331783294678 -1.9642112255096436 7.942964553833008 76 77 81
-4.895606517791748 -0.6055077910423279 10.364206314086914 196 149 130
-3.4990506172180176 1.9839831590652466 8.378421783447266 61 61 62
-4.697176933288574 -0.7477090358734131 10.111233711242676 213 168 151
-2.2470693588256836 -1.8309944868087769 6.609602451324463 89 90 92
-2.2470693588256836 -1.8309944868087769 6.609602451324463 89 90 92
-2.8659234046936035 -1.7797099351882935 7.5001654624938965 93 93 96
-4.131638050079346 -1.1469154357910156 9.328112602233887 106 111 113
-3.502140522003174 -1.7258286476135254 8.429171562194824 37 37 51
-3.7916672229766846 1.7146556377410889 8.835763931274414 116 97 91
-3.6820545196533203 -0.7644375562667847 8.690417289733887 181 140 134
-4.938416957855225 0.6883714199066162 10.497661590576172 143 123 120
-8.679240226745605 0.3654000461101532 15.912529945373535 49 43 43
-2.7876462936401367 2.6894636154174805 7.399402618408203 24 11 11
-3.2605745792388916 5.658254146575928 8.074230194091797 104 104 104
-3.2067599296569824 3.279555320739746 8.01247787475586 29 25 22
-5.664797306060791 -1.7007813453674316 11.600409507751465 101 106 109
-3.4158129692077637 -2.1155388355255127 8.350530624389648 36 35 42
-3.425172805786133 -1.3162227869033813 8.362380981445312 74 77 84
-5.34419584274292 0.47141554951667786 11.145270347595215 101 93 91
-3.075488567352295 -1.536967158317566 7.893112659454346 27 25 37
-3.411271810531616 -1.2273246049880981 8.401501655578613 24 25 31
-2.8055055141448975 -2.0188827514648438 7.53275728225708 33 32 40
-4.443388938903809 -0.8775060772895813 9.930676460266113 159 120 105
-4.894498825073242 1.2379283905029297 10.586982727050781 138 114 110
-4.894498825073242 1.2379283905029297 10.586982727050781 138 114 110
-3.175900459289551 3.307806968688965 8.066831588745117 101 97 96
-4.445988655090332 -2.007993459701538 9.960627555847168 37 36 44
-5.0055832862854 1.7203766107559204 10.783287048339844 200 164 146
-4.436748027801514 -3.4674582481384277 9.99117660522461 79 92 95
-3.1356239318847656 3.236363172531128 8.060900688171387 105 101 100
-3.064051866531372 -1.1542881727218628 7.978604316711426 29 30 35
-3.0408241748809814 -1.203067660331726 7.950046062469482 85 89 94
-9.412729263305664 -2.6874847412109375 17.410715103149414 45 44 50
-3.135089635848999 2.977545976638794 8.096664428710938 95 83 83
-3.1117899417877197 3.0566294193267822 8.079795837402344 103 95 93
-3.008906841278076 -1.9554071426391602 7.95806884765625 78 82 85
-3.2282638549804688 -2.8692054748535156 8.288692474365234 38 37 46
-3.5828402042388916 -2.406367540359497 8.816919326782227 38 37 45
-3.2997865676879883 -1.2817103862762451 8.405771255493164 38 39 45
-3.56834077835083 -0.7391402721405029 8.808571815490723 149 120 111
-4.702986717224121 -0.9384725093841553 10.512944221496582 162 125 115
-3.225984811782837 -0.7836659550666809 8.347440719604492 88 83 82
-3.290452480316162 -2.1336584091186523 8.466939926147461 31 30 35
-3.505894422531128 -0.7774995565414429 8.78970718383789 186 160 152
-3.26505446434021 -1.0422790050506592 8.438777923583984 29 38 47
-2.992955446243286 -1.2520334720611572 8.041289329528809 68 72 72
-4.715739727020264 1.2804665565490723 10.651023864746094 254 254 252
-2.7661898136138916 -1.2236956357955933 7.708440780639648 38 39 44
-3.6007630825042725 -1.9329860210418701 9.004122734069824 37 37 39
-3.051945447921753 3.2635512351989746 8.154802322387695 134 134 134
-2.480968475341797 -2.0371475219726562 7.3051323890686035 85 84 90
-2.480968475341797 -2.0371475219726562 7.3051323890686035 85 84 90
-3.0525267124176025 3.265930652618408 8.156861305236816 134 134 134
-3.042908191680908 2.6332173347473145 8.15329360961914 114 113 109
-4.826956272125244 -2.813361167907715 10.88687515258789 39 43 47
-3.5670888423919678 1.7305809259414673 9.007661819458008 148 124 115
-3.1837902069091797 -1.6633702516555786 8.439846992492676 36 39 48
-3.8475561141967773 -2.5950052738189697 9.472701072692871 35 34 42
-3.8475561141967773 -2.5950052738189697 9.472701072692871 35 34 42
-2.9966437816619873 3.683542013168335 8.15140438079834 66 64 65
-3.426323175430298 -0.7189561724662781 8.830423355102539 58 47 49
-3.0163214206695557 3.2788610458374023 8.227213859558105 138 137 136
-4.719387054443359 1.1797248125076294 10.876502990722656 253 253 251
-3.0265376567840576 4.807835578918457 8.240464210510254 86 81 78
-3.397197961807251 -0.7559072375297546 8.854941368103027 173 142 136
-3.8870489597320557 -2.0671944618225098 9.674439430236816 105 105 107
-4.716385841369629 -3.0125927925109863 10.987639427185059 102 106 107
-2.619074821472168 -2.158381223678589 7.715591907501221 90 91 95
-3.433246612548828 -2.15964412689209 8.99593734741211 106 106 108
-4.740448474884033 2.050102710723877 11.075006484985352 119 98 93
-2.922142505645752 0.14405564963817596 8.229107856750488 207 162 148
-2.9304776191711426 3.834535837173462 8.241521835327148 98 98 96
-2.923441171646118 4.046027660369873 8.267972946166992 149 150 145
-3.1228480339050293 1.929977536201477 8.60456371307373 120 116 117
-3.079087734222412 -1.0533007383346558 8.557660102844238 37 37 46
-4.656375408172607 -0.8145796060562134 11.082277297973633 68 62 63
-4.118646621704102 -2.986088991165161 10.227787971496582 27 35 42
-3.1213090419769287 2.022305965423584 8.64663028717041 165 165 164
-5.5786542892456055 -4.395934104919434 12.577425956726074 92 96 105
-3.357088327407837 -1.7870965003967285 9.029106140136719 33 39 45
-2.857585906982422 3.710965871810913 8.241247177124023 148 150 147
-3.3830626010894775 -1.4333176612854004 9.095518112182617 87 91 92
-2.8839595317840576 4.802662372589111 8.29045581817627 95 94 92
-3.362778902053833 1.7161604166030884 9.092053413391113 141 113 107
-2.8846049308776855 4.798930644989014 8.31570816040039 20 19 17
-3.227590322494507 -0.7803196310997009 8.911491394042969 139 129 128
-2.7268691062927246 -1.2333862781524658 8.164217948913574 38 41 46
-2.9731040000915527 -1.0910059213638306 8.589276313781738 73 74 79
-2.7977774143218994 3.1308200359344482 8.30027961730957 118 114 111
-4.4485764503479 -3.2390201091766357 11.052838325500488 42 41 49
-4.4485764503479 -3.2390201091766357 11.052838325500488 42 41 49
-2.921125650405884 -2.4262542724609375 8.61467170715332 99 105 103
-3.9232914447784424 -2.4882986545562744 10.28820514678955 101 101 103
-2.8921194076538086 -1.6948634386062622 8.651817321777344 40 40 48
-1.6245163679122925 5.364137172698975 6.518181800842285 127 127 120
-4.299407958984375 1.7311307191848755 11.044358253479004 148 137 134
-2.909362316131592 -1.3613642454147339 8.701106071472168 79 83 94
-3.8736014366149902 -0.6125786900520325 10.330677032470703 56 56 59
-4.366540431976318 -0.13890519738197327 11.216944694519043 81 54 54
-2.6823041439056396 3.7385382652282715 8.414925575256348 150 146 143
0.36682358384132385 1.5349820852279663 3.19695782661438 32 28 27
-3.055969715118408 -0.8014879822731018 9.076918601989746 131 127 128
-11.817139625549316 -0.7962746024131775 24.18069839477539 117 110 110
-2.65568208694458 3.987990140914917 8.430472373962402 143 133 132
-3.0501034259796143 1.8548047542572021 9.124617576599121 79 75 74
-2.8662312030792236 -0.9069445133209229 8.823419570922852 43 42 48
-6.289446830749512 -1.6394861936569214 14.82507038116455 98 98 106
-2.607734441757202 3.8077406883239746 8.460189819335938 137 132 129
-2.8164706230163574 1.9720011949539185 8.85568904876709 32 27 29
-2.655027389526367 -2.886645793914795 8.58702564239502 42 42 50
-2.5637543201446533 3.0074002742767334 8.443294525146484 111 105 105
-2.5542314052581787 3.8164870738983154 8.46768569946289 75 70 68
-2.5327799320220947 3.3083999156951904 8.48336410522461 143 139 138
-2.9850728511810303 1.7463127374649048 9.348488807678223 110 110 110
-2.5057308673858643 4.114747047424316 8.54820728302002 127 126 124
-2.670546293258667 1.2381200790405273 8.85366439819336 78 78 80
-2.5741195678710938 3.9846324920654297 8.700384140014648 129 128 127
-2.4896657466888428 4.497665882110596 8.577995300292969 117 116 114
-2.642731189727783 1.6729459762573242 8.947080612182617 134 134 134
-2.449957847595215 5.781524658203125 8.68178939819336 52 50 48
-2.4303925037384033 4.811933994293213 8.645695686340332 99 98 96
-2.3910953998565674 3.4524736404418945 8.609121322631836 79 73 73
-2.4085280895233154 5.514244079589844 8.665229797363281 92 92 90
-2.3779075145721436 4.4272918701171875 8.623477935791016 118 118 118
-2.3552238941192627 3.4305238723754883 8.611404418945312 164 164 164
-2.3675472736358643 3.3604352474212646 8.659340858459473 123 117 117
-2.334984302520752 5.761750221252441 8.624019622802734 119 119 117
-2.3095366954803467 3.352550983428955 8.676915168762207 109 97 97
-2.3655974864959717 -0.9337063431739807 8.82347297668457 137 140 149
-2.4624338150024414 1.9541383981704712 9.06352424621582 77 77 75
-2.361417293548584 -0.3155581057071686 8.93481159210205 98 97 106
-2.4163596630096436 1.8413450717926025 9.08077621459961 77 77 77
-2.2338547706604004 3.415327787399292 8.744270324707031 96 86 82
-2.383129596710205 1.687395453453064 9.165578842163086 142 138 135
-2.324516534805298 -0.07646946609020233 9.057520866394043 253 253 253
-2.1063475608825684 4.039127826690674 8.798620223999023 66 66 64
-2.0846362113952637 5.80151891708374 8.92882251739502 48 44 43
-1.9413307905197144 1.4621472358703613 8.601497650146484 147 137 131
-1.9885421991348267 3.868947982788086 8.812583923339844 79 76 73
-2.0260181427001953 4.655613899230957 8.90359115600586 110 105 102
-2.1949961185455322 1.9016213417053223 9.259665489196777 160 159 155
-2.00998854637146 3.322632074356079 8.917061805725098 134 125 123
-1.9916245937347412 4.8636088371276855 8.934454917907715 124 120 117
-1.9599132537841797 3.0592870712280273 8.872275352478027 117 111 111
-2.1069839000701904 -2.7195634841918945 9.217617988586426 117 112 109
-1.9023959636688232 3.4258177280426025 8.925755500793457 104 84 83
-1.8601799011230469 3.7546699047088623 8.91609001159668 30 22 22
-1.859796404838562 3.7469348907470703 8.94230842590332 136 127 128
-1.8299355506896973 3.0726847648620605 9.055173873901367 25 21 22
-1.7284446954727173 -3.1423869132995605 8.775982856750488 139 126 119
-1.7417752742767334 3.7456109523773193 9.09139633178711 144 143 139
-1.5427087545394897 5.084362506866455 8.674654960632324 64 59 56
-1.7063069343566895 3.078211784362793 9.069904327392578 99 89 88
-1.6718318462371826 3.040924072265625 9.075839042663574 42 32 32
-1.6344246864318848 3.6832234859466553 9.133688926696777 86 71 66
-2.4915573596954346 -3.691225290298462 11.283808708190918 126 123 124
-1.590193271636963 3.602388381958008 9.172150611877441 114 108 108
-2.722618341445923 8.851167678833008 12.303461074829102 108 107 103
-1.714284062385559 -1.8076101541519165 9.606404304504395 253 253 251
-1.3883625268936157 -3.3777170181274414 8.862386703491211 122 103 97
-1.4063506126403809 3.48067307472229 9.26474380493164 104 89 88
-1.3836643695831299 2.1079206466674805 9.274308204650879 83 81 81
-1.3555457592010498 2.1677513122558594 9.293625831604004 97 93 90
-1.4130922555923462 1.9210102558135986 9.835609436035156 147 146 144
-0.8293339014053345 4.596748352050781 8.278115272521973 72 72 72
-0.8146442770957947 4.98403787612915 8.408639907836914 116 117 119
-0.6357035040855408 -2.3582000732421875 7.733334064483643 133 129 128
-0.9979990720748901 2.2319931983947754 9.336451530456543 113 112 110
-1.0241578817367554 3.346440553665161 9.5501127243042 99 74 70
-0.9849691390991211 3.343264579772949 9.605302810668945 137 114 113
-0.5369028449058533 4.992077350616455 8.33796501159668 64 64 62
-1.2493832111358643 -2.6095800399780273 10.474249839782715 253 253 251
-0.4658591151237488 4.542904376983643 8.272154808044434 82 84 80
-0.8788398504257202 2.6805200576782227 9.70128059387207 37 31 32
-0.8248028755187988 5.003626346588135 9.585762977600098 76 78 77
-0.8248028755187988 5.003626346588135 9.585762977600098 76 78 77
-0.8603229522705078 3.552055597305298 9.757220268249512 103 82 77
-0.9550899267196655 1.7318493127822876 10.113866806030273 147 138 138
-0.8134471774101257 3.0954182147979736 9.676441192626953 28 18 17
-0.3889411687850952 4.975353240966797 8.298074722290039 44 45 39
-0.7376571893692017 4.75398063659668 9.717223167419434 60 55 51
-0.7528625130653381 4.742199897766113 9.927986145019531 31 21 19
0.1990688145160675 5.4013895988464355 6.7218475341796875 81 79 67
-0.6228461265563965 2.713336706161499 9.802471160888672 99 95 92
-0.5140127539634705 2.33766508102417 9.846617698669434 102 99 94
-0.5140127539634705 2.33766508102417 9.846617698669434 102 99 94
0.2831574082374573 5.412232875823975 6.797617435455322 98 95 90
-0.4291801154613495 4.724239349365234 9.66087818145752 154 155 154
0.3229479491710663 5.382891654968262 6.693751335144043 78 76 71
-0.5374696850776672 -3.009587526321411 9.967885971069336 65 66 67
-0.4133407473564148 3.176229238510132 10.061800956726074 34 24 25
-0.041101373732089996 4.495048999786377 8.616926193237305 125 125 122
-0.37657520174980164 3.183952569961548 10.051468849182129 93 74 70
-0.34406763315200806 3.5264840126037598 10.037226676940918 55 36 32
-0.34053221344947815 3.184523344039917 10.050297737121582 111 89 83
-0.0075856102630496025 4.490410327911377 8.641194343566895 51 47 44
0.10699761658906937 5.836676597595215 8.549627304077148 97 96 91
0.5923019051551819 5.280851364135742 6.325291633605957 91 87 86
-0.23417918384075165 3.149449586868286 10.176850318908691 97 76 71
-0.2125779390335083 3.394400119781494 10.1377534866333 130 117 111
-0.316529244184494 0.5154164433479309 10.483451843261719 34 26 24
-0.28165221214294434 -0.6442849040031433 10.298445701599121 148 146 147
-0.189389169216156 2.787295341491699 10.111689567565918 59 49 46
-0.24839404225349426 -2.1392855644226074 10.141788482666016 128 124 123
-0.2215048223733902 0.17184413969516754 10.22118854522705 139 125 120
-0.20872589945793152 -0.6354673504829407 10.125508308410645 143 134 134
0.002345830900594592 6.077712535858154 9.539186477661133 26 24 25
-0.17998050153255463 0.5219471454620361 10.127007484436035 54 42 42
0.10546822845935822 5.978488922119141 9.262407302856445 90 86 83
-0.07960814237594604 -2.429213762283325 9.775474548339844 45 30 30
-0.021800300106406212 2.4093120098114014 9.79576301574707 148 143 139
0.05439414456486702 1.6499698162078857 9.59070110321045 156 129 119
0.10055740922689438 -0.5175611972808838 9.446700096130371 173 154 146
0.16487351059913635 2.3451762199401855 9.362265586853027 46 29 26
0.255617618560791 -1.9748470783233643 9.053570747375488 112 91 85
0.31217387318611145 0.8497234582901001 8.960047721862793 185 153 142
0.8158531785011292 5.430570125579834 6.92991828918457 125 127 120
0.5483165383338928 -0.8387821316719055 8.355242729187012 171 157 151
0.5647794604301453 -1.5770492553710938 8.41745376586914 159 140 133
0.6737135052680969 1.5499743223190308 8.127799034118652 155 134 130
0.6994419693946838 0.8891329169273376 8.022130966186523 68 53 53
0.736274003982544 -0.4182392656803131 7.952728271484375 182 169 160
0.8907132148742676 3.6654622554779053 7.661515235900879 123 120 112
0.9384171962738037 1.2437479496002197 7.498015880584717 53 45 43
0.9848343729972839 0.5837797522544861 7.403174877166748 59 50 48
0.8555189967155457 0.293468713760376 9.106951713562012 86 73 65
1.12130606174469 3.913651943206787 7.115646839141846 119 115 111
1.1000688076019287 -1.305342435836792 6.85792875289917 92 73 66
1.1524425745010376 1.9248052835464478 7.00135612487793 79 64 61
1.1481760740280151 0.9460086822509766 6.98925256729126 98 84 76
1.1598374843597412 -0.7081700563430786 6.891507148742676 169 154 147
1.1915199756622314 1.2072319984436035 6.9906463623046875 133 124 115
1.1779521703720093 -0.35914912819862366 6.946415901184082 42 38 37
1.1981686353683472 -1.3551702499389648 6.862025260925293 155 139 126
1.2140313386917114 -2.346161127090454 6.85651159286499 64 60 57
1.308997631072998 3.4771857261657715 7.201462745666504 60 52 49
1.2689985036849976 -0.7128414511680603 6.926494598388672 133 120 112
1.2984158992767334 1.8776614665985107 7.056971549987793 40 36 33
1.347017526626587 2.8954875469207764 7.146446228027344 107 101 95
1.3359253406524658 -1.719394326210022 6.939422130584717 126 113 105
1.420876383781433 3.870844602584839 7.228590488433838 22 21 22
1.4114270210266113 2.8979766368865967 7.212937831878662 30 23 13
1.4270535707473755 3.925107717514038 7.278205394744873 86 84 79
1.3624098300933838 -2.4591267108917236 6.875026226043701 118 111 102
1.4270371198654175 1.5653910636901855 7.111979007720947 132 132 122
1.3967458009719849 -1.3757163286209106 7.021173477172852 132 115 108
1.3929532766342163 -2.0326955318450928 6.934427738189697 142 129 120
1.4288023710250854 -1.7153877019882202 7.017627239227295 134 119 114
1.4434666633605957 -0.703194797039032 7.07819938659668 50 45 39
1.4681036472320557 -0.07249865680932999 7.1022467613220215 152 149 140
1.4713307619094849 -0.05045776441693306 7.101210117340088 53 42 40
1.4613051414489746 -2.0379645824432373 6.981863975524902 149 139 132
1.4692085981369019 -1.3523958921432495 7.042873382568359 39 39 37
1.4850209951400757 -1.064552903175354 7.071964740753174 147 145 138
1.4865963459014893 -1.7909613847732544 6.998282432556152 99 89 79
1.5375151634216309 -2.4555225372314453 6.952195644378662 54 53 48
1.585296630859375 -2.357062578201294 6.887913227081299 174 177 170
1.7281951904296875 -2.3585474491119385 6.8679890632629395 54 56 51
2.410914897918701 5.5350213050842285 7.638051986694336 26 26 24
-4.413348197937012 3.215066909790039 7.257584095001221 103 95 92
-4.396060466766357 4.234601020812988 7.252424716949463 90 88 86
-4.546056747436523 -2.6422524452209473 7.496131896972656 45 47 54
-4.3529133796691895 4.660581588745117 7.324416160583496 22 19 16
-4.576310634613037 1.2273112535476685 7.620212078094482 100 101 105
-4.300547122955322 3.1978118419647217 7.329090595245361 26 25 25
-4.462731838226318 1.9536535739898682 7.532951831817627 122 120 118
-4.3072099685668945 3.8983209133148193 7.344981670379639 24 21 19
-4.3072099685668945 3.8983209133148193 7.344981670379639 24 21 19
-4.005590438842773 -3.464381217956543 7.181044101715088 61 56 54
-4.256810188293457 -2.5380091667175293 7.444024562835693 30 31 35
-4.023900508880615 -2.707526445388794 7.2703471183776855 70 70 70
-4.454554080963135 1.8143788576126099 7.738984107971191 117 113 112
-4.748438835144043 -0.7447972893714905 8.091530799865723 210 185 180
-4.4200439453125 1.862357258796692 7.7202253341674805 103 102 100
-4.512073516845703 -1.1186859607696533 7.902272701263428 34 34 44
-4.345931529998779 -1.0059492588043213 7.76617431640625 40 39 45
-4.093235015869141 3.9313387870788574 7.456364631652832 115 114 112
-4.206188201904297 -2.7853198051452637 7.668891906738281 35 35 40
-4.084894180297852 2.8833065032958984 7.481663227081299 116 111 105
-4.673252582550049 1.568016767501831 8.183069229125977 99 91 88
-4.178014755249023 -2.730039119720459 7.679851531982422 148 148 136
-4.178014755249023 -2.730039119720459 7.679851531982422 148 148 136
-3.999478340148926 2.0082943439483643 7.44325065612793 125 121 118
-4.35658597946167 -1.0234524011611938 7.892058372497559 33 32 46
-4.031890869140625 3.5677554607391357 7.47523307800293 124 128 122
-4.348504066467285 -0.8860953450202942 7.8863067626953125 92 90 92
-4.0292558670043945 2.8952603340148926 7.508308410644531 112 107 104
-4.656655788421631 1.5527058839797974 8.254972457885742 178 175 170
-3.9986820220947266 3.3433709144592285 7.48922872543335 131 128 129
-4.0452799797058105 3.578756093978882 7.541123867034912 26 24 25
-4.003551483154297 3.379021406173706 7.498913764953613 132 131 131
-4.003551483154297 3.379021406173706 7.498913764953613 132 131 131
-3.870431423187256 -3.171337604522705 7.415060043334961 148 134 125
-4.000269412994385 3.434183359146118 7.499837398529053 134 134 132
-4.005557537078857 3.537165880203247 7.506967067718506 143 143 143
-4.018710613250732 4.222426414489746 7.521780014038086 103 99 98
-4.585827827453613 -0.6745840311050415 8.227215766906738 127 111 108
-3.8038761615753174 -3.566547155380249 7.347228527069092 141 127 118
-4.640887260437012 1.6007071733474731 8.285282135009766 85 75 73
-3.8000149726867676 -3.292078733444214 7.3633246421813965 152 139 129
-3.926729679107666 2.455737590789795 7.460018157958984 54 45 46
-3.9684009552001953 3.3302736282348633 7.509365081787109 74 63 61
-3.9684009552001953 3.3302736282348633 7.509365081787109 74 63 61
-4.287974834442139 -0.8336710333824158 7.928255081176758 43 44 49
-3.9877452850341797 2.9108996391296387 7.546801567077637 101 97 94
-3.938788890838623 2.0059525966644287 7.5069355964660645 71 71 69
-4.5413336753845215 1.7814494371414185 8.22418212890625 66 58 56
-3.064504861831665 -0.7846067547798157 6.551651477813721 95 96 100
-3.9477782249450684 3.86624813079834 7.550039768218994 121 121 119
-5.443519592285156 0.4442199766635895 9.379884719848633 171 147 146
-4.994383335113525 -1.1685007810592651 8.87177562713623 33 36 45
-5.002049446105957 -1.1701648235321045 8.882758140563965 33 36 45
-5.035799503326416 1.4515889883041382 8.921258926391602 63 61 64
-3.2551748752593994 -0.1530129462480545 6.814929485321045 92 91 90
-5.7342610359191895 0.8812069892883301 9.756359100341797 50 46 47
-3.883051872253418 3.2978391647338867 7.554254531860352 123 117 117
-3.89896559715271 2.5136382579803467 7.581504821777344 100 101 99
-4.175507068634033 -1.621458649635315 7.958423614501953 79 83 86
-4.175507068634033 -1.621458649635315 7.958423614501953 79 83 86
-1.6835569143295288 -1.1367077827453613 5.004726886749268 37 35 44
-4.138646125793457 1.906479835510254 7.9290618896484375 46 47 52
-3.8349416255950928 3.3988747596740723 7.575445652008057 121 116 117
-3.571324586868286 -3.1803576946258545 7.319786548614502 127 108 102
-3.8701260089874268 3.565673589706421 7.622364521026611 31 29 26
-5.659142971038818 0.9695141911506653 9.820680618286133 240 227 221
-4.097165107727051 -1.6706818342208862 7.956718921661377 32 32 39
-7.592037200927734 -2.138066291809082 12.295456886291504 80 81 85
-5.598034381866455 0.9807920455932617 9.850883483886719 81 72 73
-4.05361795425415 -0.8337537050247192 7.988239288330078 33 32 40
-3.507819890975952 -1.6019326448440552 7.3325395584106445 49 50 54
-2.9876019954681396 -1.435904860496521 6.693674564361572 49 50 54
-5.516292572021484 1.1369719505310059 9.776957511901855 86 74 74
-4.317049503326416 -0.7501649856567383 8.328845977783203 124 91 83
-4.371408462524414 1.6317445039749146 8.3896484375 80 64 61
-5.541882514953613 0.7944093346595764 9.877673149108887 64 58 58
-4.045483589172363 1.8186469078063965 8.02004623413086 132 128 127
-4.301401615142822 -0.7251975536346436 8.397500991821289 115 79 70
-3.744274854660034 3.200408697128296 7.682147026062012 61 52 50
-3.7429189682006836 2.50626540184021 7.7100677490234375 41 37 36
-3.988416910171509 -1.7875070571899414 8.085894584655762 44 44 46
-5.331871509552002 -0.22982224822044373 9.766599655151367 56 50 50
-5.331871509552002 -0.22982224822044373 9.766599655151367 56 50 50
-3.7595531940460205 4.665903091430664 7.758487701416016 28 26 27
-5.411492824554443 -0.17128296196460724 9.877558708190918 54 47 47
-5.422191143035889 -0.2676183581352234 9.89411735534668 53 47 47
-5.422191143035889 -0.2676183581352234 9.89411735534668 53 47 47
-3.6848108768463135 2.93843936920166 7.709799289703369 16 16 17
-3.975126028060913 -1.3095462322235107 8.12389850616455 77 77 79
-5.588126182556152 1.0985785722732544 10.151111602783203 254 254 254
-5.588126182556152 1.0985785722732544 10.151111602783203 254 254 254
-1.8134270906448364 -1.262573480606079 5.393840789794922 79 78 83
-3.684457302093506 3.575561285018921 7.734576225280762 87 83 82
-3.4887237548828125 -3.807919979095459 7.542275905609131 127 114 107
-3.489872455596924 -3.8119099140167236 7.545322895050049 127 114 106
-3.936835289001465 -1.773228406906128 8.11953067779541 77 78 83
-1.5063276290893555 -1.2695257663726807 5.037749767303467 30 31 36
-5.29062032699585 -0.17281021177768707 9.863367080688477 51 47 48
-3.864875555038452 -1.2542972564697266 8.060431480407715 35 33 44
-2.7045328617095947 5.312285900115967 6.5340399742126465 119 119 109
-5.619866371154785 -2.317826986312866 10.335450172424316 100 99 104
-5.348109245300293 -0.5024093985557556 10.006278038024902 190 144 129
-5.348109245300293 -0.5024093985557556 10.006278038024902 190 144 129
-3.6530988216400146 4.8681640625 7.790605545043945 91 91 89
-2.6706783771514893 5.325819492340088 6.523054599761963 114 116 103
-5.258787631988525 -0.7763571739196777 9.926606178283691 51 45 45
-5.592189788818359 1.3232192993164062 10.345995903015137 252 252 250
-4.0963592529296875 1.8073835372924805 8.434527397155762 141 132 133
-5.2861480712890625 -0.663969099521637 10.00033187866211 189 144 126
-2.715852975845337 -0.9975184798240662 6.691261291503906 36 34 44
-2.473410129547119 -0.37903496623039246 6.380617618560791 212 175 158
-1.7323393821716309 -1.073048710823059 5.419765472412109 104 103 108
-3.622178077697754 4.633101940155029 7.847987651824951 103 104 99
-3.859697103500366 -1.7854511737823486 8.207191467285156 80 80 83
-4.466675758361816 -1.1667369604110718 9.024885177612305 37 35 46
-4.10653018951416 1.812653660774231 8.541242599487305 99 89 87
-5.206877708435059 -0.33025142550468445 10.009200096130371 225 184 162
-5.206877708435059 -0.33025142550468445 10.009200096130371 225 184 162
-3.570131540298462 4.694282531738281 7.835291385650635 105 104 102
-3.5458290576934814 3.9811313152313232 7.808786392211914 106 105 103
-4.027261734008789 -0.7340748906135559 8.496347427368164 132 96 85
-2.305917739868164 -0.8914604187011719 6.250558376312256 114 114 116
-2.5945773124694824 0.49008893966674805 6.631871223449707 251 233 220
-2.586367130279541 5.328053951263428 6.59762716293335 120 118 112
-5.553320407867432 -1.764314889907837 10.616067886352539 79 80 82
-5.1348466873168945 -0.3697536885738373 10.092145919799805 64 59 63
-2.5744259357452393 5.354773998260498 6.626651287078857 70 67 60
-3.72099232673645 -1.7787268161773682 8.221351623535156 78 79 81
-4.037600994110107 1.632042407989502 8.64936637878418 124 110 104
-3.469294309616089 3.6393532752990723 7.870236396789551 122 121 117
-3.525181531906128 1.3122724294662476 8.007861137390137 150 130 124
-3.458217144012451 5.616377830505371 7.897403240203857 92 92 90
-3.458217144012451 5.616377830505371 7.897403240203857 92 92 90
-5.420097827911377 -2.4473133087158203 10.623756408691406 97 99 99
-5.497154712677002 -2.9773495197296143 10.732828140258789 38 41 46
-5.050078868865967 -0.2875867784023285 10.147947311401367 64 56 59
-5.201601028442383 1.5377631187438965 10.360719680786133 152 140 138
-5.183602809906006 -0.7937673926353455 10.358429908752441 223 187 173
-5.46647310256958 -0.07384204864501953 10.750410079956055 143 128 125
-5.183394432067871 -0.7088462114334106 10.395135879516602 71 62 62
-3.409343719482422 3.6598596572875977 7.938272953033447 98 97 95
-3.622053384780884 -1.6999379396438599 8.279040336608887 30 31 43
-5.010200500488281 0.4090539216995239 10.2175931930542 62 57 61
-5.0762529373168945 -0.023112691938877106 10.328495025634766 61 55 55
-3.7231407165527344 1.8439013957977295 8.442034721374512 125 120 117
-5.0775651931762695 -0.024137748405337334 10.330848693847656 56 48 49
-3.3407540321350098 2.5083091259002686 7.914802551269531 16 16 17
-4.404234886169434 0.31328636407852173 9.419391632080078 59 57 60
-3.355936288833618 2.9280598163604736 7.951910018920898 33 24 23
-9.107378959655762 1.382412075996399 15.99252986907959 178 143 136
-3.0132598876953125 -0.9063860177993774 7.507032871246338 34 33 38
-3.3300046920776367 4.3124213218688965 7.9483113288879395 30 30 30
-3.3300046920776367 4.3124213218688965 7.9483113288879395 30 30 30
-3.3524069786071777 5.168087005615234 7.979676723480225 91 96 92
-3.308302640914917 3.62058162689209 7.9669508934021 35 30 34
-4.998871803283691 -0.01226020697504282 10.373550415039062 203 196 190
-3.3088183403015137 3.5869815349578857 7.975624084472656 115 115 115
-5.695998191833496 0.4140435755252838 11.359768867492676 45 42 43
-4.136775493621826 2.004305601119995 9.15813159942627 124 116 113
-3.3233542442321777 4.005898475646973 8.003173828125 37 36 35
-3.3333394527435303 4.3780388832092285 8.018057823181152 95 94 90
-2.4931561946868896 -1.691386342048645 6.871469020843506 31 30 37
-2.9405922889709473 -1.0786124467849731 7.514403343200684 33 32 38
-3.27441668510437 3.597271203994751 7.9871602058410645 63 62 60
-3.2891390323638916 3.992244005203247 8.022624015808105 44 43 41
-5.020030975341797 0.6129292249679565 10.54328727722168 81 74 74
-4.940517902374268 1.724190354347229 10.428486824035645 121 102 95
-5.054773807525635 0.6202460527420044 10.602015495300293 72 64 62
-5.054773807525635 0.6202460527420044 10.602015495300293 72 64 62
-3.941152811050415 0.10369975119829178 9.006951332092285 97 87 86
-3.941152811050415 0.10369975119829178 9.006951332092285 97 87 86
-4.759552955627441 -0.7660220265388489 10.20113754272461 213 168 151
-3.1403565406799316 -3.0373215675354004 7.906608581542969 126 115 111
-3.2749571800231934 4.737393856048584 8.066181182861328 26 26 24
-3.2693002223968506 4.853485107421875 8.06010913848877 37 36 36
-4.812627792358398 0.37927648425102234 10.305091857910156 59 53 55
-4.794526100158691 0.1858847588300705 10.281536102294922 57 51 53
-3.811837673187256 1.718787670135498 8.864714622497559 116 97 91
-3.28849720954895 5.54063606262207 8.1022310256958 105 105 103
-3.52858567237854 1.967136025428772 8.469513893127441 39 37 40
-4.872480392456055 0.587647020816803 10.417566299438477 63 58 58
-4.291611671447754 -2.3128693103790283 9.597358703613281 35 36 41
-3.1416666507720947 3.169065475463867 7.967792987823486 58 47 45
-3.195845603942871 4.343594551086426 8.044392585754395 21 21 20
-1.9557594060897827 -2.0743942260742188 6.272136211395264 36 39 42
-3.162872314453125 3.4408626556396484 8.01507568359375 142 141 139
-5.0327959060668945 1.2449246644973755 10.789693832397461 138 114 110
-6.474100112915039 -2.0450539588928223 12.93661880493164 120 120 122
-4.871271133422852 1.6805274486541748 10.585288047790527 200 164 146
-3.1303043365478516 3.121525764465332 8.018145561218262 62 53 54
-3.3986072540283203 -1.331037163734436 8.434891700744629 75 79 87
-4.142903804779053 -1.1931685209274292 9.552282333374023 33 33 41
-3.363802194595337 1.850638747215271 8.403573036193848 67 64 65
-3.159593343734741 3.2531697750091553 8.096600532531738 105 101 100
-3.375243902206421 -1.2631675004959106 8.444364547729492 120 120 121
-4.117398738861084 2.220388650894165 9.537531852722168 40 40 42
-6.542076587677002 -1.9931939840316772 13.15350341796875 45 44 50
-3.1137168407440186 2.965851068496704 8.06510066986084 95 83 83
-3.3207709789276123 -2.429774045944214 8.410269737243652 39 37 50
-4.596522331237793 -0.43951964378356934 10.299040794372559 56 48 51
-4.817282199859619 1.6609854698181152 10.644820213317871 253 236 226
-3.3423407077789307 -2.2999160289764404 8.459038734436035 38 37 45
-3.3423407077789307 -2.2999160289764404 8.459038734436035 38 37 45
-3.3458609580993652 1.9502202272415161 8.45923137664795 50 49 54
-3.130048990249634 4.286830425262451 8.130058288574219 64 60 59
-4.673977851867676 -0.4736745357513428 10.474011421203613 60 54 54
-4.875300884246826 0.48068422079086304 10.789048194885254 254 254 252
-3.094409704208374 3.5485644340515137 8.125374794006348 95 91 90
-4.510112285614014 -0.7049565315246582 10.339948654174805 227 197 188
-3.0833301544189453 3.2157351970672607 8.176663398742676 81 77 76
-3.3184046745300293 1.9918888807296753 8.569964408874512 119 117 119
-4.996752738952637 -2.900904417037964 11.146261215209961 39 43 47
-2.997075319290161 4.020218372344971 8.126541137695312 115 114 112
-3.999157667160034 -2.675983428955078 9.706607818603516 35 34 42
-3.999157667160034 -2.675983428955078 9.706607818603516 35 34 42
-3.4424116611480713 -0.7259367108345032 8.855352401733398 58 47 49
-2.9566662311553955 3.473024845123291 8.164755821228027 84 80 79
-3.89890456199646 -2.653717517852783 9.6456937789917 35 34 42
-3.4185574054718018 -0.7243108749389648 8.915448188781738 61 52 53
-8.256853103637695 -3.0692243576049805 16.491100311279297 85 85 89
-3.0112671852111816 4.792693138122559 8.285419464111328 25 25 25
-3.931133270263672 -1.5976579189300537 9.755054473876953 25 24 31
-3.1793768405914307 -1.282602310180664 8.60852336883545 112 113 115
-2.993953227996826 4.059624671936035 8.315263748168945 56 55 53
-2.993953227996826 4.059624671936035 8.315263748168945 56 55 53
-4.505666255950928 0.48340216279029846 10.732909202575684 94 80 79
-2.9406092166900635 3.340468406677246 8.256476402282715 134 133 131
-4.5091447830200195 -0.43428829312324524 10.7669095993042 229 188 170
-4.5091447830200195 -0.43428829312324524 10.7669095993042 229 188 170
-2.9303882122039795 3.963395118713379 8.262779235839844 68 67 65
-2.9083263874053955 3.643850803375244 8.229598045349121 128 128 128
-2.9128901958465576 3.822770595550537 8.243170738220215 85 85 85
-2.934758186340332 4.056828022003174 8.286372184753418 149 150 145
-1.8003513813018799 -0.9032810926437378 6.502980709075928 38 39 43
-2.969447612762451 4.446865558624268 8.357606887817383 40 36 37
-2.969447612762451 4.446865558624268 8.357606887817383 40 36 37
-2.894076347351074 3.314188003540039 8.251138687133789 29 23 20
-5.041507244110107 -0.8791588544845581 11.697718620300293 68 62 63
-3.425048351287842 1.6767841577529907 9.138285636901855 122 102 95
-3.725325584411621 -2.4063587188720703 9.625895500183105 84 85 89
-3.412322759628296 1.7335174083709717 9.171338081359863 141 113 107
-2.793691873550415 0.04226352646946907 8.185684204101562 255 222 203
-2.8419694900512695 3.1441328525543213 8.262876510620117 70 60 59
-3.0805068016052246 -1.889606237411499 8.669471740722656 50 50 56
-4.681840419769287 -1.7929584980010986 11.352485656738281 38 41 46
-3.7744438648223877 -1.2448155879974365 9.885259628295898 39 42 51
-3.362140655517578 1.7396916151046753 9.21861743927002 159 125 112
-4.382819175720215 -0.34104296565055847 10.950176239013672 77 68 71
-1.6771717071533203 5.320693016052246 6.483790397644043 119 118 113
-4.546441078186035 -2.755431652069092 11.227890014648438 95 95 99
-3.3047499656677246 1.672217845916748 9.194721221923828 118 102 94
-3.011211633682251 -0.9465361833572388 8.723526000976562 96 91 93
-3.008422374725342 -0.9100824594497681 8.807336807250977 54 53 58
-2.7644734382629395 3.2331862449645996 8.403196334838867 107 102 99
-2.753242015838623 4.06392765045166 8.409293174743652 14 13 11
-4.291937828063965 1.5750001668930054 11.019743919372559 72 63 61
-2.7302606105804443 4.997716426849365 8.399734497070312 110 110 108
-3.638390064239502 -0.6042107939720154 9.934271812438965 56 56 59
-2.7326574325561523 4.840243339538574 8.422942161560059 94 93 91
-2.694878578186035 3.316986560821533 8.383533477783203 114 108 108
-4.166765213012695 -0.32296064496040344 10.884978294372559 76 67 68
-2.941218852996826 -1.172453761100769 8.838794708251953 47 49 63
-2.710805892944336 4.821117877960205 8.454204559326172 28 27 26
-2.682460308074951 3.7420341968536377 8.415689468383789 150 146 143
-2.6827926635742188 2.0353336334228516 8.419363021850586 153 149 148
-2.5758678913116455 -3.0413200855255127 8.245197296142578 72 65 65
-4.2792229652404785 0.49840372800827026 11.163125038146973 77 65 65
-2.653395652770996 3.0253467559814453 8.411961555480957 160 159 155
-2.8459722995758057 -2.5517444610595703 8.741531372070312 41 43 52
-2.8497281074523926 -1.3144994974136353 8.76350212097168 121 121 125
-2.6480190753936768 3.675746202468872 8.423502922058105 139 132 130
-1.4842805862426758 5.310883045196533 6.4222211837768555 132 132 120
-2.8882718086242676 -0.9165920615196228 8.861747741699219 43 42 48
-4.096245765686035 -0.1329130083322525 10.965240478515625 77 68 69
-2.660301446914673 4.774652004241943 8.4844970703125 103 102 100
-2.607612371444702 3.6547529697418213 8.406933784484863 156 155 154
-3.1169986724853516 1.7805685997009277 9.352717399597168 254 254 250
-3.1169986724853516 1.7805685997009277 9.352717399597168 254 254 250
-2.6991899013519287 -2.005681276321411 8.651671409606934 47 47 54
-2.842372417449951 -1.186126470565796 8.943292617797852 49 55 65
-2.5698437690734863 4.064059734344482 8.487954139709473 49 45 44
-2.5627753734588623 3.6910951137542725 8.481487274169922 48 39 40
-2.7170326709747314 -0.8075054287910461 8.766247749328613 136 137 140
-2.8163247108459473 1.9600293636322021 8.96342945098877 101 99 102
-2.5350253582000732 4.383062362670898 8.494935989379883 76 76 76
-2.5279641151428223 3.405186414718628 8.494380950927734 113 109 106
-2.52426815032959 3.472046136856079 8.50881576538086 135 134 132
-2.5158164501190186 3.8277032375335693 8.529562950134277 159 158 156
-2.6036205291748047 4.016828536987305 8.754884719848633 129 128 127
-2.4821274280548096 4.073287487030029 8.542035102844238 42 42 40
-2.476060390472412 3.4577980041503906 8.549174308776855 64 59 56
-2.481574773788452 4.489132404327393 8.563637733459473 117 116 114
-2.462001323699951 3.294182062149048 8.536538124084473 107 102 99
-2.495164394378662 3.745436668395996 8.598937034606934 59 55 54
-2.453731060028076 3.2760140895843506 8.544590950012207 142 137 133
-2.4646425247192383 4.055139541625977 8.584546089172363 140 138 139
-2.447286367416382 3.8994996547698975 8.5704345703125 131 131 130
-2.5469658374786377 -2.833038330078125 8.74787425994873 44 49 55
-2.690232753753662 1.6885260343551636 9.034677505493164 134 134 134
-2.431739568710327 3.4034316539764404 8.575788497924805 135 129 126
-2.422494411468506 5.74882698059082 8.564818382263184 122 120 120
-2.509641408920288 -2.7812516689300537 8.73277473449707 116 130 138
-2.6490743160247803 1.6788954734802246 9.009788513183594 136 136 136
-2.4277071952819824 3.7484354972839355 8.616458892822266 32 30 31
-2.409069538116455 3.347541093826294 8.589617729187012 118 108 106
-2.3909406661987305 4.7650885581970215 8.57194709777832 99 98 96
-2.36934232711792 3.746905565261841 8.554414749145508 166 166 163
-2.385390520095825 3.447901487350464 8.598478317260742 79 73 73
-2.581214427947998 1.7865246534347534 9.028428077697754 130 136 134
-2.3510327339172363 3.7366414070129395 8.612030029296875 25 21 22
-2.375459671020508 4.6977057456970215 8.662470817565918 69 64 61
-2.370753526687622 4.106071949005127 8.667430877685547 5 5 6
-2.3640213012695312 3.3584630489349365 8.65273666381836 123 117 117
-2.336559534072876 3.390894889831543 8.636980056762695 35 28 28
-2.3767759799957275 4.165372848510742 8.721879959106445 128 127 127
-2.587651491165161 1.9239708185195923 9.13346004486084 132 128 127
-2.267772912979126 3.319474935531616 8.596089363098145 109 97 97
-2.2947633266448975 3.4204771518707275 8.64934253692627 131 121 120
-2.287476062774658 5.7937164306640625 8.691442489624023 117 117 115
-2.266758680343628 3.417794942855835 8.703888893127441 117 107 105
-2.37131929397583 -0.32130539417266846 8.95406723022461 98 97 106
-2.1992173194885254 3.4843199253082275 8.659961700439453 142 141 141
-2.419987440109253 1.9251257181167603 9.114534378051758 141 138 133
-2.419987440109253 1.9251257181167603 9.114534378051758 141 138 133
-2.197246551513672 4.501464366912842 8.71581745147705 112 112 112
-2.348649501800537 1.9806915521621704 9.078030586242676 74 74 72
-2.3311290740966797 -0.061448466032743454 9.041543006896973 254 254 254
-2.4202284812927246 1.662268877029419 9.244718551635742 142 138 135
-2.3182716369628906 -0.08067678660154343 9.044719696044922 253 253 253
-2.1667423248291016 3.3558509349823 8.765554428100586 124 116 113
-2.347883701324463 0.05659499391913414 9.117101669311523 253 253 251
-2.166797161102295 4.814018726348877 8.780648231506348 119 119 121
-2.165391683578491 3.4074859619140625 8.77214241027832 51 45 42
-2.1489052772521973 3.379967212677002 8.801223754882812 38 35 34
-2.1355695724487305 4.543415069580078 8.791439056396484 117 117 117
-2.145843029022217 3.188324451446533 8.84203052520752 32 27 27
-2.1330785751342773 4.819779872894287 8.825757026672363 71 71 69
-2.132002592086792 3.487236738204956 8.818984985351562 152 152 151
-2.1292810440063477 3.0826079845428467 8.812244415283203 22 13 14
-2.1292810440063477 3.0826079845428467 8.812244415283203 22 13 14
-2.150512933731079 3.3853394985198975 8.863618850708008 124 123 121
-2.133004903793335 3.749983072280884 8.829885482788086 130 128 129
-2.101135015487671 3.7590584754943848 8.764989852905273 41 39 40
-2.1092541217803955 4.694738388061523 8.796984672546387 53 52 51
-2.1087088584899902 4.041813373565674 8.803629875183105 66 66 64
-2.1228785514831543 4.107264041900635 8.845192909240723 154 154 154
-0.8996174931526184 5.279827117919922 6.324288845062256 140 141 134
-2.0876872539520264 3.2876315116882324 8.825511932373047 83 73 69
-2.088603973388672 3.3936188220977783 8.833026885986328 30 26 28
-2.0661110877990723 3.3531100749969482 8.839790344238281 126 118 117
-2.062131404876709 5.768392562866211 8.881962776184082 48 44 43
-2.2748701572418213 1.5898836851119995 9.304754257202148 147 137 131
-2.056507110595703 3.4865214824676514 8.86721134185791 138 124 124
-2.054856061935425 4.53507137298584 8.895580291748047 33 27 27
-2.054701805114746 4.497211456298828 8.901253700256348 129 128 126
-2.047888994216919 3.4361538887023926 8.882414817810059 51 36 32
-1.3304232358932495 1.224890112876892 7.360605239868164 255 255 253
-2.2181625366210938 1.3712300062179565 9.248753547668457 253 253 253
-2.017517566680908 4.432943344116211 8.86940860748291 67 55 54
-2.017517566680908 4.432943344116211 8.86940860748291 67 55 54
-1.9979441165924072 3.3419172763824463 8.849953651428223 138 130 128
-1.9804980754852295 4.492491722106934 8.831068992614746 40 30 31
-1.6019822359085083 5.69351863861084 8.087969779968262 68 64 63
-2.1917006969451904 1.6330257654190063 9.33489990234375 151 144 141
-1.9801461696624756 4.296577453613281 8.912179946899414 120 120 120
-1.966475248336792 3.065450668334961 8.886329650878906 117 111 111
-1.9600516557693481 3.034801483154297 8.903948783874512 34 30 29
-1.9407204389572144 3.397493839263916 8.886651992797852 33 18 15
-1.9597585201263428 4.418292045593262 8.970677375793457 61 46 41
-2.154995918273926 1.5870400667190552 9.46910285949707 255 255 254
-1.8616997003555298 4.487149715423584 8.866820335388184 34 29 27
-1.9250273704528809 3.3292102813720703 9.013501167297363 111 102 97
-1.8948113918304443 4.27797269821167 8.981098175048828 120 120 116
-1.8339293003082275 3.4483606815338135 8.993377685546875 114 102 96
-1.8194433450698853 3.063263416290283 9.030596733093262 25 21 22
-1.82839035987854 4.9501118659973145 9.074145317077637 27 27 27
-1.7943612337112427 3.600705623626709 9.02507209777832 129 128 126
-1.7719477415084839 3.4516494274139404 9.020627975463867 125 113 113
-1.7748019695281982 3.4424009323120117 9.093232154846191 32 17 17
-1.7082618474960327 3.4662327766418457 9.055978775024414 64 49 46
-1.6449496746063232 2.09824275970459 8.982763290405273 90 90 90
-1.6962882280349731 3.4463813304901123 9.129294395446777 35 25 24
-1.6962882280349731 3.4463813304901123 9.129294395446777 35 25 24
-1.6916905641555786 3.8343589305877686 9.137784004211426 122 119 114
-1.634964942932129 3.69523024559021 9.136260032653809 86 71 66
-1.6535669565200806 -2.9619462490081787 9.22310733795166 126 123 124
-1.5309815406799316 3.786851167678833 9.19548511505127 121 113 111
-1.7163987159729004 -1.8032506704330444 9.607879638671875 253 253 251
-1.4273921251296997 3.7801990509033203 9.27145767211914 129 122 120
-0.2848031520843506 5.255488872528076 6.28640604019165 138 139 134
-1.409311294555664 3.4862008094787598 9.27255916595459 104 89 88
-0.4468139708042145 5.372265338897705 6.738475322723389 73 73 65
-1.259088158607483 4.533768653869629 8.925819396972656 58 49 47
-0.4393349289894104 5.381282329559326 6.774384498596191 132 134 123
-0.4393349289894104 5.381282329559326 6.774384498596191 132 134 123
-1.429304838180542 3.9235341548919678 9.45822525024414 106 95 93
-1.3487586975097656 3.7831766605377197 9.280430793762207 110 100 98
-0.3668925166130066 5.33695650100708 6.630701541900635 82 81 76
-0.3528363108634949 5.343169212341309 6.63541841506958 143 142 140
-1.2111945152282715 4.539453506469727 8.98265552520752 121 125 122
-1.1939265727996826 4.573714733123779 8.945303916931152 74 73 69
-1.0451103448867798 5.744549751281738 8.593032836914062 100 98 99
-0.7818387746810913 5.628033638000488 7.8684539794921875 71 68 63
-1.2777667045593262 3.8567566871643066 9.341898918151855 110 100 98
-1.0905694961547852 5.61461877822876 8.875570297241211 30 30 28
-1.273636817932129 3.0834243297576904 9.352643966674805 39 31 29
-0.464118093252182 5.463432788848877 7.1474995613098145 147 148 142
-0.9412859082221985 4.169093608856201 8.538474082946777 94 89 84
-0.8331496119499207 4.598559379577637 8.288078308105469 72 72 72
-0.8331496119499207 4.598559379577637 8.288078308105469 72 72 72
-1.2250221967697144 3.460665464401245 9.413423538208008 29 7 9
-1.2058287858963013 2.1877527236938477 9.338069915771484 173 169 166
-1.2063263654708862 3.2540695667266846 9.364850044250488 129 108 103
-1.1843887567520142 3.2317073345184326 9.400043487548828 93 59 56
-1.0820307731628418 -3.1839592456817627 9.022398948669434 121 103 101
-1.1699516773223877 3.3313000202178955 9.440404891967773 161 141 142
-1.1505494117736816 2.307746410369873 9.403179168701172 163 162 160
-1.1536791324615479 2.6917810440063477 9.426474571228027 90 74 74
-1.1370619535446167 2.4637320041656494 9.405996322631836 121 120 118
-1.1397815942764282 2.4109461307525635 9.421550750732422 162 162 161
-1.1459580659866333 3.4070465564727783 9.492244720458984 144 130 129
-1.1498819589614868 3.4773061275482178 9.513985633850098 39 17 19
-0.7792925238609314 5.056324005126953 8.443703651428223 131 132 132
-1.1388529539108276 2.7148637771606445 9.47380542755127 131 127 126
-1.1104449033737183 2.9540512561798096 9.473814010620117 122 107 104
-1.0998542308807373 3.2169880867004395 9.479755401611328 128 100 97
-1.0966026782989502 3.401352882385254 9.505515098571777 101 76 75
-1.0361062288284302 3.296497344970703 9.553609848022461 133 109 104
-0.9926611185073853 4.641810894012451 9.590434074401855 22 19 18
0.017403455451130867 5.3120622634887695 6.500949859619141 147 146 142
-0.5126915574073792 4.498911380767822 8.207043647766113 95 99 100
0.041725628077983856 5.286985397338867 6.427898406982422 141 142 138
-0.5488892793655396 5.733762264251709 8.392900466918945 110 107 100
-1.374669075012207 1.3872296810150146 11.019856452941895 252 252 250
-1.1973047256469727 -2.582213878631592 10.310835838317871 253 253 251
-0.9076412916183472 4.738009452819824 9.609984397888184 140 140 140
-0.9208483099937439 3.51239275932312 9.625454902648926 103 83 77
0.05964856222271919 5.316830635070801 6.466630458831787 83 80 75
-0.8838419318199158 3.369296073913574 9.637306213378906 120 100 93
-0.8734307885169983 4.639143466949463 9.64846420288086 33 28 28
-0.8803352117538452 2.7575135231018066 9.639954566955566 128 120 117
-0.43163877725601196 4.773931503295898 8.209553718566895 122 124 119
-0.8792517185211182 3.076828718185425 9.671751022338867 46 32 29
-0.8915666937828064 2.693878650665283 9.743529319763184 37 31 32
-0.4701414704322815 5.74907922744751 8.412753105163574 106 107 102
-0.8399231433868408 3.1640193462371826 9.621164321899414 133 110 104
-0.8519639372825623 3.631585121154785 9.685773849487305 123 108 105
-0.7968553304672241 4.72355318069458 9.58322525024414 141 141 141
-0.2872055470943451 5.633583068847656 7.895808696746826 109 110 105
-0.3855171501636505 4.471216201782227 8.234240531921387 157 162 163
-0.4775550663471222 5.177603244781494 8.610705375671387 44 45 39
-0.2847898304462433 5.66996955871582 8.108607292175293 67 68 62
-0.3355991840362549 4.807626247406006 8.279973983764648 126 128 122
-0.3324604332447052 4.584672451019287 8.29020881652832 127 128 123
-0.6383664011955261 5.052777290344238 9.471634864807129 155 159 158
-0.7371456027030945 4.714855194091797 9.870392799377441 31 21 19
-0.07610771059989929 5.535357475280762 7.518937110900879 82 81 79
-0.07857750356197357 5.557196617126465 7.542716026306152 81 80 78
-0.2934180796146393 4.57033634185791 8.310050010681152 129 129 127
-0.3188321590423584 5.725548267364502 8.449073791503906 83 84 79
-0.9683984518051147 0.6430882811546326 10.654661178588867 255 248 243
-0.6852259039878845 2.6944334506988525 9.752057075500488 128 124 121
-0.681128740310669 3.436605215072632 9.770302772521973 113 88 86
-0.09310675412416458 5.595855712890625 7.7175679206848145 60 58 57
-0.6570801734924316 2.7180752754211426 9.737196922302246 81 75 71
-0.7771538496017456 1.731519341468811 10.223479270935059 141 131 124
-0.8632553219795227 -0.7918728590011597 10.50324821472168 196 185 179
0.2445012629032135 5.325527667999268 6.573764324188232 85 85 75
0.03504960983991623 5.504354953765869 7.4177656173706055 65 65 63
0.12241694331169128 5.441644191741943 7.098091125488281 127 129 124
-0.6096351146697998 3.2863516807556152 9.828376770019531 121 95 94
-0.1991613358259201 4.611982345581055 8.311997413635254 59 58 55
0.13973654806613922 5.446362495422363 7.10130500793457 71 71 70
-0.5704424977302551 4.2577805519104 9.801552772521973 20 10 9
0.27061668038368225 5.349623203277588 6.681478977203369 127 127 122
0.08181741088628769 5.499286651611328 7.4370012283325195 56 56 54
-0.16344253718852997 4.877867698669434 8.430754661560059 110 112 107
-0.16344253718852997 4.877867698669434 8.430754661560059 110 112 107
-0.4118799865245819 4.682560443878174 9.534021377563477 135 139 138
0.28891536593437195 5.373342514038086 6.76527214050293 98 95 90
0.2849425673484802 5.37070894241333 6.797374248504639 86 84 81
-0.156614750623703 5.73386287689209 8.617929458618164 87 86 82
0.3222050666809082 5.354341983795166 6.681713581085205 78 76 71
0.25892069935798645 5.392880916595459 6.9745917320251465 78 78 74
0.2639353573322296 5.397124290466309 6.957781791687012 77 76 70
-0.42124855518341064 4.221588611602783 9.796002388000488 25 21 18
-0.4962047338485718 -2.9660191535949707 9.804965019226074 65 66 67
0.3027136027812958 5.391273498535156 6.917116641998291 69 69 67
-0.4261550307273865 3.469167709350586 9.89387035369873 100 81 76
-0.45622992515563965 4.008363246917725 10.064959526062012 98 88 79
0.38805967569351196 5.326679229736328 6.59669828414917 78 77 72
-0.41021835803985596 2.6733312606811523 9.841338157653809 38 33 31
0.3414338529109955 5.3866376876831055 6.826593399047852 66 67 62
-0.39909690618515015 4.246424674987793 9.905112266540527 32 26 26
-0.44613367319107056 4.75406551361084 10.13100814819336 50 42 43
-0.059860050678253174 4.484519004821777 8.55782699584961 50 46 45
0.06788010895252228 5.6632161140441895 8.104061126708984 122 121 119
0.4590146243572235 5.284947395324707 6.42716646194458 95 94 92
-0.16197754442691803 4.572237014770508 9.070821762084961 123 123 123
-0.38919976353645325 3.351982831954956 9.999176979064941 102 87 83
-0.3842558264732361 4.765015602111816 10.046587944030762 29 24 24
-0.39178362488746643 3.5478901863098145 10.024392127990723 121 107 102
-0.39178362488746643 3.5478901863098145 10.024392127990723 121 107 102
-0.39678916335105896 4.359427452087402 10.103180885314941 88 79 77
0.2893216609954834 5.4531145095825195 7.199843406677246 130 129 124
0.4772614538669586 5.281399250030518 6.455132961273193 155 156 150
-0.3446277976036072 3.5267419815063477 10.037971496582031 55 36 32
-0.3034171462059021 3.894925117492676 9.88463306427002 111 101 99
-0.4314148426055908 -0.13907089829444885 10.292598724365234 58 58 59
-0.27736788988113403 -3.2295725345611572 9.494521141052246 114 99 92
-0.3299129903316498 3.569606065750122 10.06655502319336 111 94 87
0.5503180027008057 5.26312255859375 6.383729457855225 91 91 85
0.49387288093566895 5.32874870300293 6.665981292724609 136 137 131
0.49387288093566895 5.32874870300293 6.665981292724609 136 137 131
0.13668890297412872 5.751560211181641 8.419981002807617 97 96 91
-0.23442195355892181 3.539090394973755 10.044020652770996 115 103 97
0.5933798551559448 5.2475996017456055 6.304430961608887 91 87 86
-0.32867953181266785 1.6752495765686035 10.472949028015137 124 119 117
-0.21992093324661255 2.7630271911621094 10.061530113220215 139 137 131
-0.2894495725631714 1.4595143795013428 10.366154670715332 142 135 132
-0.20333975553512573 3.2903566360473633 10.063600540161133 123 108 104
-0.18143552541732788 3.3030343055725098 10.074036598205566 52 36 35
-0.24992910027503967 -1.353102445602417 10.160097122192383 46 42 43
-0.16872450709342957 3.709213972091675 10.07720947265625 56 42 39
-0.21640194952487946 -1.4076710939407349 10.041287422180176 123 115 112
-0.15658609569072723 3.2431998252868652 10.009269714355469 58 40 39
-0.15953071415424347 3.2451255321502686 10.034402847290039 66 52 51
-0.21095089614391327 -0.855164110660553 10.061854362487793 141 138 138
-0.22033490240573883 -2.0925586223602295 10.055838584899902 43 42 43
-0.19692635536193848 -0.6382375359535217 10.069716453552246 143 134 134
-0.1922750622034073 -0.8743240833282471 10.034337043762207 153 149 148
-0.14251777529716492 2.7291312217712402 10.013264656066895 151 151 150
-0.14154939353466034 -1.673092007637024 9.80876350402832 54 48 48
-0.15481039881706238 -1.3468503952026367 10.006072998046875 47 42 41
-0.07382024824619293 3.554664373397827 9.941428184509277 137 129 127
-0.10457199066877365 -0.18585015833377838 9.885722160339355 158 141 134
-0.056842949241399765 2.0787880420684814 9.83935832977295 152 143 140
0.12505173683166504 5.917538166046143 9.166239738464355 90 86 83
0.6418200731277466 5.314774036407471 6.543847560882568 125 127 115
-0.07534483820199966 -1.6893953084945679 9.785018920898438 62 52 51
-0.06791721284389496 -2.4198930263519287 9.719606399536133 45 30 30
-0.009466334246098995 2.391568422317505 9.729717254638672 148 143 139
-0.07851174473762512 -2.8383426666259766 9.818976402282715 49 42 36
0.6682414412498474 5.3128790855407715 6.531033992767334 84 83 78
0.04252341389656067 1.1148918867111206 9.579258918762207 112 82 78
0.0253085158765316 -1.6778260469436646 9.499492645263672 198 195 193
0.04890985041856766 1.2695282697677612 9.56241226196289 163 138 129
0.08440640568733215 1.622920036315918 9.429347038269043 156 129 119
0.07021427154541016 -0.20157216489315033 9.445152282714844 102 78 74
0.7194865345954895 5.265368461608887 6.401340484619141 141 140 136
0.07532002031803131 -0.9276432991027832 9.457429885864258 97 80 74
0.1132272407412529 -1.2839833498001099 9.300841331481934 176 153 147
0.13885590434074402 1.6423949003219604 9.369697570800781 163 142 134
0.10096669942140579 -0.2360069900751114 9.46682071685791 179 159 151
0.15046292543411255 1.5992425680160522 9.331794738769531 85 48 42
0.2070888876914978 2.333942413330078 9.183613777160645 157 149 142
0.19614455103874207 0.9118091464042664 9.19697380065918 179 145 133
0.15996737778186798 -2.7241203784942627 9.180180549621582 88 60 57
0.1620054990053177 -1.623164415359497 9.253211975097656 104 87 80
0.21309195458889008 1.2280453443527222 9.211664199829102 184 152 142
0.2409512847661972 3.0485854148864746 9.18529987335205 33 18 18
0.2646928131580353 3.466606855392456 9.130932807922363 132 125 119
0.19267812371253967 -1.6568924188613892 9.180024147033691 169 146 138
0.2262444645166397 -1.536971926689148 9.038265228271484 168 148 141
0.26506856083869934 2.290968179702759 9.096395492553711 124 102 97
0.2768627107143402 1.600157380104065 9.040549278259277 165 139 131
0.2914683222770691 2.7140254974365234 9.054770469665527 149 132 125
0.8098620176315308 5.244115829467773 6.315013408660889 125 126 121
0.3165753483772278 1.2833428382873535 8.951833724975586 175 152 142
0.2969198524951935 -0.8586280941963196 8.921958923339844 117 94 88
0.30149322748184204 -0.5433600544929504 8.930299758911133 122 98 94
0.3560248613357544 3.041970729827881 8.911900520324707 76 47 42
0.4333097040653229 1.9390696287155151 8.630219459533691 171 144 136
0.44856446981430054 3.169400453567505 8.635490417480469 70 46 44
0.4495261311531067 3.4055914878845215 8.663843154907227 132 115 113
0.7187184691429138 5.443424701690674 7.2150678634643555 132 134 123
0.4518071711063385 0.5608920454978943 8.514521598815918 195 163 154
0.47539302706718445 2.672621965408325 8.557190895080566 147 132 122
0.36886897683143616 -1.9465728998184204 8.84543228149414 105 90 83
0.4200614094734192 -1.1635704040527344 8.65391731262207 176 161 154
0.4747418761253357 1.9255009889602661 8.575028419494629 94 66 62
0.499363511800766 2.2972118854522705 8.499419212341309 160 130 122
0.4961511194705963 3.054950714111328 8.590174674987793 123 115 109
0.47415709495544434 0.5364360213279724 8.547410011291504 94 59 56
0.43194854259490967 -3.0332329273223877 8.556342124938965 153 134 127
0.49215051531791687 0.9932827353477478 8.5116548538208 119 78 75
0.543215274810791 3.720414638519287 8.445110321044922 48 37 32
0.9020749926567078 5.229703426361084 6.33083438873291 84 83 78
0.500420093536377 0.5627409815788269 8.503612518310547 179 151 140
0.5793922543525696 3.720520257949829 8.383698463439941 43 37 36
0.5678726434707642 3.002807855606079 8.41811466217041 59 48 48
0.5336701273918152 0.24350851774215698 8.429877281188965 187 164 156
0.573890745639801 1.5928536653518677 8.342400550842285 172 147 143
0.5318071842193604 -0.8021655678749084 8.417903900146484 169 157 153
0.5183910727500916 -4.01776123046875 8.47868824005127 67 59 57
0.6294636130332947 0.9092301726341248 8.195840835571289 192 165 158
0.6778249740600586 2.982630968093872 8.101861000061035 142 136 136
0.6969456076622009 3.3306283950805664 8.085149765014648 23 12 12
0.6835660934448242 2.2514808177948 8.081189155578613 68 53 48
0.6640954613685608 0.24534742534160614 8.071568489074707 193 174 167
0.6847773790359497 1.5356757640838623 8.049670219421387 155 134 130
0.6865544319152832 1.1503151655197144 8.015053749084473 185 171 168
0.7044390439987183 1.5536710023880005 8.010255813598633 58 46 48
0.7175025939941406 1.5906908512115479 8.019059181213379 177 162 159
0.7289060950279236 2.260378122329712 8.003555297851562 89 62 61
0.7289060950279236 2.260378122329712 8.003555297851562 89 62 61
0.6929160952568054 -1.1383174657821655 7.966305255889893 176 159 151
0.697831392288208 -1.4190480709075928 7.953625202178955 172 156 148
0.9741226434707642 5.298503875732422 6.605576038360596 68 67 63
0.7334651350975037 1.267796277999878 7.997503280639648 167 153 148
0.7345377206802368 -0.48077628016471863 7.908511161804199 123 109 104
0.7550045251846313 1.5798484086990356 7.971810340881348 84 66 65
0.7553444504737854 0.5869800448417664 7.889615058898926 197 187 182
0.7576801180839539 0.5311527848243713 7.894538402557373 181 164 157
0.9957683086395264 5.30292272567749 6.6108174324035645 149 149 147
0.7540329098701477 -1.1303024291992188 7.843428134918213 168 151 143
0.8111411929130554 1.2533866167068481 7.7625041007995605 171 156 153
0.7596610188484192 -2.1299378871917725 7.8280205726623535 80 69 67
0.7877834439277649 -0.0564168281853199 7.857755661010742 185 171 163
0.7753537893295288 -0.4349416494369507 7.919285774230957 94 81 75
0.7753537893295288 -0.4349416494369507 7.919285774230957 94 81 75
0.8665919303894043 3.9917521476745605 7.6880574226379395 117 112 109
0.8668643832206726 3.252601146697998 7.661624908447266 27 18 19
0.7774654030799866 -1.4563156366348267 7.873164176940918 80 62 58
1.0630165338516235 5.252751350402832 6.423069953918457 140 142 136
0.7991354465484619 -1.7891905307769775 7.782398223876953 74 60 51
0.893226683139801 3.6460742950439453 7.633894443511963 123 120 112
0.852748453617096 0.5931702256202698 7.624754428863525 171 156 151
0.7994140982627869 -2.1036059856414795 7.777663230895996 153 138 131
0.8446994423866272 -0.44005924463272095 7.629661560058594 180 163 155
0.8755983710289001 1.2041157484054565 7.5756611824035645 161 150 142
1.0471994876861572 5.312825679779053 6.669181823730469 138 140 139
0.9195893406867981 3.9820353984832764 7.576075553894043 115 112 107
0.8938520550727844 1.5958640575408936 7.531636714935303 93 80 76
0.9367525577545166 3.578012228012085 7.509548187255859 35 31 25
0.9190601110458374 2.1937296390533447 7.52590799331665 124 106 100
0.9593460559844971 2.7451300621032715 7.450286388397217 80 71 66
0.9705062508583069 3.2745208740234375 7.424845218658447 141 135 129
0.9593945145606995 0.9202916026115417 7.379281520843506 183 178 174
1.006640911102295 3.578885793685913 7.319336891174316 126 117 110
0.9782836437225342 0.5511136054992676 7.367144584655762 160 145 140
0.9585102796554565 -1.0638689994812012 7.36691427230835 177 163 155
0.9869278073310852 0.5858526229858398 7.384222984313965 59 50 48
0.9859675168991089 0.28438398241996765 7.37206506729126 179 165 152
0.9979851245880127 -0.07680197805166245 7.310142993927002 173 158 149
0.9740213751792908 -1.7429531812667847 7.347894191741943 174 161 155
0.9918814897537231 -0.7218593955039978 7.36280632019043 97 84 78
0.9845200181007385 -1.7202894687652588 7.338391304016113 71 62 57
0.9845200181007385 -1.7202894687652588 7.338391304016113 71 62 57
1.0003663301467896 -2.4283411502838135 7.277097225189209 163 149 140
1.114070177078247 4.57023811340332 7.137719631195068 97 96 92
1.110329508781433 3.572464942932129 7.120499610900879 126 117 110
1.1114293336868286 3.558884859085083 7.1466875076293945 52 42 40
1.0461387634277344 -0.7050775289535522 7.215547561645508 84 71 65
1.0103529691696167 -3.6848320960998535 7.287331581115723 68 63 59
1.1153653860092163 2.155390501022339 7.081892490386963 131 113 104
1.1122910976409912 1.4769128561019897 7.048109531402588 140 129 123
1.1313306093215942 2.539123296737671 7.033834934234619 149 144 140
1.0596662759780884 -1.980910301208496 7.122478008270264 177 160 152
1.1444035768508911 3.873553514480591 7.104736328125 23 24 20
1.1485341787338257 3.5388829708099365 7.082810878753662 32 31 29
1.1022231578826904 -1.479614496231079 6.920113563537598 172 154 142
1.1218316555023193 0.8965703845024109 7.045307636260986 158 143 132
1.1466728448867798 2.205655574798584 6.993585109710693 155 154 150
1.1314564943313599 0.9087284803390503 7.014698505401611 78 63 61
1.178285002708435 4.571586608886719 7.169058322906494 17 16 14
1.1547372341156006 1.5683345794677734 6.958883762359619 162 158 155
1.1494238376617432 0.9272469282150269 6.976195335388184 167 160 154
1.1497911214828491 0.573464035987854 6.936593532562256 146 131 126
1.1612484455108643 1.5980674028396606 6.988256931304932 81 70 66
1.1488200426101685 0.24616338312625885 6.931585311889648 169 151 139
1.0840765237808228 -3.9126334190368652 7.07850456237793 131 117 108
1.1746797561645508 1.4508399963378906 6.9509501457214355 70 56 53
1.172817349433899 1.554121494293213 6.993610382080078 26 22 20
1.1498240232467651 -0.33849069476127625 6.978521823883057 185 177 172
1.165795922279358 0.6151710748672485 6.949180603027344 167 164 161
1.1604403257369995 -0.18202625215053558 6.939877033233643 171 160 155
1.155048131942749 -0.7119053602218628 6.946897506713867 169 154 147
1.1772137880325317 0.909763514995575 6.948538780212402 43 30 30
1.151116967201233 -2.1400132179260254 6.858619689941406 163 150 142
1.1488693952560425 -2.5726258754730225 6.865410804748535 174 162 150
1.1488693952560425 -2.5726258754730225 6.865410804748535 174 162 150
1.1776103973388672 -0.03495382145047188 6.9383544921875 44 39 36
1.1782658100128174 -0.35120251774787903 6.939538955688477 42 38 37
1.1937732696533203 0.6578329205513 6.921219348907471 91 72 66
1.1703248023986816 -1.6819576025009155 6.824854850769043 180 166 157
1.1832671165466309 0.5815750956535339 7.047752380371094 124 109 95
1.1629589796066284 -2.0147526264190674 6.884815216064453 176 166 157
1.2298964262008667 5.3468403816223145 7.39476203918457 43 42 38
1.172997236251831 -1.9420448541641235 6.861963272094727 183 173 164
1.171982765197754 -1.6472575664520264 6.92506217956543 173 163 154
1.1981016397476196 -0.05383576080203056 6.923062801361084 132 120 112
1.1981465816497803 -0.05433044955134392 6.922737121582031 132 120 112
1.1726038455963135 -2.290226697921753 6.896738052368164 157 150 144
1.1956322193145752 -0.6718510389328003 6.888081073760986 50 45 39
1.1855767965316772 -1.3015186786651611 6.913486957550049 166 156 150
1.2119638919830322 -1.1475811004638672 6.8580803871154785 124 109 102
1.210602879524231 -1.8949836492538452 6.834807872772217 117 102 95
1.211556315422058 -2.3360860347747803 6.862599849700928 64 60 57
1.211556315422058 -2.3360860347747803 6.862599849700928 64 60 57
1.2243012189865112 -1.6284610033035278 6.863595962524414 161 158 153
1.2234158515930176 -2.662447214126587 6.8688554763793945 131 124 118
1.259065866470337 -0.034915775060653687 7.007530689239502 34 27 23
1.2277053594589233 -4.201388835906982 6.748243808746338 53 49 46
1.2977219820022583 2.5259358882904053 7.064542770385742 31 27 26
1.3097740411758423 3.4384756088256836 7.157447814941406 60 52 49
1.2575037479400635 -2.6707756519317627 6.69571590423584 164 145 138
1.3865926265716553 4.612502098083496 7.334929943084717 19 17 18
1.3865926265716553 4.612502098083496 7.334929943084717 19 17 18
1.3313032388687134 -1.3189032077789307 6.945827484130859 53 49 41
1.3352162837982178 -1.7089347839355469 6.935179233551025 126 113 105
1.3452682495117188 -1.977806568145752 6.894686698913574 39 34 30
1.4287114143371582 3.8790111541748047 7.2133564949035645 86 84 79
1.3595852851867676 -3.7409839630126953 6.457839012145996 146 133 125
1.4061046838760376 1.5483131408691406 7.099473476409912 44 36 34
1.3826841115951538 -1.0617482662200928 6.969419956207275 92 78 72
1.4468047618865967 3.90348219871521 7.302032947540283 28 28 28
1.429848313331604 1.5510783195495605 7.046746253967285 132 132 122
1.469495415687561 4.526185512542725 7.259145736694336 19 20 16
1.432380199432373 1.2450205087661743 7.090266227722168 133 128 122
1.4403526782989502 1.0078191757202148 7.072826385498047 54 50 45
1.4673221111297607 2.8653275966644287 7.172232627868652 48 41 31
1.4673221111297607 2.8653275966644287 7.172232627868652 48 41 31
1.4489991664886475 0.9972878098487854 7.0713934898376465 64 61 55
1.4183971881866455 -1.6539006233215332 6.934207439422607 43 35 34
1.4632490873336792 1.2421183586120605 7.0949625968933105 117 114 105
1.4573876857757568 0.6243834495544434 7.107335090637207 157 154 147
1.4292370080947876 -1.6989599466323853 6.991693496704102 134 119 114
1.466231107711792 0.928267240524292 7.092778205871582 138 137 128
1.4446784257888794 -0.6908887028694153 7.039797306060791 50 45 39
1.4446784257888794 -0.6908887028694153 7.039797306060791 50 45 39
1.474290370941162 0.912575364112854 7.1127753257751465 40 36 35
1.4884898662567139 1.5939910411834717 7.099545478820801 77 72 66
1.4690532684326172 -0.06658530980348587 7.075849533081055 152 149 140
1.4730576276779175 -0.04449813812971115 7.0537238121032715 53 42 40
1.4686321020126343 -0.524756133556366 7.033103942871094 109 104 98
1.453975796699524 -1.7018471956253052 6.968666076660156 76 63 57
1.4870668649673462 0.599839985370636 7.040223598480225 139 135 129
1.4690557718276978 -1.0186665058135986 7.012200832366943 43 33 32
1.4690557718276978 -1.0186665058135986 7.012200832366943 43 33 32
1.4645572900772095 -1.3703726530075073 7.06569242477417 141 129 121
1.460059642791748 -2.0251920223236084 6.9769768714904785 149 139 132
1.4699033498764038 -1.3334189653396606 7.0014753341674805 39 39 37
1.4589422941207886 -2.574551582336426 6.796610355377197 35 34 32
1.4862552881240845 -1.0526001453399658 7.033276081085205 147 145 138
1.4870461225509644 -1.3684495687484741 7.061168193817139 161 158 152
1.5008231401443481 -2.5445635318756104 6.18082857131958 72 65 59
1.498672604560852 -1.080483317375183 7.027659893035889 128 128 121
1.4999479055404663 -1.0234683752059937 7.030082702636719 164 164 155
1.5022099018096924 -1.3154306411743164 7.012852191925049 176 177 169
1.5084742307662964 -0.9528376460075378 7.028349876403809 98 97 95
1.5353354215621948 -2.4405105113983154 6.9503655433654785 54 53 48
1.5834544897079468 -2.3449666500091553 6.888181209564209 174 177 170
1.6059893369674683 -2.511435031890869 5.905442714691162 181 169 155
1.6407133340835571 -2.3537707328796387 6.789251327514648 60 62 57
1.7270495891571045 -2.347946882247925 6.866618633270264 54 56 51
2.395937204360962 5.4319844245910645 7.524725437164307 26 26 24
2.397744655609131 2.1771767139434814 3.781221628189087 110 116 104
2.3942291736602783 1.6521462202072144 3.7392215728759766 118 118 118
2.4019625186920166 1.4047678709030151 3.7272849082946777 135 134 130
2.397284984588623 1.3346211910247803 3.7055447101593018 84 77 71
2.4002346992492676 1.3984482288360596 3.6957736015319824 52 47 43
2.4015817642211914 1.149855136871338 3.6556241512298584 145 142 135
2.4304566383361816 1.890188455581665 3.6378557682037354 39 35 34
2.4242403507232666 1.6452338695526123 3.610504388809204 133 132 130
2.4217607975006104 0.9001374244689941 3.6139426231384277 160 151 144
2.4379029273986816 1.1165879964828491 3.474015712738037 33 29 28
2.4879748821258545 2.14453387260437 3.5304312705993652 114 114 112
2.488706111907959 2.1355881690979004 3.5116169452667236 102 102 100
2.4728448390960693 1.6327496767044067 3.4495480060577393 114 115 109
2.4815361499786377 1.6506774425506592 3.432861566543579 15 13 12
2.4665486812591553 1.1331301927566528 3.4166817665100098 136 137 129
-4.142599105834961 1.9688948392868042 7.413877010345459 142 141 139
-4.419336318969727 1.8688641786575317 7.706580638885498 101 101 101
-3.813929557800293 -3.183619499206543 7.347833156585693 157 144 135
-4.036980152130127 3.574582815170288 7.492239475250244 128 128 128
-4.008427619934082 2.870997667312622 7.502617359161377 31 19 19
-3.955378293991089 3.3205184936523438 7.512971878051758 72 63 59
-3.9547975063323975 2.871568441390991 7.541668891906738 35 22 21
-4.221285820007324 -1.0253010988235474 7.9013776779174805 35 35 45
-2.900014877319336 -0.8172855973243713 6.6095452308654785 35 35 45
-4.487000465393066 -1.037618637084961 8.216045379638672 72 74 78
-3.665245294570923 -2.975213050842285 7.488614559173584 124 109 104
-3.636942148208618 -1.0916924476623535 7.567930698394775 86 86 88
-3.7968719005584717 3.1751468181610107 7.637411594390869 98 90 87
-2.387629270553589 0.21606412529945374 6.311578273773193 68 64 63
-3.1212973594665527 -1.5134799480438232 7.105968952178955 87 88 92
-3.6874349117279053 2.582828998565674 7.71195650100708 110 109 107
-4.237845420837402 -1.3943201303482056 8.374515533447266 39 44 47
-3.2232282161712646 -1.5665210485458374 7.338988304138184 85 89 92
-4.285415172576904 1.5932661294937134 8.509779930114746 100 81 74
-3.386691093444824 -1.1480454206466675 7.630728244781494 97 97 98
-4.429066181182861 -1.4602925777435303 8.75298023223877 38 39 45
-4.123762130737305 1.8092467784881592 8.479747772216797 144 139 136
-3.51703143119812 -1.195130705833435 7.925018787384033 100 101 105
-3.5854709148406982 5.642961502075195 7.858935356140137 94 93 90
-3.5854709148406982 5.642961502075195 7.858935356140137 94 93 90
-3.486058235168457 -1.7024191617965698 7.939602851867676 81 82 86
-3.424243688583374 2.917161226272583 7.874198913574219 35 25 26
-3.3933355808258057 3.5414862632751465 7.934082508087158 137 136 134
-5.316666603088379 1.1169490814208984 10.278425216674805 111 96 94
-3.701563596725464 1.8316421508789062 8.416440963745117 125 117 115
-3.3461477756500244 -1.5280038118362427 8.079687118530273 35 34 42
-3.787081718444824 -1.8619285821914673 8.628535270690918 95 96 100
-3.2409844398498535 2.5277862548828125 8.015592575073242 38 28 27
-3.2362849712371826 -2.141759157180786 8.111948013305664 38 37 46
-4.038482666015625 5.301712989807129 8.940975189208984 89 85 82
-5.212888240814209 -0.8091721534729004 10.522550582885742 210 176 164
-5.168152809143066 -0.6066304445266724 10.48068618774414 59 54 51
-3.1442902088165283 3.15523099899292 8.05784797668457 120 115 114
-3.9168894290924072 -1.0197689533233643 9.20077896118164 106 102 103
-3.1207869052886963 4.563965320587158 8.139848709106445 103 102 100
-5.131161212921143 1.310863971710205 10.703767776489258 253 252 250
-3.0467350482940674 3.2735061645507812 8.110502243041992 123 120 121
-5.270692825317383 -1.6176155805587769 10.974210739135742 79 79 81
-2.8130412101745605 -3.338552713394165 7.966357231140137 154 135 128
-3.512235403060913 -0.7726508975028992 8.845401763916016 112 90 85
-4.603205680847168 0.554157555103302 10.223475456237793 254 255 250
-6.526841163635254 -0.727243185043335 13.231674194335938 72 62 63
-6.826686382293701 -0.9287983179092407 13.741689682006836 80 57 60
-6.826686382293701 -0.9287983179092407 13.741689682006836 80 57 60
-2.7354488372802734 2.562899112701416 8.339424133300781 37 36 34
-2.627188205718994 3.5140411853790283 8.431320190429688 137 133 132
-2.8071177005767822 -1.2213932275772095 8.762218475341797 45 48 60
-2.605710983276367 3.6343185901641846 8.458670616149902 151 150 148
-2.5610289573669434 4.067622184753418 8.505870819091797 56 51 50
-2.2743020057678223 4.084656238555908 8.693276405334473 146 145 143
-1.6738842725753784 3.0536599159240723 7.829085350036621 78 63 58
-2.1756999492645264 3.0734615325927734 8.738554954528809 94 80 77
-2.1393399238586426 2.0331432819366455 8.712881088256836 150 145 141
-1.918058156967163 3.3826663494110107 8.923843383789062 105 87 84
-1.3253494501113892 -2.490494728088379 8.82697868347168 149 129 128
-1.4161173105239868 -2.671821355819702 9.441015243530273 146 128 126
-1.329716444015503 2.6029980182647705 9.319530487060547 102 101 99
-0.6365165710449219 4.736663818359375 8.091045379638672 74 75 75
-1.191976547241211 3.165349245071411 9.421255111694336 128 99 95
-0.6460328698158264 4.894436836242676 8.309147834777832 70 70 68
-1.1435878276824951 3.382103204727173 9.40877628326416 146 128 126
-1.1225913763046265 4.242931365966797 9.499415397644043 37 25 23
-1.1225913763046265 4.242931365966797 9.499415397644043 37 25 23
-1.1036121845245361 4.613834381103516 9.474129676818848 23 19 20
-0.5476190447807312 4.8755269050598145 8.26441478729248 128 130 127
-0.9713501334190369 4.672783374786377 9.414783477783203 89 91 92
-1.0019360780715942 3.1959848403930664 9.546483993530273 82 51 46
-0.45148470997810364 4.969192981719971 8.340155601501465 62 62 61
-0.6339898109436035 4.006077766418457 9.806900024414062 101 84 74
-0.38652101159095764 4.324344158172607 10.015191078186035 91 83 79
1.2611358165740967 -2.3437588214874268 6.812419414520264 120 111 103
1.2725465297698975 -2.36777663230896 6.867794990539551 122 115 107
1.3231955766677856 2.1994290351867676 7.105078220367432 24 19 14
1.4393415451049805 -2.327972650527954 6.910834789276123 62 55 49
1.4610642194747925 -1.3435323238372803 7.000071048736572 54 45 43
1.467021107673645 -2.3250749111175537 6.9639973640441895 149 142 136
1.4723824262619019 -1.0145299434661865 7.020291328430176 152 144 137
1.4801079034805298 -0.6898794770240784 7.0409345626831055 165 164 154
1.7512271404266357 -2.2141621112823486 6.833967685699463 183 194 190
-4.349366188049316 4.246022701263428 7.268948078155518 96 95 93
-4.697065830230713 1.7401692867279053 7.649496078491211 106 106 108
-4.055025100708008 -3.5370211601257324 7.240716934204102 122 120 121
-4.32627010345459 3.1758673191070557 7.325087070465088 99 89 87
-3.626950263977051 5.356328964233398 6.651608467102051 104 106 96
-4.0216851234436035 -2.7235379219055176 7.271737098693848 73 73 75
-4.285768508911133 4.585058689117432 7.330380439758301 29 27 28
-4.266585350036621 3.778829336166382 7.336409091949463 108 107 105
-4.555505275726318 1.7297263145446777 7.678465366363525 119 119 120
-4.20441198348999 3.112227201461792 7.421239852905273 107 97 95
-4.154295921325684 3.16184401512146 7.414706707000732 113 106 101
-4.208578109741211 2.9073758125305176 7.4747724533081055 96 91 88
-4.428582191467285 1.8578201532363892 7.734494686126709 102 101 100
-4.767975330352783 -0.7866398692131042 8.175432205200195 89 78 76
-4.129784107208252 3.9231674671173096 7.474528789520264 39 36 33
-4.076685905456543 2.5003435611724854 7.499453067779541 88 88 86
-4.049365997314453 3.610645055770874 7.485141277313232 61 57 56
-2.0326969623565674 -0.643160879611969 5.680512428283691 76 77 79
-3.9058313369750977 -1.6481518745422363 7.517665863037109 88 91 92
-3.4936318397521973 -1.5666227340698242 7.139703750610352 46 45 50
-4.578937530517578 -0.778396487236023 8.191425323486328 99 87 87
-2.191646099090576 -0.7017399072647095 5.885212421417236 76 76 81
-3.9569339752197266 3.9137768745422363 7.5024518966674805 112 108 107
-3.9842309951782227 3.606966257095337 7.552368640899658 133 133 133
-3.2472586631774902 -0.7114670276641846 6.938412666320801 39 37 48
-2.3998193740844727 -0.8362361788749695 6.117545127868652 81 84 84
-1.5960465669631958 -0.9065860509872437 5.341558456420898 47 46 51
-4.251497268676758 -0.9968356490135193 7.939993381500244 88 87 92
-4.251497268676758 -0.9968356490135193 7.939993381500244 88 87 92
-3.9150757789611816 3.61141300201416 7.57375955581665 113 108 105
-3.9150757789611816 3.61141300201416 7.57375955581665 113 108 105
-1.5830055475234985 -0.7541330456733704 5.376887798309326 34 37 42
-1.737011194229126 -1.2746009826660156 5.565459728240967 26 30 39
-3.691444158554077 -2.983211040496826 7.548594951629639 130 115 110
-1.9056044816970825 -1.2882410287857056 5.764622688293457 35 37 47
-4.4756388664245605 -0.7633829116821289 8.324620246887207 189 153 144
-4.151762962341309 -2.082017183303833 8.073261260986328 73 78 78
-3.8652713298797607 2.8821632862091064 7.676936626434326 54 40 39
-3.746250867843628 -1.5603463649749756 7.675811767578125 30 29 38
-4.147813320159912 -1.3248491287231445 8.088662147521973 78 77 82
-3.8431053161621094 3.9365627765655518 7.6834235191345215 116 114 110
-3.812645435333252 2.894233226776123 7.6803297996521 40 26 25
-5.902031898498535 0.38846898078918457 9.888629913330078 69 62 63
-3.812643527984619 4.654896259307861 7.682692050933838 34 34 34
-3.7656402587890625 3.4901528358459473 7.673507213592529 63 59 58
-5.257989406585693 -0.25499290227890015 9.286925315856934 48 46 47
-3.760387897491455 3.8916049003601074 7.676511764526367 119 119 117
-4.037502765655518 -1.1839892864227295 8.123549461364746 90 90 92
-3.6755309104919434 2.4940719604492188 7.698657989501953 39 34 33
-3.6755309104919434 2.4940719604492188 7.698657989501953 39 34 33
-4.442419052124023 -1.0981560945510864 8.587353706359863 72 73 75
-2.6615548133850098 -1.3115029335021973 6.740257740020752 34 35 40
-4.001153469085693 -1.7816334962844849 8.155056953430176 85 89 92
-4.28535795211792 -0.7519437074661255 8.43580436706543 126 91 87
-2.6690497398376465 -1.302220344543457 6.761558532714844 80 81 85
-3.6606781482696533 2.9269521236419678 7.72531270980835 101 90 86
-3.7012925148010254 4.308895111083984 7.739923477172852 32 29 28
-3.720740795135498 4.6829915046691895 7.763721466064453 98 94 91
-5.830372333526611 1.0066943168640137 10.0635986328125 220 217 215
-3.663973569869995 3.253079891204834 7.756040096282959 41 33 31
-2.912142038345337 -0.9667760729789734 7.071889400482178 30 32 36
-5.643260478973389 1.0601789951324463 9.936347007751465 252 243 237
-3.922558069229126 -2.2274727821350098 8.195202827453613 49 50 51
-5.610023498535156 -0.28022685647010803 9.998801231384277 53 49 48
-5.420328140258789 -0.32127466797828674 9.831253051757812 45 41 40
-3.612229585647583 4.689375877380371 7.7939133644104 96 95 93
-5.597692012786865 1.2464771270751953 10.050932884216309 82 73 72
-4.122572898864746 -0.7834308743476868 8.530560493469238 192 161 158
-5.9557929039001465 -2.2458176612854004 10.551185607910156 38 41 46
-5.286824703216553 -1.6391834020614624 9.815078735351562 69 73 75
-2.784274101257324 -1.8947491645812988 7.114446640014648 85 89 92
-3.4920268058776855 2.5016465187072754 7.816859245300293 38 32 32
-4.748847961425781 -0.8545466065406799 9.2713623046875 230 204 192
-3.5598597526550293 4.661412715911865 7.867701530456543 111 110 108
-3.788083076477051 -1.0504393577575684 8.265673637390137 36 34 46
-5.863056182861328 -0.25292620062828064 10.548074722290039 47 47 49
-5.482329368591309 1.6376932859420776 10.130005836486816 232 212 206
-3.961658477783203 -0.8128283619880676 8.53471851348877 93 89 88
-5.430644512176514 1.5757935047149658 10.14084529876709 213 207 204
-4.1743879318237305 -1.9569422006607056 8.839115142822266 38 38 40
-4.595208168029785 -2.7973246574401855 9.340456008911133 21 26 30
-3.6750383377075195 -1.6730097532272339 8.29673957824707 34 36 40
-3.3139829635620117 -1.932821273803711 7.904183387756348 30 39 46
-5.287695407867432 -0.9488238096237183 10.114768981933594 185 154 149
-2.772282361984253 -0.2537098526954651 7.277244567871094 171 123 113
-3.9945287704467773 -0.8318264484405518 8.669519424438477 100 92 90
-3.2332375049591064 3.1891865730285645 7.741014003753662 49 42 41
-3.7153403759002686 -1.2013366222381592 8.384417533874512 90 91 95
-3.631598472595215 -2.2130565643310547 8.399012565612793 39 38 43
-5.38629150390625 1.132714867591858 10.357409477233887 111 96 94
-3.8885931968688965 -0.7813988924026489 8.681317329406738 193 166 159
-3.3241443634033203 2.6631736755371094 7.974493503570557 43 38 35
-3.351248264312744 2.8960623741149902 8.003175735473633 25 16 15
-6.516198635101318 -1.812356948852539 11.740827560424805 31 30 40
-5.205711364746094 -0.7674123644828796 10.214725494384766 199 169 162
-3.3407793045043945 4.023382663726807 7.995680332183838 86 85 85
-4.912779331207275 1.5910204648971558 9.865859985351562 136 111 107
-4.912779331207275 1.5910204648971558 9.865859985351562 136 111 107
-3.316734552383423 3.629056692123413 7.982761859893799 34 34 33
-4.917710781097412 1.6453113555908203 9.878281593322754 113 98 95
-3.314535617828369 3.5955698490142822 7.987034797668457 126 126 126
-3.3214900493621826 4.023526191711426 8.004955291748047 21 21 21
-4.487390041351318 -1.189429521560669 9.478901863098145 81 80 85
-3.479964017868042 0.4247950613498688 8.283571243286133 171 143 137
-2.804638147354126 -0.9001336097717285 7.559157848358154 85 84 89
-9.916842460632324 -2.2322142124176025 15.925755500793457 36 37 42
-3.4867143630981445 -2.6673734188079834 8.399483680725098 78 82 85
-3.792980432510376 -0.7926648855209351 8.749387741088867 197 166 156
-3.9040255546569824 -1.1378425359725952 8.906786918640137 81 81 83
-4.35499382019043 -1.9338175058364868 9.465953826904297 32 33 41
-8.405482292175293 -0.3938787579536438 14.237500190734863 107 101 101
-3.7544820308685303 -0.774986982345581 8.745179176330566 140 102 93
-3.219348907470703 4.025556564331055 8.022966384887695 104 103 101
-3.214148998260498 3.3096768856048584 8.063767433166504 108 102 99
-9.67910099029541 -3.7559773921966553 15.927717208862305 84 83 88
-3.154144048690796 3.138335943222046 8.063040733337402 67 58 56
-5.439422130584717 -0.43087223172187805 10.882308959960938 105 97 95
-3.1582353115081787 3.2751431465148926 8.080160140991211 119 115 116
-6.156346321105957 -3.5793731212615967 11.807266235351562 75 82 85
-3.6596689224243164 -0.7973462343215942 8.814072608947754 182 147 134
-3.1179122924804688 3.324683904647827 8.099710464477539 100 95 95
-3.1204793453216553 3.6550815105438232 8.11445426940918 35 35 35
-3.1204793453216553 3.6550815105438232 8.11445426940918 35 35 35
-3.1108782291412354 3.5978519916534424 8.118839263916016 123 123 123
-3.6331794261932373 -0.7794895768165588 8.855274200439453 130 89 82
-3.1248369216918945 3.3525941371917725 8.16397762298584 103 97 97
-3.6211910247802734 -0.8028907775878906 8.845016479492188 212 185 177
-3.07363224029541 3.1514861583709717 8.137490272521973 121 117 116
-4.893219947814941 -0.3946310579776764 10.440727233886719 202 162 151
-2.092409372329712 -1.8297085762023926 7.053281307220459 90 93 98
-8.171689987182617 -4.180252552032471 14.643448829650879 45 45 51
-3.6580746173858643 1.695432186126709 8.969411849975586 173 148 139
-3.5525779724121094 -0.7804674506187439 8.895901679992676 112 90 85
-5.14908504486084 1.4032459259033203 10.863436698913574 135 114 109
-5.14908504486084 1.4032459259033203 10.863436698913574 135 114 109
-4.787982940673828 -0.7651657462120056 10.462474822998047 206 166 147
-6.890121936798096 2.116058349609375 13.071525573730469 158 126 115
-4.157962322235107 -1.2410876750946045 9.70023250579834 35 35 44
-3.5816097259521484 1.7006419897079468 9.041787147521973 187 158 149
-2.961146354675293 3.694088935852051 8.236257553100586 132 132 132
-3.442552089691162 -0.7735394239425659 8.936406135559082 181 153 149
-2.8332369327545166 -1.3024396896362305 8.182229042053223 45 49 53
-2.930974245071411 3.0790531635284424 8.252462387084961 97 91 91
-2.881798028945923 2.714399576187134 8.206619262695312 53 43 41
-11.534619331359863 -0.6144379377365112 19.457870483398438 58 52 52
-4.8528666496276855 0.9488242864608765 10.811264991760254 185 146 137
-3.5088274478912354 1.698615550994873 9.06888484954834 193 170 159
-2.9371232986450195 4.0644121170043945 8.292840003967285 148 151 145
-1.7147566080093384 5.370930194854736 6.700523376464844 138 134 133
-3.165159225463867 1.9633694887161255 8.645201683044434 53 53 53
-3.4088213443756104 -0.8307392597198486 9.007730484008789 92 76 76
-4.4568939208984375 -3.2316415309906006 10.407916069030762 31 34 41
-2.884035587310791 3.4227023124694824 8.283102989196777 120 120 122
-2.760477304458618 -1.2471344470977783 8.206806182861328 32 31 37
-4.875769138336182 -0.7509747743606567 11.005375862121582 216 196 188
-3.4550092220306396 1.7007681131362915 9.125289916992188 196 165 154
-3.432173252105713 -1.839197039604187 9.188300132751465 35 40 46
-3.4446957111358643 1.7572661638259888 9.169960975646973 190 165 158
-3.398542881011963 1.6979209184646606 9.134526252746582 211 183 169
-4.760385513305664 1.7070332765579224 10.965444564819336 255 230 218
-3.0504465103149414 1.9638972282409668 8.705464363098145 44 44 44
-0.20261719822883606 3.687234878540039 4.884663105010986 116 115 110
-2.8006784915924072 4.052657127380371 8.355183601379395 48 44 43
-4.870524883270264 0.06551839411258698 11.322203636169434 113 107 106
-2.765186071395874 5.3532233238220215 8.399274826049805 60 59 57
-2.7157704830169678 3.691087007522583 8.36317253112793 54 52 53
-2.482891082763672 -3.436328172683716 8.156630516052246 121 109 105
-2.735461473464966 3.6945862770080566 8.409187316894531 137 133 134
-2.716586112976074 3.346548557281494 8.397235870361328 24 19 15
-2.7153501510620117 2.9961798191070557 8.413689613342285 82 76 75
-2.68060564994812 3.7924904823303223 8.405025482177734 111 103 101
-2.652127504348755 3.8242416381835938 8.42440414428711 141 140 138
-3.1215717792510986 1.8628201484680176 9.122748374938965 187 179 177
-2.6667609214782715 5.2192182540893555 8.462386131286621 98 94 93
-2.62548565864563 3.9025843143463135 8.42929744720459 134 127 127
-5.177971363067627 -0.16212327778339386 12.124921798706055 104 95 96
-2.635462760925293 4.4477081298828125 8.484153747558594 52 51 51
-2.602701187133789 3.6380326747894287 8.454764366149902 151 150 148
-2.6173503398895264 4.468091011047363 8.486408233642578 120 119 117
-2.6057589054107666 4.486608982086182 8.484528541564941 70 68 69
-2.6057589054107666 4.486608982086182 8.484528541564941 70 68 69
-2.5829105377197266 3.6714885234832764 8.469412803649902 145 139 140
-2.568803071975708 3.7154648303985596 8.472479820251465 132 125 125
-2.557248830795288 4.065408706665039 8.5006685256958 56 51 50
-2.533179998397827 3.809011936187744 8.471970558166504 71 65 65
-2.5512044429779053 4.4737372398376465 8.526199340820312 122 122 122
-2.5107452869415283 3.703691005706787 8.542460441589355 36 34 34
-2.4928739070892334 4.110342502593994 8.518758773803711 123 122 123
-2.452228307723999 3.3384482860565186 8.551950454711914 137 129 127
-2.5457887649536133 -3.07757830619812 8.799285888671875 37 40 51
-2.434394598007202 4.08536958694458 8.580732345581055 10 9 7
-2.453035354614258 4.854867458343506 8.626033782958984 37 35 36
-2.4346227645874023 5.786522388458252 8.664392471313477 47 46 41
-2.359086751937866 3.43591570854187 8.617576599121094 166 165 160
-2.372420310974121 -2.8812625408172607 8.761589050292969 99 102 105
-2.343689441680908 4.8084611892700195 8.636460304260254 116 113 112
-1.8170828819274902 5.633432865142822 7.84691858291626 112 111 107
-2.302300453186035 4.443269729614258 8.64036750793457 131 129 129
-2.3068411350250244 4.170316696166992 8.67518424987793 81 80 78
-2.2342522144317627 2.0664596557617188 8.659420013427734 80 79 77
-2.2334094047546387 3.4337871074676514 8.699682235717773 78 63 58
-2.212923288345337 3.389615297317505 8.709637641906738 60 53 50
-2.2046542167663574 5.841507911682129 8.749512672424316 71 70 68
-2.2062928676605225 5.833348274230957 8.778881072998047 116 116 116
-2.1833643913269043 3.9913980960845947 8.769526481628418 142 141 140
-2.190826177597046 4.138666152954102 8.792821884155273 82 80 78
-2.122537136077881 4.942911148071289 8.806224822998047 113 113 114
-2.098902940750122 4.624810218811035 8.806198120117188 111 110 110
-2.3595926761627197 1.6984223127365112 9.268340110778809 152 148 145
-2.0991551876068115 4.5523681640625 8.833675384521484 121 119 120
-2.0898046493530273 4.526012420654297 8.845768928527832 40 37 36
-2.0684444904327393 3.47297739982605 8.846033096313477 79 65 62
-2.055880069732666 3.276334524154663 8.839170455932617 129 119 118
-1.5533251762390137 5.6592841148376465 7.987511157989502 116 117 111
-2.060107469558716 4.917177200317383 8.842089653015137 123 118 112
-2.0465033054351807 3.475477933883667 8.838536262512207 140 129 127
-2.028733491897583 3.3808741569519043 8.842732429504395 121 111 110
-2.0174026489257812 3.742915391921997 8.822455406188965 126 122 121
-1.9918947219848633 4.393104553222656 8.872918128967285 70 59 55
-2.1989450454711914 1.9008980989456177 9.266862869262695 154 153 149
-2.1989450454711914 1.9008980989456177 9.266862869262695 154 153 149
-1.9818246364593506 4.855836868286133 8.908299446105957 115 110 107
-1.982480764389038 4.175817489624023 8.935844421386719 139 137 138
-1.9526722431182861 3.9321136474609375 8.890851974487305 60 48 46
-1.9278701543807983 3.913459062576294 8.848904609680176 60 48 46
-1.9257935285568237 3.4413046836853027 8.896158218383789 40 22 18
-2.385767936706543 1.4156076908111572 9.721373558044434 254 254 254
-1.919469952583313 3.5445055961608887 8.908778190612793 137 130 127
-1.9236890077590942 3.469906806945801 8.933917045593262 109 90 84
-1.9048638343811035 3.4942688941955566 8.90979290008545 84 65 61
-2.1374566555023193 1.895237684249878 9.330574035644531 140 140 140
-1.8579388856887817 4.281218528747559 8.970898628234863 109 106 100
-1.8278405666351318 3.404048442840576 8.956902503967285 39 21 19
-1.8380954265594482 4.936152935028076 8.980169296264648 78 70 68
-1.8178235292434692 4.152482509613037 8.971013069152832 36 28 26
-1.7566263675689697 3.814758539199829 9.007107734680176 115 110 107
-1.9944705963134766 1.6434855461120605 9.474822044372559 138 131 124
-1.7425060272216797 3.7075130939483643 9.070352554321289 126 125 123
-1.7168419361114502 2.813305616378784 9.065230369567871 33 29 28
-1.7088278532028198 3.455259323120117 9.080048561096191 97 83 80
-1.511559247970581 -3.126058578491211 8.779329299926758 124 106 104
-1.6657991409301758 3.088366985321045 9.11817741394043 107 93 92
-2.2761363983154297 1.7963249683380127 10.356268882751465 142 133 129
-1.5609022378921509 2.618551254272461 9.138676643371582 46 44 44
-1.5828580856323242 3.829028844833374 9.217107772827148 23 15 12
-1.2158411741256714 4.480574131011963 8.753457069396973 56 51 49
-1.3979227542877197 2.081252098083496 9.31120777130127 157 152 149
-1.604525089263916 1.7180405855178833 9.73520278930664 160 154 154
-1.3462843894958496 2.0887348651885986 9.257284164428711 101 100 98
-1.5463676452636719 1.7134654521942139 9.741109848022461 161 156 155
-1.3602997064590454 3.8743090629577637 9.359981536865234 98 87 84
0.01581462100148201 5.332917213439941 6.520762920379639 143 141 134
-1.3476442098617554 3.8497769832611084 9.37221622467041 32 24 20
-0.9152331948280334 5.763955116271973 8.505282402038574 97 93 90
-0.5081726908683777 5.582626819610596 7.700591087341309 121 121 113
-1.2999004125595093 4.64953088760376 9.397587776184082 89 83 79
-1.2778432369232178 3.216667652130127 9.377527236938477 134 123 121
-1.2734233140945435 3.83849835395813 9.373493194580078 33 24 25
-1.267836093902588 4.237635612487793 9.386650085449219 104 95 92
-1.446549892425537 1.9113273620605469 9.774984359741211 130 128 129
-0.7172706127166748 4.945209980010986 8.261567115783691 132 136 136
-1.2173631191253662 3.8326289653778076 9.396712303161621 36 28 26
-1.1771366596221924 2.2234134674072266 9.34054946899414 156 155 151
-1.1937228441238403 3.3226921558380127 9.411788940429688 82 55 52
-0.690233588218689 4.980154037475586 8.351236343383789 77 77 77
0.08780767768621445 5.355926990509033 6.66241455078125 132 132 126
-1.1680575609207153 4.246797561645508 9.426764488220215 93 83 81
-1.1585723161697388 3.398008346557617 9.442034721374512 146 128 126
-0.5546642541885376 5.673298358917236 8.11063289642334 114 117 108
-1.1345667839050293 2.7234413623809814 9.402803421020508 132 128 126
-1.129703402519226 2.8334076404571533 9.411163330078125 89 70 65
-1.1416981220245361 3.0578691959381104 9.441384315490723 116 92 88
-1.1274628639221191 4.214992046356201 9.421814918518066 35 24 22
-1.129181146621704 2.624433755874634 9.446012496948242 63 54 53
-1.1155825853347778 3.304558753967285 9.455102920532227 141 118 114
-1.077150821685791 3.846306324005127 9.423009872436523 118 107 103
-1.09858238697052 3.4686551094055176 9.492018699645996 40 22 21
-0.5624738335609436 5.053726673126221 8.293285369873047 128 130 129
-0.5624738335609436 5.053726673126221 8.293285369873047 128 130 129
-1.0638477802276611 3.361182451248169 9.496114730834961 128 112 109
-0.4754897654056549 4.483098030090332 8.208834648132324 155 155 153
-0.46419069170951843 4.983360767364502 8.236344337463379 132 136 132
-0.4627648591995239 4.538965702056885 8.239986419677734 89 93 92
-0.996340811252594 3.193751335144043 9.53341007232666 82 51 46
-0.4070095121860504 4.5438361167907715 8.221391677856445 129 133 132
-0.9642643332481384 3.0735225677490234 9.54110050201416 47 29 28
-0.3722436726093292 5.710622310638428 8.264898300170898 48 48 46
-0.9274303913116455 3.4698495864868164 9.584623336791992 33 17 16
-0.9702281355857849 4.708488464355469 9.736934661865234 29 23 20
-1.1756558418273926 -2.5532617568969727 10.197498321533203 253 253 251
-0.8700304627418518 2.6588289737701416 9.627825736999512 48 42 44
-0.8726187944412231 3.456258535385132 9.656497955322266 109 85 81
-0.29819661378860474 4.568747043609619 8.25766658782959 59 59 55
-0.877301037311554 3.498006582260132 9.683611869812012 35 18 16
-0.877301037311554 3.498006582260132 9.683611869812012 35 18 16
-0.8357621431350708 3.1563048362731934 9.597067832946777 134 113 108
-0.8573508262634277 3.089226245880127 9.660256385803223 106 93 87
-0.779735267162323 4.7521233558654785 9.523748397827148 59 55 52
-0.8169924020767212 3.0893335342407227 9.66140365600586 44 29 28
-0.8114244341850281 3.3080251216888428 9.669306755065918 123 98 91
0.08151963353157043 5.516993999481201 7.45293664932251 61 58 53
-0.8230379223823547 3.498953342437744 9.70333194732666 46 31 28
-0.7833667993545532 3.095803737640381 9.626789093017578 99 80 75
-0.8095229864120483 4.656034469604492 9.710268020629883 38 30 28
0.41291171312332153 5.357333183288574 6.686313152313232 78 75 70
-0.7598442435264587 3.8947298526763916 9.712104797363281 121 103 94
-0.6845191717147827 4.787536144256592 9.54231071472168 127 129 130
-0.23144550621509552 4.715829849243164 8.401281356811523 43 43 41
-0.18989335000514984 4.503508567810059 8.363380432128906 82 82 80
-0.24711699783802032 5.756937503814697 8.531888961791992 90 90 88
-0.6798901557922363 3.4967942237854004 9.715168952941895 116 88 85
-0.6749716401100159 3.4225661754608154 9.731201171875 112 88 84
-0.9296037554740906 -2.8996918201446533 10.384719848632812 135 115 108
-0.6311540603637695 2.7138164043426514 9.807550430297852 99 94 91
-0.4672291874885559 4.650844573974609 9.472424507141113 144 145 142
-0.0983746200799942 4.506622791290283 8.504475593566895 112 112 111
-0.48889026045799255 2.686624765396118 9.808822631835938 118 111 109
-0.40887078642845154 2.6674623489379883 9.826640129089355 50 40 37
-0.4267023205757141 3.1288139820098877 9.923123359680176 33 21 21
-0.33460405468940735 3.0951452255249023 9.91606330871582 110 91 87
-0.47837552428245544 2.0781662464141846 10.397459983825684 115 111 110
-0.30242276191711426 3.9091978073120117 9.996614456176758 42 23 19
-0.26564183831214905 3.1349146366119385 9.997103691101074 59 35 31
-0.20489005744457245 3.099585771560669 10.015576362609863 101 79 73
-0.18840588629245758 2.671851634979248 9.97416877746582 42 35 32
-0.18840588629245758 2.671851634979248 9.97416877746582 42 35 32
-0.19253218173980713 3.388000965118408 10.062471389770508 64 48 45
0.6125485897064209 5.553288459777832 7.644228458404541 113 112 108
1.1924642324447632 -0.6085769534111023 6.8751912117004395 115 97 91
1.2106399536132812 0.09144372493028641 6.92877721786499 103 86 79
1.2295162677764893 -0.97646564245224 6.900677680969238 162 153 144
1.2428843975067139 -1.9870365858078003 6.799880027770996 132 121 112
1.2384374141693115 -1.6080808639526367 6.8408589363098145 107 94 85
1.243975281715393 3.201646089553833 7.131290435791016 25 21 17
1.2590916156768799 -2.3304617404937744 6.813247203826904 120 111 103
1.2739449739456177 -0.7093673348426819 6.896393299102783 132 117 110
1.3651885986328125 -2.283536434173584 6.86795711517334 154 145 138
1.3680953979492188 -0.37157219648361206 6.975602626800537 126 109 102
1.3904471397399902 -2.004483461380005 6.888861656188965 137 124 115
1.4204285144805908 4.60339879989624 7.345655918121338 16 14 20
1.4400333166122437 0.9985955953598022 7.069355487823486 58 51 47
1.460675835609436 0.5671989321708679 7.0791754722595215 122 118 115
1.459242343902588 -1.725692629814148 6.934319019317627 84 69 63
1.4733879566192627 3.205059051513672 7.240251064300537 21 22 17
1.466243863105774 0.5885601043701172 7.083140850067139 39 39 37
1.4635298252105713 -0.02390930987894535 7.061392307281494 152 149 144
1.472942590713501 -1.9878973960876465 6.940430164337158 59 48 47
1.4756031036376953 -1.001447319984436 6.999027729034424 152 144 137
1.4787662029266357 -0.681438148021698 7.045224189758301 165 164 154
1.4947794675827026 -0.17309068143367767 7.040117263793945 109 105 104
1.7520577907562256 -2.1948022842407227 6.81675910949707 183 194 190
2.5822761058807373 -0.42696475982666016 3.858635425567627 154 143 135
-4.4028520584106445 1.978459358215332 7.322178363800049 129 129 127
-4.405237197875977 3.913723945617676 7.306897163391113 22 21 26
-4.405237197875977 3.913723945617676 7.306897163391113 22 21 26
-4.399916172027588 3.926806688308716 7.338839054107666 32 32 33
-4.099531173706055 -3.561055898666382 7.281407833099365 122 120 121
-3.6159284114837646 5.366366386413574 6.643012523651123 104 106 96
-4.638452529907227 1.230034351348877 7.686461448669434 113 118 121
-4.27479887008667 3.792556047439575 7.343778133392334 108 107 105
-4.319288730621338 4.3197526931762695 7.383142471313477 86 84 72
-4.206872463226318 3.3713440895080566 7.347727298736572 127 127 127
-4.555507183074951 -0.8460853099822998 7.773299217224121 54 54 64
-4.55325174331665 1.9001492261886597 7.734087944030762 41 45 45
-4.6169633865356445 -0.9191294312477112 7.88946533203125 100 99 104
-4.261513710021973 1.9653210639953613 7.513551712036133 113 112 110
-4.7570085525512695 -0.6638478636741638 8.053740501403809 94 78 78
-4.516946792602539 -0.8534645438194275 7.8418684005737305 42 45 52
-4.16541051864624 3.1745784282684326 7.424932479858398 113 106 101
-4.11674165725708 2.835946798324585 7.388815879821777 33 24 25
-4.833470821380615 -0.6905097365379333 8.183873176574707 170 148 145
-4.156073093414307 2.067521572113037 7.48582649230957 132 131 129
-3.9566643238067627 -2.993086576461792 7.4432902336120605 67 67 62
-4.78389310836792 1.7336058616638184 8.12222671508789 255 254 249
-4.106546878814697 2.6271274089813232 7.5017991065979 21 19 20
-4.4433207511901855 -1.2703063488006592 7.922286033630371 96 98 100
-3.009685754776001 -0.9964687824249268 6.565640926361084 84 89 93
-4.098703861236572 3.5953235626220703 7.491009712219238 109 109 107
-4.336227893829346 -0.9510775208473206 7.857461929321289 45 45 53
-4.701150417327881 -0.7473611235618591 8.211532592773438 176 152 150
-4.349983215332031 -1.6983940601348877 7.9000935554504395 37 37 45
-4.082427501678467 4.305173397064209 7.5127434730529785 106 102 99
-4.415475845336914 -1.0099068880081177 7.969563007354736 76 77 79
-4.044079780578613 4.232369899749756 7.500484466552734 104 103 101
-4.1124186515808105 4.316991329193115 7.573612213134766 20 19 17
-1.083289384841919 -0.4573821723461151 4.777169704437256 41 42 53
-4.350278377532959 1.9632729291915894 7.864438056945801 128 127 125
-4.399646282196045 -1.196178913116455 7.993779182434082 77 81 84
-4.657873153686523 -0.7524089813232422 8.261037826538086 186 166 160
-3.507547378540039 -1.1108667850494385 7.162113189697266 91 91 95
-3.507547378540039 -1.1108667850494385 7.162113189697266 91 91 95
-3.985544443130493 2.880486011505127 7.5334649085998535 33 22 20
-1.0272027254104614 -0.5045952200889587 4.750662803649902 78 79 84
-1.284733533859253 -0.6180527806282043 5.004382610321045 39 38 46
-3.9727423191070557 3.422478675842285 7.530419826507568 86 84 85
-3.9855167865753174 3.2163050174713135 7.589178085327148 75 47 44
-3.9549288749694824 4.2152018547058105 7.543280601501465 113 112 109
-4.30222225189209 1.972592830657959 7.937647819519043 131 130 128
-3.9667720794677734 4.222082138061523 7.556898593902588 113 112 108
-4.666220188140869 1.5961477756500244 8.312088012695312 88 81 75
-5.860698223114014 0.394573837518692 9.517074584960938 188 175 167
-3.9634742736816406 2.8948676586151123 7.598465442657471 42 27 27
-5.897219657897949 0.17987385392189026 9.571419715881348 243 229 224
-4.396087646484375 -0.9297756552696228 8.138191223144531 89 88 88
-4.240752696990967 1.8894927501678467 7.932557582855225 117 116 114
-3.9024291038513184 3.5649147033691406 7.60965633392334 138 136 137
-4.630724906921387 1.682625412940979 8.37812328338623 136 126 124
-3.8897252082824707 3.3357009887695312 7.633983135223389 126 122 121
-4.221521854400635 -1.9821175336837769 8.095462799072266 35 37 47
-3.879801034927368 3.5813686847686768 7.634408950805664 49 44 41
-3.658827304840088 -3.3404173851013184 7.579998970031738 93 88 85
-5.993475437164307 -0.4832202196121216 9.86620807647705 43 42 48
-3.870985746383667 3.602414846420288 7.648610591888428 52 47 44
-5.953145980834961 1.088204264640808 9.824207305908203 131 122 123
-2.8367972373962402 -1.0139062404632568 6.742965221405029 36 34 47
-4.685295104980469 1.5432922840118408 8.559327125549316 105 96 94
-3.808476686477661 2.9408609867095947 7.642208099365234 97 87 86
-6.066327095031738 1.1732535362243652 9.967578887939453 44 43 49
-3.881873369216919 3.2734341621398926 7.716125965118408 35 23 23
-3.7992420196533203 3.789393424987793 7.630207061767578 116 115 113
-3.8411195278167725 2.975109100341797 7.696491718292236 114 106 104
-1.2221585512161255 -0.8991249203681946 5.128127574920654 75 75 77
-3.8410444259643555 3.94402813911438 7.681373119354248 116 114 110
-5.818190097808838 0.9229286909103394 9.760052680969238 72 70 73
-5.818190097808838 0.9229286909103394 9.760052680969238 72 70 73
-3.788224935531616 2.8895013332366943 7.655841827392578 40 26 25
-3.795240640640259 3.526623249053955 7.65555477142334 137 135 136
-4.455737590789795 1.579817533493042 8.448068618774414 103 95 93
-3.8195090293884277 3.2870419025421143 7.788773536682129 33 23 24
-2.867187976837158 5.400813102722168 6.77227258682251 105 102 93
-0.5797911286354065 0.8656923770904541 4.505904674530029 81 73 71
-3.714386463165283 3.364614248275757 7.72251558303833 105 104 99
-3.714308977127075 2.597883939743042 7.739847660064697 110 109 107
-3.714308977127075 2.597883939743042 7.739847660064697 110 109 107
-4.342778205871582 -0.7862122058868408 8.468019485473633 217 197 191
-3.7105252742767334 2.8615500926971436 7.7467851638793945 105 92 89
-5.87148904800415 -0.4332001507282257 10.096095085144043 87 68 68
-5.199901580810547 1.5664401054382324 9.353670120239258 162 155 149
-4.9379143714904785 -1.4945322275161743 9.15701961517334 32 31 38
-3.682370901107788 3.5806498527526855 7.732082366943359 88 87 85
-3.6967785358428955 2.946876049041748 7.762852191925049 101 90 86
-5.931178092956543 1.3283894062042236 10.143251419067383 71 67 68
-5.931178092956543 1.3283894062042236 10.143251419067383 71 67 68
-3.6292004585266113 2.88777756690979 7.695401668548584 34 24 25
-6.7559814453125 0.4448991119861603 11.035624504089355 169 148 150
-3.6650161743164062 3.627365827560425 7.74617338180542 93 92 90
-3.698734760284424 3.2755773067474365 7.792318344116211 41 33 31
-4.367847442626953 1.682420253753662 8.53320598602295 134 121 115
-5.803803443908691 1.0948725938796997 10.079779624938965 58 50 51
-3.965636730194092 -1.0597532987594604 8.213522911071777 34 37 42
-0.4066111743450165 -0.9641070365905762 4.434802055358887 49 50 51
-3.2373545169830322 -1.9583652019500732 7.4673285484313965 41 41 43
-2.5446317195892334 5.358707427978516 6.57572078704834 69 66 61
-3.6752541065216064 5.353489398956299 7.787233829498291 104 103 99
-4.246407508850098 -0.7601439952850342 8.528642654418945 134 87 77
-4.372786998748779 1.575626015663147 8.630099296569824 167 156 152
-3.6173925399780273 3.2925162315368652 7.788687229156494 139 139 137
-4.283825874328613 -0.7420544624328613 8.595702171325684 147 111 102
-3.4392611980438232 -3.0288050174713135 7.742598533630371 135 125 122
-3.6577446460723877 5.337912082672119 7.802030086517334 105 102 97
-3.5359435081481934 3.928874969482422 7.73820161819458 24 22 23
-3.55145001411438 3.339545726776123 7.8345537185668945 134 134 136
-7.8245391845703125 -3.785879611968994 12.636883735656738 85 89 92
-0.7553950548171997 -1.110321283340454 4.896091461181641 29 28 38
-3.5093801021575928 2.5112667083740234 7.835852146148682 38 32 32
-5.584867477416992 1.6343777179718018 10.121783256530762 62 49 58
-5.277457237243652 0.051623646169900894 9.827725410461426 164 125 112
-4.134889125823975 -0.7882667183876038 8.600595474243164 230 204 192
-3.9467058181762695 -0.8081327080726624 8.411276817321777 98 94 93
-5.566112995147705 1.5750962495803833 10.147448539733887 172 162 161
-3.5413453578948975 4.8903632164001465 7.855801105499268 28 24 23
-3.5618598461151123 4.7228684425354 7.887831211090088 32 29 30
-5.57750129699707 1.6321171522140503 10.172934532165527 196 183 183
-3.4761457443237305 3.2815284729003906 7.836569309234619 134 133 134
-3.4988436698913574 3.3916876316070557 7.86323881149292 121 121 121
-5.469300746917725 0.0746869444847107 10.134466171264648 200 168 154
-5.510787010192871 1.705561876296997 10.160208702087402 166 156 153
-5.290889739990234 -0.8079547882080078 9.972344398498535 54 50 51
-1.5561137199401855 -1.307638168334961 5.856796741485596 31 35 41
-3.44722318649292 4.530275344848633 7.852574825286865 97 93 91
-5.45949649810791 0.47185975313186646 10.226749420166016 80 70 69
-5.430883884429932 0.3748781681060791 10.198230743408203 73 65 63
-5.476480007171631 -0.11661694198846817 10.26230239868164 73 69 70
-3.408665657043457 2.571263313293457 7.899807929992676 92 92 92
-3.408665657043457 2.571263313293457 7.899807929992676 92 92 92
-4.102994441986084 1.569471836090088 8.728313446044922 164 150 147
-1.970426082611084 -0.6840308904647827 6.3769145011901855 49 48 58
-2.3640198707580566 -1.6802361011505127 6.879821300506592 36 41 47
-5.3463521003723145 0.4446149468421936 10.248839378356934 73 64 64
-5.997714996337891 -2.374645948410034 11.081212997436523 32 40 42
-3.646148443222046 -0.9462429881095886 8.371746063232422 90 89 94
-2.330148696899414 -1.8080285787582397 6.884308338165283 86 86 88
-2.330148696899414 -1.8080285787582397 6.884308338165283 86 86 88
-3.3352627754211426 3.387625217437744 7.953588485717773 80 79 77
-2.353461980819702 -1.3060418367385864 6.922505855560303 98 99 98
-3.3567018508911133 2.9572062492370605 8.0147123336792 111 109 110
-3.3567018508911133 2.9572062492370605 8.0147123336792 111 109 110
-5.253092288970947 0.3652680814266205 10.260859489440918 65 59 61
-3.6715853214263916 -0.9051236510276794 8.465997695922852 46 45 50
-3.3784215450286865 4.0563812255859375 8.038780212402344 86 85 85
-5.3341779708862305 0.17048276960849762 10.388511657714844 62 57 59
-3.2937159538269043 2.9457342624664307 7.999171733856201 43 25 23
-2.050732135772705 5.34008264541626 6.510164737701416 115 115 107
-3.2883200645446777 3.2354135513305664 8.017048835754395 55 43 43
-3.318187952041626 3.247523546218872 8.051271438598633 55 43 43
-3.2741129398345947 3.6595826148986816 8.000082969665527 128 129 122
-3.2741129398345947 3.6595826148986816 8.000082969665527 128 129 122
-5.242491722106934 -0.5799123048782349 10.381085395812988 67 63 62
-2.861083984375 -1.8687851428985596 7.632074356079102 78 77 81
-2.8131675720214844 -1.1107410192489624 7.562771797180176 102 103 105
-3.3080945014953613 5.68385124206543 8.032852172851562 101 102 97
-3.111837863922119 -3.0243072509765625 7.979743480682373 52 52 54
-5.724623680114746 -2.372535467147827 11.049070358276367 90 90 93
-2.8321468830108643 -1.4749960899353027 7.631485939025879 92 93 97
-3.2445521354675293 3.61057186126709 8.021255493164062 156 152 149
-1.761887550354004 -1.1103805303573608 6.374155521392822 42 41 48
-5.780346393585205 -1.7516217231750488 11.147164344787598 46 45 53
-3.2166695594787598 3.347806930541992 8.029387474060059 133 133 133
-3.9095492362976074 1.57370126247406 8.898734092712402 171 156 151
-3.51033353805542 -0.8530876636505127 8.470436096191406 130 120 118
-1.924797534942627 5.353436470031738 6.4871439933776855 75 73 68
-1.924797534942627 5.353436470031738 6.4871439933776855 75 73 68
-3.201672315597534 3.20721697807312 8.055027961730957 54 43 41
-3.270338296890259 4.804943084716797 8.11056137084961 90 86 84
-5.318936824798584 1.2711224555969238 10.692605018615723 253 253 251
-3.7773373126983643 0.2716130316257477 8.880825996398926 114 109 109
-3.4200010299682617 -2.335987091064453 8.497983932495117 79 82 84
-1.3142895698547363 -0.9469481706619263 5.937384128570557 44 47 52
-7.352652549743652 -2.923250198364258 13.270365715026855 75 76 79
-5.672170639038086 -1.4975138902664185 11.223287582397461 37 36 41
-3.4378676414489746 -1.6878585815429688 8.528552055358887 91 91 93
-3.4378676414489746 -1.6878585815429688 8.528552055358887 91 91 93
-3.1751837730407715 2.549407482147217 8.13503360748291 34 28 28
-3.186088800430298 4.330573081970215 8.1182861328125 117 117 117
-5.200535297393799 -1.0064308643341064 10.66685676574707 163 122 108
-7.489813327789307 -2.1808664798736572 13.484439849853516 36 35 43
-3.4323530197143555 1.8349609375 8.52379322052002 142 134 131
-1.6625778675079346 5.289498805999756 6.318282127380371 123 124 116
-5.124832630157471 0.6846679449081421 10.643214225769043 185 162 156
-3.1239984035491943 4.5759077072143555 8.144071578979492 103 102 100
-5.011419773101807 -0.3437545597553253 10.559601783752441 231 199 188
-3.357984781265259 1.8166416883468628 8.5097074508667 130 125 121
-5.153895378112793 -0.3908236026763916 10.764556884765625 202 162 151
-3.087420701980591 4.3200860023498535 8.159053802490234 121 121 123
-2.8635566234588623 -3.3724255561828613 8.030061721801758 154 135 128
-2.8635566234588623 -3.3724255561828613 8.030061721801758 154 135 128
-7.409937381744385 -1.8809202909469604 13.652144432067871 36 35 43
-4.932947158813477 1.5627588033676147 10.528153419494629 154 135 131
-3.059525489807129 3.862313985824585 8.163965225219727 129 127 128
-4.321695327758789 -2.001307964324951 9.837697982788086 95 96 98
-4.321695327758789 -2.001307964324951 9.837697982788086 95 96 98
-2.8403713703155518 -4.133923053741455 8.040797233581543 148 148 145
-3.013279676437378 3.1832664012908936 8.130012512207031 103 97 97
-3.091168165206909 3.62496280670166 8.228960037231445 130 130 130
-5.019786357879639 -0.013743830844759941 10.71081256866455 191 183 181
-3.5762903690338135 -0.792754054069519 8.927605628967285 112 90 85
-5.210636138916016 1.6246812343597412 10.935140609741211 157 139 135
-1.6223284006118774 -1.7549277544021606 6.51121187210083 41 40 50
-1.6223284006118774 -1.7549277544021606 6.51121187210083 41 40 50
-3.041928768157959 3.7900404930114746 8.20169448852539 141 141 141
0.0202214103192091 -1.3744688034057617 4.464031219482422 124 111 108
-3.552766799926758 -0.8057135343551636 8.950721740722656 166 131 122
-2.788522720336914 5.770626068115234 7.88958215713501 53 53 49
-1.5694060325622559 -0.9703831672668457 6.485353469848633 23 28 33
-4.843259334564209 -0.7720110416412354 10.619975090026855 63 49 50
-15.779426574707031 -3.0988218784332275 24.53034782409668 60 58 63
-3.240546703338623 1.915225863456726 8.567695617675781 127 125 124
-4.712833404541016 -0.022441646084189415 10.46872329711914 145 131 131
-5.125277996063232 0.5387894511222839 10.990323066711426 97 82 83
-4.834990501403809 -0.6926392912864685 10.655869483947754 74 68 70
-2.9622690677642822 2.9944167137145996 8.217630386352539 93 85 83
-4.890769004821777 0.9775402545928955 10.744823455810547 255 255 255
-4.953686714172363 1.4384503364562988 10.87466812133789 255 254 251
-4.953686714172363 1.4384503364562988 10.87466812133789 255 254 251
-2.756411552429199 -3.080084800720215 8.143738746643066 138 123 118
-2.913177251815796 5.6590094566345215 8.238715171813965 45 44 41
-2.9241137504577637 3.338956356048584 8.299277305603027 35 27 26
-2.896594524383545 3.5909721851348877 8.260851860046387 157 156 162
-2.869924306869507 2.9560508728027344 8.237319946289062 18 11 11
-3.0940334796905518 1.9370445013046265 8.55367660522461 53 53 53
-2.871619939804077 3.414942741394043 8.26691722869873 120 120 122
-2.931248426437378 4.068959712982178 8.336840629577637 47 47 47
-3.507977247238159 1.7341026067733765 9.134899139404297 176 140 126
-2.8404812812805176 3.1555511951446533 8.308777809143066 114 110 107
-4.806189060211182 -0.7505012154579163 10.984597206115723 200 177 169
-2.804202079772949 3.346266031265259 8.279387474060059 95 91 90
-2.858161211013794 3.016479015350342 8.359269142150879 85 77 75
-4.729645252227783 -0.660440981388092 10.89225959777832 69 60 63
-2.7882165908813477 4.282753944396973 8.26107120513916 121 121 121
-3.0220022201538086 -1.3777387142181396 8.682816505432129 79 84 89
-2.994034767150879 -1.7968261241912842 8.65404224395752 40 39 51
-3.7702252864837646 -0.4806157648563385 9.680749893188477 176 127 112
-2.990055799484253 1.9389749765396118 8.625517845153809 44 44 44
-4.551344871520996 -0.6686877608299255 10.764137268066406 218 177 162
-4.661862373352051 -0.67060387134552 10.938009262084961 236 196 182
-3.9018518924713135 -2.300297737121582 9.968156814575195 107 107 111
-2.779296636581421 4.072638034820557 8.398926734924316 26 22 23
-3.925098419189453 -2.1387035846710205 10.041698455810547 44 46 58
-2.8510591983795166 -1.2582290172576904 8.719510078430176 94 93 100
-4.5673651695251465 1.6806199550628662 11.070314407348633 255 234 230
-2.696500062942505 4.999348163604736 8.444913864135742 50 49 45
-2.868415594100952 -0.8518372774124146 8.779833793640137 132 132 132
-2.6243810653686523 2.9333457946777344 8.396915435791016 126 125 123
-2.830763101577759 -2.8158154487609863 8.785894393920898 40 47 58
-2.6428921222686768 3.876298189163208 8.438506126403809 89 79 78
-2.909553050994873 -1.4259636402130127 8.887286186218262 38 41 56
-2.618316650390625 3.688955545425415 8.41689395904541 74 70 71
-3.7985494136810303 0.20821203291416168 10.131645202636719 254 214 201
-2.955897092819214 -1.0078463554382324 8.977209091186523 54 54 66
-2.6288797855377197 4.996671199798584 8.465697288513184 102 100 100
-3.159529685974121 1.6274420022964478 9.26645565032959 134 120 117
-2.6063687801361084 3.78718638420105 8.492209434509277 151 147 148
-2.592874765396118 3.678900957107544 8.481953620910645 145 139 140
-2.5963852405548096 3.682461977005005 8.488265991210938 145 139 140
-2.872373104095459 -1.4009389877319336 8.957902908325195 48 55 62
-2.5741522312164307 4.108105182647705 8.483235359191895 104 103 103
-2.550668478012085 3.444037437438965 8.46517276763916 130 129 127
-2.554161787033081 3.3890726566314697 8.49106502532959 114 106 104
-2.5733513832092285 4.437924861907959 8.51865005493164 138 138 138
-2.7424285411834717 1.8141218423843384 8.799129486083984 132 127 124
-2.5238037109375 2.983916997909546 8.49545955657959 30 26 23
-2.520829200744629 4.827564239501953 8.472887992858887 93 92 90
-1.9337207078933716 5.571075439453125 7.6301422119140625 64 63 59
-2.5480902194976807 3.762786626815796 8.58361530303955 147 146 144
-2.7308952808380127 1.7990481853485107 8.892057418823242 121 121 121
-2.5407602787017822 5.830918788909912 8.602212905883789 127 130 127
-2.707399368286133 1.9044578075408936 8.913759231567383 82 82 84
-2.707399368286133 1.9044578075408936 8.913759231567383 82 82 84
-0.9171674847602844 5.313248157501221 6.320090293884277 92 90 82
-2.430389881134033 4.384156227111816 8.57131576538086 125 125 125
-2.6735999584198 1.5757497549057007 8.970519065856934 126 126 127
-2.444458246231079 3.052867889404297 8.624234199523926 122 121 116
-2.437692880630493 4.070427894592285 8.611397743225098 130 128 129
-2.3828606605529785 3.3948609828948975 8.56496810913086 124 116 114
-0.936509370803833 5.318785190582275 6.43107795715332 125 124 120
-2.3087003231048584 2.064255714416504 8.555984497070312 92 91 89
-0.7496684789657593 5.27369499206543 6.167735576629639 129 127 122
-2.1954550743103027 -3.463463544845581 8.451979637145996 156 156 155
-2.182605504989624 -3.2182083129882812 8.429173469543457 155 154 152
-1.2010244131088257 5.415063381195068 6.8571038246154785 126 128 113
-2.3565495014190674 4.6913981437683105 8.629477500915527 70 62 59
-2.362276315689087 4.522092342376709 8.657780647277832 118 117 115
-2.3077392578125 4.039910793304443 8.600932121276855 143 140 139
-2.316549062728882 5.766746520996094 8.596765518188477 117 119 114
-2.31359601020813 3.43003511428833 8.6279935836792 75 59 55
-2.339062213897705 3.800973653793335 8.670048713684082 147 143 142
-0.8740590214729309 5.370786666870117 6.526815891265869 127 128 120
-2.228278398513794 3.3190865516662598 8.715171813964844 122 111 107
-2.2357778549194336 5.819974899291992 8.719070434570312 114 114 112
-2.2603752613067627 4.7024760246276855 8.775053024291992 83 82 82
-2.209895610809326 4.875604152679443 8.771317481994629 48 46 47
-2.159111976623535 3.755476713180542 8.742020606994629 41 39 40
-2.159111976623535 3.755476713180542 8.742020606994629 41 39 40
-2.1509625911712646 4.127737998962402 8.725364685058594 134 133 131
-2.1476473808288574 3.057814359664917 8.783452987670898 86 78 79
-2.107384443283081 3.563138484954834 8.732728004455566 140 140 140
-2.1553287506103516 3.349079132080078 8.831101417541504 25 23 24
-2.128901958465576 3.3656809329986572 8.819402694702148 119 118 117
-2.181291103363037 2.5938570499420166 8.939334869384766 68 64 63
-2.0358195304870605 5.766325950622559 8.692173957824707 118 121 115
-1.396041750907898 5.5721564292907715 7.648800373077393 74 72 69
-2.0982165336608887 3.437778949737549 8.869071006774902 94 84 82
-0.6308984160423279 5.333834648132324 6.444235324859619 120 116 112
-2.275240898132324 1.5568318367004395 9.242895126342773 255 255 253
-2.2835209369659424 1.7306026220321655 9.264711380004883 84 84 86
-2.0203781127929688 3.3740928173065186 8.828868865966797 121 111 110
-2.0304758548736572 3.9082508087158203 8.84133243560791 123 122 120
-1.8815548419952393 -3.1426103115081787 8.654606819152832 136 125 123
-2.0303447246551514 3.3168654441833496 8.85183048248291 138 131 129
-2.2591018676757812 1.5990492105484009 9.252452850341797 196 185 181
-2.0030198097229004 3.267868995666504 8.815120697021484 66 55 55
-2.009887933731079 4.074828147888184 8.840396881103516 130 131 127
-1.9798502922058105 4.35471773147583 8.82614803314209 66 55 51
-1.9579570293426514 3.3578498363494873 8.87368106842041 135 129 126
-1.999823808670044 4.2686944007873535 8.948944091796875 113 109 108
-1.9522801637649536 4.8796706199646 8.86606502532959 41 37 34
-1.9360837936401367 3.407231330871582 8.855862617492676 99 81 79
-1.9226109981536865 3.5434203147888184 8.913888931274414 137 130 127
-0.7202427387237549 5.41607141494751 6.837182521820068 73 69 68
-1.804443120956421 -3.2049896717071533 8.77316665649414 125 107 102
-1.9252450466156006 3.5067803859710693 8.944552421569824 84 65 61
-1.901024341583252 3.9702742099761963 8.90870189666748 73 63 61
-3.460958957672119 1.9845606088638306 11.727221488952637 254 254 253
-0.3660910129547119 5.303508281707764 6.321993827819824 129 128 122
-1.877464771270752 4.928179740905762 9.003185272216797 33 26 28
-1.8785779476165771 3.438953161239624 9.046003341674805 39 21 19
-1.8422142267227173 3.5179638862609863 8.985674858093262 145 144 142
-0.28868547081947327 5.294897556304932 6.241860866546631 150 152 139
-1.5996391773223877 -3.112833023071289 8.647905349731445 129 114 108
-0.6327152848243713 5.438299655914307 6.987571716308594 71 70 65
-1.7419975996017456 3.4457457065582275 9.027053833007812 112 100 99
-1.7096585035324097 3.7694039344787598 9.07680606842041 121 113 110
-1.0282409191131592 5.624425888061523 7.814919471740723 65 64 59
-1.6699010133743286 3.4784114360809326 9.04499626159668 55 41 38
-1.677605390548706 3.81908917427063 9.104208946228027 121 116 115
-1.7130433320999146 3.4187445640563965 9.182795524597168 80 62 58
-1.6623494625091553 3.081859827041626 9.111581802368164 107 93 92
-0.6329802870750427 1.1681959629058838 7.228080749511719 188 184 182
-1.5387623310089111 4.293549537658691 8.944314956665039 72 62 60
-0.6058297753334045 5.503505706787109 7.234170913696289 119 117 111
-1.565535545349121 3.574728488922119 9.109962463378906 115 107 105
-0.19561795890331268 5.340905666351318 6.4914140701293945 75 75 67
-0.14085443317890167 5.3157057762146 6.422301769256592 139 139 131
-1.7850160598754883 2.008521795272827 9.654776573181152 89 89 91
-1.4863674640655518 3.6005749702453613 9.17699909210205 116 107 107
-0.08271992206573486 5.310807228088379 6.47109317779541 126 127 121
0.030812600627541542 5.28603982925415 6.297612190246582 128 129 124
-0.1629999577999115 5.38233757019043 6.717602729797363 135 134 130
-1.4196985960006714 3.7475054264068604 9.261387825012207 139 132 126
-1.2532519102096558 -3.3741376399993896 8.934183120727539 148 145 140
-1.1427931785583496 4.534364223480225 8.716221809387207 53 49 46
-0.06418314576148987 5.354415416717529 6.588834285736084 112 111 106
0.049281757324934006 5.307200908660889 6.357541084289551 132 133 125
0.049585264176130295 5.307458877563477 6.357107639312744 132 133 125
0.004705475177615881 5.345310688018799 6.507638454437256 79 78 74
-0.43014290928840637 5.539670467376709 7.442054748535156 79 76 71
-0.43014290928840637 5.539670467376709 7.442054748535156 79 76 71
-0.8242610692977905 4.63056755065918 8.290234565734863 62 62 62
-0.4045206606388092 5.535228252410889 7.416513919830322 121 118 111
-0.9220935106277466 5.779359817504883 8.519670486450195 97 93 90
-0.06169663369655609 5.390729904174805 6.744034767150879 79 74 69
-1.2463324069976807 2.0544962882995605 9.254731178283691 176 172 169
-1.0629664659500122 1.4633314609527588 8.885065078735352 156 144 140
-1.271546721458435 3.268507957458496 9.331375122070312 36 26 24
-1.285073161125183 3.4720144271850586 9.383919715881348 110 97 93
-1.2878386974334717 4.213105201721191 9.395146369934082 27 22 19
-1.2901941537857056 4.2152323722839355 9.401474952697754 31 26 23
-1.2621042728424072 3.1984007358551025 9.343720436096191 134 123 121
-1.2546565532684326 2.946960210800171 9.334596633911133 137 125 123
-1.2375448942184448 2.980717897415161 9.338592529296875 117 103 102
-0.7527680993080139 5.026784420013428 8.323026657104492 115 115 115
-1.189254641532898 2.2118942737579346 9.293059349060059 86 84 85
-1.1818302869796753 2.591191530227661 9.278624534606934 33 30 26
-1.2098586559295654 3.438394069671631 9.369353294372559 33 13 12
-1.1563243865966797 2.4532155990600586 9.313009262084961 93 92 90
-1.1966438293457031 4.633111000061035 9.41991901397705 89 84 80
-1.1770098209381104 2.496523141860962 9.374494552612305 151 151 149
-1.172546148300171 2.420497417449951 9.368926048278809 163 163 161
-1.172546148300171 2.420497417449951 9.368926048278809 163 163 161
-1.1634206771850586 2.6356759071350098 9.365252494812012 102 97 94
-1.1033495664596558 4.617310523986816 9.241586685180664 111 110 114
-0.5686168670654297 4.740785598754883 8.138354301452637 85 85 84
-1.1456540822982788 4.068689823150635 9.424067497253418 127 123 120
-1.1320363283157349 4.161802768707275 9.412684440612793 121 114 108
-1.108699083328247 2.6032702922821045 9.400385856628418 63 54 53
-1.108699083328247 2.6032702922821045 9.400385856628418 63 54 53
-1.0569545030593872 3.818876266479492 9.329154014587402 122 113 108
-0.19817085564136505 5.5404839515686035 7.455474853515625 67 63 59
-1.0760374069213867 2.7007265090942383 9.466638565063477 133 129 126
-1.0760374069213867 2.7007265090942383 9.466638565063477 133 129 126
-0.18769340217113495 5.552227973937988 7.486851692199707 115 112 107
-0.18769340217113495 5.552227973937988 7.486851692199707 115 112 107
0.07997376471757889 5.417708873748779 6.882418632507324 145 145 139
-1.030298113822937 3.6383702754974365 9.441605567932129 119 108 107
-1.0351892709732056 3.741469383239746 9.471571922302246 125 117 115
-0.9936040043830872 3.7952120304107666 9.472107887268066 132 124 122
-0.9914426803588867 3.7884364128112793 9.51401424407959 79 63 60
-1.0089201927185059 2.6434857845306396 9.579618453979492 46 39 33
-0.368971049785614 4.770224094390869 8.105521202087402 58 59 57
-0.966361403465271 3.338676929473877 9.528095245361328 88 63 62
-2.380439519882202 6.487847805023193 12.901463508605957 85 75 73
-0.9445908665657043 3.1062355041503906 9.534239768981934 121 96 91
-0.9278649687767029 3.4528648853302 9.5089693069458 94 77 74
-1.1091461181640625 1.5858129262924194 9.993382453918457 161 147 145
-0.3816815912723541 4.8816447257995605 8.283994674682617 134 134 132
0.304526686668396 5.379543781280518 6.664546012878418 127 127 122
-0.33284643292427063 4.5607523918151855 8.221943855285645 122 124 120
-0.33284643292427063 4.5607523918151855 8.221943855285645 122 124 120
0.22140663862228394 5.4159955978393555 6.892557144165039 145 144 142
-0.8851994872093201 3.0844953060150146 9.621942520141602 47 29 29
-0.8851994872093201 3.0844953060150146 9.621942520141602 47 29 29
-0.8334039449691772 3.1001265048980713 9.571588516235352 81 59 55
0.36157557368278503 5.366108417510986 6.667125225067139 82 83 77
-0.8538069128990173 3.083486795425415 9.651806831359863 106 93 87
-0.8049196600914001 3.816416025161743 9.566793441772461 43 30 29
-0.2961966395378113 4.928108215332031 8.328181266784668 113 114 106
-0.7868155837059021 2.6264564990997314 9.606053352355957 43 42 38
0.0483941026031971 5.558284759521484 7.574209213256836 123 122 117
0.0483941026031971 5.558284759521484 7.574209213256836 123 122 117
-0.7731140851974487 3.199678659439087 9.624614715576172 133 113 102
-0.7563015818595886 3.47613525390625 9.632811546325684 101 77 72
-0.7668706774711609 3.8471155166625977 9.675161361694336 51 32 30
0.45915308594703674 5.34155797958374 6.613856792449951 80 73 63
0.4024658203125 5.361618995666504 6.770543575286865 123 124 119
0.3245275914669037 5.422860145568848 6.979883670806885 129 128 124
-0.6993283629417419 3.455681324005127 9.614747047424316 107 82 77
-0.5820808410644531 -3.631078004837036 9.251712799072266 117 104 98
0.2927165627479553 5.4635443687438965 7.127050399780273 122 122 114
-0.17088478803634644 4.59433126449585 8.320989608764648 117 117 115
0.6051876544952393 5.294687747955322 6.333511829376221 132 136 125
0.49345871806144714 5.35685396194458 6.6501145362854 118 117 113
-0.6472492218017578 3.4529306888580322 9.628296852111816 116 88 85
-0.502634584903717 -3.189347505569458 9.284699440002441 134 129 121
-0.6356772780418396 3.072197198867798 9.737615585327148 102 77 73
-0.613633930683136 3.4178197383880615 9.694050788879395 127 102 100
-0.9405455589294434 0.5288535952568054 10.548102378845215 255 253 248
-0.7910119891166687 2.087280035018921 10.176876068115234 137 133 132
-0.6499183773994446 2.201479911804199 9.814765930175781 123 119 117
-0.6499183773994446 2.201479911804199 9.814765930175781 123 119 117
-0.6191965937614441 4.000990867614746 9.76941967010498 101 84 74
-0.12991963326931 4.747226715087891 8.485015869140625 118 119 114
0.36467328667640686 5.469605445861816 7.19212532043457 122 123 115
-0.5512803792953491 3.3634159564971924 9.7212495803833 122 96 92
-0.14741230010986328 4.686963081359863 8.681035995483398 56 55 51
-0.5169781446456909 2.6242527961730957 9.69743537902832 41 37 36
0.6377695202827454 5.33876371383667 6.567647457122803 127 126 121
-0.1549510806798935 5.823228359222412 8.777752876281738 91 90 85
-0.6090261340141296 -0.04479265213012695 9.989174842834473 72 71 76
-0.6130802631378174 -0.045635323971509933 10.00506591796875 74 73 77
0.37777915596961975 5.556988716125488 7.496526718139648 119 118 113
-0.24483758211135864 2.8894426822662354 9.240957260131836 62 37 33
-0.24483758211135864 2.8894426822662354 9.240957260131836 62 37 33
-0.17756542563438416 4.569906711578369 9.126180648803711 129 131 130
-0.4019823670387268 2.651599645614624 9.806537628173828 50 40 37
-0.35375353693962097 4.674698352813721 9.92710018157959 23 22 20
-0.0014509459724649787 5.841637134552002 8.979974746704102 99 99 91
-0.3264258801937103 4.0483222007751465 9.932784080505371 103 93 85
-0.32082822918891907 3.8799822330474854 9.92594051361084 25 8 8
-0.26046591997146606 3.8433492183685303 9.865765571594238 42 23 19
-0.28180161118507385 3.0860886573791504 9.933089256286621 129 111 110
0.7556871771812439 5.398008346557617 6.840043544769287 80 79 72
-0.2387717217206955 2.6542246341705322 9.929434776306152 54 41 37
-0.2593994140625 3.506504535675049 10.026861190795898 66 45 40
-0.22272422909736633 3.0699095726013184 9.95697021484375 115 95 88
-0.18572495877742767 -0.7658868432044983 9.990706443786621 155 149 148
-0.14319472014904022 2.661668300628662 9.959356307983398 51 41 39
-0.23644031584262848 0.12636874616146088 10.196492195129395 65 51 48
0.60878586769104 5.569385528564453 7.62172794342041 97 97 88
0.7297968864440918 5.465569972991943 7.258639812469482 68 68 63
-0.14241790771484375 -1.3585230112075806 9.958081245422363 61 52 50
0.034148797392845154 -2.9894213676452637 9.518080711364746 141 117 109
0.9494308829307556 5.369746685028076 6.751645088195801 69 64 60
0.19763688743114471 -2.3428213596343994 9.09408187866211 105 71 70
0.4250795841217041 -0.45405513048171997 8.589683532714844 192 171 160
1.0602203607559204 5.3864922523498535 6.732725620269775 76 74 67
0.8466289639472961 2.6628050804138184 7.625298500061035 134 120 117
0.8466289639472961 2.6628050804138184 7.625298500061035 134 120 117
0.9400457739830017 -1.3890637159347534 7.358780384063721 106 93 87
1.1070932149887085 -0.6809072494506836 7.0390801429748535 107 89 80
1.1070932149887085 -0.6809072494506836 7.0390801429748535 107 89 80
1.1427944898605347 5.438628673553467 7.22379732131958 31 30 28
1.2706042528152466 5.375828266143799 6.7047905921936035 81 78 71
1.1641418933868408 -2.3041038513183594 6.8089799880981445 165 156 148
1.1860911846160889 -1.2435888051986694 6.827459812164307 133 117 110
1.1632704734802246 1.2406578063964844 7.0559587478637695 44 37 34
1.1723519563674927 -0.6397624611854553 6.941147327423096 184 175 167
1.1961897611618042 -1.9886705875396729 6.794687271118164 87 76 75
1.2024065256118774 -1.9789893627166748 6.8230977058410645 144 134 127
1.2029407024383545 1.2318003177642822 7.041481971740723 38 33 27
1.2412761449813843 -1.5919883251190186 6.823235988616943 107 94 85
1.2514281272888184 -1.6055601835250854 6.821873664855957 163 151 145
1.309428334236145 2.661144733428955 7.135530471801758 73 62 57
1.3147088289260864 -1.6121551990509033 6.864789962768555 171 162 157
1.3549385070800781 -1.6380882263183594 6.902571678161621 53 49 48
1.373056411743164 -1.0592873096466064 6.92386531829834 138 123 118
1.3818402290344238 1.1983000040054321 7.059149265289307 120 112 100
1.382159948348999 -1.046148657798767 6.936736106872559 86 73 65
1.389885663986206 -1.0207865238189697 6.949535846710205 144 128 121
1.426242470741272 2.8425583839416504 7.183234214782715 62 53 44
1.4414236545562744 -1.3247078657150269 6.911336421966553 140 122 111
1.4328688383102417 -0.6482421159744263 7.007423400878906 161 148 140
1.4455089569091797 3.5468618869781494 7.248880863189697 33 29 29
1.4390720129013062 1.3334511518478394 7.127362251281738 50 49 46
1.4416934251785278 -1.024855375289917 6.973790645599365 132 119 113
1.4508121013641357 2.197955369949341 7.164236068725586 16 16 16
1.4579212665557861 1.2952015399932861 7.126497745513916 123 120 113
1.4658524990081787 4.587890625 7.351027011871338 24 23 23
1.4618834257125854 -1.7089186906814575 6.9132585525512695 84 69 63
1.690834641456604 -3.121699571609497 5.573197841644287 79 68 66
1.4622132778167725 1.8258219957351685 7.179155349731445 64 59 53
1.4652875661849976 -0.7010383605957031 7.000982761383057 141 130 124
1.4706661701202393 0.28116995096206665 7.061831951141357 57 57 55
1.4717055559158325 -0.04194391518831253 7.061490058898926 49 47 48
1.4717055559158325 -0.04194391518831253 7.061490058898926 49 47 48
1.4799487590789795 1.1060312986373901 7.116419792175293 86 84 72
1.4812699556350708 -0.6743677258491516 7.030166149139404 165 164 154
1.4893015623092651 0.9074790477752686 7.136373996734619 145 144 134
1.499272346496582 -0.9496542811393738 6.973782062530518 175 173 165
1.5326491594314575 -0.24348075687885284 6.973904132843018 174 176 166
1.5341640710830688 -0.625078022480011 6.943008899688721 176 178 167
1.6338906288146973 -2.1169846057891846 6.841963291168213 141 150 147
1.9235725402832031 5.375626564025879 6.879781723022461 113 115 106
2.544567584991455 0.20996694266796112 3.595907688140869 39 32 26
2.5710768699645996 0.44925400614738464 3.599357843399048 160 151 142
2.6555259227752686 1.8147202730178833 3.6571977138519287 50 46 44
